priority,experiment,specimen_id,portal_biosample_accession,public_biosample_name,public_level,public_release,portal_link,recommended_action
P0,C,C001,SAMEA120503842,C001aK,macrosample,2025-06-01,https://www.ebi.ac.uk/biosamples/samples/SAMEA120503842,"Confirm whether the specimen record was overwritten; correct BioSamples or replace the portal accession"
P0,C,C002,SAMEA120503843,C002aK,macrosample,2025-06-01,https://www.ebi.ac.uk/biosamples/samples/SAMEA120503843,"Confirm whether the specimen record was overwritten; correct BioSamples or replace the portal accession"
P0,C,C003,SAMEA120503844,C003aK,macrosample,2025-06-01,https://www.ebi.ac.uk/biosamples/samples/SAMEA120503844,"Confirm whether the specimen record was overwritten; correct BioSamples or replace the portal accession"
P0,C,C004,SAMEA120503845,C004aK,macrosample,2025-06-01,https://www.ebi.ac.uk/biosamples/samples/SAMEA120503845,"Confirm whether the specimen record was overwritten; correct BioSamples or replace the portal accession"
P0,C,C005,SAMEA120503846,C005aK,macrosample,2025-06-01,https://www.ebi.ac.uk/biosamples/samples/SAMEA120503846,"Confirm whether the specimen record was overwritten; correct BioSamples or replace the portal accession"
P0,C,C006,SAMEA120503847,C006aK,macrosample,2025-06-01,https://www.ebi.ac.uk/biosamples/samples/SAMEA120503847,"Confirm whether the specimen record was overwritten; correct BioSamples or replace the portal accession"
P0,C,C007,SAMEA120503848,C007aK,macrosample,2025-06-01,https://www.ebi.ac.uk/biosamples/samples/SAMEA120503848,"Confirm whether the specimen record was overwritten; correct BioSamples or replace the portal accession"
P0,C,C008,SAMEA120503849,C008aK,macrosample,2025-06-01,https://www.ebi.ac.uk/biosamples/samples/SAMEA120503849,"Confirm whether the specimen record was overwritten; correct BioSamples or replace the portal accession"
P0,C,C009,SAMEA120503850,C009aK,macrosample,2025-06-01,https://www.ebi.ac.uk/biosamples/samples/SAMEA120503850,"Confirm whether the specimen record was overwritten; correct BioSamples or replace the portal accession"
P0,C,C010,SAMEA120503851,C010aK,macrosample,2025-06-01,https://www.ebi.ac.uk/biosamples/samples/SAMEA120503851,"Confirm whether the specimen record was overwritten; correct BioSamples or replace the portal accession"
P0,C,C011,SAMEA120503852,C011aK,macrosample,2025-06-01,https://www.ebi.ac.uk/biosamples/samples/SAMEA120503852,"Confirm whether the specimen record was overwritten; correct BioSamples or replace the portal accession"
P0,C,C012,SAMEA120503853,C012aK,macrosample,2025-06-01,https://www.ebi.ac.uk/biosamples/samples/SAMEA120503853,"Confirm whether the specimen record was overwritten; correct BioSamples or replace the portal accession"
