priority,current_portal_macrosample,current_portal_specimen,current_run_accession,current_run_alias,current_ena_library_name,ena_library_indicates_macrosample,ena_library_indicates_specimen,proposed_primary_run,proposed_primary_run_alias,proposed_primary_library_name,recommended_action
P0,G002aJ,G002,ERR15738791,D300462,G107bJD1L1I1,G107bJ,G107b,ERR15738804,D300470,G002aJD1L1I1,"Verify against the laboratory sample sheet, then repair the library-to-experimental-unit link upstream"
P0,G003aJ,G003,ERR15738772,D300430,G106bJD1L1I1,G106bJ,G106b,ERR15738767,D300477,G003aJD1L1I1,"Verify against the laboratory sample sheet, then repair the library-to-experimental-unit link upstream"
P0,G004aJ,G004,ERR15738754,D300420,G105bJD1L1I1,G105bJ,G105b,ERR15738814,D300433,G004aJD1L1I1,"Verify against the laboratory sample sheet, then repair the library-to-experimental-unit link upstream"
P0,G005bJ,G005,ERR15738756,D300459,G104aJD1L1I1,G104aJ,G104a,ERR15738820,D300479,G005bJD1L1I1,"Verify against the laboratory sample sheet, then repair the library-to-experimental-unit link upstream"
P0,G006bJ,G006,ERR15738725,D300487,G103bJD1L1I1,G103bJ,G103b,ERR15738784,D300436,G006bJD1L1I1,"Verify against the laboratory sample sheet, then repair the library-to-experimental-unit link upstream"
P0,G007bJ,G007,ERR15738790,D300476,G101aJD1L1I1,G101aJ,G101a,ERR15738737,D300445,G007bJD1L1I1,"Verify against the laboratory sample sheet, then repair the library-to-experimental-unit link upstream"
P0,G008cJ,G008,ERR15738716,D300498,G099eJD1L1I1,G099eJ,G099e,ERR15738730,D300521,G008cJD1L1I1,"Verify against the laboratory sample sheet, then repair the library-to-experimental-unit link upstream"
P0,G009cJ,G009,ERR15738797,D300451,G098eJD1L1I1,G098eJ,G098e,ERR15738763,D300514,G009cJD1L1I1,"Verify against the laboratory sample sheet, then repair the library-to-experimental-unit link upstream"
P0,G010cJ,G010,ERR15738734,D300468,G097eJD1L1I1,G097eJ,G097e,ERR15738789,D300443,G010cJD1L1I1,"Verify against the laboratory sample sheet, then repair the library-to-experimental-unit link upstream"
P0,G011cJ,G011,ERR15738788,D300525,G096eJD1L1I1,G096eJ,G096e,ERR15738783,D300526,G011cJD1L1I1,"Verify against the laboratory sample sheet, then repair the library-to-experimental-unit link upstream"
P0,G012cJ,G012,ERR15738759,D300454,G095eJD1L1I1,G095eJ,G095e,ERR15738825,D300474,G012cJD1L1I1,"Verify against the laboratory sample sheet, then repair the library-to-experimental-unit link upstream"
P0,G013dJ,G013,ERR15738779,D300421,G094dJD1L1I1,G094dJ,G094d,ERR15738757,D300511,G013dJD1L1I1,"Verify against the laboratory sample sheet, then repair the library-to-experimental-unit link upstream"
P0,G014dJ,G014,ERR15738771,D300466,G093dJD1L1I1,G093dJ,G093d,ERR15738766,D300489,G014dJD1L1I1,"Verify against the laboratory sample sheet, then repair the library-to-experimental-unit link upstream"
P0,G016dJ,G016,ERR15738806,D300483,G092dJD1L1I1,G092dJ,G092d,ERR15738723,D300491,G016dJD1L1I1,"Verify against the laboratory sample sheet, then repair the library-to-experimental-unit link upstream"
P0,G017dJ,G017,ERR15738715,D300510,G091dJD1L1I1,G091dJ,G091d,ERR15738801,D300488,G017dJD1L1I1,"Verify against the laboratory sample sheet, then repair the library-to-experimental-unit link upstream"
P0,G018dJ,G018,ERR15738817,D300516,G090dJD1L1I1,G090dJ,G090d,ERR15738718,D300508,G018dJD1L1I1,"Verify against the laboratory sample sheet, then repair the library-to-experimental-unit link upstream"
P0,G019eJ,G019,ERR15738807,D300509,G089cJD1L1I1,G089cJ,G089c,ERR15738770,D300502,G019eJD1L1I1,"Verify against the laboratory sample sheet, then repair the library-to-experimental-unit link upstream"
P0,G020eJ,G020,ERR15738774,D300428,G088cJD1L1I1,G088cJ,G088c,ERR15738742,D300438,G020eJD1L1I1,"Verify against the laboratory sample sheet, then repair the library-to-experimental-unit link upstream"
P0,G021eJ,G021,ERR15738720,D300517,G087cJD1L1I1,G087cJ,G087c,ERR15738750,D300448,G021eJD1L1I1,"Verify against the laboratory sample sheet, then repair the library-to-experimental-unit link upstream"
P0,G023eJ,G023,ERR15738768,D300480,G086cJD1L1I1,G086cJ,G086c,ERR15738786,D300518,G023eJD1L1I1,"Verify against the laboratory sample sheet, then repair the library-to-experimental-unit link upstream"
P0,G024eJ,G024,ERR15738805,D300529,G085cJD1L1I1,G085cJ,G085c,ERR15738719,D300500,G024eJD1L1I1,"Verify against the laboratory sample sheet, then repair the library-to-experimental-unit link upstream"
P0,G026aJ,G026,ERR15738815,D300419,G084bJD1L1I1,G084bJ,G084b,ERR15738793,D300522,G026aJD1L1I1,"Verify against the laboratory sample sheet, then repair the library-to-experimental-unit link upstream"
P0,G027aJ,G027,ERR15738824,D300446,G082bJD1L1I1,G082bJ,G082b,ERR15738746,D300429,G027aJD1L1I1,"Verify against the laboratory sample sheet, then repair the library-to-experimental-unit link upstream"
P0,G028aJ,G028,ERR15738803,D300492,G081bJD1L1I1,G081bJ,G081b,ERR15738781,D300472,G028aJD1L1I1,"Verify against the laboratory sample sheet, then repair the library-to-experimental-unit link upstream"
P0,G029aJ,G029,ERR15738794,D300449,G080bJD1L1I1,G080bJ,G080b,ERR15738717,D300471,G029aJD1L1I1,"Verify against the laboratory sample sheet, then repair the library-to-experimental-unit link upstream"
P0,G030bJ,G030,ERR15738714,D300528,G079aJD1L1I1,G079aJ,G079a,ERR15738736,D300431,G030bJD1L1I1,"Verify against the laboratory sample sheet, then repair the library-to-experimental-unit link upstream"
P0,G031bJ,G031,ERR15738800,D300486,G077aJD1L1I1,G077aJ,G077a,ERR15738810,D300463,G031bJD1L1I1,"Verify against the laboratory sample sheet, then repair the library-to-experimental-unit link upstream"
P0,G032bJ,G032,ERR15738762,D300473,G076aJD1L1I1,G076aJ,G076a,ERR15738761,D300452,G032bJD1L1I1,"Verify against the laboratory sample sheet, then repair the library-to-experimental-unit link upstream"
P0,G033bJ,G033,ERR15738795,D300506,G075eJD1L1I1,G075eJ,G075e,ERR15738732,D300453,G033bJD1L1I1,"Verify against the laboratory sample sheet, then repair the library-to-experimental-unit link upstream"
P0,G035cJ,G035,ERR15738744,D300475,G074eJD1L1I1,G074eJ,G074e,ERR15738808,D300465,G035cJD1L1I1,"Verify against the laboratory sample sheet, then repair the library-to-experimental-unit link upstream"
P0,G036cJ,G036,ERR15738811,D300439,G073eJD1L1I1,G073eJ,G073e,ERR15738749,D300422,G036cJD1L1I1,"Verify against the laboratory sample sheet, then repair the library-to-experimental-unit link upstream"
P0,G037cJ,G037,ERR15738776,D300527,G072eJD1L1I1,G072eJ,G072e,ERR15738778,D300437,G037cJD1L1I1,"Verify against the laboratory sample sheet, then repair the library-to-experimental-unit link upstream"
P0,G039cJ,G039,ERR15738813,D300504,G071eJD1L1I1,G071eJ,G071e,ERR15738809,D300523,G039cJD1L1I1,"Verify against the laboratory sample sheet, then repair the library-to-experimental-unit link upstream"
P0,G040cJ,G040,ERR15738764,D300519,G070dJD1L1I1,G070dJ,G070d,ERR15738822,D300426,G040cJD1L1I1,"Verify against the laboratory sample sheet, then repair the library-to-experimental-unit link upstream"
P0,G041dJ,G041,ERR15738816,D300418,G069dJD1L1I1,G069dJ,G069d,ERR15738777,D300440,G041dJD1L1I1,"Verify against the laboratory sample sheet, then repair the library-to-experimental-unit link upstream"
P0,G042dJ,G042,ERR15738819,D300467,G067dJD1L1I1,G067dJ,G067d,ERR15738769,D300485,G042dJD1L1I1,"Verify against the laboratory sample sheet, then repair the library-to-experimental-unit link upstream"
P0,G043dJ,G043,ERR15738758,D300496,G066dJD1L1I1,G066dJ,G066d,ERR15738752,D300447,G043dJD1L1I1,"Verify against the laboratory sample sheet, then repair the library-to-experimental-unit link upstream"
P0,G044dJ,G044,ERR15738798,D300490,G065dJD1L1I1,G065dJ,G065d,ERR15738738,D300461,G044dJD1L1I1,"Verify against the laboratory sample sheet, then repair the library-to-experimental-unit link upstream"
P0,G045dJ,G045,ERR15738721,D300427,G064cJD1L1I1,G064cJ,G064c,ERR15738782,D300456,G045dJD1L1I1,"Verify against the laboratory sample sheet, then repair the library-to-experimental-unit link upstream"
P0,G046eJ,G046,ERR15738755,D300458,G063cJD1L1I1,G063cJ,G063c,ERR15738753,D300425,G046eJD1L1I1,"Verify against the laboratory sample sheet, then repair the library-to-experimental-unit link upstream"
P0,G047eJ,G047,ERR15738775,D300478,G062cJD1L1I1,G062cJ,G062c,ERR15738760,D300424,G047eJD1L1I1,"Verify against the laboratory sample sheet, then repair the library-to-experimental-unit link upstream"
P0,G048eJ,G048,ERR15738785,D300495,G061cJD1L1I1,G061cJ,G061c,ERR15738726,D300450,G048eJD1L1I1,"Verify against the laboratory sample sheet, then repair the library-to-experimental-unit link upstream"
P0,G049eJ,G049,ERR15738727,D300484,G060cJD1L1I1,G060cJ,G060c,ERR15738773,D300481,G049eJD1L1I1,"Verify against the laboratory sample sheet, then repair the library-to-experimental-unit link upstream"
P0,G050eJ,G050,ERR15738748,D300512,G059bJD1L1I1,G059bJ,G059b,ERR15738741,D300494,G050eJD1L1I1,"Verify against the laboratory sample sheet, then repair the library-to-experimental-unit link upstream"
P0,G051aJ,G051,ERR15738735,D300501,G058bJD1L1I1,G058bJ,G058b,ERR15738821,D300423,G051aJD1L1I1,"Verify against the laboratory sample sheet, then repair the library-to-experimental-unit link upstream"
P0,G052aJ,G052,ERR15738747,D300482,G057bJD1L1I1,G057bJ,G057b,ERR15738751,D300441,G052aJD1L1I1,"Verify against the laboratory sample sheet, then repair the library-to-experimental-unit link upstream"
P0,G053aJ,G053,ERR15738780,D300444,G056bJD1L1I1,G056bJ,G056b,ERR15738818,D300435,G053aJD1L1I1,"Verify against the laboratory sample sheet, then repair the library-to-experimental-unit link upstream"
P0,G054aJ,G054,ERR15738765,D300432,G055bJD1L1I1,G055bJ,G055b,ERR15738733,D300457,G054aJD1L1I1,"Verify against the laboratory sample sheet, then repair the library-to-experimental-unit link upstream"
P0,G055bJ,G055,ERR15738733,D300457,G054aJD1L1I1,G054aJ,G054a,ERR15738765,D300432,G055bJD1L1I1,"Verify against the laboratory sample sheet, then repair the library-to-experimental-unit link upstream"
P0,G056bJ,G056,ERR15738818,D300435,G053aJD1L1I1,G053aJ,G053a,ERR15738780,D300444,G056bJD1L1I1,"Verify against the laboratory sample sheet, then repair the library-to-experimental-unit link upstream"
P0,G057bJ,G057,ERR15738751,D300441,G052aJD1L1I1,G052aJ,G052a,ERR15738747,D300482,G057bJD1L1I1,"Verify against the laboratory sample sheet, then repair the library-to-experimental-unit link upstream"
P0,G058bJ,G058,ERR15738821,D300423,G051aJD1L1I1,G051aJ,G051a,ERR15738735,D300501,G058bJD1L1I1,"Verify against the laboratory sample sheet, then repair the library-to-experimental-unit link upstream"
P0,G059bJ,G059,ERR15738741,D300494,G050eJD1L1I1,G050eJ,G050e,ERR15738748,D300512,G059bJD1L1I1,"Verify against the laboratory sample sheet, then repair the library-to-experimental-unit link upstream"
P0,G060cJ,G060,ERR15738773,D300481,G049eJD1L1I1,G049eJ,G049e,ERR15738727,D300484,G060cJD1L1I1,"Verify against the laboratory sample sheet, then repair the library-to-experimental-unit link upstream"
P0,G061cJ,G061,ERR15738726,D300450,G048eJD1L1I1,G048eJ,G048e,ERR15738785,D300495,G061cJD1L1I1,"Verify against the laboratory sample sheet, then repair the library-to-experimental-unit link upstream"
P0,G062cJ,G062,ERR15738760,D300424,G047eJD1L1I1,G047eJ,G047e,ERR15738775,D300478,G062cJD1L1I1,"Verify against the laboratory sample sheet, then repair the library-to-experimental-unit link upstream"
P0,G063cJ,G063,ERR15738753,D300425,G046eJD1L1I1,G046eJ,G046e,ERR15738755,D300458,G063cJD1L1I1,"Verify against the laboratory sample sheet, then repair the library-to-experimental-unit link upstream"
P0,G064cJ,G064,ERR15738782,D300456,G045dJD1L1I1,G045dJ,G045d,ERR15738721,D300427,G064cJD1L1I1,"Verify against the laboratory sample sheet, then repair the library-to-experimental-unit link upstream"
P0,G065dJ,G065,ERR15738738,D300461,G044dJD1L1I1,G044dJ,G044d,ERR15738798,D300490,G065dJD1L1I1,"Verify against the laboratory sample sheet, then repair the library-to-experimental-unit link upstream"
P0,G066dJ,G066,ERR15738752,D300447,G043dJD1L1I1,G043dJ,G043d,ERR15738758,D300496,G066dJD1L1I1,"Verify against the laboratory sample sheet, then repair the library-to-experimental-unit link upstream"
P0,G067dJ,G067,ERR15738769,D300485,G042dJD1L1I1,G042dJ,G042d,ERR15738819,D300467,G067dJD1L1I1,"Verify against the laboratory sample sheet, then repair the library-to-experimental-unit link upstream"
P0,G069dJ,G069,ERR15738777,D300440,G041dJD1L1I1,G041dJ,G041d,ERR15738816,D300418,G069dJD1L1I1,"Verify against the laboratory sample sheet, then repair the library-to-experimental-unit link upstream"
P0,G070dJ,G070,ERR15738822,D300426,G040cJD1L1I1,G040cJ,G040c,ERR15738764,D300519,G070dJD1L1I1,"Verify against the laboratory sample sheet, then repair the library-to-experimental-unit link upstream"
P0,G071eJ,G071,ERR15738809,D300523,G039cJD1L1I1,G039cJ,G039c,ERR15738813,D300504,G071eJD1L1I1,"Verify against the laboratory sample sheet, then repair the library-to-experimental-unit link upstream"
P0,G072eJ,G072,ERR15738778,D300437,G037cJD1L1I1,G037cJ,G037c,ERR15738776,D300527,G072eJD1L1I1,"Verify against the laboratory sample sheet, then repair the library-to-experimental-unit link upstream"
P0,G073eJ,G073,ERR15738749,D300422,G036cJD1L1I1,G036cJ,G036c,ERR15738811,D300439,G073eJD1L1I1,"Verify against the laboratory sample sheet, then repair the library-to-experimental-unit link upstream"
P0,G074eJ,G074,ERR15738808,D300465,G035cJD1L1I1,G035cJ,G035c,ERR15738744,D300475,G074eJD1L1I1,"Verify against the laboratory sample sheet, then repair the library-to-experimental-unit link upstream"
P0,G075eJ,G075,ERR15738732,D300453,G033bJD1L1I1,G033bJ,G033b,ERR15738795,D300506,G075eJD1L1I1,"Verify against the laboratory sample sheet, then repair the library-to-experimental-unit link upstream"
P0,G076aJ,G076,ERR15738761,D300452,G032bJD1L1I1,G032bJ,G032b,ERR15738762,D300473,G076aJD1L1I1,"Verify against the laboratory sample sheet, then repair the library-to-experimental-unit link upstream"
P0,G077aJ,G077,ERR15738810,D300463,G031bJD1L1I1,G031bJ,G031b,ERR15738800,D300486,G077aJD1L1I1,"Verify against the laboratory sample sheet, then repair the library-to-experimental-unit link upstream"
P0,G079aJ,G079,ERR15738736,D300431,G030bJD1L1I1,G030bJ,G030b,ERR15738714,D300528,G079aJD1L1I1,"Verify against the laboratory sample sheet, then repair the library-to-experimental-unit link upstream"
P0,G080bJ,G080,ERR15738717,D300471,G029aJD1L1I1,G029aJ,G029a,ERR15738794,D300449,G080bJD1L1I1,"Verify against the laboratory sample sheet, then repair the library-to-experimental-unit link upstream"
P0,G081bJ,G081,ERR15738781,D300472,G028aJD1L1I1,G028aJ,G028a,ERR15738803,D300492,G081bJD1L1I1,"Verify against the laboratory sample sheet, then repair the library-to-experimental-unit link upstream"
P0,G082bJ,G082,ERR15738746,D300429,G027aJD1L1I1,G027aJ,G027a,ERR15738824,D300446,G082bJD1L1I1,"Verify against the laboratory sample sheet, then repair the library-to-experimental-unit link upstream"
P0,G084bJ,G084,ERR15738793,D300522,G026aJD1L1I1,G026aJ,G026a,ERR15738815,D300419,G084bJD1L1I1,"Verify against the laboratory sample sheet, then repair the library-to-experimental-unit link upstream"
P0,G085cJ,G085,ERR15738719,D300500,G024eJD1L1I1,G024eJ,G024e,ERR15738805,D300529,G085cJD1L1I1,"Verify against the laboratory sample sheet, then repair the library-to-experimental-unit link upstream"
P0,G086cJ,G086,ERR15738786,D300518,G023eJD1L1I1,G023eJ,G023e,ERR15738768,D300480,G086cJD1L1I1,"Verify against the laboratory sample sheet, then repair the library-to-experimental-unit link upstream"
P0,G087cJ,G087,ERR15738750,D300448,G021eJD1L1I1,G021eJ,G021e,ERR15738720,D300517,G087cJD1L1I1,"Verify against the laboratory sample sheet, then repair the library-to-experimental-unit link upstream"
P0,G088cJ,G088,ERR15738742,D300438,G020eJD1L1I1,G020eJ,G020e,ERR15738774,D300428,G088cJD1L1I1,"Verify against the laboratory sample sheet, then repair the library-to-experimental-unit link upstream"
P0,G089cJ,G089,ERR15738770,D300502,G019eJD1L1I1,G019eJ,G019e,ERR15738807,D300509,G089cJD1L1I1,"Verify against the laboratory sample sheet, then repair the library-to-experimental-unit link upstream"
P0,G090dJ,G090,ERR15738718,D300508,G018dJD1L1I1,G018dJ,G018d,ERR15738817,D300516,G090dJD1L1I1,"Verify against the laboratory sample sheet, then repair the library-to-experimental-unit link upstream"
P0,G091dJ,G091,ERR15738801,D300488,G017dJD1L1I1,G017dJ,G017d,ERR15738715,D300510,G091dJD1L1I1,"Verify against the laboratory sample sheet, then repair the library-to-experimental-unit link upstream"
P0,G092dJ,G092,ERR15738723,D300491,G016dJD1L1I1,G016dJ,G016d,ERR15738806,D300483,G092dJD1L1I1,"Verify against the laboratory sample sheet, then repair the library-to-experimental-unit link upstream"
P0,G093dJ,G093,ERR15738766,D300489,G014dJD1L1I1,G014dJ,G014d,ERR15738771,D300466,G093dJD1L1I1,"Verify against the laboratory sample sheet, then repair the library-to-experimental-unit link upstream"
P0,G094dJ,G094,ERR15738757,D300511,G013dJD1L1I1,G013dJ,G013d,ERR15738779,D300421,G094dJD1L1I1,"Verify against the laboratory sample sheet, then repair the library-to-experimental-unit link upstream"
P0,G095eJ,G095,ERR15738825,D300474,G012cJD1L1I1,G012cJ,G012c,ERR15738759,D300454,G095eJD1L1I1,"Verify against the laboratory sample sheet, then repair the library-to-experimental-unit link upstream"
P0,G096eJ,G096,ERR15738783,D300526,G011cJD1L1I1,G011cJ,G011c,ERR15738788,D300525,G096eJD1L1I1,"Verify against the laboratory sample sheet, then repair the library-to-experimental-unit link upstream"
P0,G097eJ,G097,ERR15738789,D300443,G010cJD1L1I1,G010cJ,G010c,ERR15738734,D300468,G097eJD1L1I1,"Verify against the laboratory sample sheet, then repair the library-to-experimental-unit link upstream"
P0,G098eJ,G098,ERR15738763,D300514,G009cJD1L1I1,G009cJ,G009c,ERR15738797,D300451,G098eJD1L1I1,"Verify against the laboratory sample sheet, then repair the library-to-experimental-unit link upstream"
P0,G099eJ,G099,ERR15738730,D300521,G008cJD1L1I1,G008cJ,G008c,ERR15738716,D300498,G099eJD1L1I1,"Verify against the laboratory sample sheet, then repair the library-to-experimental-unit link upstream"
P0,G101aJ,G101,ERR15738737,D300445,G007bJD1L1I1,G007bJ,G007b,ERR15738790,D300476,G101aJD1L1I1,"Verify against the laboratory sample sheet, then repair the library-to-experimental-unit link upstream"
P0,G103bJ,G103,ERR15738784,D300436,G006bJD1L1I1,G006bJ,G006b,ERR15738725,D300487,G103bJD1L1I1,"Verify against the laboratory sample sheet, then repair the library-to-experimental-unit link upstream"
P0,G104aJ,G104,ERR15738820,D300479,G005bJD1L1I1,G005bJ,G005b,ERR15738756,D300459,G104aJD1L1I1,"Verify against the laboratory sample sheet, then repair the library-to-experimental-unit link upstream"
P0,G105bJ,G105,ERR15738814,D300433,G004aJD1L1I1,G004aJ,G004a,ERR15738754,D300420,G105bJD1L1I1,"Verify against the laboratory sample sheet, then repair the library-to-experimental-unit link upstream"
P0,G106bJ,G106,ERR15738767,D300477,G003aJD1L1I1,G003aJ,G003a,ERR15738772,D300430,G106bJD1L1I1,"Verify against the laboratory sample sheet, then repair the library-to-experimental-unit link upstream"
P0,G107bJ,G107,ERR15738804,D300470,G002aJD1L1I1,G002aJ,G002a,ERR15738791,D300462,G107bJD1L1I1,"Verify against the laboratory sample sheet, then repair the library-to-experimental-unit link upstream"
