priority,experiment,experimental_unit,library_id,in_count_matrix,public_run_accession,recommended_action
P1,F,F000,D300995,yes,"","Confirm whether this technical-control library should be published; otherwise explicitly mark it exempt"
P1,F,F000,D301068,yes,"","Confirm whether this technical-control library should be published; otherwise explicitly mark it exempt"
P1,G,G000,D300530,yes,"","Confirm whether this technical-control library should be published; otherwise explicitly mark it exempt"
P1,G,G000,D300531,yes,"","Confirm whether this technical-control library should be published; otherwise explicitly mark it exempt"
P1,H,H000,D300769,yes,"","Confirm whether this technical-control library should be published; otherwise explicitly mark it exempt"
P1,H,H000,D300870,yes,"","Confirm whether this technical-control library should be published; otherwise explicitly mark it exempt"
P1,M,M000,D300767,yes,"","Confirm whether this technical-control library should be published; otherwise explicitly mark it exempt"
P2,C,C000,D300052,no,"","Confirm whether this library was sequenced or is an unsequenced/technical-control record"
P2,C,C000,D300067,no,"","Confirm whether this library was sequenced or is an unsequenced/technical-control record"
P2,C,C000,D300070,no,"","Confirm whether this library was sequenced or is an unsequenced/technical-control record"
P2,C,C014,D300071,no,"","Confirm whether this library was sequenced or is an unsequenced/technical-control record"
P2,C,C014,D300072,no,"","Confirm whether this library was sequenced or is an unsequenced/technical-control record"
P2,C,C015,D300073,no,"","Confirm whether this library was sequenced or is an unsequenced/technical-control record"
P2,I,I000,D300674,no,"","Confirm whether this library was sequenced or is an unsequenced/technical-control record"
P2,J,J000,D300266,no,"","Confirm whether this library was sequenced or is an unsequenced/technical-control record"
P2,J,J000,D300267,no,"","Confirm whether this library was sequenced or is an unsequenced/technical-control record"
P2,J,J000,D300268,no,"","Confirm whether this library was sequenced or is an unsequenced/technical-control record"
P2,J,J000,D300269,no,"","Confirm whether this library was sequenced or is an unsequenced/technical-control record"
P2,J,J000,D300270,no,"","Confirm whether this library was sequenced or is an unsequenced/technical-control record"
P2,J,J000,D300272,no,"","Confirm whether this library was sequenced or is an unsequenced/technical-control record"
P2,J,J000,D300274,no,"","Confirm whether this library was sequenced or is an unsequenced/technical-control record"
P2,J,J000,D300276,no,"","Confirm whether this library was sequenced or is an unsequenced/technical-control record"
P2,K,K000,D300672,no,"","Confirm whether this library was sequenced or is an unsequenced/technical-control record"
