genome,M302478,M302480,M302447,M302439,M302476,M302458,M302459,M302471,M302472,M302454,M302449,M302452,M302440,M302470,M302479,M302469,M302457,M302446,M302436,M302435,M302466,M302462,M302443,M302453,M302464,M302473,M302465,M302461,M302468,M302481,M302445,M302438,M302451,M302456,M302463,M302448,M302444,M302475,M302474,M302450,M302437,M302434
D300418:bin_000001,0,0,0,0,0,0,0,0,0,0,0,0,0,0,0,0,0,0,0,0,0,0,0,0,0,0,0,0,0,0,0,0,0,0,0,0,0,0,0,0,0,0
D300418:bin_000013,0,0,0,0,0,0,0,0,0,0,0,0,0,0,0,0,0,0,0,0,0,0,0,0,0,0,0,0,0,0,0,0,0,0,0,0,0,0,0,0,0,0
D300428:bin_000008,0,0,0,0,0,0,0,0,0,0,0,0,0,0,0,0,0,0,0,0,0,0,0,0,0,0,0,0,0,0,0,0,0,0,0,0,0,0,0,0,0,0
D300430:bin_000010,2.652,1.544,1.806,3.528,0,8.528,4.274,1.545,1.824,1.287,1.83,2.4,3.022,9.814,0,3.132,2.28,0,1.931,1.541,2.094,4.531,5.301,1.406,1.572,1.192,1.207,4.593,3.409,2.899,2.908,2.262,0,3.217,1.611,1.079,2.688,4.024,2.59,1.124,0,1.91
D300432:bin_000001,0,0,0,0,0,0,0,0,0,0,0,0,0,0,0,0,0,0,0,0,0,0,0,0,0,0,0,0,0,0,0,0,0,0,0,0,0,0,0,0,0,0
D300435:bin_000001,6.211,4.132,5.323,6.986,0,16.386,6.769,3.144,4.956,3.809,3.401,5.021,10.839,13.579,0,6.018,4.063,1.411,6.034,3.536,5.464,7.703,11.22,2.564,4.43,2.537,2.485,7.199,9.479,10.361,7.196,5.37,4.259,6.896,4.861,4.335,4.62,9.143,7.159,2.497,2.172,4.141
D300442:bin_000001,1.23,0,2.428,1.857,0,2.373,1.399,0,1.036,0,1.532,1.722,1.448,4.866,0,0,0,0.9,0,0,1.338,0.849,2.605,1.382,0,1.024,0,1.845,1.703,1.431,1.758,3.277,0,1.4,0,3.992,0.976,1.36,0,0.891,0.9,5.006
D300442:bin_000015,0,0,0,0,0,0,0,0,0,0,0,0,0,0,0,0,0,0,0,0,0,0,0,0,0,0,0,0,0,0,0,0,0,0,0,0,0,0,0,0,0,0
D300443:bin_000002,0,0,0,0,0,0,0,0,0,0,0,0,0,0,0,0,0,0,0,0,0,0,0,0,0,0,0,0,0,0,0,0,0,0,0,0,0,0,0,0,0,0
D300443:bin_000003,0,0,0,0,0,0,0,0,0,0,0,0,0,0,0,0,0,0,0,0,0,0,0,0,0,0,0,0,0,0,0,0,0,0,0,0,0,0,0,0,0,0
D300444:bin_000010,11.571,8.225,10.915,14.454,0,29.352,13.053,6.866,11.03,7.687,8.665,11.054,16.988,17.885,0,10.99,9.32,3.159,11.732,6.117,10.896,16.772,23.05,6.261,9.757,5.562,5.274,16.375,17.438,18.844,10.539,10.699,7.073,13.596,9.665,7.6,9.692,15.897,16.158,5.811,3.035,9.435
D300452:bin_000016,34.484,25.86,32.07,45.801,0,85.556,40.328,23.748,31.369,21.882,27.526,35.236,59.048,55.859,0,36.204,31.262,9.566,34.109,22.575,29.914,51.636,70.59,17.98,28.934,18.072,17.715,49.103,52.931,56.984,34.159,33.678,22.433,44.535,30.417,21.354,30.221,50.152,47.508,17.69,10.815,29.721
D300458:bin_000001,0,0,0,0,0,0,0,0,0,0,0,0,0,0,0,0,0,0,0,0,0,0,0,0,0,0,0,0,0,0,0,0,0,0,0,0,0,0,0,0,0,0
D300462:bin_000001,0,0,0,0,0,0,0,0,0,0,0,0,0,0,0,0,0,0,0,0,0,0,0,0,0,0,0,0,0,0,0,0,0,0,0,0,0,0,0,0,0,0
D300472:bin_000003,0,0,0,0,0,0,0,0,0,0,0,0,0,0,0,0,0,0,0,0,0,0,0,0,0,0,0,0,0,0,0,0,0,0,0,0,0,0,0,0,0,0
D300474:bin_000012,0,0,0,0,0,0,0,0,0,0,0,0,0,0,0,0,0,0,0,0,0,0,0,0,0,0,0,0,0,0,0,0,0,0,0,0,0,0,0,0,0,0
D300475:bin_000015,0,0,0,0,0,0,0,0,0,0,0,0,0,0,0,0,0,0,0,0,0,0,0,0,0,0,0,0,0,0,0,0,0,0,0,0,0,0,0,0,0,0
D300479:bin_000001,7.005,6.97,7.107,10.908,0,27.595,13.192,6.062,5.676,7.04,7.274,7.485,12.95,15.841,0,8.586,7.344,3.151,10.452,6.431,8.595,9.876,19.64,3.749,9.095,6.126,4.161,11.573,16.1,13.564,9.622,8.323,5.884,10.882,8.691,6.978,9.981,14.459,12.179,4.324,2.083,5.089
D300479:bin_000005,11.22,8.831,12.777,15.397,0,31.413,14.004,8.895,10.839,7.88,9.991,13.655,19.086,14.779,0,12.428,10.751,4.268,13.099,6.845,11.891,16.545,27.995,6.223,11.487,7.32,6.674,17.618,18.205,21.524,10.804,13.171,7.501,15.217,12.363,8.512,11.912,17.386,18.353,6.788,3.909,10.841
D300481:bin_000002,47.176,41.505,40.071,58.523,0,114.879,54.596,32.247,42.126,29.882,33.607,42.658,70.602,68.402,0,51.822,43.216,9.932,46.601,26.556,40.156,63.992,91.664,23.947,39.193,26.563,24.243,63.542,69.915,74.23,45.791,43.506,28.012,56.642,36.956,27.222,41.643,65.289,63.015,21.757,13.896,35.373
D300482:bin_000009,0,0,0,0,0,0,0,0,0,0,0,0,0,0,0,0,0,0,0,0,0,0,0,0,0,0,0,0,0,0,0,0,0,0,0,0,0,0,0,0,0,0
D300491:bin_000003,0,0,0,0,0,0,0,0,0,0,0,0,0,0,0,0,0,0,0,0,0,0,0,0,0,0,0,0,0,0,0,0,0,0,0,0,0,0,0,0,0,0
D300492:bin_000003,2.807,2.247,4.094,4.179,0,8.636,4.152,2.236,2.502,2.031,1.983,2.414,5.623,7.528,0,3.155,2.887,0,2.509,1.657,2.68,4.921,5.997,1.413,2.351,1.33,1.5,3.503,4.308,6.732,3.621,2.508,1.854,3.485,2.273,1.531,2.035,4.798,3.863,1.286,0,2.485
D300493:bin_000002,0,0,0,0,0,0,0,0,0,0,0,0,0,0,0,0,0,0,0,0,0,0,0,0,0,0,0,0,0,0,0,0,0,0,0,0,0,0,0,0,0,0
D300499:bin_000015,0,0,0,0,0,0,0,0,0,0,0,0,0,0,0,0,0,0,0,0,0,0,0,0,0,0,0,0,0,0,0,0,0,0,0,0,0,0,0,0,0,0
D300500:bin_000011,0,0,0,0,0,0,0,0,0,0,0,0,0,0,0,0,0,0,0,0,0,0,0,0,0,0,0,0,0,0,0,0,0,0,0,0,0,0,0,0,0,0
D300506:bin_000004,11.572,9.512,9.377,12.276,0,30.147,13.221,8.156,8.849,5.947,7.236,8.472,13.154,18.24,0,12.133,9.809,2.109,10.136,5.77,8.607,15.011,19.737,3.358,9.438,4.786,5.44,14.083,12.352,16.399,10.636,8.348,6.192,11.974,9.53,5.119,8.098,17.257,13.748,4.776,2.746,8.463
D300509:bin_000001,0,0,0,0,0,0,0,0,0,0,0,0,0,0,0,0,0,0,0,0,0,0,0,0,0,0,0,0,0,0,0,0,0,0,0,0,0,0,0,0,0,0
D300511:bin_000002,0,0,0,0,0,0,0,0,0,0,0,0,0,0,0,0,0,0,0,0,0,0,0,0,0,0,0,0,0,0,0,0,0,0,0,0,0,0,0,0,0,0
D300511:bin_000016,0,0,0,0,0,0,0,0,0,0,0,0,0,0,0,0,0,0,0,0,0,0,0,0,0,0,0,0,0,0,0,0,0,0,0,0,0,0,0,0,0,0
D300514:bin_000003,0,0,0,0,0,0,0,0,0,0,0,0,0,0,0,0,0,0,0,0,0,0,0,0,0,0,0,0,0,0,0,0,0,0,0,0,0,0,0,0,0,0
D300519:bin_000006,0,0,0,0,0,0,0,0,0,0,0,0,0,0,0,0,0,0,0,0,0,0,0,0,0,0,0,0,0,0,0,0,0,0,0,0,0,0,0,0,0,0
D300521:bin_000005,0,0,0,0,0,0,0,0,0,0,0,0,0,0,0,0,0,0,0,0,0,0,0,0,0,0,0,0,0,0,0,0,0,0,0,0,0,0,0,0,0,0
D300521:bin_000006,0,0,0,0,0,0,0,0,0,0,0,0,0,0,0,0,0,0,0,0,0,0,0,0,0,0,0,0,0,0,0,0,0,0,0,0,0,0,0,0,0,0
D300526:bin_000001,0,0,0,0,0,0,0,0,0,0,0,0,0,0,0,0,0,0,0,0,0,0,0,0,0,0,0,0,0,0,0,0,0,0,0,0,0,0,0,0,0,0
D300526:bin_000014,0,0,0,0,0,0,0,0,0,0,0,0,0,0,0,0,0,0,0,0,0,0,0,0,0,0,0,0,0,0,0,0,0,0,0,0,0,0,0,0,0,0
GEXTRA:bin_000001,0,0,0,0,0,0,0,0,0,0,0,0,0,0,0,0,0,0,0,0,0,0,0,0,0,0,0,0,0,0,0,0,0,0,0,0,0,0,0,0,0,0
GEXTRA:bin_000002,0,0,0,0,0,0,0,0,0,0,0,0,0,0,0,0,0,0,0,0,0,0,0,0,0,0,0,0,0,0,0,0,0,0,0,0,0,0,0,0,0,0
GEXTRA:bin_000004,0,0,0,0,0,0,0,0,0,0,0,0,0,0,0,0,0,0,0,0,0,0,0,0,0,0,0,0,0,0,0,0,0,0,0,0,0,0,0,0,0,0
GEXTRA:bin_000006,0,0,0,0,0,0,0,0,0,0,0,0,0,0,0,0,0,0,0,0,0,0,0,0,0,0,0,0,0,0,0,0,0,0,0,0,0,0,0,0,0,0
GPB:bin_000001,3.072,0,2.944,4.339,0,7.689,3.458,0,3.53,0,0,0,5.3,4.632,0,3.096,3.01,0,4.01,2.413,0,5.23,6.237,0,0,1.894,0,3.853,5.31,6.188,2.98,3.285,0,4.525,2.696,2.253,3.679,4.365,4.913,0,0,2.542
GPB:bin_000002,0,0,0,0,0,0,0,0,0,0,0,0,0,0,0,0,0,0,0,0,0,0,0,0,0,0,0,0,0,0,0,0,0,0,0,0,0,0,0,0,0,0
GPB:bin_000003,0,0,0,0,0,0,0,0,0,0,0,0,0,0,0,0,0,0,0,0,0,0,0,0,0,0,0,0,0,0,0,0,0,0,0,0,0,0,0,0,0,0
GPB:bin_000004,11.997,8.853,11.522,14.234,0,32.459,15.635,9.414,11.926,6.262,8.674,11.134,16.975,17.868,0,13.816,13.496,2.213,12.606,6.998,10.225,17.131,25.036,5.489,10.836,7.437,6.328,17.835,14.738,21.182,11.922,10.454,7.565,17.13,10.609,8.002,11.701,17.8,18.41,6.807,3.201,9.894
GPB:bin_000005,5.034,0,5.138,0,0,12.084,6.039,0,0,0,0,0,0,0,0,4.905,0,0,0,0,0,7.109,10.782,0,4.384,0,0,0,7.997,8.106,0,0,0,0,0,0,0,7.449,7.11,0,0,0
GPB:bin_000009,1.012,0,0.826,0.927,0,3.249,1.812,0,0.837,0,0,0.763,2.651,3.031,0,1.458,0.97,0,0.936,0,0.99,1.86,2.372,0,0.974,0,0.867,1.04,1.005,2.026,1.07,1.009,0,1.279,0.767,0,1.474,1.738,1.437,0,0,0.817
GPB:bin_000010,9.992,7.324,9.391,11.317,0,28.553,13.221,6.687,9.119,6.854,6.749,10.39,14.703,23.321,0,9.409,8.218,2.112,9.604,6.228,8.169,13.898,21.054,4.935,9.14,5.054,4.546,14.214,15.397,18.284,12.499,9.446,6.554,13.055,9.925,7.718,9.299,16.89,13.927,5.918,2.929,8.722
GPB:bin_000012,0,0,0,0,0,0,0,0,0,0,0,0,0,0,0,0,0,0,0,0,0,0,0,0,0,0,0,0,0,0,0,0,0,0,0,0,0,0,0,0,0,0
GPB:bin_000014,0,0,0,0,0,0,0,0,0,0,0,0,0,0,0,0,0,0,0,0,0,0,0,0,0,0,0,0,0,0,0,0,0,0,0,0,0,0,0,0,0,0
GPB:bin_000015,14.373,12.727,11.881,16.702,0,33.994,19.084,9.88,13.069,8.856,11.235,11.635,21.339,24.27,0,17.582,13.038,2.878,14.982,8.069,11.913,22.492,29.979,7.589,13.221,7.605,7.14,22.52,23.035,21.256,14.016,12.763,8.757,17.92,11.761,7.961,12.501,20.055,18.556,7.172,4.35,11.574
GPB:bin_000016,0,0,0,0,0,0,0,0,0,0,0,0,0,0,0,0,0,0,0,0,0,0,0,0,0,0,0,0,0,0,0,0,0,0,0,0,0,0,0,0,0,0
GPB:bin_000017,2.345,3.003,4.323,5.556,0,7.635,4.039,1.937,3.446,2.64,3.065,3.308,5.33,4.756,0,3.273,1.692,0.935,4.817,2.531,2.941,4.162,9.52,1.939,3.408,2.317,1.541,5.042,6.185,7.544,3.743,4.179,2.832,3.888,3.979,4.771,3.238,4.974,5.63,2.774,1.734,5.203
GPB:bin_000019,0,0,0,0,0,0,0,0,0,0,0,0,0,0,0,0,0,0,0,0,0,0,0,0,0,0,0,0,0,0,0,0,0,0,0,0,0,0,0,0,0,0
GPB:bin_000020,0,0,0,0,0,0,0,0,0,0,0,0,0,0,0,0,0,0,0,0,0,0,0,0,0,0,0,0,0,0,0,0,0,0,0,0,0,0,0,0,0,0
GPB:bin_000021,20.696,5.759,19.354,23.484,0,44.403,14.679,6.264,7.542,11.378,11.532,36.478,26.325,25.961,0,16.033,26.406,3.708,27.077,8.684,13.33,28.81,44.769,12.154,17.346,10.572,3.963,22.584,18.341,34.729,21.636,13.92,2.347,23.016,12.51,3.007,18.812,24.782,22.079,10.364,2.599,9.41
GPB:bin_000022,9.135,6.602,8.646,9.944,0,22.006,11.574,6.339,8.685,5.398,6.645,9.465,11.967,17.362,0,10.17,9.337,1.823,10.149,4.652,7.55,13.895,19.335,4.201,8.357,4.795,4.901,13.086,14.198,13.286,9.098,7.558,5.339,11.296,7.059,4.855,8.153,12.713,11.896,4.186,2.6,7.194
GPB:bin_000023,0,0,0,0,0,0,0,0,0,0,0,0,0,0,0,0,0,0,0,0,0,0,0,0,0,0,0,0,0,0,0,0,0,0,0,0,0,0,0,0,0,0
GPB:bin_000024,0,0,0,0,0,0,0,0,0,0,0,0,0,0,0,0,0,0,0,0,0,0,0,0,0,0,0,0,0,0,0,0,0,0,0,0,0,0,0,0,0,0
GPB:bin_000025,0,0,0,0,0,0,0,0,0,0,0,0,0,0,0,0,0,0,0,0,0,0,0,0,0,0,0,0,0,0,0,0,0,0,0,0,0,0,0,0,0,0
GPB:bin_000026,0,0,0,0,0,0,0,0,0,0,0,0,0,0,0,0,0,0,0,0,0,0,0,0,0,0,0,0,0,0,0,0,0,0,0,0,0,0,0,0,0,0
GPB:bin_000027,0,0,0,0,0,0,0,0,0,0,0,0,0,0,0,0,0,0,0,0,0,0,0,0,0,0,0,0,0,0,0,0,0,0,0,0,0,0,0,0,0,0
GPB:bin_000028,0,0,0,0,0,0,0,0,0,0,0,0,0,0,0,0,0,0,0,0,0,0,0,0,0,0,0,0,0,0,0,0,0,0,0,0,0,0,0,0,0,0
GPB:bin_000029,0,0,0,0,0,0,0,0,0,0,0,0,0,0,0,0,0,0,0,0,0,0,0,0,0,0,0,0,0,0,0,0,0,0,0,0,0,0,0,0,0,0
GPB:bin_000031,0,0,0,0,0,0,0,0,0,0,0,0,0,0,0,0,0,0,0,0,0,0,0,0,0,0,0,0,0,0,0,0,0,0,0,0,0,0,0,0,0,0
GPB:bin_000032,0,0,0,0,0,0,0,0,0,0,0,0,0,0,0,0,0,0,0,0,0,0,0,0,0,0,0,0,0,0,0,0,0,0,0,0,0,0,0,0,0,0
GPB:bin_000033,9.835,5.86,6.902,7.767,0,29.299,15.779,4.77,5.907,3.876,4.638,6.934,10.081,52.333,0,6.657,5.595,2,6.217,4.174,6.352,11.269,16.51,3.754,5.415,3.295,3.251,10.11,13.17,7.807,11.753,7.75,4.726,11.144,5.487,8.459,6.726,17.21,7.079,3.357,3.106,6.574
GPB:bin_000034,16.971,13.014,13.898,17.298,0,40.838,20.93,11.62,14.916,9.539,12.156,14.738,23.687,28.576,0,18.523,15.29,3.44,17.621,9.73,14.687,25.075,34.893,9.133,15.471,8.8,8.264,25.659,25.981,23.814,16.444,15.371,9.3,20.287,13.829,9.366,14.098,23.658,22.089,7.779,4.188,12.467
GPB:bin_000035,0,0,0,0,0,0,0,0,0,0,0,0,0,0,0,0,0,0,0,0,0,0,0,0,0,0,0,0,0,0,0,0,0,0,0,0,0,0,0,0,0,0
GPB:bin_000038,0,0,0,0,0,0,0,0,0,0,0,0,0,0,0,0,0,0,0,0,0,0,0,0,0,0,0,0,0,0,0,0,0,0,0,0,0,0,0,0,0,0
GPB:bin_000039,0,0.684,0.836,0.846,0,2.885,2.148,0,0.892,0,0,0,0,3.417,0,0,0,0,0,0,0.923,0,1.77,0,0,0,0,0,0.994,1.775,0.933,0.708,0,1.113,0,0,0.936,1.411,1.098,0,0,0.906
GPB:bin_000040,0,0,0,0,0,0,0,0,0,0,0,0,0,0,0,0,0,0,0,0,0,0,0,0,0,0,0,0,0,0,0,0,0,0,0,0,0,0,0,0,0,0
GPB:bin_000041,0,0,0,0,0,0,0,0,0,0,0,0,0,0,0,0,0,0,0,0,0,0,0,0,0,0,0,0,0,0,0,0,0,0,0,0,0,0,0,0,0,0
GPB:bin_000042,0,0,0,0,0,0,0,0,0,0,0,0,0,0,0,0,0,0,0,0,0,0,0,0,0,0,0,0,0,0,0,0,0,0,0,0,0,0,0,0,0,0
GPB:bin_000043,0,0,0,0,0,0,0,0,0,0,0,0,0,0,0,0,0,0,0,0,0,0,0,0,0,0,0,0,0,0,0,0,0,0,0,0,0,0,0,0,0,0
GPB:bin_000045,0,0,0,0,0,0,0,0,0,0,0,0,0,0,0,0,0,0,0,0,0,0,0,0,0,0,0,0,0,0,0,0,0,0,0,0,0,0,0,0,0,0
GPB:bin_000049,0,0,0,0,0,0,0,0,0,0,0,0,0,0,0,0,0,0,0,0,0,0,0,0,0,0,0,0,0,0,0,0,0,0,0,0,0,0,0,0,0,0
GPB:bin_000051,0,0,0,0,0,0,0,0,0,0,0,0,0,0,0,0,0,0,0,0,0,0,0,0,0,0,0,0,0,0,0,0,0,0,0,0,0,0,0,0,0,0
GPB:bin_000053,120.802,96.314,124.034,164.147,10.821,346.965,158.803,86.361,138.977,85.076,104.562,147.332,203.995,201.015,0,133.777,113.436,41.846,134.01,88.096,124.392,197.274,282.72,60.18,115.537,70.841,67.105,190.903,199.674,231.327,128.304,119.268,86.522,163.553,127.664,79.6,124.47,204.674,193.975,67.367,38.698,110.358
GPB:bin_000054,0,0,0,0,0,0,0,0,0,0,0,0,0,0,0,0,0,0,0,0,0,0,0,0,0,0,0,0,0,0,0,0,0,0,0,0,0,0,0,0,0,0
GPB:bin_000055,0,0,0,0,0,0,0,0,0,0,0,0,0,0,0,0,0,0,0,0,0,0,0,0,0,0,0,0,0,0,0,0,0,0,0,0,0,0,0,0,0,0
GPB:bin_000056,0,0,0,0,0,0,0,0,0,0,0,0,0,0,0,0,0,0,0,0,0,0,0,0,0,0,0,0,0,0,0,0,0,0,0,0,0,0,0,0,0,0
GPB:bin_000057,0,0,0,0,0,0,0,0,0,0,0,0,0,0,0,0,0,0,0,0,0,0,0,0,0,0,0,0,0,0,0,0,0,0,0,0,0,0,0,0,0,0
GPB:bin_000058,0,0,0,0,0,0,0,0,0,0,0,0,0,0,0,0,0,0,0,0,0,0,0,0,0,0,0,0,0,0,0,0,0,0,0,0,0,0,0,0,0,0
GPB:bin_000059,5.595,4.04,4.985,7.138,0,14.224,8.261,4.198,5.528,3.438,4.371,5.542,9.79,11.136,0,5.976,6.21,1.295,5.8,3.841,4.888,8.763,11.269,2.979,5.482,3.901,3.259,9.391,9.691,9.803,5.878,6.504,3.51,8.159,5.223,3.538,5.494,8.978,8.368,3.031,2.309,4.741
GPB:bin_000060,0,0,0,0,0,0,0,0,0,0,0,0,0,0,0,0,0,0,0,0,0,0,0,0,0,0,0,0,0,0,0,0,0,0,0,0,0,0,0,0,0,0
GPB:bin_000061,0,0,0,0,0,0,0,0,0,0,0,0,0,0,0,0,0,0,0,0,0,0,0,0,0,0,0,0,0,0,0,0,0,0,0,0,0,0,0,0,0,0
GPB:bin_000065,0,0,0,0,0,0,0,0,0,0,0,0,0,0,0,0,0,0,0,0,0,0,0,0,0,0,0,0,0,0,0,0,0,0,0,0,0,0,0,0,0,0
GPB:bin_000067,0,0,0,0,0,0,0,0,0,0,0,0,0,0,0,0,0,0,0,0,0,0,0,0,0,0,0,0,0,0,0,0,0,0,0,0,0,0,0,0,0,0
GPB:bin_000069,0,0,0,0,0,0,0,0,0,0,0,0,0,0,0,0,0,0,0,0,0,0,0,0,0,0,0,0,0,0,0,0,0,0,0,0,0,0,0,0,0,0
GPB:bin_000070,0,0,0,0,0,0,0,0,0,0,0,0,0,0,0,0,0,0,0,0,0,0,0,0,0,0,0,0,0,0,0,0,0,0,0,0,0,0,0,0,0,0
GPB:bin_000071,0,0,0,0,0,0,0,0,0,0,0,0,0,0,0,0,0,0,0,0,0,0,0,0,0,0,0,0,0,0,0,0,0,0,0,0,0,0,0,0,0,0
GPB:bin_000073,0,0,0,0,0,0,0,0,0,0,0,0,0,0,0,0,0,0,0,0,0,0,0,0,0,0,0,0,0,0,0,0,0,0,0,0,0,0,0,0,0,0
GPB:bin_000074,0,0,0,0,0,0,0,0,0,0,0,0,0,0,0,0,0,0,0,0,0,0,0,0,0,0,0,0,0,0,0,0,0,0,0,0,0,0,0,0,0,0
GPB:bin_000075,0,0,0,0,0,0,0,0,0,0,0,0,0,0,0,0,0,0,0,0,0,0,0,0,0,0,0,0,0,0,0,0,0,0,0,0,0,0,0,0,0,0
GPB:bin_000076,0,0,0,0,0,0,0,0,0,0,0,0,0,0,0,0,0,0,0,0,0,0,0,0,0,0,0,0,0,0,0,0,0,0,0,0,0,0,0,0,0,0
GPB:bin_000078,0,0,0,0,0,0,0,0,0,0,0,0,0,0,0,0,0,0,0,0,0,0,0,0,0,0,0,0,0,0,0,0,0,0,0,0,0,0,0,0,0,0
GPB:bin_000080,0,0,0,0,0,0,0,0,0,0,0,0,0,0,0,0,0,0,0,0,0,0,0,0,0,0,0,0,0,0,0,0,0,0,0,0,0,0,0,0,0,0
GPB:bin_000082,0,0,0,0,0,0,0,0,0,0,0,0,0,0,0,0,0,0,0,0,0,0,0,0,0,0,0,0,0,0,0,0,0,0,0,0,0,0,0,0,0,0
GPB:bin_000083,0,0,0,0,0,0,0,0,0,0,0,0,0,0,0,0,0,0,0,0,0,0,0,0,0,0,0,0,0,0,0,0,0,0,0,0,0,0,0,0,0,0
GPB:bin_000084,0,0,0,0,0,0,0,0,0,0,0,0,0,0,0,0,0,0,0,0,0,0,0,0,0,0,0,0,0,0,0,0,0,0,0,0,0,0,0,0,0,0
GPB:bin_000085,0,0,0,0,0,0,0,0,0,0,0,0,0,0,0,0,0,0,0,0,0,0,0,0,0,0,0,0,0,0,0,0,0,0,0,0,0,0,0,0,0,0
GPB:bin_000086,0,0,0,0,0,0,0,0,0,0,0,0,0,0,0,0,0,0,0,0,0,0,0,0,0,0,0,0,0,0,0,0,0,0,0,0,0,0,0,0,0,0
GPB:bin_000087,5.04,3.851,3.994,4.074,0,15.541,7.414,5.153,4.471,2.169,3.461,4.336,5.175,15.502,0,5.039,4.574,0.892,4.726,2.795,4.017,8.557,11.06,2.13,3.954,2.018,3.116,6.541,6.165,5.771,6.271,3.513,2.832,7.146,4.505,2.597,4.653,8.643,6.104,1.83,1.376,3.856
GPB:bin_000088,0,0,0,0,0,0,0,0,0,0,0,0,0,0,0,0,0,0,0,0,0,0,0,0,0,0,0,0,0,0,0,0,0,0,0,0,0,0,0,0,0,0
GPB:bin_000089,0,0,0,0,0,0,0,0,0,0,0,0,0,0,0,0,0,0,0,0,0,0,0,0,0,0,0,0,0,0,0,0,0,0,0,0,0,0,0,0,0,0
GPB:bin_000092,29.085,19.631,26.386,39.897,0,68.258,32.802,17.987,24.437,16.731,20.545,28.832,46.917,47.207,0,25.848,21.568,7.447,28.735,16.629,24.154,34.386,54.319,14.709,23.285,15.696,12.673,37.973,41.202,43.77,29.089,27.493,19.597,34.979,22.039,19.251,23.797,41.663,36.984,12.973,9.991,23.988
GPB:bin_000093,0,0,0,0,0,0,0,0,0,0,0,0,0,0,0,0,0,0,0,0,0,0,0,0,0,0,0,0,0,0,0,0,0,0,0,0,0,0,0,0,0,0
GPB:bin_000094,0,0,0,0,0,0,0,0,0,0,0,0,0,0,0,0,0,0,0,0,0,0,0,0,0,0,0,0,0,0,0,0,0,0,0,0,0,0,0,0,0,0
GPB:bin_000095,0,0,0,0,0,0,0,0,0,0,0,0,0,0,0,0,0,0,0,0,0,0,0,0,0,0,0,0,0,0,0,0,0,0,0,0,0,0,0,0,0,0
GPB:bin_000097,0,0,0,0,0,0,0,0,0,0,0,0,0,0,0,0,0,0,0,0,0,0,0,0,0,0,0,0,0,0,0,0,0,0,0,0,0,0,0,0,0,0
GPB:bin_000099,0,0,0,0,0,0,0,0,0,0,0,0,0,0,0,0,0,0,0,0,0,0,0,0,0,0,0,0,0,0,0,0,0,0,0,0,0,0,0,0,0,0
GPB:bin_000100,0,0,0,0,0,0,0,0,0,0,0,0,0,0,0,0,0,0,0,0,0,0,0,0,0,0,0,0,0,0,0,0,0,0,0,0,0,0,0,0,0,0
GPB:bin_000104,27.22,23.534,29.385,44.266,0,70.739,34.309,23.026,35.954,18.592,22.818,29.429,47.211,44.905,0,35.379,31.808,9.211,32.318,20.975,30.902,45.479,69.488,15.617,27.273,16.538,16.481,49.743,50.229,53.685,29.758,31.999,20.944,35.042,29.875,19.694,27.831,46.861,44.121,16.655,9.509,24.893
GPB:bin_000111,39.987,35.018,33.734,46.954,2.385,103.203,50.398,30.257,32.759,21.694,25.258,38.217,50.137,68.975,0,42.941,35.119,7.704,39.147,22.887,27.749,58.378,75.435,14.684,36.831,20.868,18.602,54.755,42.067,61.801,39.11,30.413,23.473,46.767,35.495,23.07,36.167,62.617,54.807,18.039,10.834,32.604
GPB:bin_000112,0,0,0,0,0,0,0,0,0,0,0,0,0,0,0,0,0,0,0,0,0,0,0,0,0,0,0,0,0,0,0,0,0,0,0,0,0,0,0,0,0,0
GPB:bin_000113,0,0,0,0,0,0,0,0,0,0,0,0,0,0,0,0,0,0,0,0,0,0,0,0,0,0,0,0,0,0,0,0,0,0,0,0,0,0,0,0,0,0
GPB:bin_000114,0,0,0,0,0,0,0,0,0,0,0,0,0,0,0,0,0,0,0,0,0,0,0,0,0,0,0,0,0,0,0,0,0,0,0,0,0,0,0,0,0,0
GPB:bin_000115,3.328,2.187,3.501,5.316,0,10.005,4.117,2.538,4.511,3.061,3.067,4.249,7.116,6.995,0,3.306,2.834,0.709,3.897,1.69,4.184,4.782,7.786,1.738,3.239,2.248,2.432,5.762,5.359,7.096,3.357,2.731,2.121,4.292,4.552,2.664,3.771,6.015,5.828,1.885,1.81,2.88
GPB:bin_000116,0,0,0,0,0,0,0,0,0,0,0,0,0,0,0,0,0,0,0,0,0,0,0,0,0,0,0,0,0,0,0,0,0,0,0,0,0,0,0,0,0,0
GPB:bin_000119,0,0,0,0,0,0,0,0,0,0,0,0,0,0,0,0,0,0,0,0,0,0,0,0,0,0,0,0,0,0,0,0,0,0,0,0,0,0,0,0,0,0
GPB:bin_000122,0,0,0,0,0,0,0,0,0,0,0,0,0,0,0,0,0,0,0,0,0,0,0,0,0,0,0,0,0,0,0,0,0,0,0,0,0,0,0,0,0,0
GPB:bin_000123,0,0,0,0,0,0,0,0,0,0,0,0,0,0,0,0,0,0,0,0,0,0,0,0,0,0,0,0,0,0,0,0,0,0,0,0,0,0,0,0,0,0
GPB:bin_000124,7.799,6.207,7.922,10.139,0,19.855,8.201,5.168,8.258,4.941,6.112,9.154,14.376,11.98,0,8.265,6.508,1.982,10.841,5.032,7.32,11.244,15.473,3.844,8.205,4.835,3.733,10.737,12.115,14.09,7.521,7.98,5.507,8.585,5.678,5.512,6.901,11.646,11.323,3.876,2.422,7.914
GPB:bin_000125,0,0,0,0,0,0,0,0,0,0,0,0,0,0,0,0,0,0,0,0,0,0,0,0,0,0,0,0,0,0,0,0,0,0,0,0,0,0,0,0,0,0
GPB:bin_000126,10.552,7.533,7.77,9.126,0,26.136,17.292,7.325,6.834,5.946,6.174,9.403,13.294,31.421,0,9.322,9.267,1.657,8.014,5.172,8.092,12.512,20.022,4.897,7.944,4.534,3.809,14.203,16.217,12.119,11.82,7.33,4.283,11.849,6.744,6.157,7.508,12.609,11.312,3.787,2.789,7.167
GPB:bin_000127,0,0,0,0,0,0,0,0,0,0,0,0,0,0,0,0,0,0,0,0,0,0,0,0,0,0,0,0,0,0,0,0,0,0,0,0,0,0,0,0,0,0
GPB:bin_000129,0,0,0,0,0,0,0,0,0,0,0,0,0,0,0,0,0,0,0,0,0,0,0,0,0,0,0,0,0,0,0,0,0,0,0,0,0,0,0,0,0,0
GPB:bin_000130,20.582,12.546,14.069,20.408,0,42.303,21.643,13.346,14.598,8.758,12.952,13.425,26.897,31.337,0,17.715,17.386,3.386,17.641,9.17,14.245,24.774,32.223,8.583,14.95,10.074,8.286,25.096,26.396,22.839,19.818,16.151,11.683,21.07,15.176,10.592,13.105,25.51,21.611,8.45,5.757,13.951
GPB:bin_000131,5.956,4.113,5.788,8.785,0,14.178,6.845,4.4,6.892,3.518,5.059,6.359,10.914,10.492,0,6.731,5.971,1.402,5.604,4.093,5.87,9.829,12.083,3.774,5.537,2.942,3.051,9.331,9.826,10.261,6.409,7.123,3.786,7.537,6.073,4.897,4.8,9.547,8.907,3.625,2.582,5.172
GPB:bin_000132,0,0,0,0,0,0,0,0,0,0,0,0,0,0,0,0,0,0,0,0,0,0,0,0,0,0,0,0,0,0,0,0,0,0,0,0,0,0,0,0,0,0
GPB:bin_000133,0,0,0,0,0,0,0,0,0,0,0,0,0,0,0,0,0,0,0,0,0,0,0,0,0,0,0,0,0,0,0,0,0,0,0,0,0,0,0,0,0,0
GPB:bin_000135,4.298,3.46,4.195,6.847,0,10.289,4.869,3.585,3.783,2.734,3.099,5.09,6.731,6.983,0,4.94,3.407,1.06,4.595,3.457,4.348,5.703,9.975,2.063,3.748,3.47,2.064,6.491,7.1,6.194,4.451,4.628,2.8,4.977,3.72,2.399,3.843,6.367,6.494,1.926,1.299,3.496
GPB:bin_000136,0,0,0,0,0,0,0,0,0,0,0,0,0,0,0,0,0,0,0,0,0,0,0,0,0,0,0,0,0,0,0,0,0,0,0,0,0,0,0,0,0,0
GPB:bin_000137,0,0,0,0,0,0,0,0,0,0,0,0,0,0,0,0,0,0,0,0,0,0,0,0,0,0,0,0,0,0,0,0,0,0,0,0,0,0,0,0,0,0
GPB:bin_000139,0,0,0,0,0,0,0,0,0,0,0,0,0,0,0,0,0,0,0,0,0,0,0,0,0,0,0,0,0,0,0,0,0,0,0,0,0,0,0,0,0,0
GPB:bin_000140,14.936,10.586,11.868,14.969,0,40.114,20.509,10.477,12.352,8.071,9.887,13.722,20.154,36.616,0,15.666,12.865,2.958,13.036,8.386,12.719,18.301,29.939,6.989,12.35,7.627,6.389,19.819,24.659,18.044,15.873,12.313,7.187,19.901,12.096,8.143,11.672,20.597,16.9,6.065,4.224,11.288
GPB:bin_000141,0,0,0,0,0,0,0,0,0,0,0,0,0,0,0,0,0,0,0,0,0,0,0,0,0,0,0,0,0,0,0,0,0,0,0,0,0,0,0,0,0,0
GPB:bin_000142,0,0,0,0,0,0,0,0,0,0,0,0,0,0,0,0,0,0,0,0,0,0,0,0,0,0,0,0,0,0,0,0,0,0,0,0,0,0,0,0,0,0
GPB:bin_000143,206.327,139.991,199.536,285.172,14.31,508.969,238.341,125.338,191.614,132.208,161.78,212.899,338.196,276.412,0,189.222,152.01,59.293,225.755,128.56,189.991,260.615,446.023,109.776,173.274,116.649,99.855,274.716,326.97,321.691,199.161,211.901,140.425,250.121,191.413,156.441,155.903,305.37,286.102,101.219,66.901,176.575
GPB:bin_000145,0,0,0,0,0,0,0,0,0,0,0,0,0,0,0,0,0,0,0,0,0,0,0,0,0,0,0,0,0,0,0,0,0,0,0,0,0,0,0,0,0,0
GPB:bin_000146,5.829,3.236,5.442,6.24,0,14.197,7.871,3.41,5.143,2.739,4.447,6.823,9.257,8.306,0,5.642,4.216,1.544,5.003,2.366,4.226,9.192,12.09,3.356,4.388,4.503,2.429,8.223,9.434,7.019,5.421,5.267,3.269,6.562,4.642,3.593,3.901,8.681,7.601,2.856,2.288,4.052
GPB:bin_000147,0,3.405,0,6.429,0,11.877,5.624,0,0,0,0,5.412,0,6.771,0,0,0,0,0,0,0,6.677,9.912,0,0,0,0,6.445,6.873,0,4.578,0,0,0,0,0,0,7.198,6.576,0,0,4.041
GPB:bin_000148,0,0,0,0,0,0,0,0,0,0,0,0,0,0,0,0,0,0,0,0,0,0,0,0,0,0,0,0,0,0,0,0,0,0,0,0,0,0,0,0,0,0
GPB:bin_000149,0,0,0,0,0,0,0,0,0,0,0,0,0,0,0,0,0,0,0,0,0,0,0,0,0,0,0,0,0,0,0,0,0,0,0,0,0,0,0,0,0,0
GPB:bin_000151,0,0,0,0,0,0,0,0,0,0,0,0,0,0,0,0,0,0,0,0,0,0,0,0,0,0,0,0,0,0,0,0,0,0,0,0,0,0,0,0,0,0
GPB:bin_000152,0,0,0,0,0,0,0,0,0,0,0,0,0,0,0,0,0,0,0,0,0,0,0,0,0,0,0,0,0,0,0,0,0,0,0,0,0,0,0,0,0,0
GPB:bin_000153,0,0,0,0,0,0,0,0,0,0,0,0,0,0,0,0,0,0,0,0,0,0,0,0,0,0,0,0,0,0,0,0,0,0,0,0,0,0,0,0,0,0
GPB:bin_000154,0,0,0,0,0,0,0,0,0,0,0,0,0,0,0,0,0,0,0,0,0,0,0,0,0,0,0,0,0,0,0,0,0,0,0,0,0,0,0,0,0,0
GPB:bin_000155,0,0,0,0,0,0,0,0,0,0,0,0,0,0,0,0,0,0,0,0,0,0,0,0,0,0,0,0,0,0,0,0,0,0,0,0,0,0,0,0,0,0
GPB:bin_000156,0,0,0,0,0,0,0,0,0,0,0,0,0,0,0,0,0,0,0,0,0,0,0,0,0,0,0,0,0,0,0,0,0,0,0,0,0,0,0,0,0,0
GPB:bin_000159,0,0,0,0,0,0,0,0,0,0,0,0,0,0,0,0,0,0,0,0,0,0,0,0,0,0,0,0,0,0,0,0,0,0,0,0,0,0,0,0,0,0
GPB:bin_000161,0,0,0,0,0,0,0,0,0,0,0,0,0,0,0,0,0,0,0,0,0,0,0,0,0,0,0,0,0,0,0,0,0,0,0,0,0,0,0,0,0,0
GPB:bin_000163,0,0,0,0,0,0,0,0,0,0,0,0,0,0,0,0,0,0,0,0,0,0,0,0,0,0,0,0,0,0,0,0,0,0,0,0,0,0,0,0,0,0
GPB:bin_000166,19.924,19.116,19.799,24.544,0,54.537,25.747,19.104,22.944,12.31,15.455,19.007,26.499,32.897,0,28.428,26.455,5.882,22.641,15.804,24.767,36.976,52.718,11.505,18.675,10.979,12.12,34.931,36.512,37.71,20.658,20.067,15.27,23.618,19.85,12.645,24.118,33.024,31.703,12.659,6.626,18.229
GPB:bin_000168,0,0,0,0,0,0,0,0,0,0,0,0,0,0,0,0,0,0,0,0,0,0,0,0,0,0,0,0,0,0,0,0,0,0,0,0,0,0,0,0,0,0
GPB:bin_000170,0,0,0,0,0,0,0,0,0,0,0,0,0,0,0,0,0,0,0,0,0,0,0,0,0,0,0,0,0,0,0,0,0,0,0,0,0,0,0,0,0,0
GPB:bin_000171,12.965,8.81,11.749,15.102,0.868,32.242,15.47,8.662,9.029,8.096,10.199,15.763,20.489,22.075,0,12.612,11.689,4.122,11.492,7.793,10.109,15.167,27.599,4.947,9.445,4.962,7.149,16.338,16.23,21.905,11.85,12.731,7.788,15.599,9.939,6.893,11.395,19.547,15.715,6.205,3.802,10.656
GPB:bin_000172,0,0,0,0,0,0,0,0,0,0,0,0,0,0,0,0,0,0,0,0,0,0,0,0,0,0,0,0,0,0,0,0,0,0,0,0,0,0,0,0,0,0
GPB:bin_000173,0,0,0,0,0,0,0,0,0,0,0,0,0,0,0,0,0,0,0,0,0,0,0,0,0,0,0,0,0,0,0,0,0,0,0,0,0,0,0,0,0,0
GPB:bin_000175,0,0,0,0,0,0,0,0,0,0,0,0,0,0,0,0,0,0,0,0,0,0,0,0,0,0,0,0,0,0,0,0,0,0,0,0,0,0,0,0,0,0
GPB:bin_000176,0,0,0,0,0,0,0,0,0,0,0,0,0,0,0,0,0,0,0,0,0,0,0,0,0,0,0,0,0,0,0,0,0,0,0,0,0,0,0,0,0,0
GPB:bin_000177,0,0,0,0,0,0,0,0,0,0,0,0,0,0,0,0,0,0,0,0,0,0,0,0,0,0,0,0,0,0,0,0,0,0,0,0,0,0,0,0,0,0
GPB:bin_000178,0,0,0,0,0,0,0,0,0,0,0,0,0,0,0,0,0,0,0,0,0,0,0,0,0,0,0,0,0,0,0,0,0,0,0,0,0,0,0,0,0,0
GPB:bin_000181,0,0,0,0,0,0,0,0,0,0,0,0,0,0,0,0,0,0,0,0,0,0,0,0,0,0,0,0,0,0,0,0,0,0,0,0,0,0,0,0,0,0
GPB:bin_000183,0,0,0,0,0,0,0,0,0,0,0,0,0,0,0,0,0,0,0,0,0,0,0,0,0,0,0,0,0,0,0,0,0,0,0,0,0,0,0,0,0,0
GPB:bin_000184,0,0,0,0,0,0,0,0,0,0,0,0,0,2.893,0,0,0,0,0,0,0,0,0,0,0,0,0,0,0,0,0,0,0,0,0,0,0,0,0,0,0,0
GPB:bin_000185,0,0,0,0,0,0,0,0,0,0,0,0,0,0,0,0,0,0,0,0,0,0,0,0,0,0,0,0,0,0,0,0,0,0,0,0,0,0,0,0,0,0
GPB:bin_000186,0,0,0,0,0,0,0,0,0,0,0,0,0,0,0,0,0,0,0,0,0,0,0,0,0,0,0,0,0,0,0,0,0,0,0,0,0,0,0,0,0,0
GPB:bin_000189,0,0,0,0,0,0,0,0,0,0,0,0,0,0,0,0,0,0,0,0,0,0,0,0,0,0,0,0,0,0,0,0,0,0,0,0,0,0,0,0,0,0
GPB:bin_000190,0,0,0,0,0,0,0,0,0,0,0,0,0,0,0,0,0,0,0,0,0,0,0,0,0,0,0,0,0,0,0,0,0,0,0,0,0,0,0,0,0,0
GPB:bin_000192,0,0,0,0,0,0,0,0,0,0,0,0,0,0,0,0,0,0,0,0,0,0,0,0,0,0,0,0,0,0,0,0,0,0,0,0,0,0,0,0,0,0
GPB:bin_000193,0,0,0,0,0,0,0,0,0,0,0,0,0,0,0,0,0,0,0,0,0,0,0,0,0,0,0,0,0,0,0,0,0,0,0,0,0,0,0,0,0,0
GPB:bin_000194,0,0,0,0,0,0,0,0,0,0,0,0,0,0,0,0,0,0,0,0,0,0,0,0,0,0,0,0,0,0,0,0,0,0,0,0,0,0,0,0,0,0
GPB:bin_000195,0,0,0,0,0,0,0,0,0,0,0,0,0,0,0,0,0,0,0,0,0,0,0,0,0,0,0,0,0,0,0,0,0,0,0,0,0,0,0,0,0,0
GPB:bin_000197,0,0,0,0,0,0,0,0,0,0,0,0,0,0,0,0,0,0,0,0,0,0,0,0,0,0,0,0,0,0,0,0,0,0,0,0,0,0,0,0,0,0
GPB:bin_000198,0,0,0,0,0,0,0,0,0,0,0,0,0,0,0,0,0,0,0,0,0,0,0,0,0,0,0,0,0,0,0,0,0,0,0,0,0,0,0,0,0,0
GPB:bin_000199,0,0,0,0,0,0,0,0,0,0,0,0,0,0,0,0,0,0,0,0,0,0,0,0,0,0,0,0,0,0,0,0,0,0,0,0,0,0,0,0,0,0
GPB:bin_000200,0,0,0,0,0,0,0,0,0,0,0,0,0,0,0,0,0,0,0,0,0,0,0,0,0,0,0,0,0,0,0,0,0,0,0,0,0,0,0,0,0,0
GPB:bin_000202,0,0,0,0,0,0,0,0,0,0,0,0,0,0,0,0,0,0,0,0,0,0,0,0,0,0,0,0,0,0,0,0,0,0,0,0,0,0,0,0,0,0
GPB:bin_000204,0,0,0,0,0,0,0,0,0,0,0,0,0,0,0,0,0,0,0,0,0,0,0,0,0,0,0,0,0,0,0,0,0,0,0,0,0,0,0,0,0,0
GPB:bin_000206,0,0,0,0,0,0,0,0,0,0,0,0,0,0,0,0,0,0,0,0,0,0,0,0,0,0,0,0,0,0,0,0,0,0,0,0,0,0,0,0,0,0
GPB:bin_000208,74.519,55.461,68.81,98.597,0,185.77,86.748,51.728,67.459,47.215,59.576,75.41,126.479,122.504,0,78.383,67.609,20.696,74.111,47.91,64.36,111.648,152.384,38.564,62.472,38.886,38.083,105.855,114.145,122.662,74.171,72.288,48.623,96.554,65.698,45.527,65.324,108.714,102.048,38.096,23.458,64.424
GPB:bin_000209,0,0,0,0,0,0,0,0,0,0,0,0,0,0,0,0,0,0,0,0,0,0,0,0,0,0,0,0,0,0,0,0,0,0,0,0,0,0,0,0,0,0
GPB:bin_000210,0,0,0,0,0,0,0,0,0,0,0,0,0,0,0,0,0,0,0,0,0,0,0,0,0,0,0,0,0,0,0,0,0,0,0,0,0,0,0,0,0,0
GPB:bin_000211,0,0,0,0,0,0,0,0,0,0,0,0,0,0,0,0,0,0,0,0,0,0,0,0,0,0,0,0,0,0,0,0,0,0,0,0,0,0,0,0,0,0
GPB:bin_000212,0,0,0,0,0,0,0,0,0,0,0,0,0,0,0,0,0,0,0,0,0,0,0,0,0,0,0,0,0,0,0,0,0,0,0,0,0,0,0,0,0,0
GPB:bin_000213,0,0,0,0,0,0,0,0,0,0,0,0,0,0,0,0,0,0,0,0,0,0,0,0,0,0,0,0,0,0,0,0,0,0,0,0,0,0,0,0,0,0
GPB:bin_000215,0,0,0,0,0,0,0,0,0,0,0,0,0,0,0,0,0,0,0,0,0,0,0,0,0,0,0,0,0,0,0,0,0,0,0,0,0,0,0,0,0,0
GPB:bin_000217,0,0,0,0,0,0,0,0,0,0,0,0,0,0,0,0,0,0,0,0,0,0,0,0,0,0,0,0,0,0,0,0,0,0,0,0,0,0,0,0,0,0
TG1_21:bin_000035,0,0,0,0,0,0,0,0,0,0,0,0,0,0,0,0,0,0,0,0,0,0,0,0,0,0,0,0,0,0,0,0,0,0,0,0,0,0,0,0,0,0
TG1:bin_000010,0,0,0,0,0,0,0,0,0,0,0,0,0,0,0,0,0,0,0,0,0,0,0,0,0,0,0,0,0,0,0,0,0,0,0,0,0,0,0,0,0,0
TG1:bin_000014,0,0,0,0,0,0,0,0,0,0,0,0,0,0,0,0,0,0,0,0,0,0,0,0,0,0,0,0,0,0,0,0,0,0,0,0,0,0,0,0,0,0
TG1:bin_000020,0,0,0,0,0,0,0,0,0,0,0,0,0,0,0,0,0,0,0,0,0,0,0,0,0,0,0,0,0,0,0,0,0,0,0,0,0,0,0,0,0,0
TG1:bin_000032,0,0,0,0,0,0,0,0,0,0,0,0,0,0,0,0,0,0,0,0,0,0,0,0,0,0,0,0,0,0,0,0,0,0,0,0,0,0,0,0,0,0
TG1:bin_000047,0,0,0,0,0,0,0,0,0,0,0,0,0,0,0,0,0,0,0,0,0,0,0,0,0,0,0,0,0,0,0,0,0,0,0,0,0,0,0,0,0,0
TG2_07:bin_000029,0,0,0,0,0,0,0,0,0,0,0,0,0,0,0,0,0,0,0,0,0,0,0,0,0,0,0,0,0,0,0,0,0,0,0,0,0,0,0,0,0,0
TG2_14:bin_000017,0,0,0,0,0,0,0,0,0,0,0,0,0,0,0,0,0,0,0,0,0,0,0,0,0,0,0,0,0,0,0,0,0,0,0,0,0,0,0,0,0,0
TG2_21:bin_000001,0,0,0,0,0,0,0,0,0,0,0,0,0,0,0,0,0,0,0,0,0,0,0,0,0,0,0,0,0,0,0,0,0,0,0,0,0,0,0,0,0,0
TG2_21:bin_000011,0,0,0,0,0,0,0,0,0,0,0,0,0,0,0,0,0,0,0,0,0,0,0,0,0,0,0,0,0,0,0,0,0,0,0,0,0,0,0,0,0,0
TG2_28:bin_000031,0,0,0,0,0,0,0,0,0,0,0,0,0,0,0,0,0,0,0,0,0,0,0,0,0,0,0,0,0,0,0,0,0,0,0,0,0,0,0,0,0,0
TG2:bin_000003,0,0,0,0,0,0,0,0,0,0,0,0,0,0,0,0,0,0,0,0,0,0,0,0,0,0,0,0,0,0,0,0,0,0,0,0,0,0,0,0,0,0
TG2:bin_000055,0,0,0,0,0,0,0,0,0,0,0,0,0,0,0,0,0,0,0,0,0,0,0,0,0,0,0,0,0,0,0,0,0,0,0,0,0,0,0,0,0,0
TG2:bin_000059,0,0,0,0,0,0,0,0,0,0,0,0,0,0,0,0,0,0,0,0,0,0,0,0,0,0,0,0,0,0,0,0,0,0,0,0,0,0,0,0,0,0
TG3_07:bin_000004,0,0,0,0,0,0,0,0,0,0,0,0,0,0,0,0,0,0,0,0,0,0,0,0,0,0,0,0,0,0,0,0,0,0,0,0,0,0,0,0,0,0
TG3_14:bin_000007,0,0,0,0,0,0,0,0,0,0,0,0,0,0,0,0,0,0,0,0,0,0,0,0,0,0,0,0,0,0,0,0,0,0,0,0,0,0,0,0,0,0
TG3_28:bin_000041,0,0,0,0,0,0,0,0,0,0,0,0,0,0,0,0,0,0,0,0,0,0,0,0,0,0,0,0,0,0,0,0,0,0,0,0,0,0,0,0,0,0
TG3_28:bin_000042,0,0,0,0,0,0,0,0,0,0,0,0,0,0,0,0,0,0,0,0,0,0,0,0,0,0,0,0,0,0,0,0,0,0,0,0,0,0,0,0,0,0
TG3_35:bin_000005,0,0,0,0,0,0,0,0,0,0,0,0,0,0,0,0,0,0,0,0,0,0,0,0,0,0,0,0,0,0,0,0,0,0,0,0,0,0,0,0,0,0
TG3_35:bin_000033,0,0,0,0,0,0,0,0,0,0,0,0,0,0,0,0,0,0,0,0,0,0,0,0,0,0,0,0,0,0,0,0,0,0,0,0,0,0,0,0,0,0
TG3:bin_000002,0,0,0,0,0,0,0,0,0,0,0,0,0,0,0,0,0,0,0,0,0,0,0,0,0,0,0,0,0,0,0,0,0,0,0,0,0,0,0,0,0,0
TG3:bin_000068,0,0,0,0,0,0,0,0,0,0,0,0,0,0,0,0,0,0,0,0,0,0,0,0,0,0,0,0,0,0,0,0,0,0,0,0,0,0,0,0,0,0
TG4_14:bin_000001,0,0,0,0,0,0,0,0,0,0,0,0,0,0,0,0,0,0,0,0,0,0,0,0,0,0,0,0,0,0,0,0,0,0,0,0,0,0,0,0,0,0
TG4_21:bin_000029,0,0,0,0,0,0,0,0,0,0,0,0,0,0,0,0,0,0,0,0,0,0,0,0,0,0,0,0,0,0,0,0,0,0,0,0,0,0,0,0,0,0
TG4_21:bin_000043,0,0,0,0,0,0,0,0,0,0,0,0,0,0,0,0,0,0,0,0,0,0,0,0,0,0,0,0,0,0,0,0,0,0,0,0,0,0,0,0,0,0
TG4:bin_000055,0,0,0,0,0,0,0,0,0,0,0,0,0,0,0,0,0,0,0,0,0,0,0,0,0,0,0,0,0,0,0,0,0,0,0,0,0,0,0,0,0,0
TG5_14:bin_000008,0,0,0,0,0,0,0,0,0,0,0,0,0,0,0,0,0,0,0,0,0,0,0,0,0,0,0,0,0,0,0,0,0,0,0,0,0,0,0,0,0,0
TG5_28:bin_000003,14.481,5.787,34.152,44.066,4.368,45.683,31.058,30.664,37.271,31.455,12.972,39.137,33.162,28.01,0,13.291,6.809,4.291,28.08,22.122,23.37,21.504,72.184,4.43,22.577,14.717,26.261,45.411,57.579,44.1,13.043,16.009,25.286,18.218,35.045,44.622,14.808,26.501,34.946,18.543,3.432,37.912
TG5_28:bin_000004,10.542,8.237,9.364,12.003,0,37.057,19.923,9.556,11.908,6.057,8.334,12.057,12.489,25.994,0,10.923,8.302,2.874,15.307,7.875,10.535,11.409,28.696,6.365,10.876,6.421,5.668,15.247,18.638,21.447,10.456,10.445,7.704,11.015,12.252,8.539,8.593,18.668,16.152,6.083,3.201,10.583
TG5_35:bin_000001,5.737,4.338,6.005,7.148,0,11.816,6.454,3.612,4.735,2.154,3.154,4.306,7.517,5.222,0,4.111,2.119,1.465,5.259,2.811,3.505,6.351,10.478,2.054,4.265,3.904,2.323,5.147,7.546,6.788,3.46,4.759,3.329,7.148,4.227,2.862,4.433,8.447,6.739,4.001,1.29,3.447
TG5_35:bin_000022,0,0,0,0,0,0,0,0,0,0,0,0,0,0,0,0,0,0,0,0,0,0,0,0,0,0,0,0,0,0,0,0,0,0,0,0,0,0,0,0,0,0
TG5_35:bin_000024,0,0,0,0,0,0,0,0,0,0,0,0,0,0,0,0,0,0,0,0,0,0,0,0,0,0,0,0,0,0,0,0,0,0,0,0,0,0,0,0,0,0
TG5:bin_000031,2.494,1.517,2.105,3.301,0,5.163,2.774,1.941,1.583,1.158,1.627,2.411,1.696,8.676,0,2.259,1.95,0,1.699,1.17,1.969,3.099,3.922,1.206,1.727,1.387,0.951,2.78,3.223,2.233,2.907,2.379,0.972,2.924,1.933,2.008,1.585,3.944,2.534,1.177,1.343,2.409
TG5:bin_000047,0,0,0,0,0,0,0,0,0,0,0,0,0,0,0,0,0,0,0,0,0,0,0,0,0,0,0,0,0,0,0,0,0,0,0,0,0,0,0,0,0,0
