genome,M302505,M302508,M302516,M302526,M302482,M302503,M302498,M302525,M302506,M302529,M302492,M302513,M302521,M302489,M302520,M302504,M302517,M302514,M302499,M302495,M302491,M302494,M302523,M302483,M302488,M302507,M302510,M302522,M302487,M302485,M302518,M302502,M302519,M302493,M302490,M302524,M302512,M302509,M302501,M302484,M302496,M302527
D300418:bin_000001,0,0,0,0,0,0,0,0,0,0,0,0,0,0,0,0,0,0,0,0,0,0,0,0,0,0,0,0,0,0,0,0,0,0,0,0,0,0,0,0,0,0
D300418:bin_000013,0,0,0,0,0,0,0,0,0,0,0,0,0,0,0,0,0,0,0,0,0,0,0,0,0,0,0,0,0,0,0,0,0,0,0,0,0,0,0,0,0,0
D300428:bin_000008,0,0,0,0,0,0,0,0,0,0,0,0,0,0,0,0,0,0,0,0,0,0,0,0,0,0,0,0,0,0,0,0,0,0,0,0,0,0,0,0,0,0
D300430:bin_000010,0,0,0,0,0,0,0,0,0,0,0,0,0,0,0,0,0,0,0,0,0,0,0,0,0,0,0,0,0,0,0,0,0,0,0,0,0,0,0,0,0,0
D300432:bin_000001,0,0,0,0,0,0,0,0,0,0,0,0,0,0,0,0,0,0,0,0,0,0,0,0,0,0,0,0,0,0,0,0,0,0,0,0,0,0,0,0,0,0
D300435:bin_000001,14.078,6.362,1.678,5.283,6.359,10.056,10.181,12.404,0,15.721,5.228,6.882,5.877,8.916,7.161,1.303,3.292,1.947,8.897,6.349,9.914,8.909,8.928,12.93,7.691,8.025,7.469,3.699,3.206,11.319,4.137,4.29,14.993,5.204,4.551,3.461,6.229,7.767,9.467,23.283,0,6.458
D300442:bin_000001,2.74,1.566,0,0.998,3.205,1.387,2.977,2.9,0,4.367,1.404,3.233,1.377,3.427,1.147,0,2.05,1.028,2.411,1.771,2.167,1.344,1.969,2.974,1.603,1.089,3.001,0.904,0,1.534,1.001,0.834,2.475,1.182,2.278,0,2.005,2.551,1.305,5.283,0,1.797
D300442:bin_000015,0,0,0,0,0,0,0,0,0,0,0,0,0,0,0,0,0,0,0,0,0,0,0,0,0,0,0,0,0,0,0,0,0,0,0,0,0,0,0,0,0,0
D300443:bin_000002,0,0,0,0,0,0,0,0,0,0,0,0,0,0,0,0,0,0,0,0,0,0,0,0,0,0,0,0,0,0,0,0,0,0,0,0,0,0,0,0,0,0
D300443:bin_000003,0,0,0,0,0,0,0,0,0,0,0,0,0,0,0,0,0,0,0,0,0,0,0,0,0,0,0,0,0,0,0,0,0,0,0,0,0,0,0,0,0,0
D300444:bin_000010,41.704,18.933,4.479,17.079,16.942,31.905,24.86,35.694,0,48.886,13.598,16.46,17.109,27.141,21.933,3.819,8.641,6.395,30.184,20.913,27.584,25.584,30.472,40.593,24.013,23.08,24.983,11.104,9.242,38.047,14.067,13.156,41.779,17.145,14.35,9.097,16.995,22.876,30.696,73.517,0,18.461
D300452:bin_000016,86.283,37.557,9.842,32.947,35.144,66.069,53.837,71.377,0,100.372,27.518,32.85,34.136,53.136,42.662,7.56,16.825,12.603,65.011,41.142,51.188,48.065,59.99,77.012,44.751,45.056,48.444,22.967,16.109,82.009,29.038,27.717,89.417,34.436,25.465,18.535,33.53,47.614,60.01,143.821,0,37.614
D300458:bin_000001,0,0,0,0,0,0,0,0,0,0,0,0,0,0,0,0,0,0,0,0,0,0,0,0,0,0,0,0,0,0,0,0,0,0,0,0,0,0,0,0,0,0
D300462:bin_000001,0,0,0,0,0,0,0,0,0,0,0,0,0,0,0,0,0,0,0,0,0,0,0,0,0,0,0,0,0,0,0,0,0,0,0,0,0,0,0,0,0,0
D300472:bin_000003,0,0,0,0,0,0,0,0,0,0,0,0,0,0,0,0,0,0,0,0,0,0,0,0,0,0,0,0,0,0,0,0,0,0,0,0,0,0,0,0,0,0
D300474:bin_000012,0,0,0,0,0,0,0,0,0,0,0,0,0,0,0,0,0,0,0,0,0,0,0,0,0,0,0,0,0,0,0,0,0,0,0,0,0,0,0,0,0,0
D300475:bin_000015,0,0,0,0,0,0,0,0,0,0,0,0,0,0,0,0,0,0,0,0,0,0,0,0,0,0,0,0,0,0,0,0,0,0,0,0,0,0,0,0,0,0
D300479:bin_000001,6.191,3.935,0.753,3.656,4.046,4.949,6.224,7.842,0,9.882,2.885,3.36,5.137,4.748,5.448,1.802,1.481,0,7.633,4.1,5.508,6.473,8.062,9.418,4.153,5.81,5.612,2.873,2.851,7.931,3.713,3.015,10.819,5.937,3.377,2.516,5.342,4.407,7.912,13.54,0,3.622
D300479:bin_000005,15.584,7.964,1.839,6.689,6.584,11.52,11.712,14.421,0,18.059,5.801,6.23,7.906,10.002,8.773,1.707,2.867,2.404,12.815,8.909,12.383,11.441,11.121,14.975,9.526,10.57,9.397,4.942,3.459,13.567,4.168,5.246,17.966,7.024,5.475,4.724,6.127,8.867,11.821,27.7,0,8.303
D300481:bin_000002,47.679,21.812,6.095,18.754,18.359,34.255,28.445,39.166,0,58.874,14.43,16.128,18.048,26.483,25.08,4.084,8.915,6.706,33.778,23.425,31.531,28.067,32.918,42.42,26.218,26.961,26.271,10.916,11.039,43.546,18.35,13.066,50.595,18.678,14.521,10.715,16.914,26.29,34.812,80.652,0,20.368
D300482:bin_000009,0,0,0,0,0,0,0,0,0,0,0,0,0,0,0,0,0,0,0,0,0,0,0,0,0,0,0,0,0,0,0,0,0,0,0,0,0,0,0,0,0,0
D300491:bin_000003,0,0,0,0,0,0,0,0,0,0,0,0,0,0,0,0,0,0,0,0,0,0,0,0,0,0,0,0,0,0,0,0,0,0,0,0,0,0,0,0,0,0
D300492:bin_000003,4.404,0,0,0,0,3.197,0,3.544,0,5.447,0,0,0,0,0,0,0,0,0,2.229,2.944,0,3.087,3.733,2.426,2.386,0,0,0,4.474,0,0,4.804,0,0,0,0,0,3.204,7.008,0,2.303
D300493:bin_000002,0,0,0,0,0,0,0,0,0,0,0,0,0,0,0,0,0,0,0,0,0,0,0,0,0,0,0,0,0,0,0,0,0,0,0,0,0,0,0,0,0,0
D300499:bin_000015,0,0,0,0,0,0,0,0,0,0,0,0,0,0,0,0,0,0,0,0,0,0,0,0,0,0,0,0,0,0,0,0,0,0,0,0,0,0,0,0,0,0
D300500:bin_000011,0,0,0,0,0,0,0,0,0,0,0,0,0,0,0,0,0,0,0,0,0,0,0,0,0,0,0,0,0,0,0,0,0,0,0,0,0,0,0,0,0,0
D300506:bin_000004,61.937,25.032,7.03,22.077,28.156,46.221,39.706,48.063,0,70.791,18.94,20.045,23.686,42.385,31.725,5.813,12.561,8.724,47.18,29.594,38.892,34.758,40.776,56.553,36.081,34.371,33.762,15.729,14.279,55.48,18.855,20.537,69.456,22.342,19.059,13.478,22.417,29.593,46.484,102.46,0,30.948
D300509:bin_000001,0,0,0,0,0,0,0,0,0,0,0,0,0,0,0,0,0,0,0,0,0,0,0,0,0,0,0,0,0,0,0,0,0,0,0,0,0,0,0,0,0,0
D300511:bin_000002,0,0,0,0,0,0,0,0,0,0,0,0,0,0,0,0,0,0,0,0,0,0,0,0,0,0,0,0,0,0,0,0,0,0,0,0,0,0,0,0,0,0
D300511:bin_000016,0,0,0,0,0,0,0,0,0,0,0,0,0,0,0,0,0,0,0,0,0,0,0,0,0,0,0,0,0,0,0,0,0,0,0,0,0,0,0,0,0,0
D300514:bin_000003,0,0,0,0,0,0,0,0,0,0,0,0,0,0,0,0,0,0,0,0,0,0,0,0,0,0,0,0,0,0,0,0,0,0,0,0,0,0,0,0,0,0
D300519:bin_000006,0,0,0,0,0,0,0,0,0,0,0,0,0,0,0,0,0,0,0,0,0,0,0,0,0,0,0,0,0,0,0,0,0,0,0,0,0,0,0,0,0,0
D300521:bin_000005,0,0,0,0,0,0,0,0,0,0,0,0,0,0,0,0,0,0,0,0,0,0,0,0,0,0,0,0,0,0,0,0,0,0,0,0,0,0,0,0,0,0
D300521:bin_000006,0,0,0,0,0,0,0,0,0,0,0,0,0,0,0,0,0,0,0,0,0,0,0,0,0,0,0,0,0,0,0,0,0,0,0,0,0,0,0,0,0,0
D300526:bin_000001,0,0,0,0,0,0,0,0,0,0,0,0,0,0,0,0,0,0,0,0,0,0,0,0,0,0,0,0,0,0,0,0,0,0,0,0,0,0,0,0,0,0
D300526:bin_000014,0,0,0,0,0,0,0,0,0,0,0,0,0,0,0,0,0,0,0,0,0,0,0,0,0,0,0,0,0,0,0,0,0,0,0,0,0,0,0,0,0,0
GEXTRA:bin_000001,0,0,0,0,0,0,0,0,0,0,0,0,0,0,0,0,0,0,0,0,0,0,0,0,0,0,0,0,0,0,0,0,0,0,0,0,0,0,0,0,0,0
GEXTRA:bin_000002,0,0,0,0,0,0,0,0,0,0,0,0,0,0,0,0,0,0,0,0,0,0,0,0,0,0,0,0,0,0,0,0,0,0,0,0,0,0,0,0,0,0
GEXTRA:bin_000004,0,0,0,0,0,0,0,0,0,0,0,0,0,0,0,0,0,0,0,0,0,0,0,0,0,0,0,0,0,0,0,0,0,0,0,0,0,0,0,0,0,0
GEXTRA:bin_000006,0,0,0,0,0,0,0,0,0,0,0,0,0,0,0,0,0,0,0,0,0,0,0,0,0,0,0,0,0,0,0,0,0,0,0,0,0,0,0,0,0,0
GPB:bin_000001,8.583,4.098,0,3.374,4.064,7.821,5.474,7.501,0,10.23,0,3.746,4.32,5.501,4.358,0,0,0,6.841,4.123,5.479,5.086,6.987,7.577,5.366,4.743,4.906,0,0,7.974,0,0,9.106,3.222,2.894,0,3.98,4.133,6.413,15.232,0,4.358
GPB:bin_000002,0,0,0,0,0,0,0,0,0,0,0,0,0,0,0,0,0,0,0,0,0,0,0,0,0,0,0,0,0,0,0,0,0,0,0,0,0,0,0,0,0,0
GPB:bin_000003,0,0,0,0,0,0,0,0,0,0,0,0,0,0,0,0,0,0,0,0,0,0,0,0,0,0,0,0,0,0,0,0,0,0,0,0,0,0,0,0,0,0
GPB:bin_000004,48.066,19.195,4.799,16.216,18.296,36.103,26.366,35.404,0,51.452,15.447,16.344,17.931,30.555,23.374,4.164,8.246,6.211,33.583,25.406,28.824,26.004,30.063,44.55,25.275,23.011,24.481,10.705,10.205,49.576,13.887,13.911,50.492,17.397,13.312,11.505,19.314,20.417,35.803,79.9,0,18.962
GPB:bin_000005,29.085,14.835,3.592,11.638,12.749,22.353,20.832,27.159,0,37.18,10.062,11.878,13.742,18.757,15.338,2.941,6.612,4.598,23.051,13.607,20.558,17.856,24.544,27.467,18.211,16.452,17.878,7.949,5.991,25.595,10.314,11.429,33.136,13.42,9.584,6.908,11.398,19.092,19.024,51.942,0,16.136
GPB:bin_000009,3.402,2.584,0,2.434,3.026,3.659,3.317,3.522,0,3.894,0.807,2.017,2.544,2.556,3.145,0,0.869,0,4.373,1.686,2.509,2.697,2.819,5.138,2.437,2.463,3.133,1.426,1.052,3.881,1.217,1.234,5.852,1.912,1.56,0.964,1.57,2.584,2.998,6.552,0,1.61
GPB:bin_000010,10.989,5.11,1.106,3.863,5.313,10.128,9.185,11.108,0,11.607,3.787,6.993,5.526,8.918,6.739,1.069,3.468,1.884,8.726,6.169,8.352,7.32,8.554,13.286,7.806,10.65,6.33,2.658,2.325,10.129,3.229,3.893,13.842,4.608,4.131,2.34,4.096,17.85,11.596,21.035,0,10.878
GPB:bin_000012,0,0,0,0,0,0,0,0,0,0,0,0,0,0,0,0,0,0,0,0,0,0,0,0,0,0,0,0,0,0,0,0,0,0,0,0,0,0,0,0,0,0
GPB:bin_000014,0,0,0,0,0,0,0,0,0,0,0,0,0,0,0,0,0,0,0,0,0,0,0,0,0,0,0,0,0,0,0,0,0,0,0,0,0,0,0,0,0,0
GPB:bin_000015,15.803,6.416,1.917,5.716,5.735,12.151,9.352,12.829,0,17.65,4.344,5.506,5.845,9.562,6.962,1.288,2.805,2.043,10.444,7.248,8.341,8.121,9.514,13.62,7.676,7.661,8.452,3.501,2.914,15.044,4.577,4.771,17.809,5.687,4.113,3.3,5.624,8.201,12.579,25.238,0,6.246
GPB:bin_000016,0,0,0,0,0,0,0,0,0,0,0,0,0,0,0,0,0,0,0,0,0,0,0,0,0,0,0,0,0,0,0,0,0,0,0,0,0,0,0,0,0,0
GPB:bin_000017,3.165,2.794,0,2.125,1.491,5.416,3.405,5.15,0,7.01,0,2.24,1.981,4.458,2.947,0,2.062,1.272,4.322,2.512,3.752,4.314,4,3.787,3.646,1.786,2.47,1.24,0.994,3.588,1.527,2.272,4.214,1.989,1.899,1.17,1.947,3.467,3.772,7.958,0,3.32
GPB:bin_000019,0,0,0,0,0,0,0,0,0,0,0,0,0,0,0,0,0,0,0,0,0,0,0,0,0,0,0,0,0,0,0,0,0,0,0,0,0,0,0,0,0,0
GPB:bin_000020,0,0,0,0,0,0,0,0,0,0,0,0,0,0,0,0,0,0,0,0,0,0,0,0,0,0,0,0,0,0,0,0,0,0,0,0,0,0,0,0,0,0
GPB:bin_000021,24.813,9.216,2.967,8.376,5.877,31.434,25.575,22.551,0,45.454,8.956,11.182,12.887,7.977,12.699,1.211,0,1.127,18.385,4.859,8.611,7.835,16.14,27.553,16.717,9.614,15.213,21.549,2.936,22.372,10.038,7.754,25.531,12.662,12.238,9.3,7.727,11.117,9.997,48.705,0,14.667
GPB:bin_000022,15.793,6.252,1.927,5.818,5.982,12.486,9.655,13.162,0,18.798,4.523,4.945,6.34,9.459,7.555,1.451,2.555,2.711,11.26,7.887,8.725,8.83,10.902,13.918,8.466,9.381,8.278,4.144,3.182,16.904,5.279,5.778,17.914,6.763,5.173,3.767,5.51,7.409,12.488,27.248,0,7.013
GPB:bin_000023,0,0,0,0,0,0,0,0,0,0,0,0,0,0,0,0,0,0,0,0,0,0,0,0,0,0,0,0,0,0,0,0,0,0,0,0,0,0,0,0,0,0
GPB:bin_000024,0,0,0,0,0,0,0,0,0,0,0,0,0,0,0,0,0,0,0,0,0,0,0,0,0,0,0,0,0,0,0,0,0,0,0,0,0,0,0,0,0,0
GPB:bin_000025,0,0,0,0,0,0,0,0,0,0,0,0,0,0,0,0,0,0,0,0,0,0,0,0,0,0,0,0,0,0,0,0,0,0,0,0,0,0,0,0,0,0
GPB:bin_000026,0,0,0,0,0,0,0,0,0,0,0,0,0,0,0,0,0,0,0,0,0,0,0,0,0,0,0,0,0,0,0,0,0,0,0,0,0,0,0,0,0,0
GPB:bin_000027,0,0,0,0,0,0,0,0,0,0,0,0,0,0,0,0,0,0,0,0,0,0,0,0,0,0,0,0,0,0,0,0,0,0,0,0,0,0,0,0,0,0
GPB:bin_000028,0,0,0,0,0,0,0,0,0,0,0,0,0,0,0,0,0,0,0,0,0,0,0,0,0,0,0,0,0,0,0,0,0,0,0,0,0,0,0,0,0,0
GPB:bin_000029,0,0,0,0,0,0,0,0,0,0,0,0,0,0,0,0,0,0,0,0,0,0,0,0,0,0,0,0,0,0,0,0,0,0,0,0,0,0,0,0,0,0
GPB:bin_000031,0,0,0,0,0,0,0,0,0,0,0,0,0,0,0,0,0,0,0,0,0,0,0,0,0,0,0,0,0,0,0,0,0,0,0,0,0,0,0,0,0,0
GPB:bin_000032,0,0,0,0,0,0,0,0,0,0,0,0,0,0,0,0,0,0,0,0,0,0,0,0,0,0,0,0,0,0,0,0,0,0,0,0,0,0,0,0,0,0
GPB:bin_000033,7.256,3.214,2.327,3.428,6.879,5.715,5.493,4.722,0,9.48,2.277,4.231,3.094,8.461,3.144,0.638,3.056,2.285,5.471,4.512,4.023,4.084,3.985,6.537,3.139,4.29,5.056,1.452,1.767,5.316,2.93,1.709,8.029,2.821,2.183,1.525,3.058,3.434,4.904,10.785,0,2.755
GPB:bin_000034,39.643,16.173,4.586,14.834,14.824,30.469,22.408,31.546,0,43.878,11.168,14.516,15.404,24.538,18.206,3.19,7.318,5.066,26.753,18.701,21.539,21.279,24.196,34.596,19.36,19.895,21.556,8.742,7.513,38.249,11.887,12.113,45.814,14.252,10.465,8.156,14.694,20.34,31.492,64.336,0,15.405
GPB:bin_000035,0,0,0,0,0,0,0,0,0,0,0,0,0,0,0,0,0,0,0,0,0,0,0,0,0,0,0,0,0,0,0,0,0,0,0,0,0,0,0,0,0,0
GPB:bin_000038,0,0,0,0,0,0,0,0,0,0,0,0,0,0,0,0,0,0,0,0,0,0,0,0,0,0,0,0,0,0,0,0,0,0,0,0,0,0,0,0,0,0
GPB:bin_000039,0,0,0,0,0,0,0,0,0,0,0,0,0,0,0,0,0,0,0,0,0,0,0,0,0,0,0,0,0,0,0,0,0,0,0,0,0,0,0,0,0,0
GPB:bin_000040,0,0,0,0,0,0,0,0,0,0,0,0,0,0,0,0,0,0,0,0,0,0,0,0,0,0,0,0,0,0,0,0,0,0,0,0,0,0,0,0,0,0
GPB:bin_000041,0,0,0,0,0,0,0,0,0,0,0,0,0,0,0,0,0,0,0,0,0,0,0,0,0,0,0,0,0,0,0,0,0,0,0,0,0,0,0,0,0,0
GPB:bin_000042,0,0,0,0,0,0,0,0,0,0,0,0,0,0,0,0,0,0,0,0,0,0,0,0,0,0,0,0,0,0,0,0,0,0,0,0,0,0,0,0,0,0
GPB:bin_000043,0,0,0,0,0,0,0,0,0,0,0,0,0,0,0,0,0,0,0,0,0,0,0,0,0,0,0,0,0,0,0,0,0,0,0,0,0,0,0,0,0,0
GPB:bin_000045,0,0,0,0,0,0,0,0,0,0,0,0,0,0,0,0,0,0,0,0,0,0,0,0,0,0,0,0,0,0,0,0,0,0,0,0,0,0,0,0,0,0
GPB:bin_000049,0,0,0,0,0,0,0,0,0,0,0,0,0,0,0,0,0,0,0,0,0,0,0,0,0,0,0,0,0,0,0,0,0,0,0,0,0,0,0,0,0,0
GPB:bin_000051,0,0,0,0,0,0,0,0,0,0,0,0,0,0,0,0,0,0,0,0,0,0,0,0,0,0,0,0,0,0,0,0,0,0,0,0,0,0,0,0,0,0
GPB:bin_000053,151.507,75.719,18.329,58.903,54.32,128.492,98.007,128.359,0,170.831,47.59,59.599,67.302,77.21,80.85,15.196,23.867,19.031,128.382,73.277,95.903,89.788,126.549,138.401,80.296,94.027,80.202,40.784,34.786,157.145,47.829,49.035,175.112,61.901,48.958,32.316,66.291,82.592,115.323,270.229,0,69.791
GPB:bin_000054,0,0,0,0,0,0,0,0,0,0,0,0,0,0,0,0,0,0,0,0,0,0,0,0,0,0,0,0,0,0,0,0,0,0,0,0,0,0,0,0,0,0
GPB:bin_000055,0,0,0,0,0,0,0,0,0,0,0,0,0,0,0,0,0,0,0,0,0,0,0,0,0,0,0,0,0,0,0,0,0,0,0,0,0,0,0,0,0,0
GPB:bin_000056,0,0,0,0,0,0,0,0,0,0,0,0,0,0,0,0,0,0,0,0,0,0,0,0,0,0,0,0,0,0,0,0,0,0,0,0,0,0,0,0,0,0
GPB:bin_000057,0,0,0,0,0,0,0,0,0,0,0,0,0,0,0,0,0,0,0,0,0,0,0,0,0,0,0,0,0,0,0,0,0,0,0,0,0,0,0,0,0,0
GPB:bin_000058,0,0,0,0,0,0,0,0,0,0,0,0,0,0,0,0,0,0,0,0,0,0,0,0,0,0,0,0,0,0,0,0,0,0,0,0,0,0,0,0,0,0
GPB:bin_000059,6.979,3.332,1.22,2.726,2.896,5.224,4.645,5.718,0,9.519,2.185,2.646,2.695,4.973,3.874,0,1.454,1.208,4.72,3.879,4.172,3.924,5.623,7.117,3.79,3.918,4.115,1.817,1.682,7.599,2.342,2.831,7.878,3.045,2.234,1.584,2.534,4.413,5.357,12.456,0,2.775
GPB:bin_000060,0,0,0,0,0,0,0,0,0,0,0,0,0,0,0,0,0,0,0,0,0,0,0,0,0,0,0,0,0,0,0,0,0,0,0,0,0,0,0,0,0,0
GPB:bin_000061,0,0,0,0,0,0,0,0,0,0,0,0,0,0,0,0,0,0,0,0,0,0,0,0,0,0,0,0,0,0,0,0,0,0,0,0,0,0,0,0,0,0
GPB:bin_000065,0,0,0,0,0,0,0,0,0,0,0,0,0,0,0,0,0,0,0,0,0,0,0,0,0,0,0,0,0,0,0,0,0,0,0,0,0,0,0,0,0,0
GPB:bin_000067,0,0,0,0,0,0,0,0,0,0,0,0,0,0,0,0,0,0,0,0,0,0,0,0,0,0,0,0,0,0,0,0,0,0,0,0,0,0,0,0,0,0
GPB:bin_000069,0,0,0,0,0,0,0,0,0,0,0,0,0,0,0,0,0,0,0,0,0,0,0,0,0,0,0,0,0,0,0,0,0,0,0,0,0,0,0,0,0,0
GPB:bin_000070,0,0,0,0,0,0,0,0,0,0,0,0,0,0,0,0,0,0,0,0,0,0,0,0,0,0,0,0,0,0,0,0,0,0,0,0,0,0,0,0,0,0
GPB:bin_000071,0,0,0,0,0,0,0,0,0,0,0,0,0,0,0,0,0,0,0,0,0,0,0,0,0,0,0,0,0,0,0,0,0,0,0,0,0,0,0,0,0,0
GPB:bin_000073,0,0,0,0,0,0,0,0,0,0,0,0,0,0,0,0,0,0,0,0,0,0,0,0,0,0,0,0,0,0,0,0,0,0,0,0,0,0,0,0,0,0
GPB:bin_000074,0,0,0,0,0,0,0,0,0,0,0,0,0,0,0,0,0,0,0,0,0,0,0,0,0,0,0,0,0,0,0,0,0,0,0,0,0,0,0,0,0,0
GPB:bin_000075,0,0,0,0,0,0,0,0,0,0,0,0,0,0,0,0,0,0,0,0,0,0,0,0,0,0,0,0,0,0,0,0,0,0,0,0,0,0,0,0,0,0
GPB:bin_000076,0,0,0,0,0,0,0,0,0,0,0,0,0,0,0,0,0,0,0,0,0,0,0,0,0,0,0,0,0,0,0,0,0,0,0,0,0,0,0,0,0,0
GPB:bin_000078,0,0,0,0,0,0,0,0,0,0,0,0,0,0,0,0,0,0,0,0,0,0,0,0,0,0,0,0,0,0,0,0,0,0,0,0,0,0,0,0,0,0
GPB:bin_000080,0,0,0,0,0,0,0,0,0,0,0,0,0,0,0,0,0,0,0,0,0,0,0,0,0,0,0,0,0,0,0,0,0,0,0,0,0,0,0,0,0,0
GPB:bin_000082,0,0,0,0,0,0,0,0,0,0,0,0,0,0,0,0,0,0,0,0,0,0,0,0,0,0,0,0,0,0,0,0,0,0,0,0,0,0,0,0,0,0
GPB:bin_000083,0,0,0,0,0,0,0,0,0,0,0,0,0,0,0,0,0,0,0,0,0,0,0,0,0,0,0,0,0,0,0,0,0,0,0,0,0,0,0,0,0,0
GPB:bin_000084,0,0,0,0,0,0,0,0,0,0,0,0,0,0,0,0,0,0,0,0,0,0,0,0,0,0,0,0,0,0,0,0,0,0,0,0,0,0,0,0,0,0
GPB:bin_000085,0,0,0,0,0,0,0,0,0,0,0,0,0,0,0,0,0,0,0,0,0,0,0,0,0,0,0,0,0,0,0,0,0,0,0,0,0,0,0,0,0,0
GPB:bin_000086,0,0,0,0,0,0,0,0,0,0,0,0,0,0,0,0,0,0,0,0,0,0,0,0,0,0,0,0,0,0,0,0,0,0,0,0,0,0,0,0,0,0
GPB:bin_000087,9.008,3.562,0.754,2.859,3.319,6.024,5.001,4.913,0,9.63,1.884,3.08,2.983,5.221,4.473,0.809,1.193,0.983,5.835,4.513,5.306,4.882,5.126,7.506,4.958,5.244,3.912,1.971,1.94,8.8,2.1,2.252,9.043,2.989,2.798,1.821,3.087,3.479,8.717,14.734,0,3.38
GPB:bin_000088,0,0,0,0,0,0,0,0,0,0,0,0,0,0,0,0,0,0,0,0,0,0,0,0,0,0,0,0,0,0,0,0,0,0,0,0,0,0,0,0,0,0
GPB:bin_000089,0,0,0,0,0,0,0,0,0,0,0,0,0,0,0,0,0,0,0,0,0,0,0,0,0,0,0,0,0,0,0,0,0,0,0,0,0,0,0,0,0,0
GPB:bin_000092,43.26,17.323,4.567,15.281,20.853,31.967,28.582,37.667,0,49.52,14.286,16.128,16.673,28.049,21.315,3.542,9.286,5.658,30.807,17.845,27.921,25.45,28.692,38.125,22.591,22.647,24.272,10.892,9.194,36.427,12.676,13.618,43.622,15.739,11.771,8.974,16.735,24.642,28.512,68.614,0,18.724
GPB:bin_000093,0,0,0,0,0,0,0,0,0,0,0,0,0,0,0,0,0,0,0,0,0,0,0,0,0,0,0,0,0,0,0,0,0,0,0,0,0,0,0,0,0,0
GPB:bin_000094,0,0,0,0,0,0,0,0,0,0,0,0,0,0,0,0,0,0,0,0,0,0,0,0,0,0,0,0,0,0,0,0,0,0,0,0,0,0,0,0,0,0
GPB:bin_000095,0,0,0,0,0,0,0,0,0,0,0,0,0,0,0,0,0,0,0,0,0,0,0,0,0,0,0,0,0,0,0,0,0,0,0,0,0,0,0,0,0,0
GPB:bin_000097,0,0,0,0,0,0,0,0,0,0,0,0,0,0,0,0,0,0,0,0,0,0,0,0,0,0,0,0,0,0,0,0,0,0,0,0,0,0,0,0,0,0
GPB:bin_000099,0,0,0,0,0,0,0,0,0,0,0,0,0,0,0,0,0,0,0,0,0,0,0,0,0,0,0,0,0,0,0,0,0,0,0,0,0,0,0,0,0,0
GPB:bin_000100,0,0,0,0,0,0,0,0,0,0,0,0,0,0,0,0,0,0,0,0,0,0,0,0,0,0,0,0,0,0,0,0,0,0,0,0,0,0,0,0,0,0
GPB:bin_000104,73.317,38.793,8.668,28.837,27.479,63.932,43.774,62.862,0,82.311,23.775,28.194,33.497,39.97,36.936,7.028,12.499,10.532,57.825,34.336,42.847,42.757,58.237,65.072,38.742,50.283,39.131,18.088,18.122,74.669,25.586,23.322,83.816,25.898,22.59,15.289,34.005,40.957,57.444,129.475,0,34.207
GPB:bin_000111,5.946,0,0,0,0,0,0,0,0,6.885,0,0,0,0,0,0,0,0,4.408,0,0,0,0,0,0,0,0,0,0,5.419,0,0,6.184,0,0,0,0,0,0,9.522,0,0
GPB:bin_000112,0,0,0,0,0,0,0,0,0,0,0,0,0,0,0,0,0,0,0,0,0,0,0,0,0,0,0,0,0,0,0,0,0,0,0,0,0,0,0,0,0,0
GPB:bin_000113,0,0,0,0,0,0,0,0,0,0,0,0,0,0,0,0,0,0,0,0,0,0,0,0,0,0,0,0,0,0,0,0,0,0,0,0,0,0,0,0,0,0
GPB:bin_000114,0,0,0,0,0,0,0,0,0,0,0,0,0,0,0,0,0,0,0,0,0,0,0,0,0,0,0,0,0,0,0,0,0,0,0,0,0,0,0,0,0,0
GPB:bin_000115,7.194,3.982,1.061,2.947,3.217,5.887,3.682,5.792,0,7.259,2.154,2.671,3.078,2.801,3.557,0.74,1.263,0,6.104,3.356,4.773,4.294,5.849,6.071,3.848,3.767,3.47,1.798,2.011,7.228,2.195,2.508,6.74,2.453,2.429,1.48,3.763,3.881,6.366,11.774,0,3.889
GPB:bin_000116,0,0,0,0,0,0,0,0,0,0,0,0,0,0,0,0,0,0,0,0,0,0,0,0,0,0,0,0,0,0,0,0,0,0,0,0,0,0,0,0,0,0
GPB:bin_000119,0,0,0,0,0,0,0,0,0,0,0,0,0,0,0,0,0,0,0,0,0,0,0,0,0,0,0,0,0,0,0,0,0,0,0,0,0,0,0,0,0,0
GPB:bin_000122,0,0,0,0,0,0,0,0,0,0,0,0,0,0,0,0,0,0,0,0,0,0,0,0,0,0,0,0,0,0,0,0,0,0,0,0,0,0,0,0,0,0
GPB:bin_000123,0,0,0,0,0,0,0,0,0,0,0,0,0,0,0,0,0,0,0,0,0,0,0,0,0,0,0,0,0,0,0,0,0,0,0,0,0,0,0,0,0,0
GPB:bin_000124,21.86,9.313,2.163,8.454,10.19,18.407,13.903,16.981,0,26.334,6.181,8.098,8.787,12.496,11.232,1.779,4.769,3.057,17.701,9.291,13.422,12.51,15.532,18.451,13.454,12.864,12.479,5.667,4.606,17.306,7.257,8.574,21.876,7.647,7.852,4.324,11.333,9.929,16.823,36.428,0,10.072
GPB:bin_000125,0,0,0,0,0,0,0,0,0,0,0,0,0,0,0,0,0,0,0,0,0,0,0,0,0,0,0,0,0,0,0,0,0,0,0,0,0,0,0,0,0,0
GPB:bin_000126,24.988,9.839,4.159,9.654,10.328,19.596,13.315,20.644,0,30.314,7.286,10.615,9.568,17.868,11.495,2.289,3.005,2.859,16.459,11.884,13.311,13.999,12.727,19.964,13.232,12.35,13.136,5.451,3.772,24.164,6.81,7.514,27.301,9.118,7.064,4.576,9.24,12.926,18.698,39.015,0,10.31
GPB:bin_000127,0,0,0,0,0,0,0,0,0,0,0,0,0,0,0,0,0,0,0,0,0,0,0,0,0,0,0,0,0,0,0,0,0,0,0,0,0,0,0,0,0,0
GPB:bin_000129,0,0,0,0,0,0,0,0,0,0,0,0,0,0,0,0,0,0,0,0,0,0,0,0,0,0,0,0,0,0,0,0,0,0,0,0,0,0,0,0,0,0
GPB:bin_000130,29.036,12.044,3.786,11.243,12.803,24.994,18.611,27.007,0,34.085,8.568,11.823,11.993,19.167,16.112,2.564,4.874,3.668,23.201,16.05,18.377,16.555,20.621,28.304,16.308,17.216,18.215,7.825,6.561,31.548,9.165,9.51,35.748,9.944,8.763,6.418,12.463,17.032,21.663,53.388,0,13.47
GPB:bin_000131,47.851,22.048,5.522,18.744,20.456,36.768,33.82,44.39,0,56.004,15.602,20.624,19.375,36.385,24.644,4.593,8.082,7.251,39.109,25.219,31.195,30.464,38.974,47.515,26.38,27.578,30.285,14.45,9.506,48.529,16.645,17.883,53.691,18.566,15.968,11.26,21.218,28.053,33.359,90.988,0,23.859
GPB:bin_000132,0,0,0,0,0,0,0,0,0,0,0,0,0,0,0,0,0,0,0,0,0,0,0,0,0,0,0,0,0,0,0,0,0,0,0,0,0,0,0,0,0,0
GPB:bin_000133,0,0,0,0,0,0,0,0,0,0,0,0,0,0,0,0,0,0,0,0,0,0,0,0,0,0,0,0,0,0,0,0,0,0,0,0,0,0,0,0,0,0
GPB:bin_000135,6.123,2.888,0,2.275,0,4.375,3.414,5.183,0,6.94,1.904,2.184,2.235,3.666,2.812,0,0,0,4.865,0,3.679,3.425,4.161,5.008,3.446,0,3.164,0,0,0,0,2.091,5.447,2.186,0,0,3.357,3.424,3.776,9.415,0,2.874
GPB:bin_000136,0,0,0,0,0,0,0,0,0,0,0,0,0,0,0,0,0,0,0,0,0,0,0,0,0,0,0,0,0,0,0,0,0,0,0,0,0,0,0,0,0,0
GPB:bin_000137,0,0,0,0,0,0,0,0,0,0,0,0,0,0,0,0,0,0,0,0,0,0,0,0,0,0,0,0,0,0,0,0,0,0,0,0,0,0,0,0,0,0
GPB:bin_000139,0,0,0,0,0,0,0,0,0,0,0,0,0,0,0,0,0,0,0,0,0,0,0,0,0,0,0,0,0,0,0,0,0,0,0,0,0,0,0,0,0,0
GPB:bin_000140,32.129,13.949,4.12,11.27,12.299,27.41,17.103,25.23,0,36.757,9.76,13.219,12.425,22.661,16.387,2.529,6.233,4.165,22.701,16.774,16.977,17.334,20.669,29.426,15.67,17.853,17.085,7.242,6.671,31.433,10.444,9.895,36.383,12.431,9.256,7.568,12.954,17.73,23.45,59.784,0,13.526
GPB:bin_000141,0,0,0,0,0,0,0,0,0,0,0,0,0,0,0,0,0,0,0,0,0,0,0,0,0,0,0,0,0,0,0,0,0,0,0,0,0,0,0,0,0,0
GPB:bin_000142,0,0,0,0,0,0,0,0,0,0,0,0,0,0,0,0,0,0,0,0,0,0,0,0,0,0,0,0,0,0,0,0,0,0,0,0,0,0,0,0,0,0
GPB:bin_000143,224.168,107.205,26.333,90.326,103.425,163.885,163.3,208.536,0,277.03,77.093,94.548,105.824,141.954,120.524,21.95,51.916,34.48,177.323,104.161,161.631,132.96,182.519,208.109,141,116.576,137.29,62.197,49.429,187.128,78.369,90.63,244.297,99.599,79.476,54.243,92.514,144.756,145.812,382.971,0,123.783
GPB:bin_000145,0,0,0,0,0,0,0,0,0,0,0,0,0,0,0,0,0,0,0,0,0,0,0,0,0,0,0,0,0,0,0,0,0,0,0,0,0,0,0,0,0,0
GPB:bin_000146,18.831,9.187,2.807,7.145,8.795,13.593,13.183,17.313,0,21.739,5.383,7.377,6.959,10.752,8.702,1.755,4.046,3.282,15.486,9.608,13.735,10.852,14.311,17.398,11.358,9.52,12.824,3.924,2.7,15.882,6.772,7.846,22.931,7.603,5.651,4.567,6.749,9.999,14.662,34.183,0,8.498
GPB:bin_000147,0,0,0,0,0,0,0,0,0,0,0,0,0,0,0,0,0,0,0,0,0,0,0,0,0,0,0,0,0,0,0,0,0,0,0,0,0,0,0,0,0,0
GPB:bin_000148,0,0,0,0,0,0,0,0,0,0,0,0,0,0,0,0,0,0,0,0,0,0,0,0,0,0,0,0,0,0,0,0,0,0,0,0,0,0,0,0,0,0
GPB:bin_000149,0,0,0,0,0,0,0,0,0,0,0,0,0,0,0,0,0,0,0,0,0,0,0,0,0,0,0,0,0,0,0,0,0,0,0,0,0,0,0,0,0,0
GPB:bin_000151,0,0,0,0,0,0,0,0,0,0,0,0,0,0,0,0,0,0,0,0,0,0,0,0,0,0,0,0,0,0,0,0,0,0,0,0,0,0,0,0,0,0
GPB:bin_000152,0,0,0,0,0,0,0,0,0,0,0,0,0,0,0,0,0,0,0,0,0,0,0,0,0,0,0,0,0,0,0,0,0,0,0,0,0,0,0,0,0,0
GPB:bin_000153,0,0,0,0,0,0,0,0,0,0,0,0,0,0,0,0,0,0,0,0,0,0,0,0,0,0,0,0,0,0,0,0,0,0,0,0,0,0,0,0,0,0
GPB:bin_000154,0,0,0,0,0,0,0,0,0,0,0,0,0,0,0,0,0,0,0,0,0,0,0,0,0,0,0,0,0,0,0,0,0,0,0,0,0,0,0,0,0,0
GPB:bin_000155,0,0,0,0,0,0,0,0,0,0,0,0,0,0,0,0,0,0,0,0,0,0,0,0,0,0,0,0,0,0,0,0,0,0,0,0,0,0,0,0,0,0
GPB:bin_000156,0,0,0,0,0,0,0,0,0,0,0,0,0,0,0,0,0,0,0,0,0,0,0,0,0,0,0,0,0,0,0,0,0,0,0,0,0,0,0,0,0,0
GPB:bin_000159,0,0,0,0,0,0,0,0,0,0,0,0,0,0,0,0,0,0,0,0,0,0,0,0,0,0,0,0,0,0,0,0,0,0,0,0,0,0,0,0,0,0
GPB:bin_000161,0,0,0,0,0,0,0,0,0,0,0,0,0,0,0,0,0,0,0,0,0,0,0,0,0,0,0,0,0,0,0,0,0,0,0,0,0,0,0,0,0,0
GPB:bin_000163,0,0,0,0,0,0,0,0,0,0,0,0,0,0,0,0,0,0,0,0,0,0,0,0,0,0,0,0,0,0,0,0,0,0,0,0,0,0,0,0,0,0
GPB:bin_000166,46.992,22.428,5.895,16.776,16.811,40.129,28.072,39.32,0,58.359,14.423,17.425,20.467,24.211,24.153,4.175,7.484,6.321,38.276,20.931,29.997,26.084,34.427,42.846,24.018,30.671,24.202,11.132,11.059,50.585,14.756,14.353,59.682,17.997,13.807,10.068,19.354,25.802,40.344,82.886,0,23.124
GPB:bin_000168,0,0,0,0,0,0,0,0,0,0,0,0,0,0,0,0,0,0,0,0,0,0,0,0,0,0,0,0,0,0,0,0,0,0,0,0,0,0,0,0,0,0
GPB:bin_000170,0,0,0,0,0,0,0,0,0,0,0,0,0,0,0,0,0,0,0,0,0,0,0,0,0,0,0,0,0,0,0,0,0,0,0,0,0,0,0,0,0,0
GPB:bin_000171,45.6,17.933,4.693,16.329,16.474,37.066,27.952,31.976,0,49.892,16.121,16.367,18.009,18.994,22.818,3.859,6.969,5.642,36.341,21.477,33.357,26.512,33.813,37.336,24.037,21.751,27.05,11.871,9.482,36.902,12.388,13,42.35,16.215,14.239,10.283,18.135,21.963,31.353,74.514,0,18.06
GPB:bin_000172,0,0,0,0,0,0,0,0,0,0,0,0,0,0,0,0,0,0,0,0,0,0,0,0,0,0,0,0,0,0,0,0,0,0,0,0,0,0,0,0,0,0
GPB:bin_000173,0,0,0,0,0,0,0,0,0,0,0,0,0,0,0,0,0,0,0,0,0,0,0,0,0,0,0,0,0,0,0,0,0,0,0,0,0,0,0,0,0,0
GPB:bin_000175,0,0,0,0,0,0,0,0,0,0,0,0,0,0,0,0,0,0,0,0,0,0,0,0,0,0,0,0,0,0,0,0,0,0,0,0,0,0,0,0,0,0
GPB:bin_000176,0,0,0,0,0,0,0,0,0,0,0,0,0,0,0,0,0,0,0,0,0,0,0,0,0,0,0,0,0,0,0,0,0,0,0,0,0,0,0,0,0,0
GPB:bin_000177,0,0,0,0,0,0,0,0,0,0,0,0,0,0,0,0,0,0,0,0,0,0,0,0,0,0,0,0,0,0,0,0,0,0,0,0,0,0,0,0,0,0
GPB:bin_000178,0,0,0,0,0,0,0,0,0,0,0,0,0,0,0,0,0,0,0,0,0,0,0,0,0,0,0,0,0,0,0,0,0,0,0,0,0,0,0,0,0,0
GPB:bin_000181,0,0,0,0,0,0,0,0,0,0,0,0,0,0,0,0,0,0,0,0,0,0,0,0,0,0,0,0,0,0,0,0,0,0,0,0,0,0,0,0,0,0
GPB:bin_000183,0,0,0,0,0,0,0,0,0,0,0,0,0,0,0,0,0,0,0,0,0,0,0,0,0,0,0,0,0,0,0,0,0,0,0,0,0,0,0,0,0,0
GPB:bin_000184,0,0,0,0,0,3.315,0,0,0,0,0,0,0,0,0,0,0,0,0,0,0,0,0,0,0,0,0,0,0,0,0,0,0,0,0,0,0,0,3.137,6.891,0,0
GPB:bin_000185,0,0,0,0,0,0,0,0,0,0,0,0,0,0,0,0,0,0,0,0,0,0,0,0,0,0,0,0,0,0,0,0,0,0,0,0,0,0,0,0,0,0
GPB:bin_000186,0,0,0,0,0,0,0,0,0,0,0,0,0,0,0,0,0,0,0,0,0,0,0,0,0,0,0,0,0,0,0,0,0,0,0,0,0,0,0,0,0,0
GPB:bin_000189,0,0,0,0,0,0,0,0,0,0,0,0,0,0,0,0,0,0,0,0,0,0,0,0,0,0,0,0,0,0,0,0,0,0,0,0,0,0,0,0,0,0
GPB:bin_000190,0,0,0,0,0,0,0,0,0,0,0,0,0,0,0,0,0,0,0,0,0,0,0,0,0,0,0,0,0,0,0,0,0,0,0,0,0,0,0,0,0,0
GPB:bin_000192,0,0,0,0,0,0,0,0,0,0,0,0,0,0,0,0,0,0,0,0,0,0,0,0,0,0,0,0,0,0,0,0,0,0,0,0,0,0,0,0,0,0
GPB:bin_000193,0,0,0,0,0,0,0,0,0,0,0,0,0,0,0,0,0,0,0,0,0,0,0,0,0,0,0,0,0,0,0,0,0,0,0,0,0,0,0,0,0,0
GPB:bin_000194,0,0,0,0,0,0,0,0,0,0,0,0,0,0,0,0,0,0,0,0,0,0,0,0,0,0,0,0,0,0,0,0,0,0,0,0,0,0,0,0,0,0
GPB:bin_000195,0,0,0,0,0,0,0,0,0,0,0,0,0,0,0,0,0,0,0,0,0,0,0,0,0,0,0,0,0,0,0,0,0,0,0,0,0,0,0,0,0,0
GPB:bin_000197,0,0,0,0,0,0,0,0,0,0,0,0,0,0,0,0,0,0,0,0,0,0,0,0,0,0,0,0,0,0,0,0,0,0,0,0,0,0,0,0,0,0
GPB:bin_000198,0,0,0,0,0,0,0,0,0,0,0,0,0,0,0,0,0,0,0,0,0,0,0,0,0,0,0,0,0,0,0,0,0,0,0,0,0,0,0,0,0,0
GPB:bin_000199,0,0,0,0,0,0,0,0,0,0,0,0,0,0,0,0,0,0,0,0,0,0,0,0,0,0,0,0,0,0,0,0,0,0,0,0,0,0,0,0,0,0
GPB:bin_000200,0,0,0,0,0,0,0,0,0,0,0,0,0,0,0,0,0,0,0,0,0,0,0,0,0,0,0,0,0,0,0,0,0,0,0,0,0,0,0,0,0,0
GPB:bin_000202,0,0,0,0,0,0,0,0,0,0,0,0,0,0,0,0,0,0,0,0,0,0,0,0,0,0,0,0,0,0,0,0,0,0,0,0,0,0,0,0,0,0
GPB:bin_000204,0,0,0,0,0,0,0,0,0,0,0,0,0,0,0,0,0,0,0,0,0,0,0,0,0,0,0,0,0,0,0,0,0,0,0,0,0,0,0,0,0,0
GPB:bin_000206,0,0,0,0,0,0,0,0,0,0,0,0,0,0,0,0,0,0,0,0,0,0,0,0,0,0,0,0,0,0,0,0,0,0,0,0,0,0,0,0,0,0
GPB:bin_000208,173.826,75.3,19.798,66.241,69.703,131.792,107.357,141.552,0,200.189,54.693,65.408,68.316,106.487,84.899,15.113,33.13,25.386,129.772,82.382,102.972,95.906,119.368,153.842,89.104,90.356,96.748,46.021,32.628,165.457,58.211,55.12,180.032,68.863,51.008,36.994,66.653,95.462,120.534,288.209,0,75.074
GPB:bin_000209,0,0,0,0,0,0,0,0,0,4.286,0,0,0,0,0,0,0,0,0,0,0,0,0,0,0,0,0,0,0,0,0,0,0,0,0,0,0,0,0,0,0,0
GPB:bin_000210,0,0,0,0,0,0,0,0,0,0,0,0,0,0,0,0,0,0,0,0,0,0,0,0,0,0,0,0,0,0,0,0,0,0,0,0,0,0,0,0,0,0
GPB:bin_000211,0,0,0,0,0,0,0,0,0,0,0,0,0,0,0,0,0,0,0,0,0,0,0,0,0,0,0,0,0,0,0,0,0,0,0,0,0,0,0,0,0,0
GPB:bin_000212,0,0,0,0,0,0,0,0,0,0,0,0,0,0,0,0,0,0,0,0,0,0,0,0,0,0,0,0,0,0,0,0,0,0,0,0,0,0,0,0,0,0
GPB:bin_000213,0,0,0,0,0,0,0,0,0,0,0,0,0,0,0,0,0,0,0,0,0,0,0,0,0,0,0,0,0,0,0,0,0,0,0,0,0,0,0,0,0,0
GPB:bin_000215,0,0,0,0,0,0,0,0,0,0,0,0,0,0,0,0,0,0,0,0,0,0,0,0,0,0,0,0,0,0,0,0,0,0,0,0,0,0,0,0,0,0
GPB:bin_000217,0,0,0,0,0,0,0,0,0,0,0,0,0,0,0,0,0,0,0,0,0,0,0,0,0,0,0,0,0,0,0,0,0,0,0,0,0,0,0,0,0,0
TG1_21:bin_000035,0,0,0,0,0,0,0,0,0,0,0,0,0,0,0,0,0,0,0,0,0,0,0,0,0,0,0,0,0,0,0,0,0,0,0,0,0,0,0,0,0,0
TG1:bin_000010,0,0,0,0,0,0,0,0,0,0,0,0,0,0,0,0,0,0,0,0,0,0,0,0,0,0,0,0,0,0,0,0,0,0,0,0,0,0,0,0,0,0
TG1:bin_000014,0,0,0,0,0,0,0,0,0,0,0,0,0,0,0,0,0,0,0,0,0,0,0,0,0,0,0,0,0,0,0,0,0,0,0,0,0,0,0,0,0,0
TG1:bin_000020,0,0,0,0,0,0,0,0,0,0,0,0,0,0,0,0,0,0,0,0,0,0,0,0,0,0,0,0,0,0,0,0,0,0,0,0,0,0,0,0,0,0
TG1:bin_000032,0,0,0,0,0,0,0,0,0,0,0,0,0,0,0,0,0,0,0,0,0,0,0,0,0,0,0,0,0,0,0,0,0,0,0,0,0,0,0,0,0,0
TG1:bin_000047,0,0,0,0,0,0,0,0,0,0,0,0,0,0,0,0,0,0,0,0,0,0,0,0,0,0,0,0,0,0,0,0,0,0,0,0,0,0,0,0,0,0
TG2_07:bin_000029,0,0,0,0,0,0,0,0,0,0,0,0,0,0,0,0,0,0,0,0,0,0,0,0,0,0,0,0,0,0,0,0,0,0,0,0,0,0,0,0,0,0
TG2_14:bin_000017,0,0,0,0,0,0,0,0,0,0,0,0,0,0,0,0,0,0,0,0,0,0,0,0,0,0,0,0,0,0,0,0,0,0,0,0,0,0,0,0,0,0
TG2_21:bin_000001,0,0,0,0,0,0,0,0,0,0,0,0,0,0,0,0,0,0,0,0,0,0,0,0,0,0,0,0,0,0,0,0,0,0,0,0,0,0,0,0,0,0
TG2_21:bin_000011,0,0,0,0,0,0,0,0,0,0,0,0,0,0,0,0,0,0,0,0,0,0,0,0,0,0,0,0,0,0,0,0,0,0,0,0,0,0,0,0,0,0
TG2_28:bin_000031,0,0,0,0,0,0,0,0,0,0,0,0,0,0,0,0,0,0,0,0,0,0,0,0,0,0,0,0,0,0,0,0,0,0,0,0,0,0,0,0,0,0
TG2:bin_000003,0,0,0,0,0,0,0,0,0,0,0,0,0,0,0,0,0,0,0,0,0,0,0,0,0,0,0,0,0,0,0,0,0,0,0,0,0,0,0,0,0,0
TG2:bin_000055,0,0,0,0,0,0,0,0,0,0,0,0,0,0,0,0,0,0,0,0,0,0,0,0,0,0,0,0,0,0,0,0,0,0,0,0,0,0,0,0,0,0
TG2:bin_000059,0,0,0,0,0,0,0,0,0,0,0,0,0,0,0,0,0,0,0,0,0,0,0,0,0,0,0,0,0,0,0,0,0,0,0,0,0,0,0,0,0,0
TG3_07:bin_000004,0,0,0,0,0,0,0,0,0,0,0,0,0,0,0,0,0,0,0,0,0,0,0,0,0,0,0,0,0,0,0,0,0,0,0,0,0,0,0,0,0,0
TG3_14:bin_000007,0,0,0,0,0,0,0,0,0,0,0,0,0,0,0.801,0,0,0,0,0,0,0,0,0,0,0,0,0,0,0,0,0,0,0,0,0,0,0,0,1.495,0,0
TG3_28:bin_000041,0,0,0,0,0,0,0,0,0,0,0,0,0,0,0,0,0,0,0,0,0,0,0,0,0,0,0,0,0,0,0,0,0,0,0,0,0,0,0,0,0,0
TG3_28:bin_000042,0,0,0,0,0,0,0,0,0,0,0,0,0,0,0,0,0,0,0,0,0,0,0,0,0,0,0,0,0,0,0,0,0,0,0,0,0,0,0,0,0,0
TG3_35:bin_000005,0,0,0,0,0,0,0,0,0,0,0,0,0,0,0,0,0,0,0,0,0,0,0,0,0,0,0,0,0,0,0,0,0,0,0,0,0,0,0,0,0,0
TG3_35:bin_000033,0,0,0,0,0,0,0,0,0,0,0,0,0,0,0,0,0,0,0,0,0,0,0,0,0,0,0,0,0,0,0,0,0,0,0,0,0,0,0,0,0,0
TG3:bin_000002,0,0,0,0,0,0,0,0,0,0,0,0,0,0,0,0,0,0,0,0,0,0,0,0,0,0,0,0,0,0,0,0,0,0,0,0,0,0,0,0,0,0
TG3:bin_000068,0,0,0,0,0,0,0,0,0,0,0,0,0,0,0,0,0,0,0,0,0,0,0,0,0,0,0,0,0,0,0,0,0,0,0,0,0,0,0,0,0,0
TG4_14:bin_000001,0,0,0,0,0,0,0,0,0,0,0,0,0,0,0,0,0,0,0,0,0,0,0,0,0,0,0,0,0,0,0,0,0,0,0,0,0,0,0,0,0,0
TG4_21:bin_000029,0,0,0,0,0,0,0,0,0,0,0,0,0,0,0,0,0,0,0,0,0,0,0,0,0,0,0,0,0,0,0,0,0,0,0,0,0,0,0,0,0,0
TG4_21:bin_000043,0,0,0,0,0,0,0,0,0,0,0,0,0,0,0,0,0,0,0,0,0,0,0,0,0,0,0,0,0,0,0,0,0,0,0,0,0,0,0,0,0,0
TG4:bin_000055,0,0,0,0,0,0,0,0,0,0,0,0,0,0,0,0,0,0,0,0,0,0,0,0,0,0,0,0,0,0,0,0,0,0,0,0,0,0,0,0,0,0
TG5_14:bin_000008,0,0,0,0,0,0,0,0,0,0,0,0,0,0,0,0,0,0,0,0,0,0,0,0,0,0,0,0,0,0,0,0,0,0,0,0,0,0,0,0,0,0
TG5_28:bin_000003,37.681,16.477,11.137,26.195,14.554,40.216,25.028,20.261,0,63.101,31.052,18.602,40.12,11.094,36.504,5.55,13.39,9.064,46.21,21.721,28.85,19.395,45.381,31.214,26.132,15.369,15.931,10.236,11.454,39.594,28.39,20.226,17.517,21.411,22.72,21.966,10.648,41.912,25.449,86.345,0,46.319
TG5_28:bin_000004,5.442,4.424,0,1.435,1.619,4.293,2.406,4.331,0,4.336,0,1.418,2.56,2.264,2.379,0,0.947,0,3.796,1.573,3.637,1.936,3.462,5.264,2.436,3.052,2.654,0,1.316,2.506,1.285,1.982,4.69,1.596,1.726,1.103,1.953,2.299,1.607,7.865,0,2.029
TG5_35:bin_000001,5.022,1.573,0.743,1.671,2.016,4.369,3.109,3.589,0,6.596,0.9,2.023,2.467,1.928,2.266,0,1.042,0,2.977,3.308,3.138,2.677,2.459,4.394,3.987,2.53,2.957,1.001,0.946,3.903,1.923,1.435,5.295,2.262,1.627,0,2.991,2.624,3.949,9.167,0,2.708
TG5_35:bin_000022,0,0,0,0,0,0,0,0,0,0,0,0,0,0,0,0,0,0,0,0,0,0,0,0,0,0,0,0,0,0,0,0,0,0,0,0,0,0,0,0,0,0
TG5_35:bin_000024,0,0,0,0,0,0,0,0,0,0,0,0,0,0,0,0,0,0,0,0,0,0,0,0,0,0,0,0,0,0,0,0,0,0,0,0,0,0,0,0,0,0
TG5:bin_000031,0.864,0,0,0,0.863,0,0.801,0.896,0,1.177,0,0,0,0.877,0,0,0,0,0.933,0,0,0,0.906,0.964,0,0,0.768,0,0,1.353,0,0,1.785,0,0,0,0,0,0,1.824,0,0
TG5:bin_000047,0,0,0,0,0,0,0,0,0,0,0,0,0,0,0,0,0,0,0,0,0,0,0,0,0,0,0,0,0,0,0,0,0,0,0,0,0,0,0,0,0,0
