genome,M301803,M301773,M301801,M301774,M301770,M301795,M301762,M301783,M301789,M301764,M301798,M301788,M301805,M301771,M301778,M301776,M301775,M301791,M301804,M301779,M301793,M301785,M301800,M301781,M301796,M301794,M301808,M301809,M301768,M301787,M301792,M301767,M301763,M301769,M301807,M301799,M301780,M301782,M301777,M301802,M301765,M301790
D300418:bin_000001,0,0,0,0,0,0,0,0,0,0,0,0,0,0,0,0,0,0,0,0,0,0,0,0,0,0,0,0,0,0,0,0,0,0,0,0,0,0,0,0,0,0
D300418:bin_000013,0,0,0,0,0,0,0,0,0,0,0,0,0,0,0,0,0,0,0,0,0,0,0,0,0,0,0,0,0,0,0,0,0,0,0,0,0,0,0,0,0,0
D300428:bin_000008,0,0,0,0,0,0,0,0,0,0,0,0,0,0,0,0,0,0,0,0,0,0,0,0,0,0,0,0,0,0,0,0,0,0,0,0,0,0,0,0,0,0
D300430:bin_000010,0,0,0,0,0,0,0,0,0,0,0,0,0,0,0,0,0,0,0,0,0,0,0,0,0,0,0,0,0,0,0,0,0,0,0,0,0,0,0,0,0,0
D300432:bin_000001,0,0,0,0,0,0,0,0,0,0,0,0,0,0,0,0,0,0,0,0,0,0,0,0,0,0,0,0,0,0,0,0,0,0,0,0,0,0,0,0,0,0
D300435:bin_000001,1.113,1.14,2.19,0,0.858,0,0,1.031,1.457,0.764,1.502,1.715,1.041,0.757,0.928,1.488,0.886,0.886,1.076,0.734,0.874,1.098,1.342,1.536,0.907,1.139,1.828,1.12,0,0.994,0.777,1.336,0,0,0.84,0,0.702,0.744,2.164,0.684,1.189,1.309
D300442:bin_000001,0,0,0,0,0,0,0,0,0,0,0,0,0,0,0,0,0,0,0,0,0,0,0,0,0,0,0,0,0,0,0,0,0,0,0,0,0,0,0,0,0,0
D300442:bin_000015,0,2.984,6.745,0,2.36,2.17,4.483,0,5.983,0,4.626,4.551,4.145,0,4.302,5.974,2.787,3.472,3.545,2.665,3.597,3.788,6.024,5.297,3.514,0,5.198,5.4,0,3.054,3.583,0,2.511,2.438,2.522,0,0,0,3.959,5.006,0,4.577
D300443:bin_000002,3.285,3.758,7.149,1.113,2.796,1.678,5.984,5.401,8.121,2.662,4.95,4.953,4.364,2.43,4.277,5.378,3.102,3.987,2.918,3.484,4.356,4.264,5.935,3.355,3.622,3.029,6.532,5.289,1.716,1.687,4.565,3.377,4.051,2.751,1.51,1.307,3.747,4.395,4.221,4.248,3.996,5.043
D300443:bin_000003,0,0,0,0,0,0,0,0,0,0,0,0,0.99,0,0,1.244,0,0,0.811,0,0,0,1.263,0,0,0,1.078,0,0,0,0.993,0,0,0,0,0,0,0,0,0.883,0,0.885
D300444:bin_000010,10.213,9.42,24.969,3.715,9.255,7.29,13.433,13.672,17.905,9.584,17.655,15.909,16.554,7.804,12.189,28.05,11.291,26.672,11.62,9.549,11.388,12.564,22.266,16.193,12.584,13.593,16.1,15.497,6.719,9.458,12.807,13.876,9.069,7.555,8.667,7.58,8.482,11.536,15.01,17.385,15.103,16.229
D300452:bin_000016,7.331,10.395,16.416,1.961,4.658,4.782,9.388,12.756,14.939,6.585,13.867,8.818,15.31,5.284,17.235,16.055,5.173,11.388,13.498,6.449,7.904,11.05,15.089,21.542,8.095,10.549,16.251,13.484,5.099,8.425,7.096,12.062,8.73,6.865,6.763,3.794,6.253,8.936,11.157,15.536,11.443,13.423
D300458:bin_000001,0,0,0,0,0,0,0,0,0,0,0,0,0,0,0,0,0,0,0,0,0,0,0,0,0,0,0,0,0,0,0,0,0,0,0,0,0,0,0,0,0,0
D300462:bin_000001,0,0,0,0,0,0,0,0,0,0,0,0,0,0,0,0,0,0,0,0,0,0,0,0,0,0,0,0,0,0,0,0,0,0,0,0,0,0,0,0,0,0
D300472:bin_000003,1.194,0,1.242,0,0,0,0.92,0.82,0,0,0.859,1.542,0.806,0,0.795,1.318,0,0.858,1.124,0,0,0,1.096,0.965,0,0,0.808,0.764,0,0.783,0,0.744,0,0,0,0,0,0,1.014,0.855,0,0.911
D300474:bin_000012,0,0,0,0,0,0,0,0,0,0,0,0,0,0,0,0,0,0,0,0,0,0,0,0,0,0,0,0,0,0,0,0,0,0,0,0,0,0,0,0,0,0
D300475:bin_000015,0,0,0,0,0,0,0,0,0,0,0,0,0,0,0,0,0,0,0,0,0,0,0,0,0,0,0,0,0,0,0,0,0,0,0,0,0,0,0,0,0,0
D300479:bin_000001,1.942,0,2.56,0,1.309,0,1.535,1.281,1.841,2.733,1.453,1.617,1.691,1.243,0,2.237,0,2.204,0,0,1.689,0,1.447,2.377,1.992,0,1.73,0,0.901,0.939,1.351,2.314,0,0,0,1.229,0,1.38,0,1.229,0,1.699
D300479:bin_000005,1.562,1.325,1.893,0,0.771,0,1.659,2.125,3.073,0.632,1.797,1.926,1.55,0.912,1.911,2.111,1.507,1.374,1.274,0.978,1.131,1.513,1.849,2.071,1.544,1.027,1.961,1.944,0.682,1.381,1.682,1.03,1.168,1.05,0,0.814,1.034,1.051,2.254,2.07,1.981,1.804
D300481:bin_000002,5.945,4.918,16.519,1.597,6.17,4.053,7.509,6.759,12.043,4.908,8.947,7.513,8.668,3.905,6.582,9.055,4.813,6.963,7.311,6.594,6.708,4.872,11.588,9.023,5.213,4.325,10.036,8.159,3.821,5.473,5.543,7.855,2.774,3.743,4.542,3.58,5.739,4.703,6.778,8.044,10.368,12.242
D300482:bin_000009,0,0,0,0,0,0,0,0,0,0,0,0,0,0,0,0,0,0,0,0,0,0,0,0,0,0,0,0,0,0,0,0,0,0,0,0,0,0,0,0,0,0
D300491:bin_000003,0,0,0,0,0,0,0,0,0,0,0,0,0,0,0,0,0,0,0,0,0,0,0,0,0,0,0,0,0,0,0,0,0,0,0,0,0,0,0,0,0,0
D300492:bin_000003,10.469,7.144,20.282,2.671,7.992,5.164,9.303,10.402,15.676,6.648,14.737,12.186,13.586,6.519,9.822,14.817,8.481,8.781,9.048,9.092,11.125,5.768,14.621,10.31,8.399,7.972,14.104,13.395,6.435,8.302,8.341,9.649,5.822,6.435,6.81,4.977,6.419,6.353,10.072,13.237,14.29,15.525
D300493:bin_000002,29.983,28.49,74.278,7.402,26.647,21.138,44.217,42.01,65.288,25.207,51.991,50.527,36.138,18.968,33.399,59.208,34.133,36.756,49.177,27.842,40.564,26.479,55.277,43.325,35.939,31.396,51.273,48.985,23.035,31.399,37.398,40.478,26.61,24.558,23.743,22.203,28.25,33.263,51.897,49.826,53.202,54.056
D300499:bin_000015,36.382,37.998,87.656,12.42,31.221,26.55,50.706,49.685,72.688,39.34,65.566,54.889,43.88,24.626,42.48,76.81,37.199,43.41,60.2,33.255,45.399,33.733,79.324,59.242,46.068,44.158,65.413,56.88,30.921,33.897,63.279,32.745,33.31,37.353,29.235,26.316,35.457,37.637,50.554,59.357,57.874,55.638
D300500:bin_000011,0,0,0,0,0,0,0,0,0,0,0,0,0,0,0,0,0,0,0,0,0,0,0,0,0,0,0,0,0,0,0,0,0,0,0,0,0,0,0,0,0,0
D300506:bin_000004,0,0,1.98,0,1.116,0,0,0,2.188,0,0,0,0,0,0,1.777,0,0,0,2.777,2.567,0,2.217,0,0,0,1.593,1.655,0,0,1.659,0,0,0,0,0,0,0,0,1.61,2.048,0
D300509:bin_000001,7.043,6.72,19.728,2.631,7.215,4.141,10.321,9.678,7.476,6.234,12.078,9.45,11.249,5.038,8.468,15.203,6.86,13.814,4.237,6.882,12.272,14.813,13.598,8.573,11.805,6.598,12.316,13.426,4.003,6.451,11.391,6.999,4.975,7.752,5.304,5.906,3.461,7.681,11.933,13.459,5.878,11.422
D300511:bin_000002,83.07,62.502,185.767,23.02,68.016,50.763,118.33,99.328,149.273,58.783,127.54,118.5,91.686,52.942,83.259,156.785,78.144,88.144,99.991,73.185,94.986,81.005,152.479,110.128,95.016,87.314,126.669,136.246,55.544,80.416,91.717,92.926,66.324,54.914,58.569,54.908,60.038,83.184,125.771,123.092,124.219,118.519
D300511:bin_000016,0,0,0,0,0,0,0,0,0,0,0,0,0,0,0,0,0,0,0,0,0,0,0,0,0,0,0,0,0,0,0,0,0,0,0,0,0,0,0,0,0,0
D300514:bin_000003,0,0,0,0,0,0,0,0,0,0,0,0,0,0,0,0,0,0,0,0,0,0,0,0,0,0,0,0,0,0,0,0,0,0,0,0,0,0,0,0,0,0
D300519:bin_000006,0,0,0,0,0,0,0,0,0,0,0,0,0,0,0,0,0,0,0,0,0,0,0,0,0,0,0,0,0,0,0,0,0,0,0,0,0,0,0,0,0,0
D300521:bin_000005,0,0,0,0,0,0,0,0,0,0,0,0,0,0,0,0,0,0,0,0,0,0,0,0,0,0,0,0,0,0,0,0,0,0,0,0,0,0,0,0,0,0
D300521:bin_000006,0,0,0,0,0,0,0,0,0,0,0,0,0,0,0,0,0,0,0,0,0,0,0,0,0,0,0,0,0,0,0,0,0,0,0,0,0,0,0,0,0,0
D300526:bin_000001,0,0,0,0,0,0,0,0,0,0,0,0,0,0,0,0,0,0,0,0,0,0,0,0,0,0,0,0,0,0,0,0,0,0,0,0,0,0,0,0,0,0
D300526:bin_000014,0,0,0,0,0,0,0,0,0,0,0,0,0,0,0,0,0,0,0,0,0,0,0,0,0,0,0,0,0,0,0,0,0,0,0,0,0,0,0,0,0,0
GEXTRA:bin_000001,0,0,0,0,0,0,0,0,0,0,0,0,0,0,0,0,0,0,0,0,0,0,0,0,0,0,0,0,0,0,0,0,0,0,0,0,0,0,0,0,0,0
GEXTRA:bin_000002,0,0,0,0,0,0,0,0,0,0,0,0,0,0,0,0,0,0,0,0,0,0,0,0,0,0,0,0,0,0,0,0,0,0,0,0,0,0,0,0,0,0
GEXTRA:bin_000004,0,0,0,0,0,0,0,0,0,0,0,0,0,0,0,0,0,0,0,0,0,0,0,0,0,0,0,0,0,0,0,0,0,0,0,0,0,0,0,0,0,0
GEXTRA:bin_000006,0,0,0,0,0,0,0,0,0,0,0,0,0,0,0,0,0,0,0,0,0,0,0,0,0,0,0,0,0,0,0,0,0,0,0,0,0,0,0,0,0,0
GPB:bin_000001,3.218,6.435,8.852,1.324,7.328,1.936,4.473,4.156,8.947,3.162,8.752,5.305,6.831,1.787,5.628,7.649,8.918,3.875,4.999,3.434,7.858,7.356,11.776,7.332,7.078,4.049,6.062,19.767,2.272,3.975,3.729,4.162,3.276,5.596,4.049,4.123,3.812,5.258,3.443,6.105,5.882,9.167
GPB:bin_000002,0,0,0,0,0,0,0,0,0,0,0,0,0,0,0,0,0,0,0,0,0,0,0,0,0,0,0,0,0,0,0,0,0,0,0,0,0,0,0,0,0,0
GPB:bin_000003,0,0,0,0,0,0,0,0,0,0,0,0,0,0,0,0,0,0,0,0,0,0,0,0,0,0,0,0,0,0,0,0,0,0,0,0,0,0,0,0,0,0
GPB:bin_000004,32.984,30.057,76.445,7.65,26.534,21.288,51.562,44.01,72.991,34.197,51.891,49.722,42.385,22.872,38.069,63.952,33.12,41.609,42.484,30.834,39.111,35.527,61.638,49.547,38.769,36.706,56.238,54.426,24.609,32.791,37.442,39.787,27.738,24.138,28.016,23.383,28.352,37.611,50.009,51.605,51.47,52.184
GPB:bin_000005,0,0,6.393,0,0,0,0,0,0,0,0,0,0,0,0,0,0,3.127,0,0,0,0,0,0,0,0,0,4.596,0,0,3.73,3.814,0,0,0,0,2.397,0,0,0,4.021,0
GPB:bin_000009,0,0,0,0,0,0,0,0,0,0,0,0,0,0,0,0,0,0,0,0,0,0,0,0,0,0,0,0,0,0,0,0,0,0,0,0,0,0,0,0,0,0
GPB:bin_000010,0,0,0,0,0,0,0,0,0,0,0,0,0,0,0,0,0,0,0,0,0,0,0,0,0,0,0,0,0,0,0,0,0,0,0,0,0,0,0,0,0,0
GPB:bin_000012,0,0,0,0,0,0,0,0,0,0,0,0,0,0,0,0,0,0,0,0,0,0,0,0,0,0,0,0,0,0,0,0,0,0,0,0,0,0,0,0,0,0
GPB:bin_000014,0,0,0,0,0,0,0,0,0,0,0,0,0,0,0,0,0,0,0,0,0,0,0,0,0,0,0,0,0,0,0,0,0,1.354,0,0,0,0,0,0,0,0
GPB:bin_000015,5.867,6.392,14.524,1.518,5.066,3.684,7.318,7.683,9.454,5.321,9.381,9.595,9.357,3.7,7.629,10.921,5.84,6.801,7.816,5.581,7.429,6.133,10.85,8.828,6.627,6.035,10.55,9.332,4.237,5.895,6.733,6.813,5.173,3.784,4.62,3.765,4.788,6.134,8.154,8.774,8.095,9.729
GPB:bin_000016,0,0,0,0,0,0,0,0,0,0,0,0,0,0,0,0,0,0,0,0,0,0,0,0,0,0,0,0,0,0,0,0,0,0,0,0,0,0,0,0,0,0
GPB:bin_000017,0,0,0,0,0,0,0,0,0,0,0,0,0,0,0,0,0,0,0,0,0,0,0,0,0,0,0,0,0,0,0,0,0,0,0,0,0,0,0,0,0,0
GPB:bin_000019,0.695,0,2.221,0,0.904,0.697,0.725,0.795,1.823,0,1.514,1.364,0,0,1.233,1.741,0.89,1.08,1.075,0.842,0.814,0,1.353,1.039,0.864,0,1.339,1.679,0,0.688,0,1.118,0.722,0,0,0,0,0,1.606,1.457,1.025,1.89
GPB:bin_000020,0,0,0,0,0,0,0,0,0,0,0,0,0,0,0,0,0,0,0,0,0,0,0,0,0,0,0,0,0,0,0,0,0,0,0,0,0,0,0,0,0,0
GPB:bin_000021,12.509,4.932,11.042,1.829,5.198,4.627,10.547,7.616,9.139,15.995,12.167,11.549,9.701,3.687,6.713,11.251,10.302,8.571,8.897,4.658,12.33,6.022,14.193,10.685,7.229,8.131,13.292,10.194,7.948,7.018,7.686,4.595,7.94,11.084,10.825,5.272,5.685,3.775,16.161,14.723,13.914,6.983
GPB:bin_000022,5.52,7.314,13.677,1.245,4.807,3.292,6.4,8.887,7.657,5.871,11.95,7.3,8.79,3.72,9.335,10.11,5.213,7.424,7.802,5.309,6.802,8.585,11.343,11.453,6.949,6.226,11.35,8.404,3.836,5.902,6.278,7.567,5.266,4.672,5.504,3.894,3.604,6.83,8.56,9.407,7.859,10.076
GPB:bin_000023,0,0,0.86,0,0,0,0,0,1.255,0,0,0,0,0,0,1.131,0.688,0.74,0,0,0,0,0.855,0.924,0.865,0,0.746,0,0,0,0,0,0,0,0,0,0,0,0.937,0,0.7,0
GPB:bin_000024,0,0,0,0,0,0,0,0,0,0,0,0,0,0,0,0,0,0,0,0,0,0,0,0,0,0,0,0,0,0,0,0,0,0,0,0,0,0,0,0,0,0
GPB:bin_000025,0,0,0,0,0,0,0,0,0,0,0,0,0,0,0,0,0,0,0,0,0,0,0,0,0,0,0,0,0,0,0,0,0,0,0,0,0,0,0,0,0,0
GPB:bin_000026,0.75,0,1.72,0,0,0,1.336,0.971,1.939,0,1.809,1.168,1.199,0,0.863,1.926,0.891,1.564,1.18,0,1.357,0.737,1.256,0.942,1.5,0.834,1.271,1.211,0,0.766,1.203,0.988,0,0.705,0,0,0.971,0.99,1.408,1.224,1.228,1.267
GPB:bin_000027,0,0,0,0,0,0,0,0,0,0,0,0,0,0,0,0,0,0,0,0,0,0,0,0,0,0,0,0,0,0,0,0,0,0,0,0,0,0,0,0,0,0
GPB:bin_000028,2.344,1.206,4.191,0.518,1.703,0.697,2.779,1.875,3.053,1.415,3.389,2.791,1.694,1.011,1.413,3.48,1.687,1.892,2.443,1.435,1.892,1.278,3.706,2.489,1.778,2.011,2.948,3.786,1.207,2.001,1.863,1.592,1.583,1.94,1.202,1.093,1.496,1.664,2.21,3.021,2.842,2.304
GPB:bin_000029,0,0,0,0,0,0,0,0,0,0,0,0,0,0,0,0,0,0,0,0,0,0,0,0,0,0,0,0,0,0,0,0,0,0,0,0,0,0,0,0,0,0
GPB:bin_000031,0,0,0,0,0,0,0,0,0,0,0,0,0,0,0,0,0,0,0,0,0,0,0,0,0,0,0,0,0,0,0,0,0,0,0,0,0,0,0,0,0,0
GPB:bin_000032,0,0,0,0,0,0,0,0,0,0,0,0,0,0,0,0,0,0,0,0,0,0,0,0,0,0,0,0,0,0,0,0,0,0,0,0,0,0,0,0,0,0
GPB:bin_000033,0.919,1.597,2.583,0,1.107,0,1.592,1.625,2.164,0,2.052,1.848,1.522,0,1.49,2.148,1.05,1.442,1.414,0,1.62,1.416,1.95,1.521,1.317,1.517,2.037,2.167,0,1.634,1.074,1.485,1.099,1.125,0,0,0,1.388,1.687,1.521,1.337,1.785
GPB:bin_000034,7.722,7.803,20.063,1.909,7.443,4.884,10.632,11.527,13.496,7.193,14.236,12.954,13.558,6.329,11.572,15.532,7.647,10.207,10.812,8.069,10.029,9.156,15.553,13.324,9.368,9.072,14.974,13.377,6.235,8.055,9.561,10.48,7.691,5.881,6.791,5.372,6.479,8.75,11.824,13.014,12.129,13.76
GPB:bin_000035,0,0,0,0,0,0,0,0,0,0,0,0,0,0,0,1.449,0,0,0,0,0,0,0,0,0,0,0,0,0,0,0,0,0,0,0,0,0,0,1.59,0,0,0
GPB:bin_000038,0,0,0,0,0,0,0,0,0,0,0,0,0,0,0,0,0,0,0,0,0,0,0,0,0,0,0,0,0,0,0,0,0,0,0,0,0,0,0,0,0,0
GPB:bin_000039,0,0,0,0,0,0,0,0,0,0,0,0,0,0,0,0,0,0,0,0,0,0,0,0,0,0,0,0,0,0,0,0,0,0,0,0,0,0,0,0,0,0
GPB:bin_000040,0,0,0,0,0,0,0,0,0,0,0,0,0,0,0,0,0,0,0,0,0,0,0,0,0,0,0,0,0,0,0,0,0,0,0,0,0,0,0,0,0,0
GPB:bin_000041,0,0,0,0,0,0,0,0,0,0,0,0,0,0,0,0,0,0,0,0,0,0,0,0,0,0,0,0,0,0,0,0,0,0,0,0,0,0,0,0,0,0
GPB:bin_000042,0,0,0.743,0,0,0,0.879,0,0,0,0,0.694,0,0,0,0,0,0,0,0,0,0,0,0,0,0,0,0,0,0,0,0,0,0,0,0,0,0,0.619,0,0,0
GPB:bin_000043,0,0,0,0,0,0,0,0,0,0,0,0,0,0,0,0,0,0,0,0,0,0,0,0,0,0,0,0,0,0,0,0,0,0,0,0,0,0,0,0,0,0
GPB:bin_000045,0,0,0,0,0,0,0,0,0,0,0,0,0,0,0,0,0,0,0,0,0,0,0,0,0,0,0,0,0,0,0,0,0,0,0,0,0,0,0,0,0,0
GPB:bin_000049,0,0,0,0,0,0,0,0,0,0,0,0,0,0,0,0,0,0,0,0,0,0,0,0,0,0,0,0,0,0,0,0,0,0,0,0,0,0,0,0,0,0
GPB:bin_000051,0,0,0,0,0,0,0,0,0,0,0,0,0,0,0,0,0,0,0,0,0,0,0,0,0,0,0,0,0,0,0,0,0,0,0,0,0,0,0,0,0,0
GPB:bin_000053,0,0,3.658,0,0,0,0,0,3.115,0,2.663,0,0,0,0,3.35,0,0,0,0,0,0,2.987,0,0,0,3.271,2.693,0,0,2.879,0,0,0,0,0,0,1.989,0,2.578,2.474,2.609
GPB:bin_000054,15.999,11.448,33.688,3.426,13.211,8.189,18.349,18.811,15.936,10.797,24.204,24.321,15.412,9.305,12.232,25.961,11.696,14.736,15.287,14.222,19.625,13.121,26.232,16.076,13.417,12.17,21.086,22.622,9.076,13.758,16.21,15.248,11.636,10.318,9.08,8.749,11.549,12.133,18.448,21.961,17.367,21.927
GPB:bin_000055,0,0,0,0,0,0,0,0,0,0,0,0,0,0,0,0,0,0,0,0,0,0,0,0,0,0,0,0,0,0,0,0,0,0,0,0,0,0,0,0,0,0
GPB:bin_000056,5.146,3.392,11.52,1.276,3.718,3.143,7.119,5.303,8.483,3.512,6.767,7.844,4.369,3.059,4.847,9.448,4.892,5.774,5.122,4.332,7.644,5.695,9.327,7.391,5.603,6.715,7.232,8.251,2.811,4.61,5.415,5.825,3.138,3.695,2.848,3.1,3.837,5.515,6.365,7.261,7.847,8.779
GPB:bin_000057,0,0,0,0,0,0,0,0,0,0,0,0,0,0,0,0,0,0,0,0,0,0,0,0,0,0,0,0,0,0,0,0,0,0,0,0,0,0,0,0,0,0
GPB:bin_000058,0,0,0,0,0,0,0,0,0,0,0,0,0,0,0,0,0,0,0,0,0,0,0,0,0,0,0,0,0,0,0,0,0,0,0,0,0,0,0,0,0,0
GPB:bin_000059,3.725,3.636,9.619,1.01,3.803,2.325,5.735,5.615,4.329,3.468,6.937,5.559,15.757,2.484,6.064,13.773,3.776,12.331,4.889,3.553,5.558,21.373,10.102,9.576,4.317,4.41,7.031,5.509,2.729,4.373,5.511,8.581,3.158,3.009,3.663,3.161,2.646,3.674,5.931,8.527,6.051,5.827
GPB:bin_000060,3.82,3.28,10.376,1.014,3.51,2.589,5.933,5.616,8.644,3.556,6.202,6.435,5.479,2.672,4.125,7.39,4.169,4.748,5.366,3.62,4.289,4.308,7.746,5.925,4.473,3.797,7.283,7.139,2.759,4.598,4.249,4.772,3.996,3.429,3.334,3.202,3.268,4.599,5.991,6.601,5.893,7.105
GPB:bin_000061,1.203,0,2.654,0,0,0,1.587,1.579,2.686,0,1.564,1.763,1.371,0,0,2.356,1.21,1.464,1.429,1.081,1.311,1.32,2.201,1.695,0,1.254,2.092,2.323,0,0,1.515,1.27,0,0,0,0,0,0,1.455,1.626,1.785,1.822
GPB:bin_000065,1.591,1.2,4.383,0,2.14,1.76,1.753,2.862,2.494,1.9,2.771,2.712,1.828,0.823,2.351,3.063,1.522,3.34,2.523,1.871,2.248,1.854,3.286,3.011,1.906,1.451,3.065,2.548,1.307,1.892,2.041,1.721,1.558,0.877,0.986,1.57,1.181,1.939,2.322,3.476,1.929,2.884
GPB:bin_000067,6.657,5.649,14.421,1.877,6.046,6.805,9.427,9.093,9.462,5.478,13.594,9.455,8.442,4.782,12.069,11.8,8.146,8.437,9.642,4.612,7.298,7.259,17.187,12.832,6.097,5.839,35.131,8.925,6.418,7.159,6.006,5.695,4.376,4.291,4.704,5.112,6.515,6.494,11.544,12.421,10.136,9.549
GPB:bin_000069,0,0,0,0,0,0,0,0,0,0,0,0,0,0,0,0,0,0,0,0,0,0,0,0,0,0,0,0,0,0,0,0,0,0,0,0,0,0,0,0,0,0
GPB:bin_000070,19.209,60.133,49.98,8.153,18.076,16.929,29.392,25.877,14.141,14.397,31.889,27.98,27.498,12.895,22.249,34.232,21.721,20.639,26.52,21.299,24.804,17.045,29.765,31.152,19.297,27.68,36.974,25.267,15.772,18.742,57.305,17.655,16.61,16.729,18.545,12.934,17.716,23.785,27.654,30.675,24.311,30.357
GPB:bin_000071,0,0,0,0,0,0,0,0,0,0,0,0,0,0,0,0,0,0,0,0,0,0,0,0,0,0,0,0,0,0,0,0,0,0,0,0,0,0,0,0,0,0
GPB:bin_000073,0,0,0,0,0,0,0,0,0,0,0,0,0,0,0,0,0,0,0,0,0,0,0,0,0,0,0,0,0,0,0,0,0,0,0,0,0,0,0,0,0,0
GPB:bin_000074,16.94,14.712,37.023,4.702,14.176,10.222,25.72,20.696,33.401,12.124,27.108,25.155,18.812,9.798,19.913,31.081,14.906,19.414,20.083,13.979,18.501,15.79,30.436,25.695,18.374,19.275,30.406,26.961,12.2,16.254,19.465,16.856,13.359,12.237,12.075,9.79,14.012,16.358,23.733,27.507,27.237,24.217
GPB:bin_000075,2.098,1.607,4.387,0,1.641,1.341,2.454,2.312,3.802,1.286,2.705,2.556,2.1,1.366,1.91,3.308,1.871,2.524,2.176,1.907,2.978,1.753,3.894,2.608,2.174,1.858,2.992,3.16,1.29,2.12,1.911,2.216,1.313,1.394,1.621,0.914,1.379,1.918,2.779,3.137,3.348,3.339
GPB:bin_000076,0,0,0,0,0,0,0,0,0,0,0,0,0,0,0,0,0,0,0,0,0,0,0,0,0,0,0,0,0,0,0,0,0,0,0,0,0,0,0,0,0,0
GPB:bin_000078,0,0,1.527,0,0,0,0,0,0,0,0.82,0.774,0.993,0,0,1.051,0,0,0,0,0,0.762,1.255,0.927,0,0,1.094,0.961,0,0,0,0,0,0,0,0,0,0.785,0,1.002,0.777,0.903
GPB:bin_000080,0,0,0,0,0,0,0,0,0,0,0,0,0,0,0,0,0,0,0,0,0,0,0,0,0,0,0,0,0,0,0,0,0,0,0,0,0,0,0,0,0,0
GPB:bin_000082,0,0,0,0,0,0,0,0,0,0,0,0,0,0,0,0,0,0,0,0,0,0,0,0,0,0,0,0,0,0,0,0,0,0,0,0,0,0,0,0,0,0
GPB:bin_000083,0,0,0,0,0,0,0,0,0,0,0,0,0,0,0,0,0,0,0,0,0,0,0,0,0,0,0,0,0,0,0,0,0,0,0,0,0,0,0,0,0,0
GPB:bin_000084,0,0,0,0,0,0,0,0,0,0,0,0,0,0,0,0,0,0,0,0,0,0,0,0,0,0,0,0,0,0,0,0,0,0,0,0,0,0,0,0,0,0
GPB:bin_000085,37.526,30.323,89.068,8.156,32.717,21.807,52.582,45.638,62.293,28.763,60.322,57.109,41.368,22.824,38.439,65.336,35.066,42.756,50.142,29.861,45.431,33.592,69.391,52.101,42.743,40.779,62.086,61.284,26.04,37.255,45.593,42.001,29.408,26.189,28.265,26.757,34.052,37.536,57.398,56.428,54.373,59.414
GPB:bin_000086,1.857,2.237,5.602,0,2.72,0,3.492,6.567,3.826,2.288,4.605,3.476,2.525,0,2.888,3.592,2.953,0,3.934,1.829,3.035,2.088,4.571,3.371,2.511,2.973,4.676,4.227,1.595,3.487,2.606,3.256,1.646,0,0,1.717,1.704,3.457,4.451,4.247,3.165,4.809
GPB:bin_000087,6.487,4.643,14.032,1.369,5.08,3.672,8.556,7.63,11.897,4.326,9.249,9.869,8.864,3.452,6.463,10.459,6.057,9.05,6.961,4.882,7.365,6.326,11.426,9.35,7.22,7.089,10.566,8.968,4.211,6.628,7.435,6.558,6.178,4.485,3.427,3.998,3.793,6.193,8.43,10.291,8.474,8.738
GPB:bin_000088,0,0,0,0,0,0,0,0,0,0,0,0,0,0,0,0,0,0,0,0,0,0,0,0,0,0,0,0,0,0,0,0,0,0,0,0,0,0,0,0,0,0
GPB:bin_000089,0,0,0,0,0,0,0,0,0,0,0,0,0,0,0,0,0,0,0,0,0,0,0,0,0,0,0,0,0,0,0,0,0,0,0,0,0,0,0,0,0,0
GPB:bin_000092,40.731,38.887,95.065,13.148,37.264,25.179,57.517,54.46,48.819,33.366,65.493,66.741,52.433,30.69,50.965,83.641,42.105,47.753,49.314,41.178,51.732,44.669,75.268,60.515,51.013,46.388,71.061,68.406,27.119,39.985,49.993,50.752,35.713,31.74,32.306,29.886,31.943,42.848,66.119,65.936,53.849,61.76
GPB:bin_000093,2.768,2.29,5.825,0.668,2.022,1.625,4.116,4.042,5.625,1.921,4.667,5.542,3.433,1.61,3.111,6.206,2.928,3.804,3.141,3.058,3.85,2.651,5.043,4.27,2.764,3.309,4.469,4.965,2.083,3.124,3.309,3.386,2.366,2.52,2.226,2.105,2.509,3.324,4.427,4.87,5.318,4.365
GPB:bin_000094,0,0,0,0,0,0,0,0,0,0,0,0,0,0,0,0,0,0,0,0,0,0,0,0,0,0,0,0,0,0,0,0,0,0,0,0,0,0,0,0,0,0
GPB:bin_000095,0,0,0,0,0,0,0,0,0,0,0,0,0,0,0,0,0,0,0,0,0,0,0,0,0,0,0,0,0,0,0,0,0,0,0,0,0,0,0,0,0,0
GPB:bin_000097,0,0,0,0,0,0,0,0,0,0,0,0,0,0,0,0,0,0,0,0,0,0,0,0,0,0,0,0,0,0,0,0,0,0,0,0,0,0,0,0,0,0
GPB:bin_000099,0,0,0,0,0,0,0,0,0,0,0,0,0,0,0,0,0,0,0,0,0,0,0,0,0,0,0,0,0,0,0,0,0,0,0,0,0,0,0,0,0,0
GPB:bin_000100,0,0,0,0,0,0,0,0,0,0,0,0,0,0,0,0,0,0,0,0,0,0,0,0,0,0,0,0,0,0,0,0,0,0,0,0,0,0,0,0,0,0
GPB:bin_000104,3.16,3.78,7.74,3.2,4.06,1.765,4.64,4.621,6.743,3.179,7.285,4.999,29.72,2.241,5.031,12.557,3.33,26.987,4.667,2.579,3.675,36.679,12.705,13.166,5.86,4.405,5.998,5.665,3.188,3.003,4.939,12.615,2.536,2.8,2.287,4.736,2.94,4.868,3.984,13.085,6.098,5.687
GPB:bin_000111,27.076,23.542,56.026,6.252,17.751,17.37,38.558,34.27,49.55,20.437,39.175,39.049,35.069,16.421,36.729,49.067,21.757,27.843,29.413,20.808,28.398,27.55,53.2,43.457,27.462,29.091,43.585,44.465,17.554,25.765,29.801,31.933,19.774,19.814,20.299,15.409,19.273,28.91,32.952,41.236,36.725,38.593
GPB:bin_000112,4.269,3.615,9.72,1.102,3.484,2.922,5.994,5.986,3.056,4.556,7.043,6.906,6.176,3.406,5.458,7.887,4.877,5.771,4.085,3.951,4.913,5.013,8.535,6.912,5.76,4.047,7.846,6.015,3.037,4.515,5.434,5.45,3.519,2.829,4.131,3.54,1.751,4.991,5.758,7.314,4.364,6.378
GPB:bin_000113,0,0,0,0,0,0,0,0,0,0,0,0,0,0,0,0,0,0,0,0,0,0,0,0,0,0,0,0,0,0,0,0,0,0,0,0,0,0,0,0,0,0
GPB:bin_000114,0,0,0,0,0,0,0,0,0,0,0,0,0,0,0,0,0,0,0,0,0,0,0,0,0,0,0,0,0,0,0,0,0,0,0,0,0,0,0,0,0,0
GPB:bin_000115,0.793,0,1.188,0,0.728,0,0.755,1.096,1.338,0.784,1.009,1.467,2.317,0,0,1.302,0,4.378,0.809,0.77,0.921,2.714,1.264,1.334,0,0,1.549,1.283,0,0.771,0.922,1.431,0,0.612,0,0.762,0,0,0,1.059,1.314,1.056
GPB:bin_000116,0,0,0,0,0,0,0,0,0,0,0,0,0,0,0,0,0,0,0,0,0,0,0,0,0,0,0,0,0,0,0,0,0,0,0,0,0,0,0,0,0,0
GPB:bin_000119,0,0,0,0,0,0,0,0,0,0,0,0,0,0,0,0,0,0,0,0,0,0,0,0,0,0,0,0,0,0,0,0,0,0,0,0,0,0,0,0,0,0
GPB:bin_000122,0,0,0,0,0,0,0,0,0,0,0,0,0,0,0,0,0,0,0,0,0,0,0,0,0,0,0,0,0,0,0,0,0,0,0,0,0,0,0,0,0,0
GPB:bin_000123,15.878,11.112,39.188,4.001,13.822,8.66,19.094,20.925,27.305,8.764,27.231,20.015,18.404,11.274,15.528,27.547,12.452,17.375,20.622,15.459,16.906,11.654,35.131,19.852,17.237,14.949,29.495,22.328,8.236,16.578,16.18,15.872,14.054,8.864,12.817,8.619,17.584,15.366,22.024,25.461,18.804,25.958
GPB:bin_000124,5.674,6.078,14.933,1.766,4.889,3.305,8.367,6.639,8.615,4.583,8.542,9.61,7.684,3.378,6.081,12.452,6.127,7.109,5.728,5.417,6.72,6.199,11.225,7.91,7.346,5.832,11.31,10.859,3.706,5.594,6.954,5.98,4.356,4.267,4.432,3.877,4.553,6.927,7.088,8.335,8.174,10.043
GPB:bin_000125,0,0,0,0,0,0,0,0,0,0,0,0,0,0,0,0,0,0,0,0,0,0,0,0,0,0,0,0,0,0,0,0,0,0,0,0,0,0,0,0,0,0
GPB:bin_000126,1.992,0,4.068,0,0,0,0,0,2.611,0,2.954,0,2.477,0,2.074,3.179,0,0,0,1.746,0,0,3.076,0,0,0,2.919,3.012,0,0,2.14,0,0,0,0,0,0,0,0,0,2.956,0
GPB:bin_000127,0,0,0,0,0,0,0,0,0,0,0,0,0,0,0,0,0,0,0,0,0,0,0,0,0,0,0,0,0,0,0,0,0,0,0,0,0,0,0,0,0,0
GPB:bin_000129,0,0,0,0,0,0,0,0,0,0,0,0,0,0,0,0,0,0,0,0,0,0,0,0,0,0,0,0,0,0,0,0,0,0,0,0,0,0,0,0,0,0
GPB:bin_000130,9.194,9.227,22.995,2.758,8.349,7.07,14.591,11.765,10.474,11.064,14.761,14.28,10.883,6.051,10.448,18.537,9.332,12.596,12.4,9.207,12.102,9.033,18.397,12.663,13.798,9.334,16.886,14.588,5.713,8.934,9.842,10.016,7.543,7.36,7.439,6.099,8.233,10.687,15.575,18.043,12.763,15.529
GPB:bin_000131,3.496,3.07,6.972,1.129,2.241,2.151,4.201,3.413,2.39,1.89,9.6,4.285,3.929,2.216,3.56,6.418,2.951,3.346,3.853,2.678,3.62,3.033,5.105,3.678,3.066,3.342,4.1,2.625,1.566,2.302,8.605,2.643,2.702,2.738,2.155,2.926,1.899,3.08,5.377,5.331,3.752,4.507
GPB:bin_000132,0,0,0,0,0,0,0,0,0,0,0,0,0,0,0,0,0,0,0,0,0,0,0,0,0,0,0,0,0,0,0,0,0,0,0,0,0,0,0,0,0,0
GPB:bin_000133,0,0,0,0,0,0,0,0,0,0,0,0,0,0,0,0,0,0,0,0,0,0,0,0,0,0,0,0,0,0,0,0,0,0,0,0,0,0,0,0,0,0
GPB:bin_000135,2.35,1.945,5.541,0,1.987,1.804,2.888,2.771,3.496,2.198,3.929,3.58,2.868,1.499,2.326,4.633,2.701,3.13,2.837,1.981,2.788,2.319,3.852,3.382,2.273,1.985,3.501,4.022,0,2.074,2.711,2.63,1.664,1.503,1.804,0,0,2.244,3.275,3.464,3.134,3.007
GPB:bin_000136,0,0,0,0,0,0,0,0,0,0,0,0,0,0,0,0,0,0,0,0,0,0,0,0,0,0,0,0,0,0,0,0,0,0,0,0,0,0,0,0,0,0
GPB:bin_000137,0,0,1.754,0,0,0,0,0,0,0,0,0,0,0,0,0,0,0,0,0,0,0,0,0,0,0,1.167,0,0,0,0,0,0,0,0,0,0,0,0,0,0,0
GPB:bin_000139,0,0,0,0,0,0,0,0,0,0,0,0,0,0,0,0,0,0,0,0,0,0,0,0,0,0,0,0,0,0,0,0,0,0,0,0,0,0,0,0,0,0
GPB:bin_000140,1.453,1.472,4.414,0,1.492,1.452,2.795,2.547,2.915,1.423,2.152,3.268,1.354,0.861,1.652,2.651,2.319,1.65,1.654,0.973,1.682,1.738,2.332,2.518,2.161,1.936,2.553,2.035,0.848,1.303,3.693,2.08,1.246,1.313,1.186,0.894,1.706,1.83,2.576,1.808,2.095,1.919
GPB:bin_000141,0,0,0,0,0,0,0,0,0,0,0,0,0,0,0,0,0,0,0,0,0,0,0,0,0,0,0,0,0,0,0,0,0,0,0,0,0,0,0,0,0,0
GPB:bin_000142,0,0,0,0,0,0,0,0,0,0,0,0,0,0,0,0,0,0,0,0,0,0,0,0,0,0,0,0,0,0,0,0,0,0,0,0,0,0,0,0,0,0
GPB:bin_000143,65.639,54.691,153.955,20.118,52.451,36.135,89.774,83.269,130.338,60.887,101.698,89.174,81.128,40.367,71.278,129.007,61.563,72.59,65.361,58.816,82.185,66.665,108.39,84.079,73.306,64.644,92.978,104.623,38.684,56.232,78.997,66.189,54.325,49.139,48.134,44.319,57.185,63.566,93.826,92.856,98.027,97.302
GPB:bin_000145,0,0,0,0,0,0,0,0,0,0,0,0,0,0,0,0,0,0,0,0,0,0,0,0,0,0,0,0,0,0,0,0,0,0,0,0,0,0,0,0,0,0
GPB:bin_000146,0,0,2.626,0,0,0,0,0,0,0,0,0,0,0,0,2.279,1.514,0,2.302,0,0,0,0,0,0,1.558,0,0,0,0,0,0,0,0,0,0,0,0,0,1.969,0,0
GPB:bin_000147,0,0,8.353,0,0,0,4.442,0,7.055,0,0,0,0,0,0,7.444,0,0,0,0,4.57,0,6.231,0,0,0,0,0,0,0,0,0,0,0,0,0,0,0,0,0,0,0
GPB:bin_000148,0,0,1.085,0,0,0,0,0,0,0,0,0,0,0,0,1.306,0,0,0,0,0.835,0,0,0,0,0,0,0,0,0,0,0,0,0,0,0,0,0,0,0,0,0
GPB:bin_000149,0,0,0,0,0,0,0,0,0,0,0,0,0,0,0,0,0,0,0,0,0,0,0,0,0,0,0,0,0,0,0,0,0,0,0,0,0,0,0,0,0,0
GPB:bin_000151,0,0,0,0,0,0,0,0,0,0,0,0,0,0,0,0,0,0,0,0,0,0,0,0,0,0,0,0,0,0,0,0,0,0,0,0,0,0,0,0,0,0
GPB:bin_000152,0,0,0,0,0,0,0,0,0,0,0,0,0,0,0,0,0,0,0,0,0,0,0,0,0,0,0,0,0,0,0,0,0,0,0,0,0,0,0,0,0,0
GPB:bin_000153,0,0,0,0,0,0,0,0,0,0,0,0,0,0,0,0,0,0,0,0,0,0,0,0,0,0,0,0,0,0,0,0,0,0,0,0,0,0,0,0,0,0
GPB:bin_000154,0,0,0,0,0,0,0,0,0,0,0,0,0,0,0,0,0,0,0,0,0,0,0,0,0,0,0,0,0,0,0,0,0,0,0,0,0,0,0,0,0,0
GPB:bin_000155,0,0,0,0,0,0,0,0,0,0,0,0,0,0,0,0,0,0,0,0,0,0,0,0,0,0,0,0,0,0,0,0,0,0,0,0,0,0,0,0,0,0
GPB:bin_000156,12.531,9.425,25.969,2.844,9.207,7.312,13.201,14.5,21.051,9.568,16.969,19.15,11.162,6.381,11.622,18.759,10.293,12.213,11.305,9.356,15.428,12.836,20.509,15.443,12.955,11.749,19.055,14.383,9.231,10.371,12.318,12.479,9.33,7.07,9.314,6.713,8.723,12.785,14.447,20.492,16.98,16.657
GPB:bin_000159,0,0,0,0,0,0,0,0,0,0,0,0,0,0,0,0,0,0,0,0,0,0,0,0,0,0,0,0,0,0,0,0,0,0,0,0,0,0,0,0,0,0
GPB:bin_000161,0,0,0,0,0,0,0,0,0,0,0,0,0,0,0,0,0,0,0,0,0,0,0,0,0,0,0,0,0,0,0,0,0,0,0,0,0,0,0,0,0,0
GPB:bin_000163,0,0.839,1.708,0,0,0,0.829,1.033,0,0,1.367,1.217,0.911,0,0.965,1.357,0.885,1.362,0.794,0,0.778,0.928,1.155,0.978,0.893,0,0.774,0,1.421,0.672,0.786,0.808,0,0,0,0,0,0,0.91,1.253,0,1.351
GPB:bin_000166,6.781,4.988,13.086,3.444,9.388,4.299,9.052,8.625,19.236,6.143,10.297,8.646,44.541,5.834,12.173,32.861,6.131,82.481,8.774,5.518,5.83,69.946,21.862,32.491,9.757,12.717,10.252,8.687,4.217,6.25,8.238,38.229,4.8,4.783,4.562,12.744,5.625,8.776,9.234,27.844,14.913,8.938
GPB:bin_000168,0,0,0,0,0,0,0,0,0,0,0,0,0,0,0,0,0,0,0,0,0,0,0,0,0,0,0,0,0,0,0,0,0,0,0,0,0,0,0,0,0,0
GPB:bin_000170,0,0,0,0,0,0,0,0,0,0,0,0,0,0,0,0,0,0,0,0,0,0,0,0,0,0,0,0,0,0,0,0,0,0,0,0,0,0,0,0,0,0
GPB:bin_000171,36.57,38.343,88.21,11.789,29.37,21.314,44.725,52.505,93.273,40.361,68.338,55.476,49.188,26.316,43.576,80.137,32.492,49.354,45.508,32.315,46.068,32.367,65.225,49.959,42.928,34.132,59.654,48.424,27.248,35.051,41.87,39.673,27.526,26.745,31.972,25.118,27.096,40.928,56.454,53.377,54.279,55.107
GPB:bin_000172,0,0,0,0,0,0,0,0,0,0,0,0,0,0,0,0,0,0,0,0,0,0,0,0,0,0,0,0,0,0,0,0,0,0,0,0,0,0,0,0,0,0
GPB:bin_000173,0,0,0,0,0,0,0,0,0,0,0,0,0,0,0,0,0,0,0,0,0,0,0,0,0,0,0,0,0,0,0,0,0,0,0,0,0,0,0,0,0,0
GPB:bin_000175,0,0,0,0,0,0,0,0,0,0,0,0,0,0,0,0,0,0,0,0,0,0,0,0,0,0,0,0,0,0,0,0,0,0,0,0,0,0,0,0,0,0
GPB:bin_000176,0,0,0,0,0,0,0,0,0,0,0,0,0,0,0,0,0,0,0,0,0,0,0,0,0,0,0,0,0,0,0,0,0,0,0,0,0,0,0,0,0,0
GPB:bin_000177,0,0,0,0,0,0,0,0,0,0,0,0,0,0,0,0,0,0,0,0,0,0,0,0,0,0,0,0,0,0,0,0,0,0,0,0,0,0,0,0,0,0
GPB:bin_000178,0,0,0,0,0,0,0,0,0,0,0,0,0,0,0,0,0,0,0,0,0,0,0,0,0,0,0,0,0,0,0,0,0,0,0,0,0,0,0,0,0,0
GPB:bin_000181,2.358,2.389,5.377,0,2.412,1.643,3.428,3.182,4.117,2.116,4.162,3.667,3.475,1.686,3.243,4.66,2.265,3.227,2.881,2.04,3.044,3.082,4.497,4.022,3.135,2.832,4.488,4.441,1.866,2.838,3.162,3.112,2.304,2.045,1.941,1.714,1.86,2.658,3.988,3.864,3.325,3.998
GPB:bin_000183,0,0,0,0,0,0,0,0,0,0,0,0,0,0,0,0,0,0,0,0,0,0,0,0,0,0,0,0,0,0,0,0,0,0,0,0,0,0,0,0,0,0
GPB:bin_000184,20.18,19.539,51.188,4.578,18.441,14.99,33.055,28.172,40.795,20.165,35.485,35.938,23.901,14.363,22.765,42.832,20.939,27.026,28.516,19.295,26.364,21.076,39.002,30.57,25.993,23.811,33.838,39.253,14.644,22.036,25.493,23.999,17.512,15.844,16.177,14.912,16.268,25.074,31.154,32.05,34.783,35.607
GPB:bin_000185,0,0,0,0,0,0,0,0,0,0,0,0,0,0,0,0,0,0,0,0,0,0,0,0,0,0,0,0,0,0,0,0,0,0,0,0,0,0,0,0,0,0
GPB:bin_000186,1.449,1.625,2.912,0.566,1.241,0.811,1.568,2.357,1.638,1.511,2.82,2.179,2.228,0.882,1.275,2.893,1.15,2.154,1.226,1.875,2.435,2.442,2.567,1.588,1.549,1.12,2.207,2.809,1.044,1.137,1.885,2.295,0.795,1.108,1.373,1.236,0,2.301,2.089,2.142,1.137,2.865
GPB:bin_000189,0,0,0,0,0,0,0,0,0,0,0,0,0,0,0,0,0,0,0,0,0,0,0,0,0,0,0,0,0,0,0,0,0,0,0,0,0,0,0,0,0,0
GPB:bin_000190,0,0,0,0,0,0,0,0,0,0,0,0,0,0,0,0,0,0,0,0,0,0,0,0,0,0,0,0,0,0,0,0,0,0,0,0,0,0,0,0,0,0
GPB:bin_000192,0,0,1.655,0,0,0,0,0,1.361,0,0,0.974,0,0,0,1.068,0,0,0,0,0,0,1.388,0,0,0,0,0.961,0,0,0,0,0,0,0,0,0.813,0,0,0,0.94,1.169
GPB:bin_000193,0,0,1.365,0,0.735,0,0,0,0.675,0,0.765,0,0,0,0.636,1.06,0,0,0,0,0.758,0,1.273,1.211,0,0,0.713,0,0,0,0.775,0,0,0,0,0,0,0,0.731,0.804,0.789,0
GPB:bin_000194,0,0,0,0,0,0,0,0,0,0,0,0,0,0,0,0,0,0,0,0,0,0,0,0,0,0,0,0,0,0,0,0,0,0,0,0,0,0,0,0,0,0
GPB:bin_000195,0,0,0,0,0,0,0,0,0,0,0,0,0,0,0,0,0,0,0,0,0,0,0,0,0,0,0,0,0,0,0,0,0,0,0,0,0,0,0,0,0,0
GPB:bin_000197,0,0,3.153,0,0,0,1.844,0,0,0,0,0,0,0,0,2.538,0,0,0,0,0,0,0,0,0,0,2.322,0,0,0,0,0,0,0,0,0,0,0,0,0,0,0
GPB:bin_000198,0,0,0,0,0,0,0,0,0,0,0,0,0,0,0,0,0,0,0,0,0,0,0,0,0,0,0,0,0,0,0,0,0,0,0,0,0,0,0,0,0,0
GPB:bin_000199,0,0,0,0,0,0,0,0,0,0,0,0,0,0,0,0,0,0,0,0,0,0,0,0,0,0,0,0,0,0,0,0,0,0,0,0,0,0,0,0,0,0
GPB:bin_000200,0,0,0,0,0,0,0,0,0,0,0,0,0,0,0,0,0,0,0,0,0,0,0,0,0,0,0,0,0,0,0,0,0,0,0,0,0,0,0,0,0,0
GPB:bin_000202,0,0,0,0,0,0,0,0,0,0,0,0,0,0,0,0,0,0,0,0,0,0,0,0,0,0,0,0,0,0,0,0,0,0,0,0,0,0,0,0,0,0
GPB:bin_000204,0,0,0,0,0,0,0,0,0,0,0,0,0,0,0,0,0,0,0,0,0,0,0,0,0,0,0,0,0,0,0,0,0,0,0,0,0,0,0,0,0,0
GPB:bin_000206,0,0,0,0,0,0,0,0,0,0,0,0,0,0,0,0,0,0,0,0,0,0,0,0,0,0,0,0,0,0,0,0,0,0,0,0,0,0,0,0,0,0
GPB:bin_000208,18.497,24.783,40.26,4.966,11.998,11.791,23.49,30.684,36.009,15.695,33.893,22.124,36.876,12.616,40.083,38.997,12.42,27.94,32.776,15.923,20.189,26.558,36.149,50.967,20.814,25.788,39.479,32.487,12.586,20.783,17.94,28.888,21.447,16.758,16.79,9.842,15.39,21.746,27.437,37.495,27.8,33.22
GPB:bin_000209,3.654,3.443,8.784,1.564,3.275,2.227,4.8,4.514,5.387,3.105,5.428,5.687,4.029,2.418,4.027,8.236,3.995,4.907,3.885,4.857,3.684,4.45,6.072,4.809,3.887,4.858,6.123,8.3,1.928,3.627,6.734,4.171,2.71,2.618,2.377,2.398,2.6,4.184,4.902,6.409,5.268,4.85
GPB:bin_000210,3.716,3.12,7.018,0.821,2.84,2.059,4.067,4.532,4.897,2.536,5.353,5.96,3.942,2.195,3.501,6.124,2.91,4.345,3.647,2.652,3.806,3.539,5.939,4.547,3.334,3.316,4.936,4.999,1.897,3.007,3.832,3.553,2.82,2.373,2.233,2.157,3.053,3.301,5.043,4.925,5.107,4.827
GPB:bin_000211,0,0,0,0,0,0,0,0,0,0,0,0,0,0,0,0,0,0,0,0,0,0,0,0,0,0,0,0,0,0,0,0,0,0,0,0,0,0,0,0,0,0
GPB:bin_000212,0,0,0,0,0,0,0,0,0,0,0,0,0,0,0,0,0,0,0,0,0,0,0,0,0,0,0,0,0,0,0,0,0,0,0,0,0,0,0,0,0,0
GPB:bin_000213,0,0,0,0,0,0,0,0,0,0,0,0,0,0,0,0,0,0,0,0,0,0,0,0,0,0,0,0,0,0,0,0,0,0,0,0,0,0,0,0,0,0
GPB:bin_000215,1.391,1.867,2.009,0,0.991,0.718,1.384,1.5,2.4,0.766,1.593,1.571,2.526,0,1.652,1.994,1.143,1.729,1.58,1.269,1.146,1.219,2.949,1.738,1.483,1.236,2.232,2.272,0,0.802,3.506,1.066,0.758,0.88,0.816,0.806,1.354,1.24,2.162,1.759,1.975,1.927
GPB:bin_000217,1.197,2.305,2.92,0,1.036,0,1.839,1.854,2.802,1.238,2.655,1.617,2.185,1.133,3.683,2.509,1.065,1.765,2.156,1.064,1.472,1.438,2.865,3.658,1.606,1.677,3.818,2.599,0,1.558,1.296,1.691,2.333,1.23,1.294,1.002,1.231,1.212,2.249,3.25,1.859,2.127
TG1_21:bin_000035,0,0,0,0,0,0,0,0,0,0,0,0,0,0,0,0,0,0,0,0,0,0,0,0,0,0,0,0,0,0,0,0,0,0,0,0,0,0,0,0,0,0
TG1:bin_000010,0,0,0,0,0,0,0,0,0,0,0,0,0,0,0,0,0,0,0,0,0,0,0,0,0,0,0,0,0,0,0,0,0,0,0,0,0,0,0,0,0,0
TG1:bin_000014,0,0,0,0,0,0,0,0,0,0,0,0,0,0,0,0,0,0,0,0,0,0,0,0,0,0,0,0,0,0,0,0,0,0,0,0,0,0,0,0,0,0
TG1:bin_000020,0,0,0,0,0,0,0,0,0,0,0,0,0,0,0,0,0,0,0,0,0,0,0,0,0,0,0,0,0,0,0,0,0,0,0,0,0,0,0,0,0,0
TG1:bin_000032,0,0,0,0,0,0,0,0,0,0,0,0,0,0,0,0,0,0,0,0,0,0,0,0,0,0,0,0,0,0,0,0,0,0,0,0,0,0,0,0,0,0
TG1:bin_000047,1.031,0,1.741,0,0,0,1.229,0.841,1.927,2.39,1.723,1.288,0.931,0,1.003,1.62,0.972,0,0.845,0,0.779,1.132,1.138,0.938,0,0.986,1.065,1.067,0,0.803,1.212,0.996,0,0,0,0,0,0,1.163,1.323,0.984,1.244
TG2_07:bin_000029,0,0,0,0,0,0,0,0,0,0,0,0,0,0,0,0,0,0,0,0,0,0,0,0,0,0,0,0,0,0,0,0,0,0,0,0,0,0,0,0,0,0
TG2_14:bin_000017,0,0,0,0,0,0,0,0,0,0,0,0,0,0,0,0,0,0,0,0,0,0,0,0,0,0,0,0,0,0,0,0,0,0,0,0,0,0,0,0,0,0
TG2_21:bin_000001,0,0,0,0,0,0,0,0,0,0,0,0,0,0,0,0,0,0,0,0,0,0,0,0,0,0,0,0,0,0,0,0,0,0,0,0,0,0,0,0,0,0
TG2_21:bin_000011,0,0,0,0,0,0,0,0,0,0,0,0,0,0,0,0,0,0,0,0,0,0,0,0,0,0,0,0,0,0,0,0,0,0,0,0,0,0,0,0,0,0
TG2_28:bin_000031,4.192,1.597,10.057,1.272,4.021,2.785,4.473,5.765,7.687,2.526,4.692,6.472,3.536,2.07,3.306,9.62,3.103,3.715,4.176,2.844,5.948,3.901,4.574,3.379,3.182,5.007,6.587,6.326,2.478,2.94,3.539,5.698,4.061,1.816,2.965,2.642,3.308,2.895,8.823,7.915,4.523,4.954
TG2:bin_000003,0,0,0,0,0,0,0,0,0,0,0,0,0,0,0,0,0,0,0,0,0,0,0,0,0,0,0,0,0,0,0,0,0,0,0,0,0,0,0,0,0,0
TG2:bin_000055,0,0,0,0,0,0,0,0,0,0,0,0,0,0,0,0,0,0,0,0,0,0,0,0,0,0,0,0,0,0,0,0,0,0,0,0,0,0,0,0,0,0
TG2:bin_000059,0,0,0,0,0,0,0,0,0,0,0,0,0,0,0,0,0,0,0,0,0,0,0,0,0,0,0,0,0,0,0,0,0,0,0,0,0,0,0,0,0,0
TG3_07:bin_000004,0,0,0,0,0,0,0,0,0,0,0,0,0,0,0,0,0,0,0,0,0,0,0,0,0,0,0,0,0,0,0,0,0,0,0,0,0,0,0,0,0,0
TG3_14:bin_000007,0,0,0,0,0,0,0,0,0,0,0,0,0,0,0,0,0,0,0,0,0,0,0,0,0,0,0,0,0,0,0,0,0,0,0,0,0,0,0,0,0,0
TG3_28:bin_000041,1.986,2.637,7.33,0.931,2.348,1.4,3.657,2.745,6.83,2.119,6.453,5.447,3.986,2.08,3.041,8.61,3.226,4.227,5.847,3.193,4.462,2.189,7.514,4.515,2.399,6.36,4.706,5.28,1.738,2.57,7.403,2.809,2.911,3.018,2.668,1.418,2.283,3.05,7.163,6.339,4.991,4.159
TG3_28:bin_000042,0,0,0,0,0,0,0,0,0,0,0,0,0,0,0,0,0,0,0,0,0,0,0,0,0,0,0,0,0,0,0,0,0,0,0,0,0,0,0,0,0,0
TG3_35:bin_000005,0,0,0,0,0,0,0,0,0,0,0,0,0,0,0,0,0,0,0,0,0,0,0,0,0,0,0,0,0,0,0,0,0,0,0,0,0,0,0,0,0,0
TG3_35:bin_000033,0,0,0,0,0,0,0,0,0,0,0,0,0,0,0,0,0,0,0,0,0,0,0,0,0,0,0,0,0,0,0,0,0,0,0,0,0,0,0,0,0,0
TG3:bin_000002,0,0,0,0,0,0,0,0,0,0,0,0,0,0,0,0,0,0,0,0,0,0,0,0,0,0,0,0,0,0,0,0,0,0,0,0,0,0,0,0,0,0
TG3:bin_000068,0,0,0,0,0,0,0,0,0,0,0,0,0,0,0,0,0,0,0,0,0,0,0,0,0,0,0,0,0,0,0,0,0,0,0,0,0,0,0,0,0,0
TG4_14:bin_000001,0,0,0,0,0,0,0,0,0,0,0,0,0,0,0,0,0,0,0,0,0,0,0,0,0,0,0,0,0,0,0,0,0,0,0,0,0,0,0,0,0,0
TG4_21:bin_000029,0,0,0,0,0,0,0,0,0,0,0,0,0,0,0,0,0,0,0,0,0,0,0,0,0,0,0,0,0,0,0,0,0,0,0,0,0,0,0,0,0,0
TG4_21:bin_000043,0,0,0,0,0,0,0,0,0,0,0,0,0,0,0,0,0,0,0,0,0,0,0,0,0,0,0,0,0,0,0,0,0,0,0,0,0,0,0,0,0,0
TG4:bin_000055,0,0,0,0,0,0,0,0,0,0,0,0,0,0,0,0,0,0,0,0,0,0,0,0,0,0,0,0,0,0,0,0,0,0,0,0,0,0,0,0,0,0
TG5_14:bin_000008,0,0,0,0,0,0,0,0,0,0,0,0,0,0,0,0,0,0,0,0,0,0,0,0,0,0,0,0,0,0,0,0,0,0,0,0,0,0,0,0,0,0
TG5_28:bin_000003,1.772,6.132,2.269,1.462,0,2.34,1.311,2.093,20.358,1.294,8.73,0.933,0,2.692,7.192,3.862,1.966,0,4.045,4.769,2.357,0,6.844,4.543,2.293,0,12.358,0,0,2.178,0,1.961,5.133,3.06,0.815,1.502,2.465,0,3.24,1.086,8.213,6.908
TG5_28:bin_000004,5.778,5.864,13.922,1.793,6.418,3.904,7.423,7.422,12.86,12.078,11.371,9.962,8.848,4.733,6.855,11.082,8.246,6.18,5.02,3.756,6.881,5.894,8.666,8.255,6.591,5.324,8.096,8.604,2.641,4.445,8.312,6.571,4.073,3.112,4.671,3.236,3.701,6.708,9.402,9.569,7.077,7.535
TG5_35:bin_000001,93.324,59.379,150.848,18.378,51.064,29.141,83.181,100.02,119.911,53.243,131.977,122.513,79.044,42.62,57.437,135.268,50.719,77.201,51.238,48.171,108.036,66.614,108.763,84.752,63.805,51.517,96.827,71.656,50.035,52.701,74.365,54.72,39.375,37.673,43.161,43.821,39.2,69.187,94.044,96.45,80.012,100.114
TG5_35:bin_000022,4.068,3.417,7.544,0.796,4.141,1.619,6.185,4.624,6.653,4.222,6.552,4.766,2.908,1.678,4.52,7.062,3.649,5.835,4.507,4.305,5.066,4.831,7.023,6.118,6.516,3.791,8.001,5.161,4.018,4.974,4.307,5.434,3.749,2.763,3.005,2.87,3.029,4.211,5.649,8.851,6.817,5.82
TG5_35:bin_000024,12.121,8.508,22.366,2.249,9.409,6.801,15.527,13.16,17.009,8.042,17.351,15.111,11.459,5.293,12.031,20.124,10.5,12.947,12.903,10.489,11.921,10.293,19.361,14.937,12.1,11.208,16.933,17.65,7.818,10.257,12.469,12.129,8.89,7.692,7.477,7.141,9.017,10.617,15.662,16.119,16.11,15.586
TG5:bin_000031,0,0,0,0,0,0,0,0,0,0,0,0,0,0,0,0,0,0,0,0,0,0,0,0,0,0,0,0,0,0,0,0,0,0,0,0,0,0,0,0,0,0
TG5:bin_000047,53.873,38.001,115.645,21.525,40.338,31.638,55.014,64.853,73.11,59.961,80.218,69.87,65.464,28.246,52.202,96.518,47.516,49.159,48.3,48.445,62.011,47.012,79.925,60.591,62.881,46.56,73.815,78.687,28.499,53.871,53.936,56.977,39.02,37.019,38.605,32.331,32.297,48.274,73.895,82.345,60.76,69.479
