genome,M303591,M303603,M303598,M303588,M303594,M303622,M303626,M303605,M303632,M303619,M303599,M303618,M303623,M303608,M303610,M303621,M303620,M303617,M303607,M303602,M303616,M303601,M303586,M303613,M303593,M303597,M303604,M303600,M303631,M303625,M303587,M303592,M303589,M303615,M303612,M303595,M303629,M303614,M303633,M303606,M303628,M303627
D300242:bin_000001,2.307,0,2.221,0,0,3.166,2.566,0,4.765,2.046,2.188,0,1.659,0,0,2.756,0,0,1.68,2.67,0,0,0,3.666,8.109,1.608,2.834,3.671,5.576,1.592,3.087,7.37,3.884,0,2.753,5.281,5.16,1.998,3.687,7.23,1.645,0
D300242:bin_000002,16.164,0,23.996,6.796,8.803,19.11,15.848,3.927,56.948,19.815,14.444,0,9.873,5.348,0,31.138,2.455,6.393,19.162,25.525,4.714,0,0,16.997,67.831,10.654,23.274,47.495,49.556,7.753,16.427,50.983,47.838,14.39,9.833,38.778,76,42.371,65.957,52.001,7.216,7.024
D300242:bin_000003,12.903,0,12.966,4.27,2.261,8.812,3.502,2.024,12.094,5.065,11.42,0,3.969,1.901,0,7.608,0,2.636,4.487,17.185,2.372,0,0,10.164,45.639,13.973,11.642,6.002,9.494,4.789,7.939,15.257,9.903,8.223,6.797,33.766,27.948,12.686,41.895,17.21,1.681,1.677
D300242:bin_000023,3.855,0,9.064,1.785,3.672,9.276,5.952,1.829,20.108,5.03,5.613,0,3.301,0,0,7.889,0,2.009,3.891,8.561,0,0,0,4.972,23.766,5.703,13.322,7.659,21.344,2.894,8.741,16.988,15.367,0,2.242,13.094,25.607,16.671,17.245,15.509,2.916,4.891
D300242:bin_000025,1.715,0,0,0,0,0,0,0,2.064,0,0,0,0,0,0,0,0,0,0,0,0,0,0,0,1.762,0,0,0,0,0,0,2.866,0,0,0,2.359,0,0,0,0,0,0
D300243:bin_000004,2.634,0,2.66,0,0,2.238,2.436,0,11.73,6.04,2.337,0,1.284,0,0,4.58,0,0,1.414,6.524,0,0,0,5.8,25.887,2.227,2.685,1.651,6.056,0,2.436,7.967,5.338,0,1.533,8.499,11.962,4.185,6.104,9.672,1.785,0
D300243:bin_000028,9.26,0,12.824,2.193,2.055,7.844,6.247,0,18.268,4.863,4.635,0,3.037,0,0,10.934,0,3.058,8.801,6.244,0,0,0,6.295,22.646,2.925,7.66,14.332,14.219,2.563,5.103,20.579,10.844,5.12,2.09,10.704,27.137,11.239,21.418,19.55,0,3.765
D300243:bin_000041,4.557,0,4.431,1.474,2.545,5.215,3.276,1.483,11.532,4.782,3.756,0,1.89,0,0,4.238,0,0,2.528,7.599,0,0,7.645,6.369,22.687,1.962,7.547,3.812,9.145,3.692,5.512,11.72,6.685,0,4.557,10.794,13.606,7.011,8.789,9.215,2.164,2.123
D300243:bin_000043,0,0,0,0,0,0,0,0,0,0,0,0,0,0,0,0,0,0,0,0,0,0,0,0,0,0,0,0,0,0,0,0,0,0,0,0,0,0,0,0,0,0
D300244:bin_000018,4.202,0,6.176,1.958,2.335,5.016,4.294,1.928,12.04,7.484,3.627,0,1.385,0,0,8.074,0,1.745,5.804,6.246,0,0,3.707,3.987,15.17,2.3,7.263,4.277,13.312,3.523,4.748,12.812,9.272,2.836,2.035,12.212,14.927,11.308,10.123,12.305,2.45,1.974
D300244:bin_000021,0,0,0,0,0,0,0,0,0,0,0,0,0,0,0,0,0,0,0,0,0,0,0,0,0,0,0,0,0,0,0,0,0,0,0,0,0,0,0,0,0,0
D300244:bin_000028,1.616,0,4.2,0,0,3.817,0,0,5.969,1.769,1.555,0,0,0,0,3.845,0,0,2.624,2.34,0,0,0,1.916,10.714,2.346,4.032,4.058,5.136,0,2.126,6.526,4.967,1.713,0,5.976,7.577,6.275,7.259,4.651,0,1.348
D300245:bin_000010,0,0,1.836,0,0,2.78,0,0,3.262,3.291,0,0,0,0,0,0,0,0,0,0,0,0,0,1.798,4.031,0,0,0,3.655,0,0,3.019,2.366,0,0,2.995,4.213,0,3.133,0,0,0
D300245:bin_000013,0,0,0,0,0,0,0,0,0,0,0,0,0,0,0,0,0,0,0,0,0,0,0,0,1.509,0,0,0,0,0,0,0,0,0,0,0,0,0,0,0,0,0
D300245:bin_000018,0,0,0,0,0,0,0,0,3.641,0,0,0,0,0,0,0,0,0,0,0,0,0,0,0,0,0,0,0,0,0,0,0,0,0,0,0,0,0,0,0,0,0
D300245:bin_000027,0,0,0,0,0,0,0,0,0,0,0,0,0,0,0,0,0,0,0,0,0,0,0,0,0,0,0,0,0,0,0,1.852,0,0,0,0,0,0,0,0,0,0
D300245:bin_000045,25.555,0,24.391,9.955,10.612,42.631,26.894,6.385,65.699,27.405,24.095,0,8.552,2.428,0,23.432,1.509,5.558,13.401,28.613,3.927,0,4.63,29.789,127.71,44.122,36.253,34.14,45.708,11.794,21.36,67.072,39.321,6.793,9.843,51.687,61.466,51.474,59.83,70.411,14.514,14.636
D300246:bin_000002,0,0,2.136,0,1.72,2.443,5.433,0,4.891,4.985,5.189,0,1.262,0,0,3.103,0,0,2.808,4.198,0,0,13.091,4.494,15.704,11.779,5.87,1.928,7.17,2.36,4.411,7.16,3.549,0,2.803,10.07,10.784,4.993,6.923,4.824,4.804,1.882
D300246:bin_000010,0,0,0,0,0,0,0,0,2.025,0,0,0,0,0,0,0,0,0,0,0,0,0,1.501,1.581,2.455,0,0,0,1.528,0,0,2.049,1.647,0,0,2.517,0,0,1.48,2.955,0,0
D300246:bin_000011,2.578,0,0,0,0,1.932,0,0,4.219,3.294,1.523,0,0,0,0,6.457,0,0,0,2.061,0,0,0,4.124,18.77,2.09,2.042,1.505,2.82,2.18,2.372,3.755,5.381,0,0,5.431,9.596,17.358,6.449,4.223,0,0
D300246:bin_000018,0,0,1.361,0,0,0,0,0,1.615,0,0,0,0,0,0,0,0,0,1.417,0,0,0,0,0,2.537,0,0,0,2.073,0,0,1.511,0,0,0,0,0,0,0,0,0,0
D300246:bin_000044,16.413,0,6.124,3.121,2.798,7.396,4.352,0,16.866,9.456,12.527,0,1.756,0,0,6.206,0,2.05,3.12,10.328,0,0,0,11.892,51.201,8.507,9.231,10.608,12.166,4.725,6.429,20.198,8.532,2.055,4.278,20.38,19.307,9.709,12.791,25.898,0,3.651
D300246:bin_000052,5.621,0,5.935,2.205,2.47,13.554,20.973,0,11.361,4.898,7.073,0,3.116,0,0,6.409,0,0,5.035,8.148,0,0,7.274,7.305,23.226,7.1,7.628,10.416,11.898,4.606,6.607,14.542,6.736,2.207,5.728,13.744,17.979,7.356,10.256,13.907,9.041,4.931
D300247:bin_000006,11.229,0,9.962,3.516,4.893,12.601,7.372,2.169,27.631,15.482,10.809,0,6.783,0,0,11.672,0,3.165,9.011,16.149,1.709,0,7.244,18.574,34.688,6.133,16.79,10.572,24.368,6.17,14.702,32.34,17.501,2.582,11.571,26.777,30.587,16.746,13.856,26.27,4.287,3.784
D300248:bin_000004,0,0,0,0,0,0,0,0,0,0,0,0,0,0,0,0,0,0,0,0,0,0,0,0,0,0,0,0,0,0,0,0,0,0,0,0,0,0,0,0,0,0
D300248:bin_000008,3.213,0,0,0,0,0,0,0,4.553,3.176,3.44,0,0,0,0,0,0,0,0,0,0,0,0,2.657,9.837,1.834,2.422,0,3.387,0,0,5.754,0,0,0,3.94,5.318,0,4.053,6.028,0,0
D300248:bin_000018,0,0,0,0,0,0,0,0,0,0,0,0,0,0,0,0,0,0,0,0,0,0,0,0,0,0,0,0,0,0,0,0,0,0,0,0,0,0,0,0,0,0
D300248:bin_000023,0,0,18.032,0,3.995,3.362,15.241,0,4.027,3.271,2.566,0,1.442,0,0,3.121,0,0,3.005,4.679,0,0,45.567,4.633,9.755,6.056,7.98,9.902,7.598,4.158,3.016,6.48,4.052,0,13.181,10.834,15.892,4.101,3.174,6.602,14.268,2.167
D300248:bin_000024,22.323,1.635,24.492,7.077,6.372,30.769,18.213,2.809,53.216,18.086,23.542,0,9.856,1.969,0,35.985,1.914,5.751,23.3,17.7,4.887,0,1.612,23.503,70.492,11.781,33.908,42.384,56.129,5.82,27.136,68.177,51.235,13.816,10.723,38.181,89.414,37.8,74.77,52.715,6.813,12.202
D300249:bin_000005,18.023,0,20.971,6.558,6.805,20.604,15.203,3.826,54.28,22.729,14.603,0,7.465,0,0,21.435,1.545,6.564,16.03,23.77,2.098,0,3.352,26.688,80.107,12.9,28.782,23.824,44.257,7.918,15.5,55.598,29.549,7.393,8.795,43.839,52.615,38.167,42.176,44.558,6.747,5.861
D300249:bin_000046,0,0,0,0,0,0,0,0,0,0,0,0,0,0,0,0,0,0,0,0,0,0,0,0,0,0,0,0,0,0,0,0,0,0,0,0,0,0,0,0,0,0
D300250:bin_000017,0,0,0,0,0,0,0,0,0,0,0,0,0,0,0,0,0,0,0,0,0,0,0,0,0,0,0,0,0,0,0,0,0,0,0,0,0,0,0,0,0,0
D300250:bin_000018,0,0,1.75,0,0,0,0,0,1.345,0,0,0,0,0,0,0,0,0,0,0,0,0,0,0,4.117,0,0,0,0,0,0,2.694,0,0,0,2.029,0,0,0,1.982,0,0
D300250:bin_000024,2.401,0,1.636,0,0,3.977,2.652,0,6.427,1.814,1.653,0,2.286,0,0,0,0,0,0,0,0,0,0,2.753,11.676,0,4.396,3.467,4.761,0,2.915,11.018,3.158,3.572,2.381,5.991,15.151,4.304,7.818,7.813,0,1.956
D300251:bin_000015,10.793,0,5.985,0,0,5.016,3.41,0,12.87,4.926,6.786,0,1.356,0,0,4.123,0,0,2.632,7.533,0,0,0,3.882,23.978,4.707,7.039,8.325,7.17,1.903,4.547,10.25,4.761,0,0,9.194,13.377,6.921,10.455,16.854,2.063,1.751
D300251:bin_000040,1.6,0,4.065,1.596,1.723,4.838,3.44,0,12.949,3.157,3.221,0,1.778,0,0,4.405,0,0,4.863,2.521,0,0,0,5.838,12.675,3.631,3.907,4.602,7.692,1.486,4.911,12.907,8.37,0,2.048,6.375,16.98,7.587,12.118,9.265,2.404,1.524
D300252:bin_000001,1.601,0,6.215,2.698,0,7.97,5.333,0,8.819,5.501,3.25,0,1.848,0,0,6.697,0,0,3.061,3.263,0,0,0,2.473,29.363,3.503,6.337,3.035,7.731,2.452,4.353,9.911,9.05,0,1.444,7.691,13.174,13.344,20.861,11.407,1.894,2.489
D300252:bin_000010,0,0,0,0,0,0,0,0,0,0,0,0,0,0,0,0,0,0,0,0,0,0,0,0,0,0,0,0,0,0,0,0,0,0,0,0,0,0,0,0,0,0
D300252:bin_000011,0,0,0,0,0,0,0,0,0,0,0,0,0,0,0,0,0,0,0,0,0,0,1.82,0,0,0,0,0,0,0,0,0,0,0,0,0,0,0,0,0,0,0
D300252:bin_000020,5.062,0,2.535,0,0,3.817,3.448,0,9.843,4.543,4.313,0,2.82,0,0,7.44,0,0,2.089,4.428,0,0,0,4.06,24.846,0,6.508,13.509,8.775,0,5.784,10.101,11.147,0,3.054,8.003,11.562,11.619,9.985,9.147,0,0
D300253:bin_000005,0,0,0,0,0,0,0,0,0,0,0,0,0,0,0,0,0,0,0,0,0,0,0,0,2.579,0,0,0,2.01,0,0,2.142,1.343,0,0,0,0,0,0,1.958,0,0
D300253:bin_000007,0,0,0,0,0,0,0,0,1.629,0,0,0,0,0,0,0,0,0,0,0,0,0,0,0,0,0,0,0,0,0,0,0,0,0,0,0,0,0,0,0,0,0
D300253:bin_000040,2.032,0,2.457,0,1.489,3.647,4.022,0,8.403,4.441,2.773,0,1.363,0,0,4.563,0,1.644,2.455,3.198,0,0,2.324,3.473,8.739,0,7.915,3.833,9.246,2.09,4.997,9.082,9.897,1.659,2.265,7.346,10.523,7.29,10.116,6.831,0,0
D300254:bin_000011,0,0,1.223,0,0,2.452,3.278,0,6.46,0,2.011,0,0,0,0,3.266,0,0,2.266,3.82,0,0,0,2.135,5.764,0,2.71,4.69,5.05,1.614,1.552,6.722,3.338,0,0,4.25,9.386,3.467,4.87,3.762,0,0
D300254:bin_000016,0,0,0,0,0,0,0,0,0,0,0,0,0,0,0,0,0,0,0,0,0,0,0,0,0,0,0,0,0,0,0,0,0,0,0,0,0,0,0,0,0,0
D300254:bin_000019,2.634,0,2.938,0,3.26,4.442,2.995,0,8.711,5.767,3.1,0,1.788,0,0,3.555,0,0,3.356,4.667,0,0,3.462,5.256,16.888,2.082,6.192,3.484,10.913,2.852,4.254,11.031,7.118,0,2.708,11.98,10.378,7.928,5.974,7.539,2.296,1.859
D300254:bin_000031,0,0,0,0,0,0,0,0,0,0,0,0,0,0,0,0,0,0,0,0,0,0,0,0,0,0,0,0,0,0,0,0,0,0,0,0,0,0,0,0,0,0
D300255:bin_000002,0,0,0,0,0,0,0,0,0,0,0,0,0,0,0,0,0,0,0,0,0,0,0,0,0,0,0,0,0,0,0,0,0,0,0,0,0,0,0,0,0,0
D300255:bin_000023,2.005,0,2.756,2.303,1.473,10.409,21.07,0,7.97,3.949,3.276,0,1.487,0,0,3.168,0,0,2.616,4.74,0,0,4.976,5.195,21.056,11.91,6.535,9.218,7,1.831,4.748,8.193,6.633,1.967,3.365,10.738,10.463,5.071,6.9,5.743,8.563,1.774
D300256:bin_000008,9.688,0,13.486,3.078,3.165,6.759,7.845,0,18.681,4.434,6.57,0,4.237,0,0,11.103,0,1.636,7.354,5.724,1.919,0,0,8.4,26.146,5.526,11.635,9.943,16.157,2.635,16.83,21.13,24.052,2.425,2.166,10.949,18.772,12.53,25.026,18.402,3.141,3.673
D300256:bin_000021,0,0,0,0,0,0,0,0,0,0,0,0,0,0,0,0,0,0,0,0,0,0,0,0,1.738,0,0,0,1.401,0,0,2.157,0,0,0,1.399,0,0,0,2.424,0,0
D300256:bin_000037,0,0,48.375,7,2.732,1.889,7.305,0,9.863,0,2.729,0,0,0,0,0,0,0,8.041,85.003,0,0,0,0,0,0,0,0,2.222,244.839,4.792,2.022,37.659,0,0,10.497,173.551,0,12.754,2.177,1.806,0
D300257:bin_000004,0,0,0,0,0,0,0,0,0,0,0,0,0,0,0,0,0,0,0,0,0,0,0,0,0,0,0,0,0,0,0,0,0,0,0,0,0,0,0,0,0,0
D300257:bin_000017,0,0,1.787,0,0,0,0,0,2.203,0,0,0,0,0,0,1.82,0,0,0,5.052,0,0,0,2.53,2.436,0,3.268,0,1.614,1.633,0,1.694,1.655,0,4.765,1.763,3.71,0,0,3.07,0,0
D300257:bin_000026,0,0,0,0,0,2.459,0,0,4.045,1.587,0,0,0,0,0,2.109,0,0,0,1.892,0,0,0,0,3.866,0,2.886,2.7,3.357,0,0,3.416,4.147,0,0,2.703,4.432,0,3.007,4.084,0,0
D300257:bin_000038,0,0,0,0,0,0,0,0,0,0,0,0,0,0,0,0,0,0,0,0,0,0,0,0,0,0,0,0,0,0,0,0,0,0,0,0,0,0,0,0,0,0
D300258:bin_000001,0,0,5.765,0,0,3.506,5.599,0,7.075,0,4.391,0,1.378,0,0,2.771,0,0,1.518,1.407,1.659,0,0,3.38,8.466,1.93,4.845,2.332,10.041,2.374,3.925,6.529,7.5,0,0,3.376,7.963,3.929,6.302,8.701,0,0
D300258:bin_000003,0,0,3.58,0,0,2.307,1.963,0,4.577,2.629,2.334,0,0,0,0,4.349,0,0,0,4.849,0,0,0,1.97,11.521,3.58,4.501,2.807,5.249,1.41,2.842,3.928,5.851,2.275,0,9.634,10.087,10.595,15.22,4.412,0,0
D300258:bin_000012,4.978,0,4.603,0,1.791,3.086,3.655,0,7.873,2.525,6.463,0,0,0,0,4.448,0,0,6.829,3.596,0,0,0,2.904,10.385,0,5.434,4.189,9.726,0,3.08,7.032,8.354,0,0,5.378,10.603,6.427,14.167,6.764,2.034,0
D300258:bin_000053,1.404,0,2.231,0,1.508,2.756,2.171,0,4.935,3.446,1.581,0,0,0,0,2.53,0,0,1.61,3.542,0,0,1.696,3.844,10.172,0,2.835,1.753,5.44,1.785,2.605,5.598,3.775,0,0,6.479,6.372,4.566,3.283,3.891,0,0
D300259:bin_000025,3.108,0,6.262,0,0,4.384,3.088,0,8.122,3.587,7.303,0,2.885,0,0,6.251,0,0,7.787,4.288,0,0,0,5.796,17.135,4.872,4.119,8.143,9.771,1.825,3.619,12.529,9.706,3.193,0,7.293,18.672,9.754,11.326,14.68,0,1.954
D300260:bin_000003,0,0,4.528,0,0,3.367,2.156,0,6.592,2.192,2.089,0,1.684,0,0,3.71,0,0,3.66,1.859,0,0,1.464,1.65,13.757,0,6.036,8.143,5.343,0,2.43,7.624,6.921,0,0,3.377,5.73,4.62,5.015,7.329,0,0
D300261:bin_000003,0,0,3.439,0,0,3.186,3.471,0,4.571,1.781,2.975,0,0,0,0,2.522,0,0,2.18,0,0,0,0,3.284,5.488,3.223,3.775,4.387,5.45,0,2.321,5.152,6.84,0,0,3.52,5.322,3.312,5.822,5.448,0,0
D300262:bin_000009,0,0,0,0,0,0,0,0,0,0,0,0,0,0,0,0,0,0,0,0,0,0,0,0,0,0,0,0,0,0,0,0,0,0,0,0,0,0,0,0,0,0
D300262:bin_000011,5.334,0,8.192,3.266,3.476,9.174,6.361,1.676,26.167,9.274,4.548,0,5.1,0,0,11.105,0,3.224,10.386,11.491,1.603,0,4.914,8.172,36.089,5.05,13.063,9.768,27.608,6.624,8.722,17.534,17.566,3.343,6.243,17.089,27.605,14.823,18.379,18.045,5.384,4.615
D300262:bin_000022,2.186,0,1.463,0,0,0,0,0,5.149,2.357,0,0,0,0,0,1.997,0,0,1.486,2.475,0,0,0,2.99,7.334,0,1.915,3.459,5.506,3.758,0,2.574,2.941,0,0,4.233,5.897,1.758,1.907,2.946,0,0
D300262:bin_000032,4.935,0,8.949,3.847,1.803,5.176,2.422,1.45,18.229,5.083,7.901,0,3.567,0,0,9.246,0,0,4.661,7.081,0,0,0,5.672,21.934,4.26,6.872,7.743,15.955,2.427,5.623,17.415,10.89,4.485,3.142,15.73,23.619,10.044,17.608,11.921,2.312,2.44
D300263:bin_000027,0,0,0,0,0,0,0,0,0,0,0,0,0,0,0,0,0,0,0,0,0,0,0,0,0,0,0,0,0,0,0,0,0,0,0,0,0,0,0,0,0,0
D300264:bin_000001,0,0,0,0,0,0,0,0,0,0,0,0,0,0,0,0,0,0,0,0,0,0,0,0,0,0,0,0,0,0,0,0,0,0,0,0,0,0,0,0,0,0
D300264:bin_000003,0,0,0,0,0,0,0,0,0,0,0,0,0,0,0,0,0,0,0,0,0,0,0,0,0,0,0,0,0,0,0,0,0,0,0,0,0,0,0,0,0,0
D300264:bin_000004,0,0,0,0,0,0,0,0,0,0,0,0,0,0,0,0,0,0,0,0,0,0,0,0,0,0,0,0,0,0,0,0,0,0,0,0,0,0,0,0,0,0
D300264:bin_000007,0,0,0,0,0,0,0,0,0,0,0,0,0,0,0,0,0,0,0,0,0,0,0,0,0,0,0,0,0,0,0,0,0,0,0,0,0,0,0,0,0,0
D300264:bin_000013,0,0,0,0,0,0,0,0,0,0,0,0,0,0,0,0,0,0,0,0,0,0,0,0,0,0,0,0,0,0,0,0,0,0,0,0,0,0,0,0,0,0
D300264:bin_000017,0,0,0,0,0,0,0,0,0,0,0,0,0,0,0,0,0,0,0,0,0,0,0,0,0,0,0,0,0,0,0,0,0,0,0,0,0,0,0,0,0,0
D300264:bin_000018,0,0,0,0,0,0,0,0,0,0,0,0,0,0,0,0,0,0,0,0,0,0,0,0,0,0,0,0,0,0,0,0,0,0,0,0,0,0,0,0,0,0
D300264:bin_000019,0,0,0,0,0,0,0,0,0,0,0,0,0,0,0,0,0,0,0,0,0,0,0,0,0,0,0,0,0,0,0,0,0,0,0,0,0,0,0,0,0,0
D300264:bin_000020,0,0,0,0,0,0,0,0,0,0,0,0,0,0,0,0,0,0,0,0,0,0,0,0,0,0,0,0,0,0,0,0,0,0,0,0,0,0,0,0,0,0
D300264:bin_000021,0,0,0,0,0,0,0,0,0,0,0,0,0,0,0,0,0,0,0,0,0,0,0,0,0,0,0,0,0,0,0,0,0,0,0,0,0,0,0,0,0,0
D300264:bin_000022,0,0,0,0,0,0,0,0,0,0,0,0,0,0,0,0,0,0,0,0,0,0,0,0,0,0,0,0,0,0,0,0,0,0,0,0,0,0,0,0,0,0
D300264:bin_000023,0,0,0,0,0,0,0,0,0,0,0,0,0,0,0,0,0,0,0,0,0,0,0,0,2.223,0,0,0,0,0,1.54,0,0,0,0,0,0,0,0,1.898,0,0
D300264:bin_000028,0,0,0,0,0,0,0,0,0,0,0,0,0,0,0,0,0,0,0,0,0,0,0,0,1.463,0,0,0,0,0,0,0,0,0,0,0,0,0,0,1.71,0,0
D300264:bin_000033,0,0,0,0,0,0,0,0,0,0,0,0,0,0,0,0,0,0,0,0,0,0,0,0,0,0,0,0,0,0,0,0,0,0,0,0,0,0,0,0,0,0
D300264:bin_000035,0,0,0,0,0,0,0,0,0,0,0,0,0,0,0,0,0,0,0,0,0,0,0,0,0,0,0,0,0,0,0,0,0,0,0,0,0,0,0,0,0,0
D300264:bin_000036,0,0,0,0,0,0,0,0,0,0,0,0,0,0,0,0,0,0,0,0,0,0,0,0,0,0,0,0,0,0,0,0,0,0,0,0,0,0,0,0,0,0
D300264:bin_000043,0,0,0,0,0,0,0,0,0,0,0,0,0,0,0,0,0,0,0,0,0,0,0,0,0,0,0,0,0,0,0,0,0,0,0,0,0,0,0,0,0,0
D300265:bin_000012,0,0,0,0,0,0,0,0,1.47,0,0,0,0,0,0,0,0,0,0,0,0,0,0,0,2.331,0,0,0,0,0,0,0,0,0,0,0,2.106,0,1.988,1.552,0,0
D300265:bin_000013,13.142,0,21.741,4.374,5.238,15.515,13.661,1.953,36.869,9.955,11.418,0,8.644,1.652,0,23.337,1.26,4.672,11.318,12.028,3.319,0,0,14.962,53.442,12.052,19.307,31.331,34.332,9.308,13.492,40.478,26.132,6.649,7.079,24.486,48.261,34.705,39.776,41.424,5.503,5.323
JPB:bin_000001,0,0,0,0,0,0,0,0,0,0,0,0,0,0,0,0,0,0,0,0,0,0,0,0,0,0,0,0,0,0,0,0,0,0,0,0,0,0,0,0,0,0
JPB:bin_000003,0,0,0,0,0,0,0,0,0,0,0,0,0,0,0,0,0,0,0,0,0,0,0,0,0,0,0,0,0,0,0,0,0,0,0,0,0,0,0,0,0,0
JPB:bin_000004,0,0,0,0,0,0,0,0,0,0,0,0,0,0,0,0,0,0,0,0,0,0,0,0,0,0,0,0,0,0,0,0,0,0,0,0,0,0,0,0,0,0
JPB:bin_000005,0,0,0,0,0,0,0,0,0,0,0,0,0,0,0,0,0,0,0,0,0,0,0,0,0,0,0,0,0,0,0,0,0,0,0,0,0,0,0,0,0,0
JPB:bin_000007,0,0,1.404,0,0,0,0,0,0,0,0,0,0,0,0,0,0,0,0,0,0,0,0,0,0,0,0,0,0,0,0,0,0,0,0,0,0,0,0,0,0,0
JPB:bin_000009,0,0,0,0,0,0,0,0,0,0,0,0,0,0,0,0,0,0,0,0,0,0,0,0,0,0,0,0,0,0,0,0,0,0,0,0,0,0,0,0,0,0
JPB:bin_000010,0,0,0,0,0,0,0,0,0,0,0,0,0,0,0,0,0,0,0,0,0,0,0,0,0,0,0,0,0,0,0,0,0,0,0,0,0,0,0,0,0,0
JPB:bin_000012,0,0,0,0,0,0,0,0,0,0,0,0,0,0,0,0,0,0,0,0,0,0,0,0,0,0,0,0,0,0,0,0,0,0,0,0,0,0,0,0,0,0
JPB:bin_000014,5.192,0,2.528,0,0,3.487,0,0,3.651,2.901,1.715,0,0,0,0,2.837,0,0,1.437,3.463,0,0,0,4.032,10.405,2.512,1.874,1.728,4.151,0,2.073,5.442,5.16,4.3,2.162,5.109,6.339,0,5.421,6.113,0,0
JPB:bin_000015,0,0,0,0,0,0,0,0,0,0,0,0,0,0,0,0,0,0,0,0,0,0,0,0,0,0,0,0,0,0,0,0,0,0,0,0,0,0,0,0,0,0
JPB:bin_000017,0,0,0,0,0,0,0,0,0,0,0,0,0,0,0,0,0,0,0,0,0,0,0,0,0,0,0,0,0,0,0,0,0,0,0,0,0,0,0,0,0,0
JPB:bin_000018,0,0,0,0,0,0,0,0,0,0,0,0,0,0,0,0,0,0,0,0,0,0,0,0,0,0,0,0,0,0,0,0,0,0,0,0,0,0,0,0,0,0
JPB:bin_000019,0,0,0,0,0,0,0,0,0,0,0,0,0,0,0,0,0,0,0,0,0,0,0,0,0,0,0,0,0,0,0,0,0,0,0,0,0,0,0,0,0,0
JPB:bin_000020,0,0,0,0,0,0,0,0,0,0,0,0,0,0,0,0,0,0,0,0,0,0,0,0,0,0,0,0,0,0,0,0,0,0,0,0,0,0,0,0,0,0
JPB:bin_000021,0,0,0,0,0,0,0,0,0,0,0,0,0,0,0,0,0,0,0,0,0,0,0,0,0,0,0,0,0,0,0,0,0,0,0,0,0,0,0,0,0,0
JPB:bin_000022,0,0,0,0,0,0,0,0,0,0,0,0,0,0,0,0,0,0,0,0,0,0,0,0,2.434,0,0,0,1.981,0,0,1.384,2.208,0,0,0,0,0,1.778,0,0,0
JPB:bin_000023,0,0,0,0,0,0,0,0,0,0,0,0,0,0,0,0,0,0,0,0,0,0,0,0,0,0,0,0,0,0,0,0,0,0,0,0,0,0,0,0,0,0
JPB:bin_000024,0,0,0,0,0,0,0,0,0,0,0,0,0,0,0,0,0,0,0,0,0,0,0,0,0,0,0,0,0,0,0,0,0,0,0,0,0,0,0,0,0,0
JPB:bin_000025,0,0,0,0,0,0,0,0,0,0,0,0,0,0,0,0,0,0,0,0,0,0,0,0,0,0,0,0,0,0,0,0,0,0,0,0,0,0,0,0,0,0
JPB:bin_000026,0,0,0,0,0,0,0,0,0,0,0,0,0,0,0,0,0,0,0,0,0,0,0,0,3.427,0,0,0,0,0,0,1.692,2.188,0,0,0,0,0,1.936,0,0,0
JPB:bin_000027,0,0,0,0,0,0,0,0,0,0,0,0,0,0,0,0,0,0,0,0,0,0,0,0,0,0,0,0,0,0,0,0,0,0,0,0,0,0,0,0,0,0
JPB:bin_000028,0,0,0,0,0,0,0,0,0,0,0,0,0,0,0,0,0,0,0,0,0,0,0,0,0,0,0,0,0,0,0,0,0,0,0,0,0,0,0,0,0,0
JPB:bin_000029,0,0,0,0,0,0,0,0,0,0,0,0,0,0,0,0,0,0,0,0,0,0,0,0,0,0,0,0,0,0,0,0,0,0,0,0,0,0,0,0,0,0
JPB:bin_000030,0,0,0,0,0,0,0,0,0,0,0,0,0,0,0,0,0,0,0,0,0,0,0,0,0,0,0,0,0,0,0,0,0,0,0,0,0,0,0,0,0,0
JPB:bin_000032,0,0,0,0,0,0,0,0,0,0,0,0,0,0,0,0,0,0,0,0,0,0,0,0,2.099,0,0,0,0,0,0,0,0,0,0,0,0,0,0,0,0,0
JPB:bin_000033,0,0,0,0,0,0,0,0,0,0,0,0,0,0,0,0,0,0,0,0,0,0,0,0,0,0,0,0,0,0,0,0,0,0,0,0,0,0,0,0,0,0
JPB:bin_000034,0,0,0,0,0,0,0,0,0,0,0,0,0,0,0,0,0,0,0,0,0,0,0,0,0,0,0,0,0,0,0,0,0,0,0,0,0,0,0,0,0,0
JPB:bin_000035,0,0,0,0,0,0,0,0,0,0,0,0,0,0,0,0,0,0,0,0,0,0,0,0,0,0,0,0,0,0,0,0,0,0,0,0,0,0,0,0,0,0
JPB:bin_000036,0,0,0,0,0,0,0,0,0,0,0,0,0,0,0,0,0,0,0,0,0,0,0,0,0,0,0,0,0,0,0,0,0,0,0,0,0,0,0,0,0,0
JPB:bin_000037,1.592,0,2.145,0,0,1.937,0,0,4.613,0,0,0,0,0,0,1.611,0,0,1.606,0,0,0,0,0,2.721,0,1.839,0,2.211,0,0,3.385,3.166,0,0,4.045,4.956,1.618,4.313,3.775,0,0
JPB:bin_000039,0,0,0,0,0,0,0,0,0,0,0,0,0,0,0,0,0,0,0,0,0,0,0,0,0,0,0,0,0,0,0,0,0,0,0,0,0,0,0,0,0,0
JPB:bin_000040,0,0,0,0,0,0,0,0,0,0,0,0,0,0,0,0,0,0,0,0,0,0,0,0,0,0,0,0,0,0,0,0,0,0,0,0,0,0,0,0,0,0
JPB:bin_000042,0,0,0,0,0,0,0,0,0,0,0,0,0,0,0,0,0,0,0,0,0,0,0,0,0,0,0,0,0,0,0,0,0,0,0,0,0,0,0,0,0,0
JPB:bin_000043,0,0,0,0,0,0,0,0,0,0,0,0,0,0,0,0,0,0,0,0,0,0,0,0,0,0,0,0,0,0,0,0,0,0,0,0,0,0,0,0,0,0
JPB:bin_000045,38.984,1.923,64.786,23.999,4.262,24.87,34.568,9.017,142.736,49.78,26.308,2.516,4.933,4.672,0,52.325,2.516,3.838,55.952,34.59,11.984,0,1.231,38.374,178.493,54.713,61.963,44.067,104.459,18.709,46.143,79.87,76.674,3.622,11.468,74.53,285.105,97.422,95.896,110.138,7.634,10.577
JPB:bin_000046,1.466,0,0,0,0,0,0,0,0,0,0,0,0,0,0,0,0,0,0,0,0,0,0,0,0,0,0,0,0,0,0,2.379,0,0,0,1.276,0,0,0,1.759,0,0
JPB:bin_000047,0,0,0,0,0,0,0,0,0,0,0,0,0,0,0,0,0,0,0,0,0,0,0,0,0,0,0,0,0,0,0,0,0,0,0,0,0,0,0,0,0,0
JPB:bin_000048,0,0,0,0,0,0,0,0,0,0,0,0,0,0,0,0,0,0,0,0,0,0,0,0,0,0,0,0,0,0,0,0,0,0,0,0,0,0,0,0,0,0
JPB:bin_000050,0,0,0,0,0,0,0,0,0,0,0,0,0,0,0,0,0,0,0,0,0,0,0,0,0,0,0,0,0,0,0,0,0,0,0,0,0,0,0,0,0,0
JPB:bin_000051,0,0,0,0,0,0,0,0,0,0,0,0,0,0,0,0,0,0,0,0,0,0,0,0,0,0,0,0,0,0,0,0,0,0,0,0,0,0,0,0,0,0
JPB:bin_000052,0,0,0,0,0,0,0,0,0,0,0,0,0,0,0,0,0,0,0,0,0,0,0,0,0,0,0,0,0,0,0,0,0,0,0,0,0,0,0,0,0,0
JPB:bin_000053,0,0,0,0,0,0,0,0,0,0,0,0,0,0,0,0,0,0,0,0,0,0,0,0,0,0,0,0,0,0,0,0,0,0,0,0,0,0,0,0,0,0
JPB:bin_000054,0,0,0,0,0,0,0,0,0,0,0,0,0,0,0,0,0,0,0,0,0,0,0,0,0,0,0,0,0,0,0,0,0,0,0,0,0,0,0,0,0,0
JPB:bin_000056,0,0,0,0,0,0,0,0,0,0,0,0,0,0,0,0,0,0,0,0,0,0,0,0,0,0,0,0,0,0,0,0,0,0,0,0,0,0,0,0,0,0
JPB:bin_000057,0,0,0,0,0,0,0,0,0,0,0,0,0,0,0,0,0,0,0,0,0,0,0,0,0,0,0,0,0,0,0,0,0,0,0,0,0,0,0,0,0,0
JPB:bin_000059,0,0,0,0,0,1.677,0,0,3.644,2.024,0,0,0,0,0,0,0,0,0,2.416,0,0,0,1.665,3.777,0,2.649,0,3.49,2.078,1.421,3.764,3.723,0,0,3.832,4.437,1.618,0,3.32,0,0
JPB:bin_000060,0,0,0,0,0,0,0,0,0,0,0,0,0,0,0,0,0,0,0,0,0,0,0,0,0,0,0,0,0,0,0,0,0,0,0,0,0,0,0,0,0,0
JPB:bin_000061,0,0,0,0,0,1.423,0,0,1.826,0,0,0,0,0,0,1.259,0,0,0,0,0,0,0,0,2.103,0,0,0,0,0,0,1.856,0,0,0,0,2.681,1.475,2.039,0,0,0
JPB:bin_000062,0,0,0,0,0,0,0,0,0,0,0,0,0,0,0,0,0,0,0,0,0,0,0,0,0,0,0,0,0,0,0,0,0,0,0,0,0,0,0,0,0,0
JPB:bin_000063,0,0,2.51,0,0,0,0,0,4.095,1.552,0,0,0,0,0,3.258,0,0,1.392,1.588,0,0,0,0,5.016,1.419,2.319,0,2.633,0,1.9,3.392,3.596,1.8,0,2.901,6.076,2.975,7.429,3.457,0,0
JPB:bin_000064,0,0,0,0,0,0,0,0,0,0,0,0,0,0,0,0,0,0,0,0,0,0,0,0,0,0,0,0,0,0,0,0,0,0,0,0,0,0,0,0,0,0
JPB:bin_000065,0,0,0,0,0,0,0,0,0,0,0,0,0,0,0,0,0,0,0,0,0,0,0,0,0,0,0,0,0,0,0,0,0,0,0,0,0,0,0,0,0,0
JPB:bin_000066,0,0,0,0,0,0,0,0,0,0,0,0,0,0,0,0,0,0,0,0,0,0,0,0,0,0,0,0,0,0,0,0,0,0,0,0,0,0,0,0,0,0
JPB:bin_000067,2.479,0,2.134,0,0,2.389,0,0,3.248,1.628,2.004,0,0,0,0,3.467,0,0,1.864,2.915,0,0,0,0,6.39,1.598,2.695,2.724,3.285,0,2.189,5.019,3.005,0,1.359,3.327,4.285,2.677,6.74,5.379,0,0
JPB:bin_000068,0,0,0,0,0,0,0,0,0,0,0,0,0,0,0,0,0,0,0,0,0,0,0,0,0,0,0,0,0,0,0,0,0,0,0,0,0,0,0,0,0,0
JPB:bin_000069,0,0,2.139,0,0,0,0,0,0,0,2.008,0,0,0,0,0,0,0,0,1.963,0,0,0,0,2.123,0,0,0,0,0,0,1.804,1.494,0,0,0,2.081,0,1.439,0,0,0
JPB:bin_000070,0,0,0,0,0,0,0,0,0,0,0,0,0,0,0,0,0,0,0,0,0,0,0,0,0,0,0,0,0,0,0,0,0,0,0,0,0,0,0,0,0,0
JPB:bin_000071,0,0,0,0,0,0,0,0,0,0,0,0,0,0,0,0,0,0,0,0,0,0,0,0,0,0,0,0,0,0,0,0,0,0,0,0,0,0,0,0,0,0
JPB:bin_000073,0,0,0,0,0,0,0,0,0,0,0,0,0,0,0,0,0,0,0,0,0,0,0,0,0,0,0,0,0,0,0,0,0,0,0,0,0,0,0,0,0,0
JPB:bin_000074,0,0,0,0,0,0,0,0,2.113,0,0,0,0,0,0,1.668,0,0,0,0,0,0,0,0,3.761,0,0,0,2.363,0,0,2.763,2.743,0,0,3.379,3.281,2.304,2.429,4.016,0,0
JPB:bin_000075,0,0,3.04,1.467,0,0,1.612,0,3.06,0,2.286,0,0,0,0,3.048,0,0,1.826,2.752,0,0,0,1.562,5.967,1.775,3.944,2.114,4.626,0,1.558,4.588,6.122,0,0,6.659,6.781,3.768,7.656,4.894,0,0
JPB:bin_000076,0,0,0,0,0,0,0,0,0,0,0,0,0,0,0,0,0,0,0,0,0,0,0,0,0,0,0,0,0,0,0,0,0,0,0,0,0,0,0,0,0,0
JPB:bin_000077,0,0,0,0,0,0,0,0,0,0,0,0,0,0,0,0,0,0,0,0,0,0,0,0,0,0,0,0,0,0,0,0,0,0,0,0,0,0,0,0,0,0
JPB:bin_000078,0,0,0,0,0,0,0,0,0,0,0,0,0,0,0,0,0,0,0,0,0,0,0,0,0,0,0,0,0,0,0,0,0,0,0,0,0,0,0,0,0,0
JPB:bin_000079,0,0,0,0,0,0,0,0,0,0,0,0,0,0,0,0,0,0,0,0,0,0,0,0,0,0,0,0,0,0,0,0,0,0,0,0,0,0,0,0,0,0
JPB:bin_000080,0,0,0,0,0,0,0,0,0,0,0,0,0,0,0,0,0,0,0,0,0,0,0,0,0,0,0,0,0,0,0,0,0,0,0,0,0,0,0,0,0,0
JPB:bin_000081,9.791,0,12.678,3.026,2.553,9.255,7.035,1.568,25.708,2.534,6.896,0,2.031,0,0,17.116,0,2.689,4.591,12.97,1.604,3.051,0,4.541,35.057,6.589,13.916,12.526,21.112,2.27,10.871,33.174,22.112,1.876,6.019,18.391,26.792,15.093,39.484,15.75,2.523,3.17
JPB:bin_000082,0,0,0,0,0,0,0,0,0,0,0,0,0,0,0,0,0,0,0,0,0,0,0,0,0,0,0,0,0,0,0,0,0,0,0,0,0,0,0,0,0,0
JPB:bin_000083,0,0,0,0,0,0,0,0,0,0,0,0,0,0,0,0,0,0,0,0,0,0,0,0,0,0,0,0,0,0,0,0,0,0,0,0,0,0,0,0,0,0
JPB:bin_000084,0,0,0,0,0,0,0,0,0,0,0,0,0,0,0,0,0,0,0,0,0,0,0,0,0,0,0,0,0,0,0,0,0,0,0,0,0,0,0,0,0,0
JPB:bin_000085,0,0,0,0,0,0,0,0,0,0,0,0,0,0,0,0,0,0,0,0,0,0,0,0,0,0,0,0,0,0,0,0,0,0,0,0,0,0,0,0,0,0
JPB:bin_000086,0,0,0,0,0,0,0,0,0,0,0,0,0,0,0,0,0,0,0,0,0,0,0,0,0,0,0,0,0,0,0,0,0,0,0,0,0,0,0,0,0,0
JPB:bin_000087,0,0,0,0,0,0,0,0,0,0,0,0,0,0,0,0,0,0,0,0,0,0,0,0,1.772,0,0,0,0,0,0,1.246,0,0,0,0,0,0,2.587,2.111,0,0
JPB:bin_000088,0,0,0,0,0,0,0,0,0,0,0,0,0,0,0,0,0,0,0,0,0,0,0,0,0,0,0,0,0,0,0,0,0,0,0,0,0,0,0,0,0,0
JPB:bin_000089,0,0,0,0,0,0,0,0,0,0,0,0,0,0,0,0,0,0,0,0,0,0,0,0,0,0,0,0,0,0,0,0,0,0,0,0,0,0,0,0,0,0
JPB:bin_000090,0,0,0,0,0,0,0,0,0,0,0,0,0,0,0,0,0,0,0,0,0,0,0,0,0,0,0,0,0,0,0,0,0,0,0,0,0,0,0,0,0,0
JPB:bin_000091,0,0,0,0,0,0,0,0,0,0,0,0,0,0,0,0,0,0,0,0,0,0,0,0,0,0,0,0,0,0,0,0,0,0,0,0,0,0,0,0,0,0
JPB:bin_000092,0,0,0,0,0,0,0,0,0,0,0,0,0,0,0,0,0,0,0,0,0,0,0,0,0,0,0,0,0,0,0,0,0,0,0,0,0,0,0,0,0,0
JPB:bin_000093,0,0,0,0,0,0,0,0,0,0,0,0,0,0,0,0,0,0,0,0,0,0,0,0,0,0,0,0,0,0,0,0,0,0,0,0,0,0,0,0,0,0
JPB:bin_000094,0,0,0,0,0,0,0,0,0,0,0,0,0,0,0,0,0,0,0,0,0,0,0,0,0,0,0,0,0,0,0,0,0,0,0,0,0,0,0,0,0,0
JPB:bin_000095,0,0,0,0,0,0,0,0,0,0,0,0,0,0,0,0,0,0,0,0,0,0,0,0,0,0,0,0,0,0,0,0,0,0,0,0,0,0,0,0,0,0
JPB:bin_000096,0,0,0,0,0,0,0,0,0,0,0,0,0,0,0,0,0,0,0,0,0,0,0,0,0,0,0,0,0,0,0,0,0,0,0,0,0,0,0,0,0,0
JPB:bin_000098,0,0,0,0,0,0,0,0,0,0,0,0,0,0,0,0,0,0,0,0,0,0,0,0,0,0,0,0,0,0,0,0,0,0,0,0,0,0,0,0,0,0
JPB:bin_000099,0,0,1.972,0,0,0,0,0,2.66,0,0,0,0,0,0,2.542,0,0,0,0,0,0,0,0,5.724,0,0,1.827,4.561,0,0,2.356,2.169,0,0,1.976,3.204,3.91,5.275,2.471,0,0
JPB:bin_000100,0,0,0,0,0,0,0,0,0,0,0,0,0,0,0,0,0,0,0,0,0,0,0,0,0,0,0,0,0,0,0,0,0,0,0,0,0,0,0,0,0,0
JPB:bin_000101,0,0,0,0,0,0,0,0,0,0,0,0,0,0,0,0,0,0,0,0,0,0,0,0,0,0,0,0,0,0,0,0,0,0,0,0,0,0,0,0,0,0
JPB:bin_000103,0,0,0,0,0,0,0,0,0,0,0,0,0,0,0,0,0,0,0,0,0,0,0,0,0,0,0,0,0,0,0,0,0,0,0,0,0,0,0,0,0,0
JPB:bin_000105,0,0,0,0,0,0,0,0,0,0,0,0,0,0,0,0,0,0,0,0,0,0,0,0,0,0,0,0,0,0,0,0,0,0,0,0,0,0,0,0,0,0
JPB:bin_000106,0,0,1.603,0,0,0,0,0,2.734,2.497,0,0,0,0,0,0,0,0,0,0,0,0,0,0,3.568,0,0,0,2.207,0,0,2.879,0,0,0,4.09,0,0,0,0,0,0
JPB:bin_000107,0,0,0,0,0,0,0,0,0,0,0,0,0,0,0,0,0,0,0,0,0,0,0,0,0,0,0,0,0,0,0,0,0,0,0,0,0,0,0,0,0,0
JPB:bin_000108,0,0,0,0,0,0,0,0,0,0,0,0,0,0,0,0,0,0,0,0,0,0,0,0,0,0,0,0,0,0,0,0,0,0,0,0,0,0,0,0,0,0
JPB:bin_000109,0,0,0,0,0,0,0,0,0,0,0,0,0,0,0,0,0,0,0,0,0,0,0,0,0,0,0,0,0,0,0,0,0,0,0,0,0,0,0,0,0,0
JPB:bin_000110,0,0,0,0,0,0,0,0,0,0,0,0,0,0,0,0,0,0,0,0,0,0,0,0,0,0,0,0,0,0,0,0,0,0,0,0,0,0,0,0,0,0
JPB:bin_000111,0,0,0,0,0,0,0,0,0,0,0,0,0,0,0,0,0,0,0,0,0,0,0,0,0,0,0,0,0,1.485,0,0,0,0,0,0,0,0,0,0,0,0
JPB:bin_000112,0,0,0,0,0,0,0,0,0,0,0,0,0,0,0,0,0,0,0,0,0,0,0,0,0,0,0,0,0,0,0,0,0,0,0,0,0,0,0,0,0,0
JPB:bin_000113,0,0,0,0,0,0,0,0,3.6,0,0,0,0,0,0,0,0,0,0,0,0,0,0,0,0,0,1.661,0,0,0,0,0,0,0,0,1.475,0,0,0,0,0,0
JPB:bin_000114,1.711,0,1.571,0,0,1.648,0,0,2.172,0,0,0,0,0,0,2.203,0,0,1.768,2.191,0,0,0,1.367,3.934,0,1.623,2.578,2.872,0,1.578,5.015,2.562,0,0,2.747,4.381,2.019,3.789,4.434,0,0
JPB:bin_000115,0,0,0,0,0,0,0,0,0,0,0,0,0,0,0,0,0,0,0,0,0,0,0,0,0,0,0,0,0,0,0,0,0,0,0,0,0,0,0,0,0,0
JPB:bin_000116,0,0,0,0,0,0,0,0,0,0,0,0,0,0,0,0,0,0,0,0,0,0,0,0,0,0,0,0,0,0,0,0,0,0,0,0,0,0,0,0,0,0
JPB:bin_000117,0,0,0,0,0,0,0,0,0,0,0,0,0,0,0,0,0,0,0,0,0,0,0,0,0,0,0,0,0,0,0,0,0,0,0,0,0,0,0,0,0,0
JPB:bin_000118,0,0,0,0,0,0,0,0,0,0,0,0,0,0,0,0,0,0,0,0,0,0,0,0,0,0,0,0,0,0,0,0,0,0,0,0,0,0,0,0,0,0
JPB:bin_000119,0,0,0,0,0,0,0,0,0,0,0,0,0,0,0,0,0,0,0,0,0,0,0,0,0,0,0,0,0,0,0,0,0,0,0,0,0,0,0,0,0,0
JPB:bin_000120,0,0,0,0,0,0,0,0,0,0,0,0,0,0,0,0,0,0,0,0,0,0,0,0,0,0,0,0,0,0,0,0,0,0,0,0,0,0,0,0,0,0
JPB:bin_000121,0,0,0,0,0,0,0,0,0,0,0,0,0,0,0,0,0,0,0,0,0,0,0,0,0,0,0,0,0,0,0,0,0,0,0,0,0,0,0,0,0,0
JPB:bin_000122,0,0,0,0,0,0,0,0,0,0,0,0,0,0,0,0,0,0,0,0,0,0,0,0,0,0,0,0,0,0,0,0,0,0,0,0,0,0,0,0,0,0
JPB:bin_000123,0,0,0,0,0,0,0,0,0,0,0,0,0,0,0,0,0,0,0,0,0,0,0,0,0,0,0,0,0,0,0,0,0,0,0,0,0,0,0,0,0,0
JPB:bin_000124,0,0,0,0,0,0,0,0,0,0,0,0,0,0,0,0,0,0,0,0,0,0,0,0,0,0,0,0,0,0,0,0,0,0,0,0,0,0,0,0,0,0
JPB:bin_000125,0,0,0,0,0,0,0,0,0,0,0,0,0,0,0,0,0,0,0,0,0,0,0,0,0,0,0,0,0,0,0,0,0,0,0,0,0,0,0,0,0,0
JPB:bin_000126,0,0,0,0,0,0,0,0,0,0,0,0,0,0,0,0,0,0,0,0,0,0,0,0,0,0,0,0,0,0,0,0,0,0,0,0,0,0,0,0,0,0
JPB:bin_000127,0,0,1.864,0,0,0,0,0,5.731,1.506,2.382,0,0,0,0,2.018,0,0,0,0,0,0,0,1.774,7.54,0,2.177,2.625,3.208,0,1.831,4.651,0,0,0,3.16,4.572,0,6.207,3.432,0,0
JPB:bin_000128,0,0,0,0,0,0,0,0,0,0,0,0,0,0,0,0,0,0,0,0,0,0,0,0,0,0,0,0,0,0,0,0,0,0,0,0,0,0,0,0,0,0
JPB:bin_000130,0,0,0,0,0,0,0,0,0,0,0,0,0,0,0,0,0,0,0,0,0,0,0,0,0,0,0,0,0,0,0,0,0,0,0,0,0,0,0,0,0,0
JPB:bin_000132,0,0,2.308,0,0,2.039,0,0,8.548,2.613,2.104,0,0,0,0,2.114,0,1.815,0,2.835,0,0,0,2.463,10.163,0,7.102,3.196,4.983,2.098,1.464,7.032,4.33,1.857,1.754,3.354,6.708,2.711,4.249,5.405,2.696,0
JPB:bin_000133,0,0,0,0,0,0,0,0,0,0,0,0,0,0,0,0,0,0,0,0,0,0,0,0,0,0,0,0,0,0,0,0,0,0,0,0,0,0,0,0,0,0
JPB:bin_000134,0,0,0,0,0,0,0,0,0,0,0,0,0,0,0,0,0,0,0,0,0,0,0,0,0,0,0,0,0,0,0,0,0,0,0,0,0,0,0,0,0,0
JPB:bin_000135,0,0,0,0,0,0,0,0,0,0,0,0,0,0,0,0,0,0,0,0,0,0,0,0,0,0,0,0,0,0,0,0,0,0,0,0,0,0,0,0,0,0
JPB:bin_000137,0,0,0,0,0,0,0,0,0,0,0,0,0,0,0,0,0,0,0,0,0,0,0,0,0,0,0,0,0,0,0,0,0,0,0,0,0,0,0,0,0,0
JPB:bin_000138,0,0,0,0,0,0,0,0,0,0,0,0,0,0,0,0,0,0,0,0,0,0,0,0,0,0,0,0,0,0,0,0,0,0,0,0,0,0,0,0,0,0
JPB:bin_000139,4.098,0,5.46,1.828,2.29,7.793,3.882,1.596,13.28,7.225,3.635,0,1.796,0,0,7.31,0,2.249,7.292,6.423,0,0,2.062,4.904,19.971,2.655,13.082,7.933,13.294,2.28,6.434,16.306,11.266,2.168,3.658,9.287,18.21,12.337,17.25,14.691,4.112,3.161
JPB:bin_000140,0,0,0,0,0,0,0,0,0,0,0,0,0,0,0,0,0,0,0,0,0,0,0,0,0,0,0,0,0,0,0,0,0,0,0,0,0,0,0,0,0,0
JPB:bin_000142,0,0,0,0,0,0,0,0,0,0,0,0,0,0,0,0,0,0,0,0,0,0,0,0,0,0,0,0,0,0,0,0,0,0,0,0,0,0,0,0,0,0
JPB:bin_000144,0,0,2.103,0,0,2.015,0,0,4.806,2.235,0,0,0,0,0,0,0,0,0,0,0,0,0,2.982,7.56,0,3.42,2.458,4.72,0,2.871,4.774,3.339,0,0,4.296,5.322,4.137,5.959,5.141,0,0
JPB:bin_000146,5.409,0,4.765,2.23,0,3.886,4.443,0,10.197,4.567,5.114,0,0,0,0,7.254,0,2.226,2.706,5.632,0,0,0,5.858,24.246,2.899,8.487,5.108,13.339,3.25,4.668,12.158,6.652,3.192,3.123,9.474,12.073,9.344,15.284,11.661,0,1.855
JPB:bin_000147,0,0,0,0,0,0,0,0,0,0,0,0,0,0,0,0,0,0,0,0,0,0,0,0,0,0,0,0,0,0,0,0,0,0,0,0,0,0,0,0,0,0
JPB:bin_000148,0,0,0,0,0,0,0,0,0,0,0,0,0,0,0,0,0,0,0,0,0,0,0,0,0,0,0,0,0,0,0,0,0,0,0,0,0,0,0,0,0,0
JPB:bin_000149,0,0,0,0,0,0,0,0,0,0,0,0,0,0,0,0,0,0,0,0,0,0,0,0,0,0,0,0,0,0,0,0,0,0,0,0,0,0,0,0,0,0
JPB:bin_000150,0,0,0,0,0,0,0,0,2.908,0,0,0,0,0,0,0,0,0,0,0,0,0,0,0,4.322,0,2.707,0,2.928,0,0,3.508,0,0,0,0,3.973,2.612,3.584,3.149,0,0
JPB:bin_000151,0,0,0,0,0,0,0,0,0,0,0,0,0,0,0,0,0,0,0,0,0,0,0,0,0,0,0,0,0,0,0,0,0,0,0,0,0,0,0,0,0,0
JPB:bin_000152,0,0,0,0,0,0,0,0,0,0,0,0,0,0,0,0,0,0,0,0,0,0,0,0,0,0,0,0,0,0,0,0,0,0,0,0,0,0,0,0,0,0
JPB:bin_000153,0,0,1.768,0,0,2.879,0,0,5.102,1.915,0,0,0,0,0,0,0,0,2.316,0,0,0,0,0,5.527,0,2.154,2.453,0,0,1.825,4.589,0,0,0,3.262,5.047,2.723,3.797,3.681,0,0
JPB:bin_000155,0,0,0,0,0,0,0,0,0,0,0,0,0,0,0,0,0,0,0,0,0,0,0,0,0,0,0,0,0,0,0,0,0,0,0,0,0,0,0,0,0,0
JPB:bin_000156,0,0,0,0,0,0,0,0,0,0,0,0,0,0,0,0,0,0,0,0,0,0,0,0,2.579,0,0,0,0,0,0,0,0,0,0,0,0,0,0,0,0,0
JPB:bin_000157,0,0,0,0,0,0,0,0,0,0,0,0,0,0,0,0,0,0,0,0,0,0,0,0,0,0,0,0,0,0,0,0,0,0,0,0,0,0,0,0,0,0
JPB:bin_000159,0,0,0,0,0,0,0,0,0,0,0,0,0,0,0,0,0,0,0,0,0,0,0,0,0,0,0,0,0,0,0,0,0,0,0,0,0,0,0,0,0,0
JPB:bin_000160,0,0,0,0,0,0,0,0,0,0,0,0,0,0,0,0,0,0,0,0,0,0,0,0,0,0,0,0,0,0,0,0,0,0,0,0,0,0,0,0,0,0
JPB:bin_000162,0,0,0,0,0,0,0,0,0,0,0,0,0,0,0,0,0,0,0,0,0,0,0,0,0,0,0,0,0,0,0,0,0,0,0,0,0,0,0,0,0,0
JPB:bin_000163,0,0,0,0,0,0,0,0,0,0,0,0,0,0,0,0,0,0,0,0,0,0,0,0,0,0,0,0,0,0,0,0,0,0,0,0,0,0,0,0,0,0
JPB:bin_000164,0,0,0,0,0,0,0,0,0,0,0,0,0,0,0,0,0,0,0,0,0,0,0,0,0,0,0,0,0,0,0,0,0,0,0,0,0,0,0,0,0,0
JPB:bin_000165,0,0,0,0,0,0,0,0,0,0,0,0,0,0,0,0,0,0,0,0,0,0,0,0,0,0,0,0,0,0,0,0,0,0,0,0,0,0,0,0,0,0
JPB:bin_000166,17.04,0,27.017,6.982,12.758,30.045,21.576,6.132,60.28,25.71,17.102,0,11.075,1.506,0,28.163,1.903,4.958,18.579,51.755,2.888,0,45.256,34.341,93.842,17.554,38.637,27.98,49.259,15.461,27.608,63.442,30.567,8.207,27.178,60.76,63.249,36.739,37.851,50.901,14.922,10.425
JPB:bin_000167,0,0,0,0,0,0,0,0,0,0,0,0,0,0,0,0,0,0,0,0,0,0,0,0,0,0,0,0,0,0,0,0,0,0,0,0,0,0,0,0,0,0
JPB:bin_000169,0,0,0,0,0,0,0,0,0,0,0,0,0,0,0,0,0,0,0,0,0,0,0,0,0,0,0,0,0,0,0,0,0,0,0,0,0,0,0,0,0,0
JPB:bin_000170,0,0,0,0,0,0,0,0,0,0,0,0,0,0,0,0,0,0,0,0,0,0,0,0,0,0,0,0,0,0,0,0,0,0,0,0,0,0,0,0,0,0
JPB:bin_000171,0,0,0,0,0,0,0,0,1.823,1.373,0,0,0,0,0,0,0,0,0,0,0,0,0,0,2.732,0,0,0,0,0,0,2.465,0,0,0,2.436,2.73,0,0,2.061,0,0
JPB:bin_000172,2.444,0,3.091,0,1.831,5.688,3.888,0,10.087,6.757,2.829,0,1.769,0,0,4.615,0,1.915,5.282,5.187,0,0,25.918,5.267,13.729,12.134,11.273,4.004,16.947,1.491,3.461,8.192,7.582,1.81,3.616,10.11,14.563,3.419,8.104,5.596,6.813,2.155
JPB:bin_000173,10.893,0,7.404,3.442,2.659,11.297,5.097,2.016,34.439,17.559,9.725,0,2.047,1.528,0,13.214,0,5.62,10.776,11.866,0,0,1.921,24.465,70.816,11.548,12.586,7.388,25.425,2.733,5.375,34.125,13.615,2.114,5.547,31.025,32.994,17.122,30.789,33.816,2.952,2.489
JPB:bin_000174,0,0,0,0,0,0,0,0,0,0,0,0,0,0,0,0,0,0,0,0,0,0,0,0,0,0,0,0,0,0,0,0,0,0,0,0,0,0,0,0,0,0
JPB:bin_000175,0,0,0,0,0,0,0,0,0,0,0,0,0,0,0,0,0,0,0,0,0,0,0,0,0,0,0,0,0,0,0,0,0,0,0,0,0,0,0,0,0,0
JPB:bin_000176,0,0,2.108,0,0,2.719,0,0,4.707,2.34,0,0,0,0,0,2.51,0,0,2.419,2.11,0,0,0,1.827,7.087,0,4.23,2.766,4.776,0,2.203,5.737,4.006,0,0,3.262,6.255,4.061,5.738,5.282,0,0
JPB:bin_000177,0,0,0,0,0,0,0,0,0,0,0,0,0,0,0,0,0,0,0,0,0,0,0,0,0,0,0,0,0,0,0,0,0,0,0,0,0,0,0,0,0,0
JPB:bin_000178,2.473,0,1.427,0,0,1.348,0,0,5.147,3.985,1.504,0,0,0,0,1.721,0,0,0,2.516,0,0,0,2.698,7.47,1.35,0,0,2.463,0,0,4.301,3.204,0,0,3.855,5.43,1.912,4.57,2.404,0,0
JPB:bin_000180,0,0,0,0,0,0,0,0,0,0,0,0,0,0,0,0,0,0,0,0,0,0,0,0,0,0,0,0,0,0,0,0,0,0,0,0,0,0,0,0,0,0
JPB:bin_000184,2.926,0,5.992,0,0,4.565,4.272,0,10.622,2.697,3.342,0,1.608,0,0,6.15,0,1.635,3.571,3.627,0,0,0,4.311,19.507,3.443,6.15,4.905,11.064,4.114,3.161,10.048,8.245,1.497,0,7.51,18.053,7.264,11.497,10.004,0,1.935
JPB:bin_000185,0,0,0,0,0,0,0,0,0,0,0,0,0,0,0,0,0,0,0,0,0,0,0,0,0,0,0,0,0,0,0,0,0,0,0,0,0,0,0,0,0,0
JPB:bin_000186,0,0,0,0,0,0,0,0,0,0,0,0,0,0,0,0,0,0,0,0,0,0,0,0,0,0,0,0,0,0,0,0,0,0,0,0,0,0,0,0,0,0
JPB:bin_000187,0,0,0,0,0,0,0,0,0,0,0,0,0,0,0,0,0,0,0,0,0,0,4.03,0,1.852,0,0,1.4,0,0,0,0,0,0,2.33,0,0,0,0,0,0,0
JPB:bin_000188,2.532,0,4.891,1.469,0,4,1.56,0,7.216,3.049,3.636,0,0,0,0,4.14,0,0,3.13,2.112,0,0,0,2.377,12.018,1.424,4.68,3.861,6.33,1.919,4.3,7.535,9.556,1.871,0,5.566,11.119,4.076,12.963,8.111,1.837,0
JPB:bin_000189,2.725,0,2.911,0,0,2.905,3.812,0,4.057,0,0,0,0,0,0,2.503,0,0,3.208,3.448,0,0,4.792,2.6,6.311,2.303,2.729,2.4,4.661,0,2.342,3.499,2.693,0,2.089,3.491,6.859,0,4.338,3.798,2.698,0
JPB:bin_000190,0,0,0,0,0,0,0,0,0,0,0,0,0,0,0,0,0,0,0,0,0,0,0,0,0,0,0,0,0,0,0,0,0,0,0,0,0,0,0,0,0,0
JPB:bin_000192,0,0,0,0,0,0,0,0,0,0,0,0,0,0,0,0,0,0,0,0,0,0,0,0,0,0,0,0,0,0,0,0,0,0,0,0,0,0,0,0,0,0
JPB:bin_000193,0,0,0,0,0,0,0,0,0,0,0,0,0,0,0,0,0,0,0,0,0,0,0,0,0,0,0,0,0,0,0,0,0,0,0,0,0,0,0,0,0,0
JPB:bin_000194,0,0,0,0,0,0,0,0,0,0,0,0,0,0,0,0,0,0,0,0,0,0,0,0,0,0,0,0,0,0,0,0,0,0,0,0,0,0,0,0,0,0
JPB:bin_000195,0,0,0,0,0,0,0,0,0,0,0,0,0,0,0,0,0,0,0,0,0,0,0,0,0,0,0,0,0,0,0,0,0,0,0,0,0,0,0,0,0,0
JPB:bin_000196,0,0,0,0,0,0,0,0,0,0,0,0,0,0,0,0,0,0,0,0,0,0,0,0,0,0,0,0,0,0,0,0,0,0,0,0,0,0,0,0,0,0
JPB:bin_000197,0,0,0,0,0,0,0,0,0,0,0,0,0,0,0,0,0,0,0,0,0,0,0,0,0,0,0,0,0,0,0,0,0,0,0,0,0,0,0,0,0,0
JPB:bin_000198,35.46,0,39.045,11.209,15.509,50.449,26.42,8.954,96.441,45.893,27.108,0,21.206,4.357,0,52.947,4.619,13.602,41.61,38.74,6.878,0,8.357,32.14,134.358,15.582,59.443,62.43,99.485,21.921,43.098,121.444,72.643,16.326,31.644,51.694,119.992,68.157,99.547,102.466,21.133,20.15
JPB:bin_000199,0,0,0,0,0,0,0,0,0,0,0,0,0,0,0,0,0,0,0,0,0,0,0,0,0,0,0,0,0,0,0,0,0,0,0,0,0,0,0,0,0,0
JPB:bin_000200,0,0,0,0,0,0,0,0,0,0,0,0,0,0,0,0,0,0,0,0,0,0,0,0,0,0,0,0,0,0,0,0,0,0,0,0,0,0,0,0,0,0
JPB:bin_000201,0,0,0,0,0,0,0,0,0,0,0,0,0,0,0,0,0,0,0,0,0,0,0,0,0,0,0,0,0,0,0,0,0,0,0,0,0,0,0,0,0,0
JPB:bin_000202,0,0,0,0,0,0,0,0,0,0,0,0,0,0,0,0,0,0,0,0,0,0,0,0,0,0,0,0,0,0,0,0,0,0,0,0,0,0,0,0,0,0
JPB:bin_000203,0,0,0,0,0,0,0,0,0,0,0,0,0,0,0,0,0,0,0,0,0,0,0,0,0,0,0,0,0,0,0,0,0,0,0,0,0,0,0,0,0,0
JPB:bin_000204,28.217,0,73.42,13.344,20.521,54.555,44.251,8.539,125.425,35.618,52.961,0,19.395,3.71,0,48.265,2.719,14.576,31.742,38.56,8.018,0,4.232,47.184,153.925,31.202,80.974,48.669,101.605,25.581,52.325,114.929,104.588,12.483,17.296,76.145,149.707,73.259,108.689,131.021,15.576,27.904
JPB:bin_000205,0,0,0,0,0,0,0,0,0,0,0,0,0,0,0,0,0,0,0,0,0,0,0,0,0,0,0,0,0,0,0,0,0,0,0,0,0,0,0,0,0,0
JPB:bin_000206,0,0,0,0,0,0,0,0,0,0,0,0,0,0,0,0,0,0,0,0,0,0,0,0,0,0,0,0,0,0,0,0,0,0,0,0,0,0,0,0,0,0
JPB:bin_000207,0,0,0,0,0,0,0,0,0,0,0,0,0,0,0,0,0,0,0,0,0,0,0,0,0,0,0,0,0,0,0,0,0,0,0,0,0,0,0,0,0,0
JPB:bin_000208,0,0,0,0,0,0,0,0,0,0,0,0,0,0,0,0,0,0,0,0,0,0,0,0,0,0,0,0,0,0,0,0,0,0,0,0,0,0,0,0,0,0
JPB:bin_000209,0,0,0,0,0,0,0,0,0,0,0,0,0,0,0,0,0,0,0,0,0,0,0,0,0,0,0,0,0,0,0,0,0,0,0,0,0,0,0,0,0,0
JPB:bin_000210,0,0,0,0,0,0,0,0,0,0,0,0,0,0,0,0,0,0,0,0,0,0,0,0,0,0,0,0,0,0,0,0,0,0,0,0,0,0,0,0,0,0
JPB:bin_000211,2.957,0,3.495,0,0,0,0,0,5.004,0,2.64,0,2.667,0,0,4.129,0,0,0,0,0,0,0,0,12.73,0,3.044,6.331,5.171,0,0,7.244,6.192,0,0,4.796,11.724,5.018,0,5.961,2.085,0
JPB:bin_000212,0,0,0,0,0,0,0,0,0,0,0,0,0,0,0,0,0,0,0,0,0,0,0,0,0,0,0,0,0,0,0,0,0,0,0,0,0,0,0,0,0,0
JPB:bin_000213,0,0,0,0,0,0,0,0,0,0,0,0,0,0,0,0,0,0,0,0,0,0,0,0,0,0,0,0,0,0,0,0,0,0,0,0,0,0,0,0,0,0
JPB:bin_000214,0,0,0,0,0,0,0,0,0,0,0,0,0,0,0,0,0,0,0,0,0,0,0,0,0,0,0,0,0,0,0,0,0,0,0,0,0,0,0,0,0,0
JPB:bin_000215,0,0,0,0,0,0,0,0,0,0,0,0,0,0,0,0,0,0,0,0,0,0,0,0,0,0,0,0,0,0,0,0,0,0,0,0,0,0,0,0,0,0
JPB:bin_000217,0,0,0,0,0,0,0,0,0,0,0,0,0,0,0,0,0,0,0,0,0,0,0,0,0,0,0,0,0,0,0,0,0,0,0,0,0,0,0,0,0,0
JPB:bin_000218,0,0,0,0,0,0,0,0,0,0,0,0,0,0,0,0,0,0,0,0,0,0,0,0,0,0,0,0,0,0,0,0,0,0,0,0,0,0,0,0,0,0
JPB:bin_000219,0,0,2.816,0,0,1.96,1.785,0,3.731,0,2.789,0,0,0,0,2.023,0,0,1.579,2.263,0,0,0,1.89,5.085,1.616,2.899,3.013,4.408,0,0,6.042,3.022,0,0,3.11,0,4.037,5.573,4.583,0,1.739
JPB:bin_000220,0,0,0,0,0,0,0,0,0,0,0,0,0,0,0,0,0,0,0,0,0,0,0,0,0,0,0,0,0,0,0,0,0,0,0,0,0,0,0,0,0,0
JPB:bin_000221,0,0,2.043,0,0,1.95,0,0,3.618,3.131,0,0,0,0,0,2.011,0,0,0,1.782,0,0,0,1.948,6.721,0,1.549,2.007,3.717,0,2.71,2.268,2.988,0,0,3.551,6.369,5,5.945,3.428,0,0
JPB:bin_000222,0,0,0,0,0,0,0,0,0,0,0,0,0,0,0,0,0,0,0,0,0,0,0,0,0,0,0,0,0,0,0,0,0,0,0,0,0,0,0,0,0,0
JPB:bin_000223,0,0,0,0,0,0,0,0,0,0,0,0,0,0,0,0,0,0,0,0,0,0,0,0,0,0,0,0,0,0,0,0,0,0,0,0,0,0,0,0,0,0
JPB:bin_000224,0,0,0,0,0,0,0,0,0,0,0,0,0,0,0,0,0,0,0,0,0,0,0,0,0,0,0,0,0,0,0,0,0,0,0,0,0,0,0,0,0,0
JPB:bin_000225,0,0,0,0,0,0,0,0,0,0,0,0,0,0,0,0,0,0,0,0,0,0,0,0,0,0,0,0,0,0,0,0,0,0,0,0,0,0,0,0,0,0
JPB:bin_000226,0,0,0,0,0,0,0,0,0,0,0,0,0,0,0,0,0,0,0,0,0,0,0,0,0,0,0,0,0,0,0,0,0,0,0,0,0,0,0,0,0,0
JPB:bin_000227,0,0,0,0,0,0,0,0,0,0,0,0,0,0,0,0,0,0,0,0,0,0,0,0,0,0,0,0,0,0,0,0,0,0,0,0,0,0,0,0,0,0
JPB:bin_000228,0,0,0,0,0,0,0,0,0,0,0,0,0,0,0,0,0,0,0,0,0,0,0,0,0,0,0,0,0,0,0,0,0,0,0,0,0,0,0,0,0,0
JPB:bin_000229,0,0,0,0,0,0,0,0,0,0,0,0,0,0,0,0,0,0,0,0,0,0,0,0,0,0,0,0,0,0,0,0,0,0,0,0,0,0,0,0,0,0
JPB:bin_000230,0,0,0,0,0,0,0,0,0,0,0,0,0,0,0,0,0,0,0,0,0,0,0,0,0,0,0,0,0,0,0,0,0,0,0,0,0,0,0,0,0,0
JPB:bin_000231,0,0,0,0,0,0,0,0,0,0,0,0,0,0,0,0,0,0,0,0,0,0,0,0,0,0,0,0,0,0,0,0,0,0,0,0,0,0,0,0,0,0
JPB:bin_000232,0,0,0,0,0,0,0,0,0,0,0,0,0,0,0,0,0,0,0,0,0,0,0,0,0,0,0,0,0,0,0,0,0,0,0,0,0,0,0,0,0,0
JPB:bin_000233,0,0,0,0,0,0,0,0,0,0,0,0,0,0,0,0,0,0,0,0,0,0,0,0,0,0,0,0,0,0,0,0,0,0,0,0,0,0,0,0,0,0
JPB:bin_000234,0,0,0,0,0,0,0,0,0,0,0,0,0,0,0,0,0,0,0,0,0,0,0,0,0,0,0,0,0,0,0,0,0,0,0,0,0,0,0,0,0,0
JPB:bin_000236,0,0,0,0,0,0,0,0,0,0,0,0,0,0,0,0,0,0,0,0,0,0,0,0,0,0,0,0,0,0,0,0,0,0,0,0,0,0,0,0,0,0
JPB:bin_000237,0,0,0,0,0,0,0,0,0,0,0,0,0,0,0,0,0,0,0,0,0,0,0,0,0,0,0,0,0,0,0,0,0,0,0,0,0,0,0,0,0,0
JPB:bin_000238,2.128,0,0,0,0,0,0,0,0,0,0,0,0,0,0,0,0,0,0,0,0,0,0,0,0,0,0,0,0,0,0,0,0,0,0,0,0,0,1.39,1.584,0,0
JPB:bin_000239,0,0,0,0,0,0,0,0,0,0,0,0,0,0,0,0,0,0,0,0,0,0,0,0,0,0,0,0,0,0,0,0,0,0,0,0,0,0,0,0,0,0
JPB:bin_000240,0,0,0,0,0,0,0,0,0,0,0,0,0,0,0,0,0,0,0,0,0,0,0,0,0,0,0,0,0,0,0,0,0,0,0,0,0,0,0,0,0,0
JPB:bin_000241,0,0,0,0,0,0,0,0,0,0,0,0,0,0,0,0,0,0,0,0,0,0,0,0,0,0,0,0,0,0,0,0,0,0,0,0,0,0,0,0,0,0
JPB:bin_000242,0,0,0,0,0,0,0,0,0,0,0,0,0,0,0,0,0,0,0,0,0,0,0,0,0,0,0,0,0,0,0,0,0,0,0,0,0,0,0,0,0,0
JPB:bin_000243,0,0,0,0,0,0,0,0,0,0,0,0,0,0,0,0,0,0,0,0,0,0,0,0,0,0,0,0,0,0,0,0,0,0,0,0,0,0,0,0,0,0
JPB:bin_000244,0,0,0,0,0,0,0,0,0,0,0,0,0,0,0,0,0,0,0,0,0,0,0,0,0,0,0,0,0,0,0,0,0,0,0,0,0,0,0,0,0,0
JPB:bin_000245,0,0,0,0,0,0,0,0,0,0,0,0,0,0,0,0,0,0,0,0,0,0,0,0,0,0,0,0,0,0,0,0,0,0,0,0,0,0,0,0,0,0
JPB:bin_000246,0,0,0,0,0,0,0,0,0,0,0,0,0,0,0,0,0,0,0,0,0,0,0,0,0,0,0,0,0,0,0,0,0,0,0,0,0,0,0,0,0,0
JPB:bin_000247,0,0,0,0,0,0,0,0,0,0,0,0,0,0,0,0,0,0,0,0,0,0,0,0,0,0,0,0,0,0,0,0,0,0,0,0,0,0,0,0,0,0
JPB:bin_000248,0,0,0,0,0,0,0,0,0,0,0,0,0,0,0,0,0,0,0,0,0,0,0,0,0,0,0,0,0,0,0,0,0,0,0,0,0,0,0,0,0,0
JPB:bin_000249,0,0,0,0,0,0,0,0,0,0,0,0,0,0,0,0,0,0,0,0,0,0,0,0,0,0,0,0,0,0,0,0,0,0,0,0,0,0,0,0,0,0
JPB:bin_000250,0,0,0,0,0,0,0,0,0,0,0,0,0,0,0,0,0,0,0,0,0,0,0,0,0,0,0,0,0,0,0,0,0,0,0,0,0,0,0,0,0,0
JPB:bin_000251,0,0,0,0,0,0,0,0,0,0,0,0,0,0,0,0,0,0,0,0,0,0,0,0,0,0,0,0,0,0,0,0,0,0,0,0,0,0,0,0,0,0
JPB:bin_000252,0,0,0,0,0,0,0,0,0,0,0,0,0,0,0,0,0,0,0,0,0,0,0,0,0,0,0,0,0,0,0,0,0,0,0,0,0,0,0,0,0,0
JPB:bin_000253,0,0,0,0,0,0,0,0,0,0,0,0,0,0,0,0,0,0,0,0,0,0,0,0,0,0,0,0,0,0,0,0,0,0,0,0,0,0,0,0,0,0
JPB:bin_000254,0,0,0,0,0,0,0,0,0,0,0,0,0,0,0,0,0,0,0,0,0,0,0,0,0,0,0,0,0,0,0,0,0,0,0,0,0,0,0,0,0,0
JPB:bin_000255,0,0,0,0,0,0,0,0,0,0,0,0,0,0,0,0,0,0,0,0,0,0,0,0,0,0,0,0,0,0,0,0,0,0,0,0,0,0,0,0,0,0
JPB:bin_000256,0,0,1.828,0,0,0,0,0,1.633,0,0,0,0,0,0,1.303,0,0,0,1.485,0,0,0,1.525,1.759,0,0,0,1.801,0,0,2.226,0,0,0,4.399,2.552,0,1.541,2.502,0,0
JPB:bin_000257,0,0,0,0,0,0,0,0,0,0,0,0,0,0,0,0,0,0,0,0,0,0,0,0,0,0,0,0,0,0,0,0,0,0,0,0,0,0,0,0,0,0
JPB:bin_000258,0,0,0,0,0,0,0,0,0,0,0,0,0,0,0,0,0,0,0,0,0,0,0,0,0,0,0,0,0,0,0,0,0,0,0,0,0,0,0,0,0,0
JPB:bin_000259,0,0,0,0,0,0,0,0,0,0,0,0,0,0,0,0,0,0,0,0,0,0,0,0,0,0,0,0,0,0,0,0,0,0,0,0,0,0,0,0,0,0
JPB:bin_000260,0,0,0,0,0,0,0,0,0,0,0,0,0,0,0,0,0,0,0,0,0,0,0,0,0,0,0,0,0,0,0,0,0,0,0,0,0,0,0,0,0,0
JPB:bin_000262,0,0,0,0,0,0,0,0,0,0,0,0,0,0,0,0,0,0,0,0,0,0,0,0,0,0,0,0,0,0,0,0,0,0,0,0,0,0,0,0,0,0
JPB:bin_000263,0,0,0,0,0,0,0,0,0,0,0,0,0,0,0,0,0,0,0,0,0,0,0,0,0,0,0,0,0,0,0,0,0,0,0,0,0,0,0,0,0,0
JPB:bin_000264,0,0,0,0,0,0,0,0,0,0,0,0,0,0,0,0,0,0,0,0,0,0,0,0,0,0,0,0,0,0,0,0,0,0,0,0,0,0,0,0,0,0
JPB:bin_000265,0,0,0,0,0,0,0,0,0,0,0,0,0,0,0,0,0,0,0,0,0,0,0,0,0,0,0,0,0,0,0,0,0,0,0,0,0,0,0,0,0,0
JPB:bin_000266,0,0,0,0,0,0,0,0,0,0,0,0,0,0,0,0,0,0,0,0,0,0,0,0,0,0,0,0,0,0,0,0,0,0,0,0,0,0,0,0,0,0
JPB:bin_000267,0,0,0,0,0,0,0,0,0,0,0,0,0,0,0,0,0,0,0,0,0,0,0,0,0,0,0,0,0,0,0,0,0,0,0,0,0,0,0,0,0,0
JPB:bin_000268,0,0,0,0,0,0,0,0,0,0,0,0,0,0,0,0,0,0,0,0,0,0,0,0,0,0,0,0,0,0,0,0,0,0,0,0,0,0,0,0,0,0
JPB:bin_000269,0,0,0,0,0,0,0,0,0,0,0,0,0,0,0,0,0,0,0,0,0,0,0,0,0,0,0,0,0,0,0,0,0,0,0,0,0,0,0,0,0,0
JPB:bin_000270,0,0,0,0,0,0,0,0,0,0,0,0,0,0,0,0,0,0,0,0,0,0,0,0,0,0,0,0,0,0,0,0,0,0,0,0,0,0,0,0,0,0
JPB:bin_000271,0,0,0,0,0,0,0,0,0,0,0,0,0,0,0,0,0,0,0,0,0,0,0,0,0,0,0,0,0,0,0,0,0,0,0,0,0,0,0,0,0,0
JPB:bin_000272,0,0,0,0,0,0,0,0,0,0,0,0,0,0,0,0,0,0,0,0,0,0,0,0,0,0,0,0,0,0,0,0,0,0,0,0,0,0,0,0,0,0
JPB:bin_000273,0,0,0,0,0,0,0,0,0,0,0,0,0,0,0,0,0,0,0,0,0,0,0,0,0,0,0,0,0,0,0,0,0,0,0,0,0,0,0,0,0,0
JPB:bin_000274,0,0,0,0,0,0,0,0,0,0,0,0,0,0,0,0,0,0,0,0,0,0,0,0,0,0,0,0,0,0,0,0,0,0,0,0,0,0,0,0,0,0
JPB:bin_000275,0,0,0,0,0,0,0,0,0,0,0,0,0,0,0,0,0,0,0,0,0,0,0,0,0,0,0,0,0,0,0,0,0,0,0,0,0,0,0,0,0,0
JPB:bin_000276,0,0,0,0,0,0,0,0,0,0,0,0,0,0,0,0,0,0,0,0,0,0,0,0,0,0,0,0,0,0,0,0,0,0,0,0,0,0,0,0,0,0
JPB:bin_000277,0,0,0,0,0,0,0,0,0,0,0,0,0,0,0,0,0,0,0,0,0,0,0,0,0,0,0,0,0,0,0,0,0,0,0,0,0,0,0,0,0,0
JPB:bin_000278,0,0,0,0,0,0,0,0,0,0,0,0,0,0,0,0,0,0,0,0,0,0,0,0,0,0,0,0,0,0,0,0,0,0,0,0,0,0,0,0,0,0
JPB:bin_000279,0,0,0,0,0,0,0,0,0,0,0,0,0,0,0,0,0,0,0,0,0,0,0,0,0,0,0,0,0,0,0,0,0,0,0,0,0,0,0,0,0,0
JPB:bin_000280,0,0,0,0,0,0,0,0,0,0,0,0,0,0,0,0,0,0,0,0,0,0,0,0,0,0,0,0,0,0,0,0,0,0,0,0,0,0,0,0,0,0
JPB:bin_000281,0,0,0,0,0,0,0,0,0,0,0,0,0,0,0,0,0,0,0,0,0,0,0,0,0,0,0,0,0,0,0,0,0,0,0,0,0,0,0,0,0,0
JPB:bin_000282,0,0,0,0,0,0,0,0,0,0,0,0,0,0,0,0,0,0,0,0,0,0,0,0,0,0,0,0,0,0,0,0,0,0,0,0,0,0,0,0,0,0
JPB:bin_000283,0,0,0,0,0,0,0,0,0,0,0,0,0,0,0,0,0,0,0,0,0,0,0,0,0,0,0,0,0,0,0,0,0,0,0,0,0,0,0,0,0,0
JPB:bin_000285,0,0,0,0,0,0,0,0,0,0,0,0,0,0,0,0,0,0,0,0,0,0,0,0,0,0,0,0,0,0,0,0,0,0,0,0,0,0,0,0,0,0
JPB:bin_000286,0,0,0,0,0,0,0,0,0,0,0,0,0,0,0,0,0,0,0,0,0,0,0,0,0,0,0,0,0,0,0,0,0,0,0,0,0,0,0,0,0,0
JPB:bin_000287,0,0,0,0,0,0,0,0,0,0,0,0,0,0,0,0,0,0,0,0,0,0,0,0,0,0,0,0,0,0,0,0,0,0,0,0,0,0,0,0,0,0
JPB:bin_000288,0,0,0,0,0,0,0,0,0,0,0,0,0,0,0,0,0,0,0,0,0,0,0,0,0,0,0,0,0,0,0,0,0,0,0,0,0,0,0,0,0,0
JPB:bin_000289,0,0,0,0,0,0,0,0,0,0,0,0,0,0,0,0,0,0,0,0,0,0,0,0,0,0,0,0,0,0,0,0,0,0,0,0,0,0,0,0,0,0
JPB:bin_000290,0,0,0,0,0,0,0,0,0,0,0,0,0,0,0,0,0,0,0,0,0,0,0,0,0,0,0,0,0,0,0,0,0,0,0,0,0,0,0,0,0,0
JPB:bin_000291,0,0,0,0,0,0,0,0,0,0,0,0,0,0,0,0,0,0,0,0,0,0,0,0,0,0,0,0,0,0,0,0,0,0,0,0,0,0,0,0,0,0
JPB:bin_000292,0,0,0,0,0,0,0,0,0,0,0,0,0,0,0,0,0,0,0,0,0,0,0,0,0,0,0,0,0,0,0,0,0,0,0,0,0,0,0,0,0,0
JPB:bin_000294,0,0,0,0,0,0,0,0,0,0,0,0,0,0,0,0,0,0,0,0,0,0,0,0,1.544,0,0,0,0,0,0,0,0,0,0,0,0,0,0,0,0,0
JPB:bin_000295,0,0,0,0,0,0,0,0,0,0,0,0,0,0,0,0,0,0,0,0,0,0,0,0,0,0,0,0,0,0,0,0,0,0,0,0,0,0,0,0,0,0
JPB:bin_000296,0,0,0,0,0,0,0,0,0,0,0,0,0,0,0,0,0,0,0,0,0,0,0,0,0,0,0,0,0,0,0,0,0,0,0,0,0,0,0,0,0,0
JPB:bin_000297,0,0,0,0,0,0,0,0,0,0,0,0,0,0,0,0,0,0,0,0,0,0,0,0,0,0,0,0,0,0,0,0,0,0,0,0,0,0,0,0,0,0
JPB:bin_000298,0,0,0,0,0,0,0,0,0,0,0,0,0,0,0,0,0,0,0,0,0,0,0,0,0,0,0,0,0,0,0,0,0,0,0,0,0,0,0,0,0,0
JPB:bin_000300,0,0,0,0,0,0,0,0,0,0,0,0,0,0,0,0,0,0,0,0,0,0,0,0,0,0,0,0,0,0,0,0,0,0,0,0,0,0,0,0,0,0
JPB:bin_000301,0,0,0,0,0,0,0,0,0,0,0,0,0,0,0,0,0,0,0,0,0,0,0,0,0,0,0,0,0,0,0,0,0,0,0,0,0,0,0,0,0,0
JPB:bin_000302,0,0,0,0,0,0,0,0,0,0,0,0,0,0,0,0,0,0,0,0,0,0,0,0,0,0,0,0,0,0,0,0,0,0,0,0,0,0,0,0,0,0
JPB:bin_000303,0,0,0,0,0,0,0,0,0,0,0,0,0,0,0,0,0,0,0,0,0,0,0,0,0,0,0,0,0,0,0,0,0,0,0,0,0,0,0,0,0,0
JPB:bin_000304,0,0,0,0,0,0,0,0,0,0,0,0,0,0,0,0,0,0,0,0,0,0,0,0,0,0,0,0,0,0,0,0,0,0,0,0,0,0,0,0,0,0
JPB:bin_000306,0,0,0,0,0,0,0,0,0,0,0,0,0,0,0,0,0,0,0,0,0,0,0,0,0,0,0,0,0,0,0,0,0,0,0,0,0,0,0,0,0,0
JPB:bin_000307,0,0,0,0,0,0,0,0,0,0,0,0,0,0,0,0,0,0,0,0,0,0,0,0,0,0,0,0,0,0,0,0,0,0,0,0,0,0,0,0,0,0
JPB:bin_000309,0,0,0,0,0,0,0,0,0,0,0,0,0,0,0,0,0,0,0,0,0,0,0,0,0,0,0,0,0,0,0,0,0,0,0,0,0,0,0,0,0,0
JPB:bin_000310,0,0,0,0,0,0,0,0,0,0,0,0,0,0,0,0,0,0,0,0,0,0,0,0,0,0,0,0,0,0,0,0,0,0,0,0,0,0,0,0,0,0
JPB:bin_000311,3.583,0,4.217,0,0,3.537,1.797,0,8.665,2.065,2.18,0,1.374,0,0,3.996,0,0,2,2.746,0,0,0,2.532,11.031,2.121,3.466,7.639,4.491,0,2.119,6.241,4.151,0,0,3.338,5.492,4.591,6.715,4.491,0,0
JPB:bin_000312,0,0,0,0,0,0,0,0,0,0,0,0,0,0,0,0,0,0,0,0,0,0,0,0,0,0,0,0,0,0,0,0,0,0,0,0,0,0,0,0,0,0
JPB:bin_000314,0,0,0,0,0,0,0,0,0,0,0,0,0,0,0,0,0,0,0,0,0,0,0,0,0,0,0,0,0,0,0,0,0,0,0,0,0,0,0,0,0,0
JPB:bin_000315,0,0,0,0,0,0,0,0,0,0,0,0,0,0,0,0,0,0,0,0,0,0,0,0,0,0,0,0,0,0,0,0,0,0,0,0,0,0,0,0,0,0
JPB:bin_000316,8.192,0,6.784,2.106,3.54,8.545,4.757,1.731,18.843,8.038,6.504,0,2.24,0,0,7.623,0,0,5.629,13.174,0,0,2.895,11.821,26.384,6.045,11.524,10.287,16.43,5.004,5.6,18.078,12.216,2.469,6.807,18.97,19.627,11.315,11.648,16.043,1.927,2.653
JPB:bin_000317,0,0,0,0,0,1.655,0,0,3.084,0,0,0,0,0,0,1.575,0,0,1.434,2.285,0,0,0,1.555,6.408,0,2.071,1.676,2.508,0,1.667,5.968,3.577,0,0,1.751,2.236,2.452,1.916,2.363,0,0
JPB:bin_000319,0,0,0,0,0,0,0,0,0,0,0,0,0,0,0,0,0,0,0,0,0,0,0,0,0,0,0,0,0,0,0,0,0,0,0,0,0,0,0,0,0,0
JPB:bin_000320,0,0,0,0,0,0,0,0,0,0,0,0,0,0,0,0,0,0,0,0,0,0,0,0,0,0,0,0,0,0,0,0,0,0,0,0,0,0,0,0,0,0
JPB:bin_000321,0,0,0,0,0,0,0,0,0,0,0,0,0,0,0,0,0,0,0,0,0,0,0,0,0,0,0,0,0,0,0,0,0,0,0,0,0,0,0,0,0,0
JPB:bin_000322,0,0,0,0,0,0,0,0,0,0,0,0,0,0,0,0,0,0,0,0,0,0,0,0,0,0,0,0,0,0,0,0,0,0,0,0,0,0,0,0,0,0
JPB:bin_000323,0,0,0,0,0,0,0,0,0,0,0,0,0,0,0,0,0,0,0,0,0,0,0,0,0,0,0,0,0,0,0,0,0,0,0,0,0,0,0,0,0,0
JPB:bin_000324,0,0,0,0,0,0,0,0,0,0,0,0,0,0,0,0,0,0,0,0,0,0,0,0,0,0,0,0,0,0,0,0,0,0,0,0,0,0,0,0,0,0
JPB:bin_000325,0,0,0,0,0,0,0,0,0,0,0,0,0,0,0,0,0,0,0,0,0,0,0,0,0,0,0,0,0,0,0,0,0,0,0,0,0,0,0,0,0,0
JPB:bin_000328,0,0,0,0,0,0,0,0,0,0,0,0,0,0,0,0,0,0,0,0,0,0,0,0,0,0,0,0,0,0,0,0,0,0,0,0,0,0,0,0,0,0
JPB:bin_000330,0,0,0,0,0,0,0,0,0,0,0,0,0,0,0,0,0,0,0,0,0,0,0,0,0,0,0,0,0,0,0,0,0,0,0,0,0,0,0,0,0,0
JPB:bin_000334,0,0,0,0,0,0,0,0,0,0,0,0,0,0,0,0,0,0,0,0,0,0,0,0,0,0,0,0,0,0,0,0,0,0,0,0,0,0,0,0,0,0
JPB:bin_000337,0,0,0,0,0,0,0,0,0,0,0,0,0,0,0,0,0,0,0,0,0,0,0,0,0,0,0,0,0,0,0,0,0,0,0,0,0,0,0,0,0,0
JPB:bin_000339,0,0,0,0,0,0,0,0,0,0,0,0,0,0,0,0,0,0,0,0,0,0,0,0,0,0,0,0,0,0,0,0,0,0,0,0,0,0,0,0,0,0
JPB:bin_000340,0,0,1.85,0,0,0,0,0,2.991,0,0,0,0,0,0,0,0,0,0,0,0,0,0,0,4.032,0,0,0,3.183,0,0,2.938,2.237,0,0,2.704,3.329,2.59,2.805,2.939,0,0
JPB:bin_000341,0,0,0,0,0,0,0,0,0,0,0,0,0,0,0,0,0,0,0,0,0,0,0,0,0,0,0,0,0,0,0,0,0,0,0,0,0,0,0,0,0,0
JPB:bin_000342,0,0,0,0,0,0,0,0,0,0,0,0,0,0,0,0,0,0,0,0,0,0,0,0,0,0,0,0,0,0,0,0,0,0,0,0,0,0,0,0,0,0
JPB:bin_000343,0,0,0,0,0,0,0,0,0,0,0,0,0,0,0,0,0,0,0,0,0,0,0,0,0,0,0,0,0,0,0,0,0,0,0,0,0,0,0,0,0,0
JPB:bin_000344,0,0,0,0,0,0,0,0,0,0,0,0,0,0,0,0,0,0,0,0,0,0,0,0,0,0,0,0,0,0,0,0,0,0,0,0,0,0,0,0,0,0
JPB:bin_000345,0,0,3.329,0,0,2.008,1.475,0,3.14,0,1.689,0,0,0,0,1.761,0,0,0,4.131,0,0,0,2.006,5.05,0,2.348,0,2.117,0,0,4.307,4.235,0,0,3.841,5.725,3.948,4.028,4.277,0,0
JPB:bin_000346,0,0,0,0,0,0,0,0,0,0,0,0,0,0,0,0,0,0,0,0,0,0,0,0,0,0,0,0,0,0,0,0,0,0,0,0,0,0,0,0,0,0
JPB:bin_000347,0,0,0,0,0,0,0,0,0,0,0,0,0,0,0,0,0,0,0,0,0,0,0,0,0,0,0,0,0,0,0,0,0,0,0,0,0,0,0,0,0,0
JPB:bin_000348,0,0,0,0,0,0,0,0,0,0,0,0,0,0,0,0,0,0,0,0,0,0,0,0,0,0,0,0,0,0,0,0,0,0,0,0,0,0,0,0,0,0
JPB:bin_000349,0,0,0,0,0,0,0,0,0,0,0,0,0,0,0,0,0,0,0,0,0,0,0,0,0,0,0,0,0,0,0,0,0,0,0,0,0,0,0,0,0,0
JPB:bin_000350,0,0,0,0,0,0,0,0,0,0,0,0,0,0,0,0,0,0,0,0,0,0,0,0,0,0,0,0,0,0,0,0,0,0,0,0,0,0,0,0,0,0
JPB:bin_000352,0,0,0,0,0,0,0,0,0,0,0,0,0,0,0,0,0,0,1.444,0,0,0,0,0,0,0,0,0,0,0,0,0,0,0,0,0,0,0,0,0,0,0
JPB:bin_000353,0,0,0,0,0,0,0,0,0,0,0,0,0,0,0,0,0,0,0,0,0,0,0,0,0,0,0,0,0,0,0,0,0,0,0,0,0,0,0,0,0,0
JPB:bin_000354,0,0,0,0,0,0,0,0,0,0,0,0,0,0,0,0,0,0,0,0,0,0,0,0,3.655,0,0,0,0,0,0,0,0,0,0,0,0,0,0,0,0,0
JPB:bin_000356,0,0,0,0,0,0,0,0,0,0,0,0,0,0,0,0,0,0,0,0,0,0,0,0,0,0,0,0,0,0,0,0,0,0,0,0,0,0,0,0,0,0
JPB:bin_000357,0,0,0,0,0,0,0,0,0,0,0,0,0,0,0,0,0,0,0,0,0,0,0,0,0,0,0,0,0,0,0,0,0,0,0,0,0,0,0,0,0,0
JPB:bin_000358,0,0,0,0,0,0,0,0,0,0,0,0,0,0,0,0,0,0,0,0,0,0,0,0,0,0,0,0,0,0,0,0,0,0,0,0,0,0,0,0,0,0
JPB:bin_000359,0,0,0,0,0,0,0,0,0,0,0,0,0,0,0,0,0,0,0,0,0,0,0,0,0,0,0,0,0,0,0,0,0,0,0,0,0,0,0,0,0,0
JPB:bin_000362,0,0,0,0,0,0,0,0,0,0,0,0,0,0,0,0,0,0,0,0,0,0,0,0,0,0,0,0,0,0,0,0,0,0,0,0,0,0,0,0,0,0
JPB:bin_000364,0,0,0,0,0,0,0,0,0,0,0,0,0,0,0,0,0,0,0,0,0,0,0,0,0,0,0,0,0,0,0,0,0,0,0,0,0,0,0,0,0,0
JPB:bin_000366,0,0,0,0,0,0,0,0,0,0,0,0,0,0,0,0,0,0,0,0,0,0,0,0,0,0,0,0,0,0,0,0,0,0,0,0,0,0,0,0,0,0
JPB:bin_000367,0,0,0,0,0,0,0,0,0,0,0,0,0,0,0,0,0,0,0,0,0,0,0,0,0,0,0,0,0,0,0,0,0,0,0,0,0,0,0,0,0,0
JPB:bin_000368,0,0,0,0,0,0,0,0,0,0,0,0,0,0,0,0,0,0,0,0,0,0,0,0,0,0,0,0,0,0,0,0,0,0,0,0,0,0,0,0,0,0
JPB:bin_000369,0,0,0,0,0,0,0,0,0,0,0,0,0,0,0,0,0,0,0,0,0,0,0,0,0,0,0,0,0,0,0,0,0,0,0,0,0,0,0,0,0,0
JPB:bin_000370,0,0,0,0,0,0,0,0,0,0,0,0,0,0,0,0,0,0,0,0,0,0,0,0,0,0,0,0,0,0,0,0,0,0,0,0,0,0,0,0,0,0
JPB:bin_000372,0,0,0,0,0,0,0,0,0,0,0,0,0,0,0,0,0,0,0,0,0,0,0,0,0,0,0,0,0,0,0,0,0,0,0,0,0,0,0,0,0,0
JPB:bin_000373,0,0,0,0,0,0,0,0,0,0,0,0,0,0,0,0,0,0,0,0,0,0,0,0,0,0,0,0,0,0,0,0,0,0,0,0,0,0,0,0,0,0
JPB:bin_000376,0,0,0,0,0,0,0,0,0,0,0,0,0,0,0,0,0,0,0,0,0,0,0,0,0,0,0,0,0,0,0,0,0,0,0,0,0,0,0,0,0,0
JPB:bin_000377,0,0,0,0,0,0,0,0,0,0,0,0,0,0,0,0,0,0,0,0,0,0,0,0,0,0,0,0,0,0,0,0,0,0,0,0,0,0,0,0,0,0
JPB:bin_000378,0,0,0,0,0,0,0,0,0,0,0,0,0,0,0,0,0,0,0,0,0,0,0,0,0,0,0,0,0,0,0,0,0,0,0,0,0,0,0,0,0,0
JPB:bin_000379,0,0,0,0,0,0,0,0,0,0,0,0,0,0,0,0,0,0,0,0,0,0,0,0,0,0,0,0,0,0,0,0,0,0,0,0,0,0,0,0,0,0
JPB:bin_000380,0,0,0,0,0,0,0,0,0,0,0,0,0,0,0,0,0,0,0,0,0,0,0,0,0,0,0,0,0,0,0,0,0,0,0,0,0,0,0,0,0,0
JPB:bin_000382,0,0,0,0,0,0,0,0,0,0,0,0,0,0,0,0,0,0,0,0,0,0,0,0,0,0,0,0,0,0,0,0,0,0,0,0,0,0,0,0,0,0
JPB:bin_000383,0,0,0,0,0,0,0,0,0,0,0,0,0,0,0,0,0,0,0,0,0,0,0,0,0,0,0,0,0,0,0,0,0,0,0,0,0,0,0,0,0,0
JPB:bin_000384,0,0,0,0,0,0,0,0,0,0,0,0,0,0,0,0,0,0,0,0,0,0,0,0,0,0,0,0,0,0,0,0,0,0,0,0,0,0,0,0,0,0
JPB:bin_000385,0,0,0,0,0,0,0,0,0,0,0,0,0,0,0,0,0,0,0,0,0,0,0,0,0,0,0,0,0,0,0,0,0,0,0,0,0,0,0,0,0,0
JPB:bin_000386,0,0,0,0,0,0,0,0,0,0,0,0,0,0,0,0,0,0,0,0,0,0,0,0,0,0,0,0,0,0,0,0,0,0,0,0,0,0,0,0,0,0
JPB:bin_000387,0,0,0,0,0,0,0,0,0,0,0,0,0,0,0,0,0,0,0,0,0,0,0,0,0,0,0,0,0,0,0,0,0,0,0,0,0,0,0,0,0,0
JPB:bin_000390,0,0,0,0,0,0,0,0,0,0,0,0,0,0,0,0,0,0,0,0,0,0,0,0,0,0,0,0,0,0,0,0,0,0,0,0,0,0,0,0,0,0
JPB:bin_000392,0,0,0,0,0,0,0,0,0,0,0,0,0,0,0,0,0,0,0,0,0,0,0,0,0,0,0,0,0,0,0,0,0,0,0,0,0,0,0,0,0,0
JPB:bin_000393,0,0,0,0,0,0,0,0,1.452,0,0,0,0,0,0,0,0,0,0,0,0,0,0,0,0,0,0,0,0,0,0,0,0,0,0,0,0,0,0,0,0,0
JPB:bin_000394,0,0,0,0,0,0,0,0,0,0,0,0,0,0,0,0,0,0,0,0,0,0,0,0,0,0,0,0,0,0,0,0,0,0,0,0,0,0,0,0,0,0
JPB:bin_000395,0,0,0,0,0,0,0,0,0,0,0,0,0,0,0,0,0,0,0,0,0,0,0,0,0,0,0,0,1.602,0,0,1.944,0,0,0,1.718,0,0,2.357,1.904,0,0
JPB:bin_000396,0,0,0,0,0,0,0,0,0,0,0,0,0,0,0,0,0,0,0,0,0,0,0,0,0,0,0,0,0,0,0,0,0,0,0,0,0,0,0,0,0,0
JPB:bin_000398,0,0,0,0,0,0,0,0,0,0,0,0,0,0,0,0,0,0,0,0,0,0,0,0,0,0,0,0,0,0,0,0,0,0,0,0,0,0,0,0,0,0
JPB:bin_000400,0,0,0,0,0,0,0,0,0,0,0,0,0,0,0,0,0,0,0,0,0,0,0,0,0,0,0,0,0,0,0,0,0,0,0,0,0,0,0,0,0,0
JPB:bin_000402,0,0,0,0,0,0,0,0,0,0,0,0,0,0,0,0,0,0,0,0,0,0,0,0,0,0,0,0,0,0,0,0,0,0,0,0,0,0,0,0,0,0
JPB:bin_000403,0,0,0,0,0,0,0,0,0,0,0,0,0,0,0,0,0,0,0,0,0,0,0,0,0,0,0,0,0,0,0,0,0,0,0,0,0,0,0,0,0,0
JPB:bin_000404,0,0,0,0,0,0,0,0,0,0,0,0,0,0,0,0,0,0,0,0,0,0,0,0,0,0,0,0,0,0,0,0,0,0,0,0,0,0,0,0,0,0
JPB:bin_000406,0,0,0,0,0,0,0,0,0,0,0,0,0,0,0,0,0,0,0,0,0,0,0,0,0,0,0,0,0,0,0,0,0,0,0,0,0,0,0,0,0,0
JPB:bin_000407,0,0,0,0,0,0,0,0,0,0,0,0,0,0,0,0,0,0,0,0,0,0,0,0,0,0,0,0,0,0,0,0,0,0,0,0,0,0,0,0,0,0
JPB:bin_000409,0,0,0,0,0,0,0,0,0,0,0,0,0,0,0,0,0,0,0,0,0,0,0,0,0,0,0,0,0,0,0,0,0,0,0,0,0,0,0,0,0,0
JPB:bin_000410,0,0,0,0,0,0,0,0,0,0,0,0,0,0,0,0,0,0,0,0,0,0,0,0,0,0,0,0,0,0,0,0,0,0,0,0,0,0,0,0,0,0
JPB:bin_000411,0,0,0,0,0,0,0,0,0,0,0,0,0,0,0,0,0,0,0,0,0,0,0,0,0,0,0,0,0,0,0,0,0,0,0,0,0,0,0,0,0,0
JPB:bin_000412,0,0,0,0,0,0,0,0,0,0,0,0,0,0,0,0,0,0,0,0,0,0,0,0,0,0,0,0,0,0,0,0,0,0,0,0,0,0,0,0,0,0
JPB:bin_000413,0,0,0,0,0,0,0,0,0,0,0,0,0,0,0,0,0,0,0,0,0,0,0,0,0,0,0,0,0,0,0,0,0,0,0,0,0,0,0,0,0,0
JPB:bin_000414,0,0,1.869,0,0,1.97,0,0,2.971,1.812,0,0,0,0,0,2.017,0,0,0,4.065,0,0,0,2.626,8.362,0,3.161,0,3.461,2.03,1.623,4.011,2.48,0,0,5.326,4.481,2.79,2.579,2.518,0,0
JPB:bin_000416,1.936,0,0,0,0,1.446,0,0,3.671,6.784,0,0,0,0,0,0,0,0,0,0,0,0,0,4.183,20.693,0,1.545,2.431,1.609,0,0,1.312,0,0,3.337,4.076,4.973,1.89,0,5.766,0,0
JPB:bin_000417,0,0,0,0,0,0,0,0,0,0,0,0,0,0,0,0,0,0,0,0,0,0,0,0,0,0,0,0,0,0,0,0,0,0,0,0,0,0,0,0,0,0
JPB:bin_000418,0,0,0,0,0,0,0,0,0,0,0,0,0,0,0,0,0,0,0,0,0,0,0,0,0,0,0,0,0,0,0,0,0,0,0,0,0,0,0,0,0,0
JPB:bin_000420,0,0,0,0,0,0,0,0,0,0,0,0,0,0,0,0,0,0,0,0,0,0,0,0,0,0,0,0,0,0,0,0,0,0,0,0,0,0,0,0,0,0
JPB:bin_000421,0,0,0,0,0,0,0,0,0,0,0,0,0,0,0,0,0,0,0,0,0,0,0,0,0,0,0,0,0,0,0,0,0,0,0,0,0,0,0,0,0,0
JPB:bin_000422,0,0,1.679,0,0,0,0,0,2.554,0,0,0,0,0,0,0,0,0,0,2.059,0,0,0,0,6.509,0,1.757,0,2.111,0,0,2.702,2.17,0,0,3.158,3.585,3.03,3.015,3.258,0,0
JPB:bin_000423,0,0,0,0,0,0,0,0,0,0,0,0,0,0,0,0,0,0,0,0,0,0,0,0,0,0,0,0,0,0,0,0,0,0,0,0,0,0,0,0,0,0
JPB:bin_000424,0,0,0,0,0,0,0,0,0,0,0,0,0,0,0,0,0,0,0,0,0,0,0,0,0,0,0,0,0,0,0,0,0,0,0,0,0,0,0,0,0,0
JPB:bin_000425,0,0,0,0,0,0,0,0,0,0,0,0,0,0,0,0,0,0,0,0,0,0,0,0,0,0,0,0,0,0,0,0,0,0,0,0,0,0,0,0,0,0
JPB:bin_000426,0,0,0,0,0,0,0,0,0,0,0,0,0,0,0,0,0,0,0,0,0,0,0,0,0,0,0,0,0,0,0,0,0,0,0,0,0,0,0,0,0,0
JPB:bin_000427,0,0,0,0,0,0,0,0,0,0,0,0,0,0,0,0,0,0,0,0,0,0,0,0,0,0,0,0,0,0,0,0,0,0,0,0,0,0,0,0,0,0
JPB:bin_000429,0,0,0,0,0,0,0,0,0,0,0,0,0,0,0,0,0,0,0,0,0,0,0,0,0,0,0,0,0,0,0,0,0,0,0,0,0,0,0,0,0,0
JPB:bin_000430,0,0,0,0,0,0,0,0,0,0,0,0,0,0,0,0,0,0,0,0,0,0,0,0,0,0,0,0,0,0,0,0,0,0,0,0,0,0,0,0,0,0
JPB:bin_000431,0,0,0,0,0,0,0,0,0,0,0,0,0,0,0,0,0,0,0,0,0,0,0,0,0,0,0,0,0,0,0,0,0,0,0,0,0,0,0,0,0,0
JPB:bin_000432,0,0,3.326,0,0,0,0,0,5.188,1.904,2.314,0,0,0,0,2.965,0,0,0,0,0,0,0,2.376,9.145,0,2.653,3.233,5.508,0,2.429,4.348,6.653,0,0,3.688,6.635,2.632,5.02,6.503,0,0
JPB:bin_000433,1.582,0,0,0,0,0,0,0,1.885,0,0,0,0,0,0,0,0,0,1.719,0,0,0,0,0,2.864,0,1.66,1.614,1.932,0,0,4.018,2.197,0,0,2.637,0,1.971,2.797,2.854,0,0
JPB:bin_000434,0,0,0,0,0,0,0,0,0,0,0,0,0,0,0,0,0,0,0,0,0,0,0,0,0,0,0,0,0,0,0,0,0,0,0,0,0,0,0,0,0,0
JPB:bin_000435,0,0,0,0,0,0,0,0,0,0,0,0,0,0,0,0,0,0,0,0,0,0,0,0,0,0,0,0,0,0,0,0,0,0,0,0,0,0,0,0,0,0
JPB:bin_000436,0,0,0,0,0,0,0,0,0,0,0,0,0,0,0,0,0,0,0,0,0,0,0,0,0,0,0,0,0,0,0,0,0,0,0,0,0,0,0,0,0,0
JPB:bin_000437,0,0,0,0,0,0,0,0,0,0,0,0,0,0,0,0,0,0,0,0,0,0,0,0,0,0,0,0,0,0,0,0,0,0,0,0,0,0,0,0,0,0
JPB:bin_000438,0,0,0,0,0,0,0,0,0,0,0,0,0,0,0,0,0,0,0,0,0,0,0,0,0,0,0,0,0,0,0,0,0,0,0,0,0,0,0,0,0,0
JPB:bin_000439,0,0,0,0,0,0,0,0,0,0,0,0,0,0,0,0,0,0,0,0,0,0,0,0,0,0,0,0,0,0,0,0,0,0,0,0,0,0,0,0,0,0
JPB:bin_000440,0,0,0,0,0,0,0,0,0,0,0,0,0,0,0,0,0,0,0,0,0,0,0,0,0,0,0,0,0,0,0,0,0,0,0,0,0,0,0,0,0,0
JPB:bin_000441,0,0,0,0,0,0,0,0,1.487,0,0,0,0,0,0,0,0,0,0,0,0,0,0,0,0,0,0,0,0,0,0,2.468,0,0,0,0,0,0,0,0,0,0
JPB:bin_000442,0,0,0,0,0,0,0,0,0,0,0,0,0,0,0,0,0,0,0,0,0,0,0,0,0,0,0,0,0,0,0,0,0,0,0,0,0,0,0,0,0,0
JPB:bin_000443,0,0,0,0,0,0,0,0,0,0,0,0,0,0,0,0,0,0,0,0,0,0,0,0,0,0,0,0,0,0,0,0,0,0,0,0,0,0,0,0,0,0
JPB:bin_000445,0,0,0,0,0,0,0,0,0,0,0,0,0,0,0,0,0,0,0,0,0,0,0,0,0,0,0,0,0,0,0,0,0,0,0,0,0,0,0,0,0,0
JPB:bin_000448,0,0,0,0,0,0,0,0,0,0,0,0,0,0,0,0,0,0,0,0,0,0,0,0,0,0,0,0,0,0,0,0,0,0,0,0,0,0,0,0,0,0
JPB:bin_000449,0,0,0,0,0,0,0,0,0,0,0,0,0,0,0,0,0,0,0,0,0,0,0,0,0,0,0,0,0,0,0,0,0,0,0,0,0,0,0,0,0,0
JPB:bin_000450,0,0,0,0,0,0,0,0,0,0,0,0,0,0,0,0,0,0,0,0,0,0,0,0,0,0,0,0,0,0,0,0,0,0,0,0,0,0,0,0,0,0
JPB:bin_000452,0,0,0,0,0,0,0,0,0,0,0,0,0,0,0,0,0,0,0,0,0,0,0,0,0,0,0,0,0,0,0,0,0,0,0,0,0,0,0,0,0,0
JPB:bin_000453,0,0,0,0,0,0,0,0,0,0,0,0,0,0,0,0,0,0,0,0,0,0,0,0,0,0,0,0,0,0,0,0,0,0,0,0,0,0,0,0,0,0
JPB:bin_000454,0,0,0,0,0,0,0,0,0,0,0,0,0,0,0,0,0,0,0,0,0,0,0,0,0,0,0,0,0,0,0,0,0,0,0,0,0,0,0,0,0,0
JPB:bin_000457,0,0,0,0,0,0,0,0,0,0,0,0,0,0,0,0,0,0,0,0,0,0,0,0,0,0,0,0,0,0,0,0,0,0,0,0,0,0,0,0,0,0
JPB:bin_000459,0,0,0,0,0,0,0,0,0,0,0,0,0,0,0,0,0,0,0,0,0,0,0,0,0,0,0,0,0,0,0,0,0,0,0,0,0,0,0,0,0,0
JPB:bin_000460,2.128,0,5.034,1.927,2.438,5.446,3.167,0,11.983,4.218,4.512,0,0,0,0,6.257,0,1.764,3.181,4.713,0,0,0,3.49,14.739,3.632,8.109,4.241,11.772,0,3.185,13.499,6.378,2.622,1.782,8.076,13.251,11.084,14.741,12.36,1.816,2.104
JPB:bin_000461,0,0,0,0,0,0,0,0,0,0,0,0,0,0,0,0,0,0,0,0,0,0,0,0,0,0,0,0,0,0,0,0,0,0,0,0,0,0,0,0,0,0
JPB:bin_000462,0,0,0,0,0,0,0,0,0,0,0,0,0,0,0,0,0,0,0,0,0,0,0,0,0,0,0,0,0,0,0,0,0,0,0,0,0,0,0,0,0,0
JPB:bin_000463,0,0,1.507,0,0,0,0,0,0,0,0,0,0,0,0,0,0,0,0,0,0,0,0,0,0,0,0,0,2.514,0,0,1.655,0,0,0,0,0,0,0,1.935,0,0
JPB:bin_000464,0,0,0,0,0,0,0,0,0,0,0,0,0,0,0,0,0,0,0,0,0,0,0,0,0,0,0,0,0,0,0,0,0,0,0,0,0,0,0,0,0,0
JPB:bin_000465,0,0,0,0,0,0,0,0,0,0,0,0,0,0,0,0,0,0,0,0,0,0,0,0,0,0,0,0,0,0,0,0,0,0,0,0,0,0,0,0,0,0
JPB:bin_000467,0,0,0,0,0,0,0,0,0,0,0,0,0,0,0,0,0,0,0,0,0,0,0,0,0,0,0,0,0,0,0,0,0,0,0,0,0,0,0,0,0,0
JPB:bin_000468,0,0,0,0,0,0,0,0,0,0,0,0,0,0,0,0,0,0,0,0,0,0,0,0,0,0,0,0,0,0,0,0,0,0,0,0,0,0,0,0,0,0
JPB:bin_000469,0,0,0,0,0,0,0,0,0,0,0,0,0,0,0,0,0,0,0,0,0,0,0,0,0,0,0,0,0,0,0,0,0,0,0,0,0,0,0,0,0,0
JPB:bin_000470,3.124,0,10.928,1.86,3.038,6.062,5.835,1.723,13.557,5.411,4.796,0,2.783,0,0,8.71,0,2.186,5.036,3.947,0,0,0,6.867,20.179,4.986,10.353,5.935,12.181,1.91,4.562,12.088,11.019,1.927,2.053,10.577,14.807,10.435,15.252,14.666,0,2.296
JPB:bin_000471,0,0,0,0,0,0,0,0,0,0,0,0,0,0,0,0,0,0,0,0,0,0,0,0,0,0,0,0,0,0,0,0,0,0,0,0,0,0,0,0,0,0
JPB:bin_000473,0,0,0,0,0,0,0,0,0,0,0,0,0,0,0,0,0,0,0,0,0,0,0,0,0,0,0,0,0,0,0,0,0,0,0,0,0,0,0,0,0,0
JPB:bin_000474,0,0,0,0,0,0,0,0,0,0,0,0,0,0,0,0,0,0,0,0,0,0,0,0,0,0,0,0,0,0,0,0,0,0,0,0,0,0,0,0,0,0
JPB:bin_000475,0,0,0,0,0,0,0,0,0,0,0,0,0,0,0,0,0,0,0,0,0,0,0,0,0,0,0,0,0,0,0,0,0,0,0,0,0,0,0,0,0,0
JPB:bin_000476,0,0,0,0,0,0,0,0,0,0,0,0,0,0,0,0,0,0,0,0,0,0,0,0,0,0,0,0,0,0,0,0,0,0,0,0,0,0,0,0,0,0
JPB:bin_000477,0,0,0,0,0,0,0,0,0,0,0,0,0,0,0,0,0,0,0,0,0,0,0,0,0,0,0,0,0,0,0,0,0,0,0,0,0,0,0,0,0,0
JPB:bin_000479,0,0,0,0,0,0,0,0,0,0,0,0,0,0,0,0,0,0,0,0,0,0,0,0,0,0,0,0,0,0,0,0,0,0,0,0,0,0,0,0,0,0
JPB:bin_000480,0,0,0,0,0,0,0,0,0,0,0,0,0,0,0,0,0,0,0,0,0,0,0,0,0,0,0,0,0,0,0,0,0,0,0,0,0,0,0,0,0,0
JPB:bin_000482,0,0,0,0,0,0,0,0,0,0,0,0,0,0,0,0,0,0,0,0,0,0,0,0,0,0,0,0,0,0,0,0,0,0,0,0,0,0,0,0,0,0
JPB:bin_000483,0,0,0,0,0,0,0,0,0,0,0,0,0,0,0,0,0,0,0,0,0,0,0,0,0,0,0,0,0,0,0,0,0,0,0,0,0,0,0,0,0,0
JPB:bin_000484,0,0,0,0,0,0,0,0,0,0,0,0,0,0,0,0,0,0,0,0,0,0,0,0,0,0,0,0,0,0,0,0,0,0,0,0,0,0,0,0,0,0
JPB:bin_000485,0,0,0,0,0,0,0,0,0,0,0,0,0,0,0,0,0,0,0,0,0,0,0,0,0,0,0,0,0,0,0,0,0,0,0,0,0,0,0,0,0,0
JPB:bin_000486,0,0,0,0,0,0,0,0,0,0,0,0,0,0,0,0,0,0,0,0,0,0,0,0,0,0,0,0,0,0,0,0,0,0,0,0,0,0,0,0,0,0
JPB:bin_000487,0,0,0,0,0,0,0,0,0,0,0,0,0,0,0,0,0,0,0,0,0,0,0,0,0,0,0,0,0,0,0,0,0,0,0,0,0,0,0,0,0,0
JPB:bin_000488,0,0,0,0,0,0,0,0,0,0,0,0,0,0,0,0,0,0,0,0,0,0,0,0,0,0,0,0,0,0,0,0,0,0,0,0,0,0,0,0,0,0
JPB:bin_000489,0,0,0,0,0,0,0,0,0,0,0,0,0,0,0,0,0,0,0,0,0,0,0,0,0,0,0,0,0,0,0,0,0,0,0,0,0,0,0,0,0,0
JPB:bin_000490,0,0,0,0,0,0,0,0,0,0,0,0,0,0,0,0,0,0,0,0,0,0,0,0,0,0,0,0,0,0,0,0,0,0,0,0,0,0,0,0,0,0
JPB:bin_000491,0,0,0,0,0,0,0,0,0,0,0,0,0,0,0,0,0,0,0,0,0,0,0,0,0,0,0,0,0,0,0,0,0,0,0,0,0,0,0,0,0,0
JPB:bin_000492,0,0,0,0,0,0,0,0,0,0,0,0,0,0,0,0,0,0,0,0,0,0,0,0,0,0,0,0,0,0,0,0,0,0,0,0,0,0,0,0,0,0
JPB:bin_000495,0,0,0,0,0,0,0,0,0,0,0,0,0,0,0,0,0,0,0,0,0,0,0,0,0,0,0,0,0,0,0,0,0,0,0,0,0,0,0,0,0,0
JPB:bin_000496,0,0,0,0,0,0,0,0,0,0,0,0,0,0,0,0,0,0,0,0,0,0,0,0,0,0,0,0,0,0,0,0,0,0,0,0,0,0,0,0,0,0
JPB:bin_000498,0,0,0,0,0,0,0,0,0,0,0,0,0,0,0,0,0,0,0,0,0,0,0,0,0,0,0,0,0,0,0,0,0,0,0,0,0,0,0,0,0,0
JPB:bin_000499,0,0,0,0,0,0,0,0,0,0,0,0,0,0,0,0,0,0,0,0,0,0,0,0,0,0,0,0,0,0,0,0,0,0,0,0,0,0,0,0,0,0
JPB:bin_000500,0,0,0,0,0,0,0,0,0,0,0,0,0,0,0,0,0,0,0,0,0,0,0,0,0,0,0,0,0,0,0,0,0,0,0,0,0,0,0,0,0,0
JPB:bin_000503,0,0,0,0,0,0,0,0,0,0,0,0,0,0,0,0,0,0,0,0,0,0,0,0,0,0,0,0,0,0,0,0,0,0,0,0,0,0,0,0,0,0
JPB:bin_000504,0,0,0,0,0,0,0,0,0,0,0,0,0,0,0,0,0,0,0,0,0,0,0,0,0,0,0,0,0,0,0,0,0,0,0,0,0,0,0,0,0,0
JPB:bin_000505,0,0,0,0,0,0,0,0,0,0,0,0,0,0,0,0,0,0,0,0,0,0,0,0,0,0,0,0,0,0,0,0,0,0,0,0,0,0,0,0,0,0
JPB:bin_000506,0,0,0,0,0,0,0,0,0,0,0,0,0,0,0,0,0,0,0,0,0,0,0,0,0,0,0,0,0,0,0,0,0,0,0,0,0,0,0,0,0,0
JPB:bin_000508,0,0,0,0,0,0,0,0,0,0,0,0,0,0,0,0,0,0,0,0,0,0,0,0,0,0,0,0,0,0,0,0,0,0,0,0,0,0,0,0,0,0
JPB:bin_000510,0,0,0,0,0,0,0,0,0,0,0,0,0,0,0,0,0,0,0,0,0,0,0,0,0,0,0,0,0,0,0,0,0,0,0,0,0,0,0,0,0,0
JPB:bin_000511,0,0,0,0,0,0,0,0,0,0,0,0,0,0,0,0,0,0,0,0,0,0,0,0,0,0,0,0,0,0,0,0,0,0,0,0,0,0,0,0,0,0
JPB:bin_000513,0,0,0,0,0,0,0,0,0,0,0,0,0,0,0,0,0,0,0,0,0,0,0,0,2.982,0,0,0,0,0,0,0,1.446,0,0,0,0,0,0,0,0,0
JPB:bin_000514,0,0,0,0,0,0,0,0,0,0,0,0,0,0,0,0,0,0,0,0,0,0,0,0,0,0,0,0,0,0,0,0,0,0,0,0,0,0,0,0,0,0
JPB:bin_000515,0,0,0,0,0,0,0,0,0,0,0,0,0,0,0,0,0,0,0,0,0,0,0,0,0,0,0,0,0,0,0,0,0,0,0,0,0,0,0,0,0,0
JPB:bin_000516,0,0,0,0,0,0,0,0,0,0,0,0,0,0,0,0,0,0,0,0,0,0,0,0,0,0,0,0,0,0,0,0,0,0,0,0,0,0,0,0,0,0
JPB:bin_000518,0,0,1.394,0,0,0,0,0,2.198,1.447,0,0,0,0,0,0,0,0,0,0,0,0,0,0,3.254,0,2.022,0,1.755,0,0,2.798,1.677,0,0,2.083,2.673,0,0,0,0,0
JPB:bin_000521,0,0,0,0,0,0,0,0,0,0,0,0,0,0,0,0,0,0,0,0,0,0,0,0,0,0,0,0,0,0,0,0,0,0,0,1.497,0,0,0,0,0,0
JPB:bin_000523,0,0,0,0,0,0,0,0,0,0,0,0,0,0,0,0,0,0,0,0,0,0,0,0,0,0,0,0,0,0,0,0,0,0,0,0,0,0,0,0,0,0
JPB:bin_000524,0,0,0,0,0,0,0,0,0,0,0,0,0,0,0,0,0,0,0,0,0,0,0,0,0,0,0,0,0,0,0,0,2.636,0,0,0,0,0,0,0,0,0
JPB:bin_000525,0,0,0,0,0,0,0,0,0,0,0,0,0,0,0,0,0,0,0,0,0,0,0,0,0,0,0,0,0,0,0,0,0,0,0,0,0,0,0,0,0,0
JPB:bin_000526,0,0,0,0,0,0,0,0,0,0,0,0,0,0,0,0,0,0,0,0,0,0,0,0,0,0,0,0,0,0,0,0,0,0,0,0,0,0,0,0,0,0
JPB:bin_000529,0,0,1.779,0,0,0,0,0,1.803,0,0,0,0,0,0,0,0,0,0,0,0,0,0,1.421,2.575,0,0,0,0,0,0,0,0,0,0,1.299,0,0,0,1.669,0,0
JPB:bin_000530,0,0,0,0,0,0,0,0,0,0,0,0,0,0,0,0,0,0,0,0,0,0,0,0,0,0,0,0,0,0,0,0,0,0,0,0,0,0,0,0,0,0
JPB:bin_000532,0,0,0,0,0,0,0,0,0,0,0,0,0,0,0,0,0,0,0,0,0,0,0,0,0,0,0,0,0,0,0,0,0,0,0,0,0,0,0,0,0,0
JPB:bin_000533,0,0,0,0,0,0,0,0,0,0,0,0,0,0,0,0,0,0,0,0,0,0,0,0,2.921,0,0,0,0,0,0,0,0,0,0,2.016,2.541,0,0,0,0,0
JPB:bin_000534,0,0,0,0,0,0,0,0,0,0,0,0,0,0,0,0,0,0,0,0,0,0,0,0,3.055,0,0,0,0,0,0,0,0,0,0,2.124,2.797,0,0,0,0,0
JPB:bin_000535,0,0,0,0,0,0,0,0,0,0,0,0,0,0,0,0,0,0,0,0,0,0,0,0,0,0,0,0,0,0,0,0,0,0,0,0,0,0,0,0,0,0
JPB:bin_000536,0,0,0,0,0,0,0,0,0,0,0,0,0,0,0,0,0,0,0,0,0,0,0,0,0,0,0,0,0,0,0,0,0,0,0,0,0,0,0,0,0,0
JPB:bin_000539,44.989,2.376,60.842,18.101,26.912,69.009,45.164,10.784,130.813,67.551,48.227,0,21.273,7.278,0,59.244,4.884,16.016,44.908,67.191,8.219,0,28.207,72.734,237.185,41.118,82.534,66.785,125.693,31.065,58.142,153.277,99.484,19.784,37.272,133.003,166.428,101.979,107.476,132.763,25.728,23.549
JPB:bin_000541,0,0,0,0,0,0,0,0,0,0,0,0,0,0,0,0,0,0,0,0,0,0,0,0,0,0,0,0,0,0,0,0,0,0,0,0,0,0,0,0,0,0
JPB:bin_000542,0,0,0,0,0,0,0,0,0,0,0,0,0,0,0,0,0,0,0,0,0,0,0,0,0,0,0,0,0,0,0,0,0,0,0,0,0,0,0,0,0,0
JPB:bin_000543,0,0,0,0,0,0,1.46,0,0,0,0,0,0,0,0,0,0,0,0,0,0,0,0,0,3.696,2.783,0,0,0,0,0,1.771,1.739,0,0,0,0,4.762,3.864,0,0,0
JPB:bin_000544,1.571,0,22.774,0,2.622,3.563,0,0,3.254,2.62,0,0,0,0,0,0,0,0,0,1.663,0,0,0,0,7.46,2.124,1.641,6.941,3.527,0,2.359,5.7,1.458,2.967,0,5.457,3.698,2.938,7.706,2.914,0,0
JPB:bin_000545,0,0,0,0,0,0,0,0,0,0,0,0,0,0,0,0,0,0,0,0,0,0,0,0,0,0,0,0,0,0,0,0,0,0,0,0,0,0,0,0,0,0
JPB:bin_000548,26.138,0,31.895,9.94,15.178,38.202,24.417,6.144,73.831,38.672,27.09,0,12.111,3.63,0,33.232,2.552,8.87,22.92,39.523,4.539,0,15.168,40.912,141.675,23.922,46.784,34.929,69.685,19.101,31.768,83.36,51.553,9.997,22.309,75.912,87.301,57.03,58.056,71.295,14.302,12.913
JPB:bin_000550,0,0,0,0,0,0,0,0,0,0,0,0,0,0,0,0,0,0,0,0,0,0,0,0,0,0,0,0,0,0,0,0,0,0,0,0,0,0,0,0,0,0
JPB:bin_000551,0,0,0,0,0,0,0,0,0,0,0,0,0,0,0,0,0,0,0,0,0,0,0,0,0,0,0,0,0,0,0,0,0,0,0,0,0,0,0,0,0,0
JPB:bin_000553,0,0,0,0,0,0,0,0,0,0,0,0,0,0,0,0,0,0,0,0,0,0,0,0,0,0,0,0,0,0,0,0,0,0,0,0,0,0,0,0,0,0
JPB:bin_000556,0,0,0,0,0,0,0,0,0,0,0,0,0,0,0,0,0,0,0,0,0,0,0,0,0,0,0,0,0,0,0,0,0,0,0,0,0,0,0,0,0,0
JPB:bin_000557,0,0,0,0,0,0,0,0,0,0,0,0,0,0,0,0,0,0,0,0,0,0,0,0,0,0,0,0,0,0,0,0,0,0,0,0,0,0,0,0,0,0
JPB:bin_000558,0,0,0,0,0,0,0,0,0,0,0,0,0,0,0,0,0,0,0,0,0,0,0,0,0,0,0,0,0,0,0,0,0,0,0,0,0,0,0,0,0,0
JPB:bin_000559,0,0,0,0,0,0,0,0,0,0,0,0,0,0,0,0,0,0,0,0,0,0,0,0,0,0,0,0,0,0,0,0,0,0,0,0,0,0,0,0,0,0
JPB:bin_000560,0,0,0,0,0,0,0,0,1.434,0,0,0,0,0,0,0,0,0,0,0,0,0,0,0,0,0,0,1.521,0,0,0,1.49,1.87,0,0,0,2.044,0,1.839,0,0,0
JPB:bin_000562,0,0,0,0,0,0,0,0,0,0,0,0,0,0,0,0,0,0,0,0,0,0,0,0,0,0,0,0,0,0,0,0,0,0,0,0,0,0,0,0,0,0
JPB:bin_000563,0,0,0,0,0,0,0,0,0,0,0,0,0,0,0,0,0,0,0,0,0,0,0,0,0,0,0,0,0,0,0,0,0,0,0,0,0,0,0,0,0,0
JPB:bin_000565,0,0,0,0,0,0,0,0,0,0,0,0,0,0,0,0,0,0,0,0,0,0,0,0,0,0,0,0,0,0,0,0,0,0,0,0,0,0,0,0,0,0
JPB:bin_000566,0,0,0,0,0,0,0,0,1.422,0,0,0,0,0,0,0,0,0,0,0,0,0,1.367,0,1.66,0,0,0,0,0,0,0,0,0,0,0,0,0,0,0,0,0
JPB:bin_000567,0,0,0,0,0,0,0,0,0,0,0,0,0,0,0,0,0,0,0,0,0,0,0,0,2.503,0,0,0,2.262,0,0,0,0,0,0,0,0,2.898,1.744,0,0,0
JPB:bin_000570,0,0,0,0,0,0,0,0,0,0,0,0,0,0,0,0,0,0,0,0,0,0,0,0,0,0,0,0,0,0,0,0,0,0,0,0,0,0,0,0,0,0
JPB:bin_000572,0,0,0,0,0,0,0,0,0,0,0,0,0,0,0,0,0,0,0,0,0,0,0,0,0,0,0,0,0,0,0,0,0,0,0,0,0,0,0,0,0,0
JPB:bin_000574,0,0,0,0,0,0,0,0,0,0,0,0,0,0,0,0,0,0,0,0,0,0,0,0,0,0,0,0,0,0,0,0,0,0,0,0,0,0,0,0,0,0
JPB:bin_000575,0,0,0,0,0,0,0,0,2.105,1.4,0,0,0,0,0,0,0,0,0,0,0,0,0,0,0,0,0,0,0,0,0,0,2.089,0,0,0,2.468,0,0,0,0,0
JPB:bin_000576,0,0,0,0,0,0,0,0,0,0,0,0,0,0,0,0,0,0,0,0,0,0,0,0,0,0,0,0,0,0,0,0,0,0,0,0,0,0,0,0,0,0
JPB:bin_000577,0,0,0,0,0,0,0,0,0,0,0,0,1.715,0,0,0,0,0,0,0,0,0,0,0,3.28,0,0,0,0,0,0,2.271,0,0,0,0,0,0,0,0,0,0
JPB:bin_000578,0,0,0,0,0,0,0,0,0,0,0,0,0,0,0,0,0,0,0,0,0,0,0,0,0,0,0,0,0,0,0,0,0,0,0,0,0,0,0,0,0,0
JPB:bin_000579,0,0,0,0,0,0,0,0,0,0,0,0,0,0,0,0,0,0,0,0,0,0,0,0,0,0,0,0,0,0,0,0,0,0,0,0,0,0,0,0,0,0
JPB:bin_000582,0,0,0,0,0,0,0,0,0,0,0,0,0,0,0,0,0,0,0,0,0,0,0,0,0,0,0,0,0,0,0,0,0,0,0,0,0,0,0,0,0,0
JPB:bin_000585,0,0,0,0,0,0,0,0,0,0,0,0,0,0,0,0,0,0,0,0,0,0,0,0,0,0,0,0,0,0,0,0,0,0,0,0,0,0,0,0,0,0
JPB:bin_000586,0,0,0,0,0,0,0,0,0,0,0,0,0,0,0,0,0,0,0,0,0,0,0,0,0,0,0,0,0,0,0,0,0,0,0,0,0,0,0,0,0,0
JPB:bin_000587,0,0,0,0,0,0,0,0,0,0,0,0,0,0,0,0,0,0,0,0,0,0,0,0,0,0,0,0,0,0,0,0,0,0,0,0,0,0,0,0,0,0
JPB:bin_000588,0,0,0,0,0,0,0,0,0,0,0,0,0,0,0,0,0,0,0,0,0,0,0,0,4.181,0,0,0,0,0,0,1.534,0,0,0,0,0,0,2.442,0,0,0
JPB:bin_000594,6.962,0,8.692,3.38,3.927,13,11.659,3.088,14.176,7.229,8.503,0,3.498,0,0,10.527,0,1.521,5.858,22.436,0,0,15.738,10.863,30.26,6.966,14.826,9.983,18.828,8.98,7.27,21.605,11.399,2.844,10.336,22.69,25.52,9.847,16.088,20.787,7.17,4.658
JPB:bin_000595,0,0,0,0,0,0,0,0,0,0,0,0,0,0,0,0,0,0,0,0,0,0,0,0,0,0,0,0,0,0,0,0,0,0,0,0,0,0,0,0,0,0
JPB:bin_000599,0,0,0,0,0,0,0,0,0,0,0,0,0,0,0,0,0,0,0,0,0,0,0,0,0,0,0,0,0,0,0,0,0,0,0,0,0,0,0,0,0,0
JPB:bin_000600,0,0,0,0,0,0,0,0,0,0,0,0,0,0,0,0,0,0,0,0,0,0,0,0,0,0,0,0,0,0,0,0,0,0,0,0,0,0,0,0,0,0
JPB:bin_000601,0,0,0,0,0,0,0,0,1.786,0,0,0,0,0,0,0,0,0,0,0,0,0,0,0,2.768,0,0,0,0,0,0,0,0,0,0,0,0,0,0,0,0,0
JPB:bin_000603,0,0,0,0,0,0,0,0,0,0,0,0,0,0,0,0,0,0,0,0,0,0,0,0,0,0,0,0,0,0,0,0,0,0,0,0,0,0,0,0,0,0
JPB:bin_000605,0,0,0,0,0,0,0,0,0,0,0,0,0,0,0,0,0,0,0,0,0,0,0,0,0,0,0,0,0,0,0,0,0,0,0,0,0,0,0,0,0,0
JPB:bin_000606,0,0,0,0,0,0,0,0,0,0,0,0,0,0,0,0,0,0,0,0,0,0,0,0,0,0,0,0,0,0,0,0,0,0,0,0,0,0,0,0,0,0
JPB:bin_000608,0,0,0,0,0,0,0,0,0,0,0,0,0,0,0,0,0,0,0,0,0,0,0,0,0,0,0,0,0,0,0,0,0,0,0,0,0,0,0,0,0,0
JPB:bin_000609,0,0,1.983,0,0,2.242,0,0,3.7,0,0,0,0,0,0,2.406,0,0,0,1.832,0,0,0,0,6.068,0,2.186,1.747,3.193,0,1.836,3.803,3.799,0,0,3.503,4.18,3.096,4.114,2.83,0,0
JPB:bin_000611,2.973,0,3.378,0,3.893,5.132,3.48,0,9.323,6.665,3.609,0,2.157,0,0,3.997,0,1.566,3.606,5.249,0,0,4.287,6.015,18.313,2.324,6.991,4.087,12.024,3.226,4.706,11.906,8.222,0,3.003,13.908,11.532,8.771,6.26,7.753,2.675,2.01
JPB:bin_000612,34.846,0,10.19,5.742,8.304,12.076,6.826,3.321,32.376,10.983,17.751,0,3.592,0,0,15.851,0,3.653,4.878,35.037,0,0,0,10.908,53.504,13.158,21.433,18.361,19.657,17.094,8.309,31.837,20.1,3.032,2.744,32.977,30.419,10.432,28.964,50.117,3.521,2.495
JPB:bin_000615,0,0,0,0,0,0,0,0,0,0,0,0,0,0,0,0,0,0,0,0,0,0,0,0,0,0,0,0,0,0,0,0,0,0,0,0,0,0,0,0,0,0
JPB:bin_000616,0,0,0,0,0,0,0,0,0,0,0,0,0,0,0,0,0,0,0,0,0,0,0,0,0,0,0,0,0,0,0,0,0,0,0,0,0,0,0,0,0,0
JPB:bin_000617,0,0,1.156,0,0,0,0,0,1.842,0,0,0,0,0,0,1.457,0,0,1.352,0,0,0,0,0,2.834,0,0,2.231,0,0,1.309,2.252,1.819,0,0,1.884,4.878,1.945,1.835,3.682,0,0
JPB:bin_000618,0,0,0,0,0,0,0,0,0,0,0,0,0,0,0,0,0,0,0,0,0,0,0,0,0,0,0,0,0,0,0,0,0,0,0,0,0,0,0,0,0,0
JPB:bin_000619,0,0,0,0,0,0,0,0,0,0,0,0,0,0,0,0,0,0,0,0,0,0,0,0,0,0,0,0,0,0,0,0,0,0,0,0,0,0,0,0,0,0
JPB:bin_000621,0,0,0,0,0,0,0,0,0,0,0,0,0,0,0,0,0,0,0,0,0,0,0,0,0,0,0,0,0,0,0,0,0,0,0,0,0,0,0,0,0,0
JPB:bin_000622,0,0,2.277,0,0,0,1.585,0,4.089,0,0,0,0,0,0,2.825,0,0,2.041,1.544,0,0,0,0,4.821,0,1.747,4.307,3.665,1.827,1.592,5.081,3.526,0,0,2.133,10.252,2.707,7.713,4.169,0,0
JPB:bin_000627,0,0,0,0,0,0,0,0,0,0,0,0,0,0,0,0,0,0,0,0,0,0,0,0,0,0,0,0,0,0,0,0,0,0,0,0,0,0,0,0,0,0
JPB:bin_000628,0,0,0,0,0,0,0,0,0,0,0,0,0,0,0,0,0,0,0,0,0,0,0,0,2.027,0,0,0,0,0,0,0,0,0,0,0,0,0,0,0,0,0
JPB:bin_000629,0,0,0,0,0,0,0,0,0,0,0,0,0,0,0,0,0,0,0,0,0,0,0,0,0,0,0,0,0,0,0,0,0,0,0,0,0,0,0,0,0,0
JPB:bin_000630,0,0,0,0,0,0,0,0,0,0,0,0,0,0,0,0,0,0,0,0,0,0,0,0,0,0,0,0,0,0,0,0,0,0,0,0,0,0,0,0,0,0
JPB:bin_000632,0,0,0,0,0,0,0,0,0,0,0,0,0,0,0,0,0,0,0,0,0,0,0,0,0,0,0,0,0,0,0,0,0,0,0,0,0,0,0,0,0,0
JPB:bin_000633,0,0,0,0,0,0,0,0,0,0,0,0,0,0,0,0,0,0,0,0,0,0,0,0,0,0,0,0,0,0,0,0,0,0,0,0,0,0,0,0,0,0
JPB:bin_000634,0,0,0,0,0,0,0,0,0,0,0,0,0,0,0,0,0,0,0,0,0,0,0,0,0,0,0,0,0,0,0,0,0,0,0,0,0,0,0,0,0,0
JPB:bin_000635,0,0,0,0,0,0,0,0,0,0,0,0,0,0,0,0,0,0,0,0,0,0,0,0,1.683,0,0,0,0,0,0,0,0,0,0,0,0,0,0,0,0,0
JPB:bin_000636,0,0,0,0,0,0,0,0,0,0,0,0,0,0,0,0,0,0,0,0,0,0,0,0,2.909,0,0,0,0,0,0,0,0,0,0,0,0,0,0,0,0,0
JPB:bin_000637,0,0,0,0,0,0,0,0,0,0,0,0,0,0,0,0,0,0,0,0,0,0,0,0,0,0,0,0,0,0,0,0,0,0,0,0,0,0,0,0,0,0
JPB:bin_000638,0,0,0,0,0,0,0,0,0,0,0,0,0,0,0,0,0,0,0,0,0,0,0,0,0,0,0,0,0,0,0,0,0,0,0,0,0,0,0,0,0,0
JPB:bin_000639,0,0,0,0,0,0,0,0,0,0,0,0,0,0,0,0,0,0,0,0,0,0,0,0,0,0,0,0,0,0,0,0,0,0,0,0,0,0,0,0,0,0
JPB:bin_000640,0,0,0,0,0,0,0,0,0,0,0,0,0,0,0,0,0,0,0,0,0,0,0,0,0,0,0,0,0,0,0,0,0,0,0,0,0,0,0,0,0,0
JPB:bin_000641,0,0,0,0,0,0,0,0,0,0,0,0,0,0,0,0,0,0,0,0,0,0,0,0,0,0,0,0,0,0,0,0,0,0,0,0,0,0,0,0,0,0
JPB:bin_000643,0,0,0,0,0,0,0,0,0,0,0,0,0,0,0,0,0,0,0,0,0,0,0,0,0,0,0,0,0,0,0,0,0,0,0,0,0,0,0,0,0,0
JPB:bin_000644,0,0,0,0,0,0,0,0,0,0,0,0,0,0,0,0,0,0,0,0,0,0,0,0,0,0,0,0,0,0,0,0,0,0,0,0,0,0,0,0,0,0
JPB:bin_000645,0,0,0,0,0,0,0,0,0,0,0,0,0,0,0,0,0,0,0,0,0,0,0,0,0,0,0,0,0,0,0,0,0,0,0,0,0,0,0,0,0,0
JPB:bin_000647,0,0,0,0,0,0,0,0,0,0,0,0,0,0,0,0,0,0,0,0,0,0,0,0,0,0,0,0,0,0,0,0,0,0,0,0,0,0,0,0,0,0
JPB:bin_000648,0,0,0,0,0,0,0,0,0,0,0,0,0,0,0,0,0,0,0,0,0,0,0,0,0,0,0,0,0,0,0,0,0,0,0,0,0,0,0,0,0,0
JPB:bin_000651,0,0,0,0,0,0,0,0,0,0,0,0,0,0,0,0,0,0,0,0,0,0,0,0,0,0,0,0,0,0,0,0,0,0,0,0,0,0,0,0,0,0
JPB:bin_000652,2.27,0,1.454,0,0,0,0,0,4.979,0,1.514,0,0,0,0,1.965,0,0,0,1.841,0,0,0,0,3.963,1.473,2.44,0,4.133,0,0,1.731,2.378,0,0,1.841,7.085,2.627,4.077,2.905,0,0
JPB:bin_000653,0,0,0,0,0,0,0,0,0,0,0,0,0,0,0,0,0,0,0,0,0,0,0,0,2.054,0,0,0,0,0,0,0,0,0,0,0,0,0,1.669,0,0,0
JPB:bin_000654,0,0,0,0,0,0,0,0,0,0,0,0,0,0,0,0,0,0,0,0,0,0,0,0,0,0,0,0,0,0,0,0,0,0,0,0,0,0,0,0,0,0
JPB:bin_000655,0,0,0,0,0,0,0,0,0,0,0,0,0,0,0,0,0,0,0,0,0,0,0,0,0,0,0,0,0,0,0,0,0,0,0,0,0,0,0,0,0,0
JPB:bin_000657,0,0,0,0,0,1.481,0,0,2.01,0,0,0,0,0,0,0,0,0,1.668,1.588,0,0,0,1.443,4.042,0,0,0,2.121,0,0,3.654,2.825,0,0,0,2.993,2.106,3.028,2.887,0,0
JPB:bin_000658,0,0,0,0,0,0,0,0,2.255,0,0,0,0,0,0,2.29,0,0,0,0,0,0,0,0,4.733,0,0,2.173,2.675,0,0,2.697,3.879,0,0,0,4.283,0,3.797,3.206,0,0
JPB:bin_000659,0,0,0,0,0,0,0,0,0,0,0,0,0,0,0,0,0,0,0,0,0,0,0,0,0,0,0,0,0,0,0,0,0,0,0,0,0,0,0,0,0,0
JPB:bin_000660,0,0,0,0,0,0,0,0,0,0,0,0,0,0,0,0,0,0,0,0,0,0,0,0,0,0,0,0,0,0,0,0,0,0,0,0,0,0,0,0,0,0
JPB:bin_000661,0,0,0,0,0,0,0,0,0,0,0,0,0,0,0,0,0,0,0,0,0,0,0,0,0,0,0,0,0,0,0,0,0,0,0,0,0,0,0,0,0,0
TJ1:bin_000004,0,0,5.163,0,0,1.321,3.292,1.617,3.74,0,1.773,0,0,0,0,1.528,0,0,1.424,0,3.569,0,0,1.396,8.797,1.807,4.681,0,4.92,0,2.09,1.859,5.735,0,0,4.29,2.524,2.861,8.764,2.83,0,0
TJ1:bin_000005,0,0,1.413,0,0,1.498,0,0,3.959,2.895,0,0,0,0,0,1.762,0,0,2.996,3.653,0,0,0,2.846,7.842,0,2.366,0,4.094,1.495,1.606,4.746,3.248,0,0,3.831,4.552,2.405,4.179,3.736,0,0
TJ1:bin_000006,1.46,0,1.972,0,0,0,0,0,2.725,0,1.742,0,0,0,0,2.462,0,0,1.499,0,0,0,0,1.513,5.005,0,1.976,0,2.665,0,1.447,4.457,2.681,0,0,4.64,7.17,2.663,6.059,3.557,0,2.117
TJ1:bin_000008,2.218,0,1.115,0,0,0,0,0,5.379,1.72,1.542,0,1.363,0,0,2.898,0,0,1.795,0,0,0,0,0,6.906,0,3.632,1.843,4.209,0,0,5.664,4.34,0,0,4.19,5.518,5.498,7.209,2.499,0,0
TJ1:bin_000010,0,0,0,0,0,0,0,0,0,0,0,0,0,0,0,0,0,0,0,0,0,0,0,0,0,0,0,0,0,0,0,0,0,0,0,0,0,0,0,0,0,0
TJ1:bin_000011,0,0,0,0,0,0,0,0,0,0,0,0,0,0,0,0,0,0,0,0,0,0,0,0,0,0,0,0,0,0,0,0,0,0,0,0,0,0,0,0,0,0
TJ1:bin_000016,0,0,0,0,0,0,0,0,0,0,0,0,0,0,0,0,0,0,0,0,0,0,0,0,0,0,0,0,0,0,0,0,0,0,0,0,0,0,0,0,0,0
TJ1:bin_000017,0,0,0,0,0,0,0,0,0,0,0,0,0,0,0,0,0,0,0,0,0,0,0,0,0,0,0,0,0,0,0,0,0,0,0,0,0,0,0,0,0,0
TJ1:bin_000023,0,0,0,0,0,0,0,0,0,0,0,0,0,0,0,0,0,0,0,0,0,0,0,0,0,0,0,0,0,0,0,0,0,0,0,0,0,0,0,0,0,0
TJ1:bin_000026,0,0,0,0,0,0,0,0,0,0,0,0,0,0,0,0,0,0,0,0,0,0,0,0,0,0,0,0,0,0,0,0,0,0,0,0,0,0,0,0,0,0
TJ1:bin_000028,0,0,0,0,0,0,0,0,0,0,0,0,0,0,0,0,0,0,0,0,0,0,0,0,0,0,0,0,0,0,0,0,0,0,0,0,0,0,0,0,0,0
TJ1:bin_000030,0,0,0,0,0,0,0,0,0,0,0,0,0,0,0,0,0,0,0,0,0,0,0,0,0,0,0,0,0,0,0,0,0,0,0,0,0,0,0,0,0,0
TJ1:bin_000031,0,0,0,0,0,0,0,0,0,0,0,0,0,0,0,0,0,0,0,0,0,0,0,0,0,0,0,0,0,0,0,0,0,0,0,0,0,0,0,0,0,0
TJ1:bin_000033,1.782,0,24.081,4.519,1.684,3.447,2.874,1.511,16.679,1.751,5.722,0,3.645,0,0,3.76,0,1.642,6.898,5.563,1.589,0,0,4.338,11.816,2.389,9.651,24.041,14.451,3.945,7.113,10.563,12.242,4.844,2.755,14.188,15.783,10.589,39.295,13.637,0,0
TJ1:bin_000037,0,0,1.368,0,0,0,0,0,0,0,0,0,0,0,0,1.82,0,0,2.993,1.668,0,0,0,0,3.577,0,1.788,1.41,1.758,0,0,1.762,1.532,0,0,0,3.487,0,1.695,1.561,0,0
TJ1:bin_000038,0,0,0,0,0,0,0,0,1.48,0,0,0,0,0,0,0,0,0,0,0,0,0,0,0,0,0,0,0,0,0,0,0,0,0,0,0,0,0,0,0,0,0
TJ1:bin_000042,0,0,0,0,0,0,0,0,0,0,0,0,0,0,0,0,0,0,0,0,0,0,0,0,0,0,0,0,0,0,0,0,0,0,0,0,0,0,0,0,0,0
TJ1:bin_000046,0,0,0,0,0,0,0,0,0,0,0,0,0,0,0,0,0,0,0,0,0,0,0,0,0,0,0,0,0,0,0,0,0,0,0,0,0,0,0,0,0,0
TJ1:bin_000047,0,0,2.313,0,0,1.744,1.6,0,4.069,0,0,0,0,0,0,3.987,0,0,2.695,0,0,0,0,3.633,10.461,0,4.016,5.082,5.131,0,1.504,4.722,5.489,0,0,4.264,11.7,2.847,5.74,4.697,0,0
TJ1:bin_000049,0,0,0,0,0,0,0,0,0,0,0,0,0,0,0,0,0,0,0,0,0,0,0,0,0,0,0,0,0,0,0,2.073,1.794,0,0,0,3.591,0,0,0,0,0
TJ1:bin_000053,0,0,0,0,0,0,0,0,0,0,0,0,0,0,0,0,0,0,0,0,0,0,0,0,3.907,0,0,1.76,0,0,0,2.384,0,0,0,0,0,0,5.233,0,0,0
TJ1:bin_000057,0,0,1.555,0,0,0,1.696,0,5.801,0,3.773,0,0,0,0,2.654,0,0,0,1.505,0,0,0,0,4.192,0,2.777,0,3.6,0,0,3.756,2.392,0,0,0,5.662,1.625,5.439,2.317,0,0
TJ1:bin_000062,0,0,0,0,0,0,0,0,0,0,0,0,0,0,0,0,0,0,0,0,0,0,0,0,0,0,0,0,0,0,0,0,0,0,0,0,0,0,0,0,0,0
TJ1:bin_000065,0,0,0,0,0,0,0,0,0,0,0,0,0,0,0,0,0,0,0,0,0,0,0,0,0,0,0,0,0,0,0,0,0,0,0,0,0,0,0,0,0,0
TJ1:bin_000071,0,0,0,0,0,0,0,0,0,0,0,0,0,0,0,0,0,0,0,0,0,0,0,0,0,0,0,0,0,0,0,0,0,0,0,0,0,0,0,0,0,0
TJ1:bin_000072,0,0,0,0,0,0,0,0,0,0,0,0,0,0,0,0,0,0,0,0,0,0,0,0,0,0,0,0,0,0,0,0,0,0,0,0,0,0,0,0,0,0
TJ1:bin_000075,0,0,1.483,0,0,0,0,0,1.665,0,0,0,0,0,0,0,0,0,0,0,0,0,0,0,1.55,0,0,0,0,0,0,0,0,0,0,0,0,0,2.396,0,0,0
TJ1:bin_000077,0,0,0,0,0,0,0,0,0,0,0,0,0,0,0,0,0,0,0,0,0,0,0,0,0,0,0,0,0,0,0,0,0,0,0,0,0,0,0,0,0,0
TJ1:bin_000082,0,0,0,0,0,0,0,0,1.6,0,0,0,0,0,0,0,0,0,0,0,0,0,0,0,0,0,0,0,0,0,0,0,0,0,0,0,0,0,0,0,0,0
TJ1:bin_000085,0,0,0,0,0,0,0,0,0,0,0,0,0,0,0,0,0,0,0,0,0,0,0,0,0,0,0,0,0,0,0,0,0,0,0,0,0,0,0,0,0,0
TJ1:bin_000086,0,0,0,0,0,0,0,0,0,0,0,0,0,0,0,0,0,0,0,0,0,0,0,0,1.88,0,0,0,0,0,0,0,0,0,0,0,0,0,0,0,0,0
TJ1:bin_000088,0,0,0,0,0,0,0,0,0,0,0,0,0,0,0,0,0,0,0,0,0,0,0,0,0,0,0,0,0,0,0,0,0,0,0,0,0,0,0,0,0,0
TJ1:bin_000089,0,0,0,0,0,0,0,0,0,0,0,0,0,0,0,0,0,0,0,0,0,0,0,0,0,0,0,0,0,0,0,0,0,0,0,0,0,0,0,0,0,0
TJ1:bin_000092,0,0,0,0,0,0,0,0,0,0,0,0,0,0,0,0,0,0,0,0,0,0,0,0,0,0,0,0,0,0,0,0,0,0,0,0,0,0,0,0,0,0
TJ1:bin_000093,0,0,0,0,0,0,0,0,0,0,0,0,0,0,0,0,0,0,0,0,0,0,0,0,0,0,0,0,0,0,0,1.343,0,0,0,0,0,0,0,0,0,0
TJ1:bin_000094,0,0,0,0,0,0,0,0,0,0,0,0,0,0,0,0,0,0,0,0,0,0,0,0,0,0,0,0,0,0,0,0,0,0,0,0,0,0,0,0,0,0
TJ1:bin_000097,0,0,3.901,1.426,0,4.513,4.076,0,5.179,1.666,5.149,0,0,0,0,3.213,0,0,3.14,2.522,0,0,0,3.203,10.559,7.087,2.565,1.812,5.268,0,2.452,7.999,5.537,0,0,4.466,7.192,7.318,9.811,6.117,0,2.707
TJ1:bin_000101,1.616,0,3.079,0,0,3.9,3.82,0,5.644,1.481,1.951,0,0,0,0,2.957,0,0,2.073,2.515,0,0,0,3.094,6.662,2.213,5.252,4.229,6.951,0,3.23,4.741,7.447,0,0,4.227,4.165,4.6,7.161,6.309,0,1.472
TJ1:bin_000109,0,0,0,0,0,0,0,0,0,0,0,0,0,0,0,0,0,0,0,0,0,0,0,0,0,0,0,0,0,0,0,0,0,0,0,0,0,0,0,0,0,0
TJ1:bin_000112,0,0,0,0,0,0,0,0,0,0,0,0,0,0,0,0,0,0,0,0,0,0,0,0,0,0,0,0,0,0,0,0,0,0,1.366,0,0,0,0,0,0,0
TJ1:bin_000114,0,0,0,0,0,0,0,0,0,0,0,0,0,0,0,0,0,0,0,0,0,0,2.077,0,0,0,0,0,0,0,0,0,0,0,0,0,0,0,0,0,0,0
TJ1:bin_000117,0,0,0,0,0,0,0,0,0,0,0,0,0,0,0,0,0,0,0,0,0,0,0,0,0,0,0,0,0,0,0,0,0,0,0,0,0,0,0,0,0,0
TJ1:bin_000119,0,0,0,0,0,0,0,0,0,0,0,0,0,0,0,0,0,0,0,0,0,0,0,0,0,0,0,0,0,0,0,0,0,0,0,0,0,0,0,0,0,0
TJ1:bin_000121,0,0,0,0,0,0,0,0,0,0,0,0,0,0,0,0,0,0,0,0,0,0,0,0,0,0,0,0,0,0,0,0,0,0,0,0,0,0,0,0,0,0
TJ1:bin_000124,0,0,0,0,0,0,0,0,3.072,1.938,0,0,0,0,0,0,0,0,0,2.409,0,0,0,2.262,4.429,0,1.535,0,1.585,0,0,1.527,3.943,0,0,1.819,0,1.837,0,1.546,0,0
TJ1:bin_000126,0,0,0,0,0,0,0,0,0,0,0,0,0,0,0,0,0,0,0,0,0,0,0,0,0,0,0,0,0,0,0,0,0,0,0,0,0,0,0,0,0,0
TJ1:bin_000133,1.843,0,1.342,0,0,1.843,0,0,1.98,0,0,0,0,0,0,1.482,0,0,0,0,0,0,0,0,3.54,0,1.46,1.951,2.496,0,0,3.665,0,0,0,2.451,3.287,0,3.409,2.968,0,0
TJ1:bin_000134,0,0,0,0,0,0,0,0,0,0,0,0,0,0,0,0,0,0,0,0,0,0,0,0,0,0,0,0,0,0,0,0,0,0,0,0,0,0,0,0,0,0
TJ1:bin_000137,0,0,0,0,0,0,0,0,0,0,0,0,0,0,0,0,0,0,0,0,0,0,0,1.431,1.608,0,0,0,0,0,0,0,0,0,0,1.489,0,0,0,0,0,0
TJ1:bin_000138,0,0,0,0,0,0,0,0,0,0,0,0,0,0,0,0,0,0,0,0,0,0,0,0,0,0,0,0,0,0,0,0,0,0,0,0,0,0,0,0,0,0
TJ1:bin_000143,0,0,0,0,0,0,0,0,0,0,0,0,0,0,0,0,0,0,0,0,0,0,0,0,0,0,0,0,0,0,0,0,0,0,0,0,0,0,0,0,0,0
TJ1:bin_000144,0,0,0,0,0,0,0,0,0,0,0,0,0,0,0,0,0,0,0,0,0,0,0,0,0,0,0,0,0,0,0,0,0,0,0,0,0,0,0,0,0,0
TJ1:bin_000147,0,0,0,0,0,0,0,0,1.61,0,0,0,0,0,0,0,0,0,0,0,0,0,0,1.607,0,0,0,0,1.861,0,0,2.893,1.62,0,0,2.674,2.081,0,0,0,0,0
TJ1:bin_000149,0,0,0,0,0,0,0,0,0,0,0,0,0,0,0,0,0,0,0,0,0,0,0,0,0,0,0,0,0,0,0,1.465,0,0,0,0,0,0,0,0,0,0
TJ1:bin_000151,0,0,0,0,0,0,0,0,0,0,0,0,0,0,0,0,0,0,0,0,0,0,0,0,0,0,0,0,0,0,0,0,0,0,0,0,0,0,0,0,0,0
TJ1:bin_000159,0,0,0,0,0,0,0,0,0,0,0,0,0,0,0,0,0,0,0,0,0,0,0,0,0,0,0,0,0,0,0,0,0,0,0,0,0,0,0,0,0,0
TJ1:bin_000163,0,0,0,0,0,0,0,0,0,0,0,0,0,0,0,0,0,0,0,0,0,0,0,0,0,0,0,0,1.94,0,0,0,0,0,0,0,0,0,0,0,0,0
TJ1:bin_000164,0,0,0,0,0,0,0,0,0,0,0,0,0,0,0,0,0,0,0,0,0,0,0,0,0,0,0,0,0,0,0,0,0,0,0,0,0,0,0,0,0,0
TJ1:bin_000166,0,0,0,0,0,0,0,0,0,0,0,0,0,0,0,0,0,0,0,0,0,0,0,0,0,0,0,0,0,0,0,0,0,0,0,0,0,0,0,0,0,0
TJ1:bin_000167,0,0,0,0,0,0,0,0,0,0,0,0,0,0,0,0,0,0,0,0,0,0,0,0,0,0,0,0,0,0,0,0,0,0,0,0,0,0,0,0,0,0
TJ1:bin_000168,0,0,0,0,0,0,0,0,0,0,0,0,0,0,0,0,0,0,0,0,0,0,0,0,0,0,0,0,0,0,0,0,0,0,0,0,0,0,0,0,0,0
TJ1:bin_000173,0,0,0,0,0,0,0,0,0,0,0,0,0,0,0,0,0,0,0,0,0,0,0,0,0,0,0,0,0,0,0,0,0,0,0,0,0,0,0,0,0,0
TJ1:bin_000175,0,0,0,0,0,0,0,0,0,0,0,0,0,0,0,0,0,0,0,0,0,0,0,0,0,0,0,0,0,0,0,0,0,0,0,0,0,0,0,0,0,0
TJ1:bin_000177,0,0,0,0,0,0,0,0,0,0,0,0,0,0,0,0,0,0,0,0,0,0,0,0,0,0,0,0,0,0,0,0,0,0,0,0,0,0,0,0,0,0
TJ1:bin_000183,0,0,0,0,0,0,0,0,0,0,0,0,0,0,0,0,0,0,0,0,0,0,0,0,1.466,0,0,1.728,1.781,0,0,1.841,0,0,0,0,0,0,0,0,0,0
TJ1:bin_000191,0,0,0,0,0,0,0,0,0,0,0,0,0,0,0,0,0,0,0,0,0,0,0,0,0,0,0,0,0,0,0,0,0,0,0,0,0,0,0,0,0,0
TJ1:bin_000194,0,0,1.908,0,0,2.012,0,0,3.034,0,0,0,0,0,0,2.157,0,0,0,2.493,0,0,0,2.727,5.399,1.679,2.013,2.433,3.354,0,1.961,4.77,2.718,0,0,3.671,4.822,2.414,2.625,4.31,0,0
TJ1:bin_000196,0,0,0,0,0,0,0,0,0,0,0,0,0,0,0,0,0,0,0,0,0,0,0,0,0,0,0,0,0,0,0,0,0,0,0,0,0,0,0,0,0,0
TJ1:bin_000197,0,0,0,0,0,0,0,0,2.174,0,1.851,0,0,0,0,0,0,0,1.961,0,0,0,0,0,2.25,0,0,1.405,0,0,0,1.664,0,0,0,0,3.924,1.963,0,0,0,0
TJ1:bin_000199,0,0,0,0,0,1.301,0,0,1.646,0,0,0,0,0,0,2.374,0,0,2.159,0,0,0,0,0,3.379,0,1.76,0,1.705,0,0,2.033,1.994,0,0,2.215,2.925,0,1.702,2.473,0,0
TJ1:bin_000211,0,0,0,0,0,0,0,0,0,0,0,0,0,0,0,0,0,0,0,0,0,0,0,0,0,0,0,0,0,0,0,0,0,0,0,0,0,0,0,0,0,0
TJ1:bin_000214,0,0,0,0,0,0,0,0,0,0,0,0,0,0,0,0,0,0,0,0,0,0,0,0,0,0,0,0,0,0,0,0,0,0,0,0,0,0,0,0,0,0
TJ1:bin_000217,0,0,0,0,0,0,0,0,0,0,0,0,0,0,0,0,0,0,0,0,0,0,0,0,0,0,0,0,0,0,0,0,0,0,0,0,0,0,0,0,0,0
TJ1:bin_000219,0,0,0,0,0,0,0,0,0,0,0,0,0,0,0,0,0,0,0,0,0,0,0,0,0,0,0,0,0,0,0,0,0,0,0,0,0,0,0,0,0,0
TJ1:bin_000222,0,0,0,0,0,0,0,0,0,0,0,0,0,0,0,0,0,0,0,0,0,0,0,0,0,0,0,0,0,0,0,0,0,0,0,0,0,0,0,0,0,0
TJ1:bin_000223,0,0,0,0,0,0,0,0,0,0,0,0,0,0,0,0,0,0,0,0,0,0,0,0,0,0,0,0,0,0,0,0,0,0,0,0,0,0,0,0,0,0
TJ1:bin_000225,0,0,0,0,0,0,0,0,0,0,0,0,0,0,0,0,0,0,0,0,0,0,0,0,0,0,0,0,0,0,0,0,0,0,0,0,0,0,0,0,0,0
TJ1:bin_000227,0,0,0,0,0,1.435,0,0,1.832,1.452,0,0,0,0,0,0,0,0,0,0,0,0,0,0,3.217,0,0,0,2.2,0,0,2.321,0,0,0,2.319,2.476,2.683,2.333,0,0,0
TJ1:bin_000240,0,0,0,0,0,0,0,0,0,0,0,0,0,0,0,0,0,0,0,0,0,0,0,0,0,0,0,0,0,0,0,0,0,0,0,0,0,0,0,0,0,0
TJ1:bin_000246,0,0,0,0,0,0,0,0,0,0,0,0,0,0,0,0,0,0,0,0,0,0,0,0,0,0,0,0,0,0,0,0,0,0,0,0,0,0,0,0,0,0
TJ1:bin_000248,0,0,0,0,0,0,0,0,0,0,0,0,0,0,0,0,0,0,0,0,0,0,0,0,0,0,0,0,0,0,0,0,0,0,0,0,0,0,0,0,0,0
TJ1:bin_000249,0,0,1.753,0,0,0,0,0,1.439,0,0,0,0,0,0,0,0,0,0,0,0,0,0,0,1.639,0,0,0,0,0,0,0,1.455,0,0,1.864,1.997,0,0,1.582,0,0
TJ1:bin_000252,1.799,0,3.728,1.546,1.869,2.871,3.623,0,7.2,5.08,2.861,0,0,0,0,3.848,0,2.47,3.64,5.637,0,0,0,5.532,18.699,2.017,5.464,3.887,10.794,1.744,4.003,7.931,4.6,0,2.762,6.867,8.626,6.824,10.11,8.665,0,0
TJ1:bin_000254,0,0,0,0,0,0,0,0,0,0,0,0,0,0,0,0,0,0,0,0,0,0,0,0,0,0,0,0,0,0,0,0,0,0,0,0,0,0,0,0,0,0
TJ1:bin_000260,0,0,0,0,0,0,0,0,0,0,0,0,0,0,0,0,0,0,0,0,0,0,0,0,1.681,0,0,0,0,0,0,0,0,0,0,1.5,0,0,0,0,0,0
TJ1:bin_000269,0,0,0,0,0,1.653,0,0,2.237,0,0,0,0,0,0,0,0,0,0,1.467,0,0,0,0,3.803,0,0,0,1.843,0,0,1.887,0,0,0,3.076,2.35,0,2.389,2.618,0,0
TJ1:bin_000276,0,0,0,0,0,0,0,0,0,0,0,0,0,0,0,0,0,0,0,0,0,0,0,0,0,0,0,0,0,0,0,0,0,0,0,0,0,0,0,0,0,0
TJ1:bin_000278,2.225,0,1.75,0,0,2.07,2.12,0,4.604,1.947,3.244,0,0,0,0,3.674,0,0,1.414,1.768,0,0,0,2.453,9.287,2.583,3.068,1.502,3.357,1.266,1.849,7.552,3.746,0,2.257,4.307,5.354,3.567,3.981,4.203,0,0
TJ1:bin_000279,2.225,0,2.382,0,2.582,3.36,1.963,0,6.958,4.295,2.626,0,0,0,0,2.605,0,0,3.437,3.979,0,0,2.841,2.212,11.86,2.011,4.7,2.596,6.272,1.82,3.314,8.212,5.228,0,2.739,7.078,8.55,6.054,4.626,6.144,0,1.556
TJ1:bin_000280,0,0,0,0,0,0,0,0,0,0,0,0,0,0,0,0,0,0,0,0,0,0,0,0,0,0,0,0,0,0,0,0,0,0,0,0,0,0,0,0,0,0
TJ1:bin_000285,0,0,5.116,0,0,0,1.921,0,3.28,1.349,0,0,0,0,0,0,0,0,2.229,1.959,0,0,0,0,3.028,0,0,3.072,2.536,2.259,1.481,0,3.711,0,0,2.765,9.502,1.572,5.452,1.863,0,0
TJ1:bin_000290,0,0,0,0,0,0,0,0,0,0,0,0,0,0,0,0,0,0,0,0,0,0,0,0,0,0,0,0,0,0,0,0,0,0,0,0,0,0,0,0,0,0
TJ1:bin_000299,0,0,0,0,0,0,0,0,0,0,0,0,0,0,0,0,0,0,0,0,0,0,0,0,0,0,0,0,0,0,0,0,0,0,0,0,0,0,0,0,0,0
TJ1:bin_000306,0,0,0,0,0,0,0,0,1.508,0,0,0,0,0,0,0,0,0,0,0,0,0,0,0,0,0,0,0,0,0,0,0,0,0,0,1.64,0,0,0,0,1.731,0
TJ1:bin_000307,0,0,0,0,0,0,0,0,0,0,0,0,0,0,0,0,0,0,0,0,0,0,0,0,0,0,0,0,0,0,0,0,0,0,0,0,0,0,0,0,0,0
TJ1:bin_000309,0,0,0,0,0,0,0,0,0,0,0,0,0,0,0,0,0,0,0,0,0,0,0,0,0,0,0,0,0,0,0,0,0,0,0,0,0,0,0,0,0,0
TJ1:bin_000313,0,0,0,0,0,0,0,0,0,0,0,0,0,0,0,0,0,0,0,0,0,0,0,0,0,0,0,0,0,0,0,0,0,0,0,0,0,0,0,0,0,0
TJ1:bin_000317,0,0,0,0,0,0,0,0,0,0,0,0,0,0,0,0,0,0,0,0,0,0,0,0,0,0,0,0,0,0,0,0,0,0,0,0,0,0,0,0,0,0
TJ1:bin_000319,0,0,0,0,0,0,0,0,0,0,0,0,0,0,0,0,0,0,0,0,0,0,0,0,0,0,0,0,0,0,0,1.829,0,0,0,0,0,0,0,0,0,0
TJ1:bin_000320,0,0,0,0,0,0,0,0,0,0,0,0,0,0,0,0,0,0,0,0,0,0,0,0,0,0,0,0,0,0,0,0,0,0,0,0,0,0,0,0,0,0
TJ1:bin_000322,0,0,0,0,0,0,0,0,0,0,0,0,0,0,0,0,0,0,0,0,0,0,0,0,0,0,0,0,0,0,0,0,0,0,0,0,0,0,0,0,0,0
TJ1:bin_000328,0,0,0,0,0,0,0,0,0,0,0,0,0,0,0,0,0,0,0,0,0,0,0,0,0,0,0,0,0,0,0,0,0,0,0,0,0,0,0,0,0,0
TJ1:bin_000340,0,0,0,0,0,0,0,0,0,0,0,0,0,0,0,0,0,0,0,0,0,0,0,0,0,0,0,0,0,0,0,0,0,0,0,0,0,0,0,0,0,0
TJ1:bin_000342,2.178,0,5.828,2.172,2.714,6.092,3.779,1.722,18.491,6.737,5.52,0,2.312,0,0,6.965,0,1.926,6.573,6.681,0,0,2.561,7.812,28.603,3.995,15.071,6.602,19.731,3.471,6.949,16.541,9.244,2.605,3.296,12.499,13.986,16.86,11.469,13.292,3.525,2.129
TJ1:bin_000354,0,0,0,0,0,0,0,0,0,0,0,0,0,0,0,0,0,0,0,0,0,0,0,0,0,0,0,0,0,0,0,0,0,0,0,0,0,0,0,0,0,0
TJ1:bin_000355,0,0,0,0,0,0,0,0,0,0,0,0,0,0,0,0,0,0,0,0,0,0,0,0,0,0,0,0,0,0,0,0,0,0,0,0,0,0,0,0,0,0
TJ1:bin_000360,0,0,0,0,0,0,0,0,0,0,0,0,0,0,0,0,0,0,0,0,0,0,0,0,0,0,0,0,0,0,0,0,0,0,0,0,0,0,0,0,0,0
TJ1:bin_000368,0,0,0,0,0,0,0,0,0,0,0,0,0,0,0,0,0,0,0,0,0,0,0,0,0,0,0,0,0,0,0,0,0,0,0,0,0,0,0,0,0,0
TJ1:bin_000377,0,0,0,0,0,0,0,0,2.444,0,0,0,0,0,0,0,0,0,0,0,0,0,0,0,0,0,0,0,0,0,0,0,0,0,0,2.072,0,0,0,0,0,0
TJ1:bin_000390,0,0,0,0,0,0,0,0,0,0,0,0,0,0,0,0,0,0,0,0,0,0,0,0,0,0,0,0,0,0,0,0,0,0,0,0,0,0,0,0,0,0
TJ1:bin_000391,0,0,0,0,0,0,0,0,2.504,0,0,0,0,0,0,0,0,0,0,0,0,0,0,0,0,0,0,0,0,0,0,0,0,0,0,0,2.577,0,0,3.251,0,0
TJ2:bin_000001,0,0,1.159,0,0,0,0,0,4.469,0,1.613,0,0,0,0,1.664,0,0,5.027,0,0,0,0,0,2.561,0,0,2.724,3.257,0,2.501,1.346,1.473,1.971,0,2.13,4.366,4.24,6.039,2.958,0,0
TJ2:bin_000002,2.824,0,7.819,1.43,0,1.675,3.549,1.783,6.109,2.479,2.302,0,1.532,0,0,3.31,0,0,2.204,4.471,0,0,0,1.646,12.223,0,6.216,3.914,4.965,6.506,2.752,5.094,6.457,1.622,0,5.343,12.218,6.735,6.531,10.955,0,0
TJ2:bin_000003,0,0,0,0,0,0,0,0,0,0,0,0,0,0,0,0,0,0,0,0,0,0,0,0,0,0,0,0,0,0,0,0,0,0,0,0,0,0,0,0,0,0
TJ2:bin_000004,0,0,0,0,0,0,0,0,0,0,0,0,0,0,0,0,0,0,0,0,0,0,0,0,0,0,0,0,0,0,0,0,0,0,0,0,0,0,0,0,0,0
TJ2:bin_000005,0,0,1.428,0,0,0,0,0,2.376,0,0,0,0,0,0,0,0,0,2.232,0,0,0,0,0,1.671,0,0,0,0,0,0,1.549,1.974,0,0,2.087,0,0,1.66,1.607,0,0
TJ2:bin_000006,2.933,0,5.38,1.946,0,4.973,2.327,0,12.577,3.21,4.547,0,0,0,0,7.708,0,0,2.266,6.485,0,0,0,3.222,16.257,2.836,9.377,2.973,6.054,0,2.509,12.017,7.074,2.861,1.446,5.783,12.747,6.432,10.378,10.315,0,1.595
TJ2:bin_000007,0,0,8.043,2.935,0,2.062,2.761,0,11.288,1.416,1.933,0,0,0,0,4.634,0,1.526,2.961,0,2.107,0,0,0,10.969,0,3.571,0,6.558,1.578,5.335,3.653,3.618,1.401,0,2.694,12.632,11.772,5.185,5.277,1.986,0
TJ2:bin_000009,0,0,0,0,0,0,0,0,0,0,0,0,0,0,0,0,0,0,0,0,0,0,0,0,0,0,0,0,0,0,0,0,0,0,0,0,0,0,0,0,0,0
TJ2:bin_000010,0,0,0,0,0,0,0,0,0,0,0,0,0,0,0,0,0,0,0,0,0,0,0,0,0,0,0,0,0,0,0,0,0,0,0,0,0,0,0,0,0,0
TJ2:bin_000014,0,0,0,0,0,0,0,0,0,0,0,0,0,0,0,0,0,0,0,0,0,0,0,0,0,0,0,0,0,0,0,0,0,0,0,0,0,0,0,0,0,0
TJ2:bin_000015,3.904,0,2.037,0,0,2.294,2.152,0,4.211,1.786,3.527,0,0,0,0,3.404,0,0,0,1.495,0,0,0,0,8.429,0,0,0,2.195,0,2.612,6.975,3.162,0,0,3.044,6.678,0,5.021,4.257,0,0
TJ2:bin_000016,0,0,1.733,0,0,0,0,0,1.712,0,0,0,0,0,0,0,0,0,0,0,0,0,0,0,2.648,0,0,0,1.618,0,0,2.866,0,0,0,0,2.773,0,2.882,1.723,0,0
TJ2:bin_000018,0,0,0,0,0,0,0,0,0,0,0,0,0,0,0,0,0,0,0,0,0,0,0,0,0,0,0,0,0,0,0,0,0,0,0,0,0,0,0,0,0,0
TJ2:bin_000019,0,0,0,0,0,0,0,0,0,0,0,0,0,0,0,0,0,0,0,0,0,0,0,0,0,0,0,0,0,0,0,0,0,0,0,0,0,0,0,0,0,0
TJ2:bin_000020,0,0,3.128,0,2.464,1.675,1.793,0,4.337,2.476,0,0,0,0,0,2.138,0,0,0,4.873,0,0,11.41,3.756,7.319,3.853,6.737,4.25,5.276,3.468,2.628,2.24,2.511,0,2.553,9.815,3.744,3.501,2.445,3.439,2.606,0
TJ2:bin_000029,0,0,0,0,0,0,0,0,0,0,0,0,0,0,0,0,0,0,0,0,0,0,0,0,2.585,0,0,0,0,0,0,0,0,0,0,0,0,0,0,0,0,0
TJ2:bin_000030,0,0,1.633,0,0,4.229,0,0,2.848,0,0,0,0,0,0,1.772,0,0,0,0,0,0,0,0,4.932,1.553,2.533,2.815,3.853,0,0,4.458,3.406,0,0,4.728,5.082,3.164,3.306,3.327,0,0
TJ2:bin_000035,0,0,0,0,0,0,0,0,0,0,0,0,0,0,0,0,0,0,0,0,0,0,0,0,0,0,0,0,0,0,0,0,0,0,0,1.438,0,0,0,0,0,0
TJ2:bin_000037,0,0,0,0,0,0,0,0,0,0,0,0,0,0,0,0,0,0,0,0,0,0,0,0,0,0,0,0,0,0,0,0,0,0,0,0,0,0,0,0,0,0
TJ2:bin_000039,1.898,0,2.325,0,0,2.596,0,0,3.561,1.961,2.405,0,0,0,0,3.014,0,0,1.677,2.514,0,0,0,2.315,7.027,2.061,1.605,4.159,2.911,0,2.206,3.417,4.5,0,0,4.58,5.557,4.374,8.677,5.322,0,0
TJ2:bin_000041,0,0,2.326,0,0,0,3.451,0,7.116,5.429,0,0,0,0,1.965,3.949,0,0,0,2.541,0,0,0,0,7.685,0,13.176,2.579,12.628,0,0,2.175,0,0,0,6.76,3.002,0,9.221,3.952,0,1.686
TJ2:bin_000043,6.461,0,3.836,0,0,2.673,0,0,5.971,2.093,3.614,0,0,0,0,2.079,0,0,2.441,3.857,0,0,0,4.584,18.472,2.762,2.393,2.356,4.034,0,1.47,3.711,2.409,1.774,1.889,7.541,9.947,2.759,8.215,6.049,0,0
TJ2:bin_000046,1.841,0,1.504,0,0,2.097,0,0,3.232,0,0,0,0,0,0,1.375,0,0,1.965,0,0,0,0,0,6.164,0,2.018,1.743,2.791,0,0,3.853,1.85,0,0,2.219,4.757,2.086,4.46,2.739,1.593,0
TJ2:bin_000048,0,0,0,0,0,0,0,0,0,0,0,0,0,0,0,0,0,0,0,0,0,0,0,0,1.993,0,0,0,0,0,0,0,0,0,0,0,0,0,0,0,0,0
TJ2:bin_000049,0,0,0,0,0,0,0,0,0,0,0,0,0,0,0,0,0,0,0,0,0,0,0,0,1.737,0,0,0,0,0,0,0,0,0,0,0,0,0,0,0,0,0
TJ2:bin_000053,0,0,2.004,0,0,0,0,0,2.426,0,0,0,0,0,0,1.422,0,0,0,0,0,0,0,0,2.587,0,1.529,0,3.109,0,0,0,0,0,0,2.102,2.933,1.62,1.685,1.831,0,0
TJ2:bin_000061,0,0,0,0,0,0,0,0,0,0,0,0,0,0,0,0,0,0,0,0,0,0,0,0,3.581,0,0,0,1.582,0,0,1.529,0,0,0,0,2.211,0,1.654,0,0,0
TJ2:bin_000065,0,0,13.485,0,3,0,1.881,0,2.434,1.509,0,0,2.251,0,0,1.924,0,0,4.269,2.767,0,0,0,1.64,4.2,1.698,1.957,3.193,3.901,4.909,0,5.826,10.664,3.72,0,5.043,9.362,8.167,14.43,5.342,0,0
TJ2:bin_000070,1.569,0,0,0,0,0,0,0,1.807,1.194,0,0,0,0,0,0,0,0,0,2.761,0,0,0,0,4.761,0,0,0,0,0,0,3.143,1.349,0,0,1.978,0,0,2.157,2.062,0,0
TJ2:bin_000072,0,0,2.387,2.342,1.731,4.414,2.848,0,7.921,2.268,2.638,0,0,0,0,3.629,0,0,0,2.147,0,0,0,1.599,11.126,3.172,3.227,2.236,6.144,0,1.698,6.157,2.594,2.391,0,3.11,5.604,11.16,10.75,5.023,3.03,0
TJ2:bin_000076,0,0,0,0,0,0,0,0,0,0,0,0,0,0,0,0,0,0,0,0,0,0,0,0,0,0,0,0,0,0,0,0,0,0,0,0,0,0,0,0,0,0
TJ2:bin_000081,0,0,0,0,0,0,0,0,0,0,0,0,0,0,0,0,0,0,0,0,0,0,0,0,0,0,0,0,0,0,0,0,0,0,0,0,0,0,0,0,0,0
TJ2:bin_000087,0,0,2.378,1.333,0,0,0,0,2.644,0,0,0,0,0,0,2.606,0,0,2.56,2.53,0,0,0,0,6.708,0,3.879,0,4.478,0,1.359,2.148,3.903,0,0,4.535,4.591,3.353,8.921,2.705,0,0
TJ2:bin_000093,9.093,0,5.819,2.047,3.575,7.103,2.502,0,14.996,7.868,7.028,0,2.632,0,0,6.876,0,2.114,3.961,9.67,0,0,2.061,7.514,24.003,3.082,10.1,7.799,14.696,4.989,6.569,15.89,7.203,2.175,4.273,19.578,16.779,7.695,10.88,18.616,0,0
TJ2:bin_000094,3.178,0,0,0,0,1.375,0,0,5.154,3.744,0,0,0,0,0,0,0,0,0,0,0,0,0,4.622,11.289,1.785,2.006,2.171,3.004,0,1.655,3.244,1.656,0,3.141,4.437,4.494,2.64,2.661,4.501,0,0
TJ2:bin_000096,0,0,0,0,0,0,0,0,0,0,0,0,0,0,0,0,0,0,0,0,0,0,0,0,1.696,0,0,0,0,0,0,1.51,0,0,0,2.136,0,0,0,1.95,0,0
TJ2:bin_000100,0,0,0,0,0,0,0,0,0,0,0,0,0,0,0,0,0,0,0,0,0,0,0,0,0,0,0,0,0,0,0,0,0,0,0,0,0,0,0,0,0,0
TJ2:bin_000105,0,0,2.182,0,0,0,0,0,0,0,0,0,0,0,0,2.1,0,0,0,0,0,0,0,0,4.091,0,1.974,0,3.256,0,1.786,4.503,2.835,0,0,2.504,3.698,2.631,5.442,2.018,0,0
TJ2:bin_000109,0,0,0,0,0,0,0,0,0,0,0,0,0,0,0,0,0,0,0,0,0,0,0,0,1.609,0,0,0,0,0,0,0,0,0,0,0,0,0,0,0,0,0
TJ2:bin_000111,0,0,0,0,0,0,0,0,0,0,0,0,0,0,0,0,0,0,0,0,0,0,0,0,0,0,0,0,0,0,0,0,0,0,0,0,0,0,0,0,0,0
TJ2:bin_000118,1.552,0,0,0,0,0,0,0,0,0,0,0,0,0,0,0,0,0,0,0,0,0,0,0,1.944,0,0,0,0,0,0,0,0,0,0,0,0,0,0,1.95,0,0
TJ2:bin_000134,0,0,0,0,0,0,0,0,1.583,0,0,0,0,0,0,0,0,0,0,0,0,0,0,0,1.846,0,0,0,1.682,0,0,2.248,0,0,0,1.606,0,0,0,0,0,0
TJ2:bin_000139,0,0,0,0,0,0,0,0,0,0,0,0,0,0,0,0,0,0,0,0,0,0,0,0,0,0,0,0,0,0,0,0,0,0,0,0,0,0,0,0,0,0
TJ2:bin_000142,0,0,1.71,0,0,0,0,0,0,0,0,0,0,0,0,0,0,0,0,0,0,0,2.693,0,0,0,0,0,0,0,0,0,0,0,0,0,2.025,0,0,0,0,0
TJ2:bin_000143,0,0,3.889,0,0,2.148,2.815,0,2.035,1.952,1.653,0,1.311,0,0,1.946,0,0,2.267,3.45,0,0,3.859,2.338,4.525,2.595,2.986,0,2.969,2.034,2.118,2.245,2.344,0,1.963,2.51,2.527,2.943,2.507,3.133,1.722,0
TJ2:bin_000144,0,0,0,0,0,0,0,0,0,0,0,0,0,0,0,0,0,0,0,0,0,0,0,0,0,0,0,0,0,0,0,0,0,0,0,0,0,0,0,0,0,0
TJ2:bin_000147,0,0,0,0,0,0,0,0,0,0,0,0,0,0,0,0,0,0,0,0,0,0,0,0,0,0,0,0,0,0,0,1.455,0,0,0,0,0,0,0,0,0,0
TJ2:bin_000148,0,0,0,0,0,0,0,0,0,0,0,0,0,0,0,0,0,0,0,0,0,0,0,0,0,0,0,0,0,0,0,0,0,0,0,0,0,0,0,0,0,0
TJ2:bin_000149,0,0,0,0,0,0,0,0,0,0,0,0,0,0,0,0,0,0,0,0,0,0,0,0,0,0,0,0,0,0,0,0,0,0,0,0,0,0,0,0,0,0
TJ2:bin_000150,0,0,0,0,0,0,0,0,0,0,0,0,0,0,0,0,0,0,0,0,0,0,0,0,0,0,0,0,0,0,0,0,0,0,0,0,0,0,0,0,0,0
TJ2:bin_000152,0,0,0,0,0,0,0,0,0,0,0,0,0,0,0,0,0,0,0,0,0,0,0,0,0,0,0,0,0,0,0,0,0,0,0,0,0,0,0,0,0,0
TJ2:bin_000154,0,0,1.013,0,0,0,0,0,0,0,0,0,0,0,0,0,0,0,0,0,0,0,0,0,2.851,0,1.454,0,1.769,1.481,3.544,3.643,1.705,0,0,0,4.371,0,1.635,2.158,0,0
TJ2:bin_000156,0,0,0,0,0,0,0,0,0,0,0,0,0,0,0,0,0,0,0,0,0,0,0,0,2.5,0,0,0,0,0,0,0,9.659,0,0,2.108,8.296,0,2.686,0,0,0
TJ2:bin_000159,0,0,0,0,0,0,0,0,3.465,1.422,0,0,0,0,0,0,0,0,0,0,0,0,0,0,1.499,0,0,0,0,0,0,2.644,3.82,0,1.896,0,0,0,2.139,0,0,0
TJ2:bin_000161,0,0,0,0,0,0,0,0,0,0,0,0,0,0,0,0,0,0,0,0,0,0,0,0,0,0,0,0,0,0,0,0,0,0,0,0,0,0,0,0,0,0
TJ2:bin_000166,0,0,0,0,0,0,0,0,0,0,0,0,0,0,0,0,0,0,0,0,0,0,2.912,0,0,0,1.763,0,0,0,0,0,0,0,0,1.519,0,0,0,0,0,0
TJ2:bin_000167,1.736,0,0,0,0,0,0,0,0,3.172,0,0,0,0,0,0,0,0,0,0,0,0,0,1.596,6.8,0,0,0,0,0,0,1.551,0,0,0,0,0,0,1.344,2.713,0,0
TJ2:bin_000168,0,0,0,0,0,0,0,0,0,0,0,0,0,0,0,0,0,0,0,0,0,0,0,0,0,0,0,0,0,0,0,0,0,0,0,0,0,0,0,0,0,0
TJ2:bin_000171,0,0,0,0,0,0,0,0,0,0,0,0,0,0,0,0,0,0,0,0,0,0,1.352,0,1.644,0,0,0,1.434,0,0,1.473,0,0,0,0,0,0,0,0,0,0
TJ2:bin_000173,0,0,0,0,0,0,0,0,0,1.639,0,0,0,0,0,0,0,0,0,0,0,0,0,1.627,3.685,0,0,0,0,0,0,0,0,0,0,0,0,0,0,0,0,0
TJ2:bin_000175,0,0,0,0,0,0,0,0,0,0,0,0,0,0,0,0,0,0,0,0,0,0,0,0,0,0,0,0,0,0,0,0,0,0,0,0,0,0,0,0,0,0
TJ2:bin_000178,0,0,0,0,0,0,0,0,0,0,0,0,0,0,0,0,0,0,0,0,0,0,0,0,0,0,0,0,0,0,0,0,0,0,0,2.372,0,0,0,0,0,0
TJ2:bin_000186,0,0,0,0,0,0,0,0,0,0,0,0,0,0,0,0,0,0,0,0,0,0,0,0,0,0,0,0,0,0,0,0,0,0,0,0,0,0,0,0,0,0
TJ2:bin_000189,0,0,0,0,0,0,0,0,2.524,0,0,0,0,0,0,1.257,0,0,0,0,0,0,0,0,6.349,0,2.876,1.357,1.816,0,0,2.773,2.611,0,0,2.262,1.816,2.313,5.493,1.904,0,0
TJ2:bin_000194,1.959,0,1.116,0,0,2.724,1.661,0,4.926,0,0,0,0,0,0,3.458,0,0,2.486,2.941,0,0,0,0,9.941,0,2.06,2.99,3.932,0,2.78,3.37,6.79,0,0,2.943,6.214,3.473,6.133,5.385,0,0
TJ2:bin_000196,4.647,0,0,0,0,5.119,0,0,12.24,22.427,11.884,0,0,0,0,0,0,0,0,0,0,0,0,26.692,16.998,2.264,6.802,1.739,2.253,0,3.242,20.775,2.166,0,17.05,2.892,8.957,0,3.262,15.3,0,0
TJ2:bin_000197,12.717,0,1.665,0,0,3.767,1.935,0,8.453,12.595,4.28,0,0,0,0,4.897,0,0,0,2.281,0,0,0,22.372,27.344,3.747,3.803,6.341,2.658,3.007,3.329,7.872,2.113,0,9.179,4.088,8.112,3.07,4.589,15.987,0,0
TJ2:bin_000198,0,0,0,0,0,0,0,0,0,0,0,0,0,0,0,0,0,0,0,0,0,0,0,0,0,0,0,0,0,0,0,0,0,0,0,0,0,0,0,0,0,0
TJ2:bin_000199,0,0,1.82,0,0,2.407,0,0,2.952,1.994,2.409,0,0,0,0,1.61,0,0,1.625,0,0,0,0,1.539,3.606,0,2.129,2.312,4.704,0,1.823,6.038,2.329,0,1.487,2.479,4.572,3.354,4.154,3.271,0,0
TJ2:bin_000200,0,0,0,0,0,0,0,0,0,0,0,0,0,0,0,0,0,0,0,0,0,0,0,0,0,0,0,0,0,0,0,0,0,0,0,0,0,0,0,0,0,0
TJ2:bin_000201,0,0,0,0,0,0,0,0,0,0,0,0,0,0,0,0,0,0,0,0,0,0,0,0,0,0,0,0,0,0,0,0,0,0,0,0,0,0,0,0,0,0
TJ2:bin_000203,0,0,0,0,0,0,0,0,0,0,0,0,0,0,0,0,0,0,0,0,0,0,0,0,0,0,0,0,0,0,0,0,0,0,0,0,0,0,0,0,0,0
TJ2:bin_000208,0,0,2.657,0,0,0,0,0,0,0,0,0,0,0,0,0,0,0,0,0,0,0,0,0,0,0,0,0,0,0,0,0,0,0,0,0,2.681,0,1.567,0,0,0
TJ2:bin_000214,0,0,0,0,0,0,0,0,0,0,0,0,0,0,0,0,0,0,0,0,0,0,0,0,0,0,0,0,0,0,0,0,0,0,0,0,0,0,0,0,0,0
TJ2:bin_000220,0,0,0,0,0,0,0,0,1.469,1.447,0,0,0,0,0,0,0,0,0,0,0,0,1.36,0,1.565,0,0,0,0,0,0,2.197,0,0,0,1.663,0,0,0,0,0,0
TJ2:bin_000223,0,0,0,0,0,0,0,0,1.942,0,0,0,0,0,0,0,0,0,0,0,0,0,0,0,0,0,0,0,0,0,0,0,1.557,0,0,0,0,0,0,2.151,0,0
TJ2:bin_000225,0,0,0,0,0,0,0,0,0,0,0,0,0,0,0,0,0,0,0,0,0,0,0,0,0,0,0,0,0,0,0,0,0,0,0,0,0,0,0,0,0,0
TJ2:bin_000231,0,0,1.512,0,0,0,0,0,3.725,0,0,0,0,0,0,2.366,0,0,0,0,0,0,0,2.339,3.701,0,0,2.03,0,0,0,2.996,1.653,0,0,2.406,3.73,1.986,0,2.924,0,0
TJ2:bin_000234,0,0,1.966,0,0,0,0,0,2.951,0,0,0,0,0,0,2.103,0,0,1.32,0,0,0,0,0,2.398,0,0,0,1.557,0,0,3.42,1.69,0,0,2.457,3.866,2.513,4.664,1.808,0,0
TJ2:bin_000236,0,0,0,0,0,0,0,0,0,0,0,0,0,0,0,0,0,0,0,0,0,0,0,0,0,0,0,0,0,0,0,0,0,0,0,0,0,0,0,0,0,0
TJ2:bin_000238,0,0,0,0,0,0,0,0,0,0,0,0,0,0,0,0,0,0,0,0,0,0,1.559,0,0,0,0,0,0,0,0,1.82,0,0,0,0,2.174,0,0,0,0,0
TJ2:bin_000245,0,0,3.065,1.881,0,4.595,2.496,0,10.967,6.047,2.239,0,1.44,0,0,4.519,0,1.847,4.066,7.343,0,0,4.326,5.291,14.627,2.776,4.968,3.112,12.309,4.393,4.067,11.345,5.328,1.426,0,7.6,11.583,8.725,8.134,6.721,0,1.822
TJ2:bin_000253,0,0,2.116,1.339,0,1.463,0,0,3.386,1.874,3.612,0,1.51,0,0,2.98,0,0,2.458,1.986,0,0,0,0,8.65,0,2.408,1.977,4.474,0,2.11,2.901,3.603,0,0,3.234,4.694,2.917,5.342,3.801,0,0
TJ2:bin_000266,0,0,0,0,0,0,0,0,2.328,0,0,0,0,0,0,0,0,0,0,0,0,0,0,1.453,2.44,0,0,0,1.998,0,0,2.616,0,0,0,2.267,0,0,0,0,0,0
TJ2:bin_000283,0,0,0,0,0,0,0,0,0,0,0,0,0,0,0,0,0,0,0,0,0,0,0,0,0,0,1.768,0,0,0,0,0,0,0,0,1.87,0,0,0,0,0,0
TJ2:bin_000284,0,0,0,0,0,2.412,0,0,1.832,1.437,0,0,0,0,0,1.31,0,0,1.657,2.687,0,0,7.224,1.777,3.193,0,2.422,1.402,3.313,0,0,3.884,1.891,0,1.644,4.086,5.679,1.614,1.536,1.899,0,0
TJ2:bin_000289,0,0,0,0,0,0,0,0,0,0,0,0,0,0,0,0,0,0,0,0,0,0,0,0,0,0,0,0,0,0,0,0,0,0,0,0,0,0,0,0,0,0
TJ2:bin_000298,0,0,0,0,0,0,0,0,1.661,1.375,0,0,0,0,0,0,0,0,0,0,0,0,0,2.11,5.016,0,0,0,0,0,0,1.648,0,0,0,0,0,0,1.662,1.573,0,0
TJ2:bin_000319,0,0,5.756,0,0,0,0,0,11.07,0,0,0,1.299,0,0,1.273,0,0,3.182,0,0,0,0,0,2.389,0,2.237,3.04,7.299,5.804,3.704,3.598,5.718,0,0,8.777,13.327,4.393,7.123,3.453,0,4.373
TJ2:bin_000332,1.532,0,0,0,0,0,0,0,2.026,1.241,0,0,0,0,0,0,0,0,0,0,0,0,0,2.222,7.439,0,1.584,0,3.016,0,0,2.69,2.501,0,1.848,4.138,3.187,1.707,1.481,2.606,0,0
TJ2:bin_000333,0,0,0,0,0,0,0,0,0,0,0,0,0,0,0,0,0,0,0,0,0,0,0,0,0,0,0,0,0,0,0,0,0,0,0,0,0,0,0,0,0,0
