genome,M303694,M303712,M303722,M303708,M303709,M303689,M303705,M303698,M303700,M303719,M303692,M303686,M303707,M303715,M303714,M303697,M303718,M303706,M303687,M303703,M303690,M303725,M303726,M303691,M303693,M303721,M303695,M303710,M303723,M303711,M303729,M303720,M303704,M303717,M303724,M303688,M303685,M303728,M303682,M303684,M303699,M303702
D300242:bin_000001,0,1.263,0,0,0,0,2.595,1.683,0,0,0,0,1.601,0,2.398,1.756,1.758,0,1.246,0,0,3.42,0,0,0,0,0,0,2.081,1.361,0,1.813,2.076,1.296,8.623,0,1.266,2.967,0,2.244,0,4.009
D300242:bin_000002,0,22.685,3.197,15.367,4.714,18.252,49.476,10.608,2.059,13.441,12.283,0,10.33,8.656,5.992,43.461,22.648,0,8.792,35.924,0,39.123,12.477,30.106,15.301,0,9.769,0,45.083,87.635,1.347,37.702,30.941,16.348,98.682,0,13.939,29.545,4.915,7.169,5.334,59.58
D300242:bin_000003,0.867,19.518,0,19.687,1.911,9.52,20.036,4.607,0,12.178,3.008,0,3.611,1.973,11.249,34.133,23.983,0,8.577,31.279,0,25.058,6.516,24.651,3.844,0,2.791,0,10.36,28.743,0,38.716,40.645,5.806,64.313,0,42.924,32.864,3.372,3.613,1.68,16.63
D300242:bin_000023,0,4.409,0,5.592,2.657,10.348,11.927,6.924,0,4.262,6.305,0,7.767,2.791,4.293,21.951,10.736,0,7.002,15.008,0,13.402,3.596,7.937,1.532,0,3.248,0,15.035,14.253,0,14.599,7.793,12.62,21.271,0,11.039,11.29,0,10.345,3.74,24.833
D300242:bin_000025,0,0,0,0,0,1.352,0,0,0,0,1.133,0,0,0,0,2.22,1.613,0,0,0,0,1.309,0,1.387,0,0,0,0,1.749,1.456,0,0,0,0,3.45,0,13.19,1.633,0,0,0,3.18
D300243:bin_000004,0,1.232,0,2.777,1.638,3.483,6.582,1.911,0,1.726,1.428,0,1.697,0,2.754,8.367,3.16,0,2.51,5.741,0,4.896,0,8.097,2.665,0,2.378,0,8.83,5.441,0,4.846,6.901,7.052,13.393,0,5.499,4.001,0,2.257,0,11.594
D300243:bin_000028,0,10.287,1.092,5.735,0,3.83,13.826,2.582,0,6.072,3.435,0,2.439,2.644,2.848,11.932,5.776,0,3.915,10.013,0,17.99,2.14,8.785,2.88,0,3.052,0,9.973,34.162,0,10.455,11.248,4.001,42.98,0,4.04,8.094,1.153,2.152,1.374,19.631
D300243:bin_000041,0,3.827,0,5.883,2.909,7.144,8.677,2.802,0,3.128,2.213,0,2.195,0,2.46,7.746,7.412,0,3.96,6.64,0,8.221,1.327,2.906,2.531,0,3.059,0,7.696,3.879,0,10.693,14.659,3.583,4.395,0,5.246,6.096,0,1.639,0,14.383
D300243:bin_000043,0,0,0,0,0,0,0,0,0,0,0,0,0,0,0,0,0,0,0,0,0,0,0,0,0,0,0,0,0,0,0,0,0,0,0,0,0,0,0,0,0,0
D300244:bin_000018,0.816,2.813,0,6.424,2.238,4.429,5.383,4.856,0,4.487,3.554,0,2.478,1.372,2.628,13.901,7.153,0,6.099,12.108,0,8.765,1.098,7.464,4.462,0,2.446,0,9.312,15.851,0,7.693,8.94,5.148,23.005,0,6.398,6.19,0,2.199,2.213,31.115
D300244:bin_000021,0,0,0,0,0,0,0,0,0,0,0,0,0,0,0,0,0,0,0,0,0,0,0,0,0,0,0,0,0,0,0,0,0,0,0,0,0,0,0,0,0,0
D300244:bin_000028,0,5.79,0,3.273,0,2.882,4.662,0,0,3.378,2.77,0,1.357,0,0,4.202,3.445,0,1.935,6.248,0,4.306,1.395,5.866,1.831,0,1.222,0,3.155,7.28,0,5.11,5.614,2.579,8.985,0,2.84,3.916,0,0,0,8.018
D300245:bin_000010,0,0,0,0,0,0,0,0,0,0,0,0,0,0,1.302,2.47,1.659,0,1.338,0,0,2.525,0,0,0,0,0,0,2.698,0,0,0,1.934,0,6.02,0,0,1.776,0,0,0,4.282
D300245:bin_000013,0,0,0,0,0,0,0,0,0,0,0,0,0,0,0,0,0,0,0,0,0,0,0,0,0,0,0,0,0,1.173,0,0,0,0,0,0,0,0,0,0,0,0
D300245:bin_000018,0,0,0,0,0,0,0,0,0,0,0,0,0,0,0,0,0,0,0,0,0,0,0,0,0,0,0,0,0,0,0,0,0,0,0,0,0,0,0,0,0,0
D300245:bin_000027,0,0,0,0,0,1.414,0,0,0,0,0,0,0,0,0,0,0,0,0,0,0,0,0,0,0,0,0,0,0,0,0,0,2.678,0,0,0,0,0,0,0,0,1.899
D300245:bin_000045,1.618,29.853,1.552,23.072,10.977,20.729,60.953,16.619,2.616,12.438,16.142,0,19.863,9.381,15.198,56.896,27.937,0,26.192,41.424,0,31.748,7.045,23.147,15.951,0,21.565,0,69.641,35.783,0,49.591,51.413,39.233,75.148,0,35.767,39.422,3.795,20.618,5.459,161.392
D300246:bin_000002,0,2.814,0,3.641,4.977,14.702,3.001,1.453,0,1.823,1.912,0,1.738,0,1.9,8.666,6.4,0,2.564,5.112,0,2.465,2.065,2.204,1.193,0,1.545,0,6.54,2.187,0,2.559,5.374,2.241,2.971,0,3.174,14.677,0,0,0,8.83
D300246:bin_000010,0,0,0,0,0,0,1.136,0,0,0,0,0,0,0,0,0,0,0,0,0,0,1.151,0,0,0,0,0,0,0,1.126,0,0,0,0,2.715,0,0,0,0,0,0,2.353
D300246:bin_000011,0,1.769,0,2.357,0,1.739,4.301,1.176,0,0,0,0,0,0,0,3.826,1.816,0,1.052,4.606,0,9.057,0,6.43,2.729,0,1.198,0,4.265,3.309,0,1.431,6.168,1.658,13.107,0,0,6.437,0,0,1.731,7.761
D300246:bin_000018,0,0,0,0,0,0,0,0,0,0,0,0,0,0,0,0,0,0,0,0,0,1.661,0,0,0,0,0,0,0,0,0,0,0,0,3.893,0,2.892,0,0,0,0,1.492
D300246:bin_000044,0,5.744,0,9.962,0,4.556,11.851,4.096,0,6.512,2.392,0,4.725,3.221,5.88,19.943,6.959,0,6.043,9.144,0,10.327,0,6.426,3.421,0,3.362,0,13.004,8.249,0,14.456,14.686,6.557,32.411,0,6.687,12.994,0,5.914,0,28.093
D300246:bin_000052,0,3.173,0,7.527,10.446,29.315,13.528,3.848,0,4.47,3.381,0,3.689,2.47,4.043,14.67,11.184,0,4.148,9.454,0,9.068,3.083,2.656,3.794,0,4.296,0,16.532,6.617,0,11.856,13.509,6.233,4.92,0,9.709,21.609,0,1.946,1.41,20.932
D300247:bin_000006,1.305,4.741,0,7.337,6.491,14.069,18.88,8,1.315,5.511,3.495,0,5.776,2.949,8.003,15.948,11.214,0,8.128,8.994,0,15.918,2.516,9.045,5.756,0,3.718,0,16.332,14.306,0,15.357,11.591,6.276,34.138,0,18.182,13.751,1.085,3.416,1.562,46.32
D300248:bin_000004,0,0,0,0,0,0,0,0,0,0,0,0,0,0,0,0,0,0,0,0,0,0,0,0,0,0,0,0,0,0,0,0,0,0,0,0,0,0,0,0,0,0
D300248:bin_000008,0,2.117,0,2.496,0,2.127,4.044,2.105,0,0,0,0,2.167,0,1.672,5.256,2.448,0,2.515,4.15,0,3.311,0,2.75,1.562,0,1.583,0,5.21,2.566,0,4.051,3.084,1.962,6.718,0,2.377,2.777,0,1.733,0,10.804
D300248:bin_000018,0,0,0,0,0,0,0,0,0,0,0,0,0,0,0,0,0,0,0,0,0,0,0,0,0,0,0,0,0,0,0,0,0,0,0,0,0,0,0,0,0,0
D300248:bin_000023,0,8.56,0,4.251,6.638,223.434,4.644,2.151,0,1.584,2.209,0,0,2.115,1.29,5.598,6.027,0,9.475,21.214,0,5.08,1.782,2.613,1.794,0,3.083,0,3.873,2.671,0,5.974,11.581,3.228,2.015,0,2.933,11.388,0,1.404,1.249,9.034
D300248:bin_000024,0,13.128,3.375,14.646,6.436,19.098,24.911,15.346,0,13.581,13.353,0,10.114,4.267,2.035,31.43,21.439,0,13.182,16.84,0,47.337,11.458,33.397,11.314,0,6.82,0,38.419,82.866,1.485,33.434,26.104,16.32,103.36,0,12.105,39.637,2.417,5.143,3.803,44.529
D300249:bin_000005,0.987,16.078,1.18,22.466,6.593,19.746,39.401,12.127,1.047,10.763,11.172,0,12.968,8.514,21.704,37.024,24.409,0,16.455,35.176,0,31.801,6.819,29.211,11.835,0,9.403,0,36.799,29.441,1.319,30.727,40.92,15.505,63.518,0,20.925,28.247,1.618,9.782,2.643,61.137
D300249:bin_000046,0,0,0,0,0,1.067,0,0,0,0,0,0,0,0,0,0,0,0,0,0,0,0,0,0,0,0,0,0,0,0,0,0,0,0,0,0,0,0,0,0,0,0
D300250:bin_000017,0,0,0,0,0,0,0,0,0,0,0,0,0,0,0,0,0,0,0,0,0,0,0,0,0,0,0,0,0,0,0,0,0,0,0,0,0,0,0,0,0,0
D300250:bin_000018,0,0,0,0,0,0,1.732,0,0,0,0,0,0,0,0,0,0,0,0,0,0,1.734,0,0,0,0,0,0,0,1.144,0,0,0,0,3.442,0,1.094,0,0,0,0,0
D300250:bin_000024,0,5.041,0,0,0,3.117,0,0,0,1.271,1.396,0,1.53,0,0,3.257,0,0,1.605,5.252,0,5.446,0,2.108,0,0,0,0,3.482,4.919,0,2.597,2.928,1.364,8.024,0,1.874,4.057,0,0,0,7.764
D300251:bin_000015,0,2.326,0,2.845,0,3.374,6.825,1.62,0,1.532,2.468,0,3.575,2.111,3.543,9.113,3.67,0,5.029,4.261,0,6.611,1.719,3.839,1.678,0,1.986,0,8.213,4.026,0,8.779,6.277,4.204,13.473,0,3.829,8.566,0,3.038,0,15.541
D300251:bin_000040,0,4.498,0,3.341,0,4.129,8.059,1.797,0,2.455,2.03,0,2.708,2.549,0,8.848,4.7,0,2.277,5.551,0,7.976,2.378,5.007,1.851,0,2.871,0,7.853,16.179,0,4.084,7.475,3.959,15.287,0,4.496,5.672,0,1.115,0,18.037
D300252:bin_000001,0,3.651,0,5.968,0,3.259,4.571,2.12,0,2.951,2.568,0,2.049,0,1.483,11.48,3.775,0,3.368,8.035,0,10.743,2.442,7.823,2.168,0,0,0,8.282,13.716,0,3.898,5.794,3.379,16.557,0,3.224,6.551,1.298,3.522,1.078,18.356
D300252:bin_000010,0,0,0,0,0,0,0,0,0,0,0,0,0,0,0,0,0,0,0,0,0,0,0,0,0,0,0,0,0,0,0,0,0,0,0,0,0,0,0,0,0,0
D300252:bin_000011,0,0,0,0,0,0,0,0,0,0,0,0,0,0,0,0,0,0,0,0,0,0,0,0,0,0,0,0,0,0,0,0,0,0,0,0,0,0,0,0,0,0
D300252:bin_000020,0,3.635,0,1.387,0,4.606,4.015,0,0,0,2.01,0,0,0,0,2.91,1.961,0,1.648,3.285,0,5.049,1.432,3.091,0,0,0,0,4.133,5.817,0,2.205,2.87,1.705,17.128,0,1.883,3.951,0,0,0,11.014
D300253:bin_000005,0,0,0,0,0,1.007,0,1.45,0,0,0,0,0,0,0,1.681,1.394,0,0,1.349,0,0,0,1.733,0,0,0,0,0,1.152,0,0,0,0,0,0,0,0,0,0,0,5.861
D300253:bin_000007,0,0,0,0,0,0,0,0,0,0,0,0,0,0,0,0,0,0,0,0,0,0,0,0,0,0,0,0,0,0,0,0,0,0,0,0,0,0,0,0,0,0
D300253:bin_000040,0,2.483,0,2.752,1.886,2.281,4.834,2.62,0,2.954,5.03,0,1.235,1.536,1.993,6.414,3.938,0,1.627,6.801,0,7.149,0,5.506,1.697,0,1.723,0,3.751,6.473,0,4.067,6.88,2.556,8.527,0,3.054,5.581,0,0,1.184,18.277
D300254:bin_000011,0,2.188,0,1.459,0,1.459,4.698,0,0,2.328,1.137,0,1.256,0,0,3.372,1.692,0,1.949,4.092,0,3.705,0,3.544,1.992,0,0,0,3.355,7.211,0,2.648,3.805,1.384,12.506,0,2.371,3.667,0,1.478,0,5.85
D300254:bin_000016,0,0,0,0,0,0,0,0,0,0,0,0,0,0,0,0,0,0,0,0,0,0,0,0,0,0,0,0,0,0,0,0,0,0,0,0,0,0,0,0,0,0
D300254:bin_000019,0,2.692,0,3.743,2.694,4.034,4.792,3.627,0,1.952,1.44,0,2.014,0,1.631,6.322,3.112,0,4.372,2.37,0,6.123,0,3.384,2.419,0,1.36,0,5.904,4.305,0,4.465,5.164,2.236,10.293,0,3.456,3.976,0,0,0,19.727
D300254:bin_000031,0,0,0,0,0,0,0,0,0,0,0,0,0,0,0,0,0,0,0,0,0,0,0,0,0,0,0,0,0,0,0,0,0,0,0,0,0,0,0,0,0,0
D300255:bin_000002,0,0,0,0,0,0,0,0,0,0,0,0,0,0,0,0,0,0,0,0,0,0,0,0,0,0,0,0,0,0,0,0,0,0,0,0,0,0,0,0,0,0
D300255:bin_000023,0,3.122,0,3.545,5.634,18.161,3.771,2.883,0,1.795,2.158,0,1.174,0,2.174,6.158,6.464,0,3.062,4.01,0,5.601,2.072,5.306,1.656,0,1.316,0,5.993,2.6,0,4.416,8.598,5.063,3.845,0,4.386,24.515,0,1.726,1.197,15.838
D300256:bin_000008,0,11.103,0,7.775,2.63,10.139,14.554,3.854,1.036,4.813,15.774,0,8.123,5.198,8.093,24.543,12.25,0,9.201,20.634,0,16.452,2.867,8.413,4.688,0,4.313,0,19.453,18.225,0,17.157,22.12,8.213,37.308,0,11.918,6.32,0,6.987,3.038,38.864
D300256:bin_000021,0,1.247,0,1.136,0,1.17,1.891,1.137,0,0,0,0,0,0,0,1.178,1.757,0,0,1.56,0,0,0,0,0,0,0,0,1.44,1.583,0,1.824,1.625,0,2.906,0,0,1.036,0,0,0,2.914
D300256:bin_000037,0,27.021,0,18.065,0,157.087,0,1.451,0,0,0,0,0,3.094,0,0,8.452,0,0,255.261,0,111.752,18.755,7.755,4.482,0,0,0,65.715,472.197,0,52.117,0,0,117.009,0,0,46.688,0,2.775,0,7.223
D300257:bin_000004,0,0,0,0,0,0,0,0,0,0,0,0,0,0,0,0,0,0,0,0,0,0,0,0,0,0,0,0,0,0,0,0,0,0,0,0,0,0,0,0,0,0
D300257:bin_000017,0,0,0,0,0,2.246,0,0,0,0,0,0,1.179,0,0,1.344,0,0,1.936,1.973,0,7.301,0,0,0,0,0,0,1.388,0,0,9.622,3.891,1.177,1.196,0,0,2.584,0,0,0,1.788
D300257:bin_000026,0,0,0,0,0,0,2.537,0,0,0,0,0,0,0,0,2.112,0,0,1.129,0,0,3.102,0,1.466,0,0,0,0,3.606,4.064,0,2.174,1.849,0,7.542,0,1.754,1.613,0,0,0,5.663
D300257:bin_000038,0,0,0,0,0,0,0,0,0,0,0,0,0,0,0,0,0,0,0,0,0,0,0,0,0,0,0,0,0,0,0,0,0,0,0,0,0,0,0,0,0,0
D300258:bin_000001,0,3.381,0,3.034,0,3.413,8.765,2.098,1.088,0,4.276,0,4.684,2.35,5.424,10.808,2.848,0,3.099,8.621,0,2.91,1.184,3.278,0,0,1.366,0,7.792,3.372,0,7.447,4.923,5.586,5.465,0,4.46,3.973,0,6.13,1.816,14.192
D300258:bin_000003,0,4.432,0,3.71,0,3.655,9.906,1.119,0,2.904,1.166,0,0,0,0,5.423,3.743,0,0,9.707,0,8.025,1.143,7.754,1.604,0,1.166,0,4.172,17.01,0,5.949,10.459,2.851,18.338,0,4.443,5.871,1.076,0,0,5.78
D300258:bin_000012,0,3.396,0,3.479,0,1.649,4.685,1.474,0,1.471,2.126,0,3.049,1.239,0,9.825,3.718,0,1.234,4.261,0,8.308,1.076,3.963,0,0,1.499,0,8.514,9.633,0,4.769,6.444,1.789,12.162,0,3.941,3.514,0,1.269,0,11.725
D300258:bin_000053,0,1.175,0,3.077,1.283,3.604,3.282,2.36,0,1.269,0,0,1.252,0,2.967,4.024,1.975,0,2.567,4.256,0,3.721,0,1.781,0,0,1.45,0,2.5,2.802,0,2.499,5.87,2.19,3.768,0,4.976,3.003,0,0,0,6.226
D300259:bin_000025,0,5.459,0,5.055,1.399,5.932,8.444,1.528,0,5.135,2.361,0,2.079,1.949,0,9.773,4.023,0,2.979,6.498,0,8.234,1.713,4.58,2.634,0,2.282,0,13.833,11.716,0,6.955,7.103,2.833,17.168,0,3.783,6.034,0,1.487,0,12.301
D300260:bin_000003,0,2.431,0,4.474,0,3.971,5.467,4.354,0,2.172,1.607,0,2.06,2.139,1.566,5.269,3.012,0,2.265,5.664,0,3.44,0,2.805,1.32,0,1.627,0,5.623,4.343,0,3.184,2.168,2.041,6.432,0,4.088,2.904,0,1.263,1.384,17.34
D300261:bin_000003,0,2.82,0,2.588,0,2.8,4.624,1.968,0,1.492,3.527,0,3.601,2.799,1.86,6.973,3.719,0,2.879,5.413,0,3.43,1.247,2.667,0,0,1.191,0,5.808,6.419,0,9.373,3.15,2.214,11.145,0,2.595,2.854,0,3.304,1.884,6.725
D300262:bin_000009,0,0,0,0,0,0,0,0,0,0,0,0,0,0,0,0,0,0,0,0,0,0,0,0,0,0,0,0,0,0,0,0,0,0,0,0,0,0,0,0,0,0
D300262:bin_000011,0,7.77,0,8.543,2.899,8.014,9.851,5.888,1.052,5.318,3.785,0,3.782,2.112,3.148,20.612,12.378,0,5.53,19.203,0,15.269,5.369,14.341,8.264,0,2.064,0,13.237,24.871,0,11.439,13.76,7.111,24.108,0,7.995,12.554,0,0,2.261,45.443
D300262:bin_000022,0,2.169,0,3.311,0,2.656,3.324,0,0,0,0,0,1.086,1.126,2.369,4.259,1.854,0,2.086,4.144,0,3.511,0,1.645,1.077,0,0,0,3.157,0,0,5.088,8.721,1.854,2.026,0,1.356,2.49,0,1.052,0,7.77
D300262:bin_000032,0,9.437,0,8.263,1.173,12.826,14.819,4.108,0,4.662,4.912,0,4.882,3.111,2.794,15.458,14.439,0,7.805,17.119,0,9.383,2.916,13.819,5.23,0,3.461,0,11.208,24.719,0,14.649,14.539,8.541,28.708,0,10.441,11.724,0,4.761,2.931,38.028
D300263:bin_000027,0,0,0,0,0,0,0,0,0,0,0,0,0,0,0,0,0,0,0,0,0,0,0,0,0,0,0,0,0,0,0,0,0,0,0,0,0,0,0,0,0,0
D300264:bin_000001,0,0,0,0,0,0,0,0,0,0,0,0,0,0,0,0,0,0,0,0,0,0,0,0,0,0,0,0,0,0,0,0,0,0,0,0,0,0,0,0,0,0
D300264:bin_000003,0,0,0,0,0,0,0,0,0,0,0,0,0,0,0,0,0,0,0,0,0,0,0,0,0,0,0,0,0,0,0,0,0,0,0,0,0,0,0,0,0,0
D300264:bin_000004,0,0,0,0,0,0,0,0,0,0,0,0,0,0,0,0,0,0,0,0,0,0,0,0,0,0,0,0,0,0,0,0,0,0,0,0,0,0,0,0,0,0
D300264:bin_000007,0,0,0,0,0,0,0,0,0,0,0,0,0,0,0,0,0,0,0,0,0,0,0,0,0,0,0,0,0,0,0,0,0,0,0,0,0,0,0,0,0,0
D300264:bin_000013,0,0,0,0,0,0,0,0,0,0,0,0,0,0,0,0,0,0,0,0,0,0,0,0,0,0,0,0,0,0,0,0,0,0,0,0,0,0,0,0,0,0
D300264:bin_000017,0,0,0,0,0,0,0,0,0,0,0,0,0,0,0,0,0,0,0,0,0,0,0,0,0,0,0,0,0,0,0,0,0,0,0,0,0,0,0,0,0,0
D300264:bin_000018,0,0,0,0,0,0,0,0,0,0,0,0,0,0,0,0,0,0,0,0,0,0,0,0,0,0,0,0,0,0,0,0,0,0,0,0,0,0,0,0,0,0
D300264:bin_000019,0,0,0,0,0,0,0,0,0,0,0,0,0,0,0,0,0,0,0,0,0,0,0,0,0,0,0,0,0,0,0,0,0,0,0,0,0,0,0,0,0,0
D300264:bin_000020,0,0,0,0,0,0,0,0,0,0,0,0,0,0,0,0,0,0,0,0,0,0,0,0,0,0,0,0,0,0,0,0,0,0,0,0,0,0,0,0,0,0
D300264:bin_000021,0,0,0,0,0,0,0,0,0,0,0,0,0,0,0,0,0,0,0,0,0,0,0,0,0,0,0,0,0,0,0,0,0,0,0,0,0,0,0,0,0,0
D300264:bin_000022,0,0,0,0,0,0,0,0,0,0,0,0,0,0,0,0,0,0,0,0,0,0,0,0,0,0,0,0,0,0,0,0,0,0,0,0,0,0,0,0,0,0
D300264:bin_000023,0,0,0,0,0,0,0,0,0,0,0,0,0,0,0,1.226,0,0,0,0,0,0,0,0,0,0,0,0,0,0,0,0,0,0,1.844,0,0,0,0,0,0,2.893
D300264:bin_000028,0,1.203,0,0,0,1.516,0,0,0,0,0,0,0,0,0,0,0,0,0,0,0,0,0,0,0,0,0,0,0,0,0,0,0,0,4.155,0,0,0,0,0,0,0
D300264:bin_000033,0,0,0,0,0,0,0,0,0,0,0,0,0,0,0,0,0,0,0,0,0,0,0,0,0,0,0,0,0,0,0,0,0,0,0,0,0,0,0,0,0,0
D300264:bin_000035,0,0,0,0,0,0,0,0,0,0,0,0,0,0,0,0,0,0,0,0,0,0,0,0,0,0,0,0,0,0,0,0,0,0,0,0,0,0,0,0,0,0
D300264:bin_000036,0,0,0,0,0,0,0,0,0,0,0,0,0,0,0,0,0,0,0,0,0,0,0,0,0,0,0,0,0,0,0,0,0,0,0,0,0,0,0,0,0,0
D300264:bin_000043,0,0,0,0,0,0,0,0,0,0,0,0,0,0,0,0,0,0,0,0,0,0,0,0,0,0,0,0,0,0,0,0,0,0,0,0,0,0,0,0,0,0
D300265:bin_000012,0,0,0,0,0,0,0,0,0,0,0,0,0,0,0,1.689,0,0,0,1.37,0,1.878,0,1.214,0,0,0,0,1.275,1.899,0,0,0,0,2.148,0,0,1.213,0,0,0,2.658
D300265:bin_000013,0,18.868,1.22,19.466,4.343,13.372,44.765,6.921,1.317,12.268,9.819,0,8.5,7.944,5.9,24.669,17.602,0,8.122,39.473,0,31.338,11.59,23.556,9.701,0,6.056,0,31.909,68.971,1.089,23.653,23.196,13.594,109.927,0,18.136,30.933,2.622,10.756,3.529,53.981
JPB:bin_000001,0,0,0,0,0,0,0,0,0,0,0,0,0,0,0,0,0,0,0,0,0,0,0,0,0,0,0,0,0,0,0,0,0,0,0,0,0,0,0,0,0,0
JPB:bin_000003,0,0,0,0,0,0,0,0,0,0,0,0,0,0,0,0,0,0,0,0,0,0,0,0,0,0,0,0,0,0,0,0,0,0,0,0,0,0,0,0,0,0
JPB:bin_000004,0,0,0,0,0,0,0,0,0,0,0,0,0,0,0,0,0,0,0,0,0,0,0,0,0,0,0,0,0,0,0,0,0,0,0,0,0,0,0,0,0,0
JPB:bin_000005,0,0,0,0,0,0,0,0,0,0,0,0,0,0,0,0,0,0,0,0,0,0,0,0,0,0,0,0,0,0,0,0,0,0,0,0,0,0,0,0,0,0
JPB:bin_000007,0,0,0,0,0,0,0,0,0,0,0,0,0,0,0,0,0,0,0,0,0,0,0,0,0,0,0,0,0,0,0,0,1.369,0,1.78,0,0,0,0,0,0,1.14
JPB:bin_000009,0,0,0,0,0,0,0,0,0,0,0,0,0,0,0,0,0,0,0,0,0,0,0,0,0,0,0,0,0,0,0,0,0,0,0,0,0,0,0,0,0,0
JPB:bin_000010,0,0,0,0,0,0,0,0,0,0,0,0,0,0,0,0,0,0,0,0,0,0,0,0,0,0,0,0,0,0,0,0,0,0,0,0,0,0,0,0,0,0
JPB:bin_000012,0,0,0,0,0,0,0,0,0,0,0,0,0,0,0,0,0,0,0,0,0,0,0,0,0,0,0,0,0,0,0,0,0,0,0,0,0,0,0,0,0,0
JPB:bin_000014,0,3.793,0,3.059,1.394,1.455,6.578,1.806,0,1.858,2.334,0,1.978,0,1.946,5.951,6.118,0,1.186,5.479,0,6.669,1.203,3.302,1.236,0,1.767,0,4.243,4.992,0,4.379,5.084,1.701,15.668,0,4.353,5.034,0,1.421,0,9.905
JPB:bin_000015,0,0,0,0,0,0,0,0,0,0,0,0,0,0,0,0,0,0,0,0,0,0,0,0,0,0,0,0,0,0,0,0,0,0,0,0,0,0,0,0,0,0
JPB:bin_000017,0,0,0,0,0,0,0,0,0,0,0,0,0,0,0,0,0,0,0,0,0,0,0,0,0,0,0,0,0,0,0,0,0,0,0,0,0,0,0,0,0,0
JPB:bin_000018,0,0,0,0,0,0,0,0,0,0,0,0,0,0,0,0,0,0,0,0,0,0,0,0,0,0,0,0,0,0,0,0,0,0,0,0,0,0,0,0,0,0
JPB:bin_000019,0,0,0,0,0,0,0,0,0,0,0,0,0,0,0,0,0,0,0,0,0,0,0,0,0,0,0,0,0,0,0,0,0,0,0,0,0,0,0,0,0,0
JPB:bin_000020,0,0,0,0,0,0,0,0,0,0,0,0,0,0,0,0,0,0,0,0,0,0,0,0,0,0,0,0,0,0,0,0,0,0,0,0,0,0,0,0,0,0
JPB:bin_000021,0,0,0,0,0,0,0,0,0,0,0,0,0,0,0,0,0,0,0,0,0,0,0,0,0,0,0,0,0,0,0,0,0,0,0,0,0,0,0,0,0,0
JPB:bin_000022,0,0,0,0,0,0,0,0,0,0,0,0,0,0,0,1.256,1.065,0,0,1.094,0,0,0,0,0,0,0,0,0,0,0,1.227,1.049,0,2.173,0,1.305,0,0,0,0,2.004
JPB:bin_000023,0,0,0,0,0,0,0,0,0,0,0,0,0,0,0,0,0,0,0,0,0,0,0,0,0,0,0,0,0,0,0,0,0,0,0,0,0,0,0,0,0,0
JPB:bin_000024,0,0,0,0,0,0,0,0,0,0,0,0,0,0,0,0,0,0,0,0,0,0,0,0,0,0,0,0,0,0,0,0,0,0,0,0,0,0,0,0,0,0
JPB:bin_000025,0,0,0,0,0,0,0,0,0,0,0,0,0,0,0,0,0,0,0,0,0,0,0,0,0,0,0,0,0,0,0,0,0,0,0,0,0,0,0,0,0,0
JPB:bin_000026,0,1.66,0,0,0,0,1.264,0,0,1.355,0,0,0,0,0,1.749,1.109,0,0,1.455,0,1.292,0,0,0,0,0,0,1.717,1.994,0,1.847,0,0,3.041,0,0,1.136,0,0,0,2.846
JPB:bin_000027,0,0,0,0,0,0,0,0,0,0,0,0,0,0,0,0,0,0,0,0,0,0,0,0,0,0,0,0,0,0,0,0,0,0,0,0,0,0,0,0,0,0
JPB:bin_000028,0,0,0,0,0,0,0,0,0,0,0,0,0,0,0,0,0,0,0,0,0,0,0,0,0,0,0,0,0,0,0,0,0,0,0,0,0,0,0,0,0,0
JPB:bin_000029,0,0,0,0,0,0,0,0,0,0,0,0,0,0,0,0,0,0,0,0,0,0,0,0,0,0,0,0,0,0,0,0,0,0,0,0,0,0,0,0,0,0
JPB:bin_000030,0,0,0,0,0,0,0,0,0,0,0,0,0,0,0,0,0,0,0,0,0,0,0,0,0,0,0,0,0,0,0,0,0,0,0,0,0,0,0,0,0,0
JPB:bin_000032,0,0,0,0,0,0,0,0,0,0,0,0,0,0,0,0,0,0,0,0,0,0,0,0,0,0,0,0,0,0,0,0,0,0,0,0,0,0,0,0,0,0
JPB:bin_000033,0,0,0,0,0,0,0,0,0,0,0,0,0,0,0,0,0,0,0,0,0,0,0,0,0,0,0,0,0,0,0,0,0,0,0,0,0,0,0,0,0,0
JPB:bin_000034,0,0,0,0,0,0,0,0,0,0,0,0,0,0,0,0,0,0,0,0,0,0,0,0,0,0,0,0,0,0,0,0,0,0,0,0,0,0,0,0,0,0
JPB:bin_000035,0,0,0,0,0,0,0,0,0,0,0,0,0,0,0,0,0,0,0,0,0,0,0,0,0,0,0,0,0,0,0,0,0,0,0,0,0,0,0,0,0,0
JPB:bin_000036,0,0,0,0,0,0,0,0,0,0,0,0,0,0,0,0,0,0,0,0,0,0,0,0,0,0,0,0,0,0,0,0,0,0,0,0,0,0,0,0,0,0
JPB:bin_000037,0,1.749,0,2.043,0,1.587,3.254,0,0,0,1.693,0,0,0,0,2.795,0,0,1.089,4.438,0,1.61,0,2.572,2.035,0,0,0,2.611,3.228,0,3.149,3.773,2.813,5.308,0,2.167,1.542,0,1.814,0,10.436
JPB:bin_000039,0,0,0,0,0,0,0,0,0,0,0,0,0,0,0,0,0,0,0,0,0,0,0,0,0,0,0,0,0,0,0,0,0,0,0,0,0,0,0,0,0,0
JPB:bin_000040,0,0,0,0,0,0,0,0,0,0,0,0,0,0,0,0,0,0,0,0,0,0,0,0,0,0,0,0,0,0,0,0,0,0,0,0,0,0,0,0,0,0
JPB:bin_000042,0,0,0,0,0,0,0,0,0,0,0,0,0,0,0,0,0,0,0,0,0,0,0,0,0,0,0,0,0,0,0,0,0,0,0,0,0,0,0,0,0,0
JPB:bin_000043,0,0,0,0,0,0,0,0,0,0,0,0,0,0,0,0,0,0,0,0,0,0,0,0,0,0,0,0,0,0,0,0,0,0,0,0,0,0,0,0,0,0
JPB:bin_000045,3.093,163.311,3.035,39.753,6.61,44.225,73.932,31.674,6.294,26.445,33.662,0,51.56,27.176,25.882,258.366,67.379,0,25.53,110.826,11.363,124.019,79.281,163.459,29.059,0,28.464,0,184.784,299.655,1.634,64.826,113.74,31.228,596.973,0,51.376,95.067,11.082,29.123,4.664,239.822
JPB:bin_000046,0,0,0,0,0,0,1.687,0,0,0,0,0,0,0,0,1.735,1.255,0,0,1.476,0,0,0,1.125,0,0,0,0,1.521,1.711,0,0,1.35,0,2.743,0,0,1.051,0,0,0,3.534
JPB:bin_000047,0,0,0,0,0,0,0,0,0,0,0,0,0,0,0,0,0,0,0,0,0,0,0,0,0,0,0,0,0,0,0,0,0,0,0,0,0,0,0,0,0,0
JPB:bin_000048,0,0,0,0,0,0,0,0,0,0,0,0,0,0,0,0,0,0,0,0,0,0,0,0,0,0,0,0,0,0,0,0,0,0,0,0,0,0,0,0,0,0
JPB:bin_000050,0,0,0,0,0,0,0,0,0,0,0,0,0,0,0,0,0,0,0,0,0,0,0,0,0,0,0,0,0,0,0,0,0,0,0,0,0,0,0,0,0,0
JPB:bin_000051,0,0,0,0,0,0,0,0,0,0,0,0,0,0,0,0,0,0,0,0,0,0,0,0,0,0,0,0,0,0,0,0,0,0,0,0,0,0,0,0,0,0
JPB:bin_000052,0,0,0,0,0,0,0,0,0,0,0,0,0,0,0,0,0,0,0,0,0,0,0,0,0,0,0,0,0,0,0,0,0,0,0,0,0,0,0,0,0,0
JPB:bin_000053,0,0,0,0,0,0,0,0,0,0,0,0,0,0,0,0,0,0,0,0,0,0,0,0,0,0,0,0,0,0,0,0,0,0,0,0,0,0,0,0,0,0
JPB:bin_000054,0,0,0,0,0,0,0,0,0,0,0,0,0,0,0,0,0,0,0,0,0,0,0,0,0,0,0,0,0,0,0,0,0,0,0,0,0,0,0,0,0,0
JPB:bin_000056,0,0,0,0,0,0,0,0,0,0,0,0,0,0,0,0,0,0,0,0,0,0,0,0,0,0,0,0,0,0,0,0,0,0,0,0,0,0,0,0,0,0
JPB:bin_000057,0,0,0,0,0,0,0,0,0,0,0,0,0,0,0,0,0,0,0,0,0,0,0,0,0,0,0,0,0,0,0,0,0,0,0,0,0,0,0,0,0,0
JPB:bin_000059,0,0,0,1.558,0,0,1.703,1.695,0,0,0,0,0,0,0,2.047,1.444,0,1.378,0,0,1.809,0,0,0,0,0,0,1.798,2.004,0,1.344,0,0,3.683,0,1.807,1.132,0,0,0,5.821
JPB:bin_000060,0,0,0,0,0,0,0,0,0,0,0,0,0,0,0,0,0,0,0,0,0,0,0,0,0,0,0,0,0,0,0,0,0,0,0,0,0,0,0,0,0,0
JPB:bin_000061,0,1.059,0,0,0,0,1.056,0,0,0,0,0,0,0,0,1.495,0,0,0,1.655,0,0,0,1.243,0,0,0,0,0,1.737,0,1.75,1.12,0,2.048,0,1.299,0,0,0,0,2.819
JPB:bin_000062,0,0,0,0,0,0,0,0,0,0,0,0,0,0,0,0,0,0,0,0,0,0,0,0,0,0,0,0,0,0,0,0,0,0,0,0,0,0,0,0,0,0
JPB:bin_000063,0,0,0,2.166,0,1.201,3.279,1.17,0,0,0,0,0,0.979,0,2.875,2.006,0,1.294,4.728,0,4.663,0,2.712,0,0,0,0,1.227,6.342,0,2.978,3.764,0,12.807,0,2.142,2.244,0,0,0,2.574
JPB:bin_000064,0,0,0,0,0,0,0,0,0,0,0,0,0,0,0,0,0,0,0,0,0,0,0,0,0,0,0,0,0,0,0,0,0,0,0,0,0,0,0,0,0,0
JPB:bin_000065,0,0,0,0,0,0,0,0,0,0,0,0,0,0,0,0,0,0,0,0,0,0,0,0,0,0,0,0,0,0,0,0,0,0,0,0,0,0,0,0,0,0
JPB:bin_000066,0,0,0,0,0,0,0,0,0,0,0,0,0,0,0,0,0,0,0,0,0,0,0,0,0,0,0,0,0,0,0,0,0,0,0,0,0,0,0,0,0,0
JPB:bin_000067,0,2.709,0,2.611,0,2.158,3.384,0,0,1.906,1.372,0,0,0,0,4.173,3.045,0,1.638,4.144,0,2.473,0,2.63,1.977,0,1.233,0,3.282,3.645,0,3.418,4.284,2.886,5.315,0,2.712,2.264,0,0,0,10.904
JPB:bin_000068,0,0,0,0,0,0,0,0,0,0,0,0,0,0,0,0,0,0,0,0,0,0,0,0,0,0,0,0,0,0,0,0,0,0,0,0,0,0,0,0,0,0
JPB:bin_000069,0,0,0,0,0,1.095,1.452,0,0,0,0,0,0,0,0,1.091,1.719,0,0,2.325,0,1.726,0,0,0,0,0,0,1.46,3.521,0,2.863,1.657,0,1.603,0,0,0,0,0,0,0
JPB:bin_000070,0,0,0,0,0,0,0,0,0,0,0,0,0,0,0,0,0,0,0,0,0,0,0,0,0,0,0,0,0,0,0,0,0,0,0,0,0,0,0,0,0,0
JPB:bin_000071,0,0,0,0,0,0,0,0,0,0,0,0,0,0,0,0,0,0,0,0,0,0,0,0,0,0,0,0,0,0,0,0,0,0,0,0,0,0,0,0,0,0
JPB:bin_000073,0,0,0,0,0,0,0,0,0,0,0,0,0,0,0,0,0,0,0,0,0,0,0,0,0,0,0,0,0,0,0,0,0,0,0,0,0,0,0,0,0,0
JPB:bin_000074,0,1.512,0,0,0,2.931,2.767,1.411,0,0,0,0,0,0,0,2.575,2.352,0,1.976,2.477,0,1.709,0,1.495,0,0,0,0,2.184,5.671,0,3.146,1.609,1.81,5.898,0,0,1.746,0,0,0,4.592
JPB:bin_000075,0,4.053,0,3.597,0,1.912,4.533,0,0,1.835,1.629,0,0,0,0,5.948,4.242,0,1.431,6.915,0,2.708,1.57,5.137,1.654,0,0,0,3.027,4.813,0,7.119,3.938,0,9.08,0,2.842,3.359,0,0,1.02,6.106
JPB:bin_000076,0,0,0,0,0,0,0,0,0,0,0,0,0,0,0,0,0,0,0,0,0,0,0,0,0,0,0,0,0,0,0,0,0,0,0,0,0,0,0,0,0,0
JPB:bin_000077,0,0,0,0,0,0,0,0,0,0,0,0,0,0,0,0,0,0,0,0,0,0,0,0,0,0,0,0,0,0,0,0,0,0,0,0,0,0,0,0,0,0
JPB:bin_000078,0,0,0,0,0,0,0,0,0,0,0,0,0,0,0,0,0,0,0,0,0,0,0,0,0,0,0,0,0,0,0,0,0,0,0,0,0,0,0,0,0,0
JPB:bin_000079,0,0,0,0,0,0,0,0,0,0,0,0,0,0,0,0,0,0,0,0,0,0,0,0,0,0,0,0,0,0,0,0,0,0,0,0,0,0,0,0,0,0
JPB:bin_000080,0,0,0,0,0,0,0,0,0,0,0,0,0,0,0,0,0,0,0,0,0,0,0,0,0,0,0,0,0,0,0,0,0,0,0,0,0,0,0,0,0,0
JPB:bin_000081,0,17.222,1.722,10.923,0,8.826,26.522,4.881,1.065,8.964,6.412,0,6.621,6.01,3.037,22.157,13.986,0,5.259,28.434,0,17.827,3.89,10.785,7.315,0,2.725,0,15.813,45.116,0,22.728,20.095,9.131,29.446,0,8.574,13.735,3.124,4.857,1.293,23.62
JPB:bin_000082,0,0,0,0,0,0,0,0,0,0,0,0,0,0,0,0,0,0,0,0,0,0,0,0,0,0,0,0,0,0,0,0,0,0,0,0,0,0,0,0,0,0
JPB:bin_000083,0,0,0,0,0,0,0,0,0,0,0,0,0,0,0,0,0,0,0,0,0,0,0,0,0,0,0,0,0,0,0,0,0,0,0,0,0,0,0,0,0,0
JPB:bin_000084,0,0,0,0,0,0,0,0,0,0,0,0,0,0,0,0,0,0,0,0,0,0,0,0,0,0,0,0,0,0,0,0,0,0,0,0,0,0,0,0,0,0
JPB:bin_000085,0,0,0,0,0,0,0,0,0,0,0,0,0,0,0,0,0,0,0,0,0,0,0,0,0,0,0,0,0,0,0,0,0,0,0,0,0,0,0,0,0,0
JPB:bin_000086,0,0,0,0,0,0,0,0,0,0,0,0,0,0,0,0,0,0,0,1.954,0,0,0,0,0,0,0,0,0,0,0,1.273,0,0,0,0,0,0,0,0,0,0
JPB:bin_000087,0,0,0,0,0,0,1.515,0,0,0,0,0,0,1.548,0,1.59,0,0,0,0,0,1.273,0,0,0,0,0,0,0,1.948,0,1.433,1.44,0,3.744,0,0,0,0,0,0,3.178
JPB:bin_000088,0,0,0,0,0,0,0,0,0,0,0,0,0,0,0,0,0,0,0,0,0,0,0,0,0,0,0,0,0,0,0,0,0,0,0,0,0,0,0,0,0,0
JPB:bin_000089,0,0,0,0,0,0,0,0,0,0,0,0,0,0,0,0,0,0,0,0,0,0,0,0,0,0,0,0,0,0,0,0,0,0,0,0,0,0,0,0,0,0
JPB:bin_000090,0,0,0,0,0,0,0,0,0,0,0,0,0,0,0,0,0,0,0,0,0,0,0,0,0,0,0,0,0,0,0,0,0,0,0,0,0,0,0,0,0,0
JPB:bin_000091,0,0,0,0,0,0,0,0,0,0,0,0,0,0,0,0,0,0,0,0,0,0,0,0,0,0,0,0,0,0,0,0,0,0,0,0,0,0,0,0,0,0
JPB:bin_000092,0,0,0,0,0,0,0,0,0,0,0,0,0,0,0,0,0,0,0,0,0,0,0,0,0,0,0,0,0,0,0,0,0,0,0,0,0,0,0,0,0,0
JPB:bin_000093,0,0,0,0,0,0,0,0,0,0,0,0,0,0,0,0,0,0,0,0,0,0,0,0,0,0,0,0,0,0,0,0,0,0,0,0,0,0,0,0,0,0
JPB:bin_000094,0,0,0,0,0,0,0,0,0,0,0,0,0,0,0,0,0,0,0,0,0,0,0,0,0,0,0,0,0,0,0,0,0,0,0,0,0,0,0,0,0,0
JPB:bin_000095,0,0,0,0,0,0,0,0,0,0,0,0,0,0,0,0,0,0,0,0,0,0,0,0,0,0,0,0,0,0,0,0,0,0,0,0,0,0,0,0,0,0
JPB:bin_000096,0,0,0,0,0,0,0,0,0,0,0,0,0,0,0,0,0,0,0,0,0,0,0,0,0,0,0,0,0,0,0,0,0,0,0,0,0,0,0,0,0,0
JPB:bin_000098,0,0,0,0,0,0,0,0,0,0,0,0,0,0,0,0,0,0,0,0,0,0,0,0,0,0,0,0,0,0,0,0,0,0,0,0,0,0,0,0,0,0
JPB:bin_000099,0,1.326,0,0,0,0,2.973,2.016,0,0,0,0,0,0,0,1.667,1.46,0,0,2.558,0,3.159,1.219,1.355,0,0,0,0,3.057,2.514,0,1.753,2.5,1.894,9.588,0,0,1.261,0,0,0,4.554
JPB:bin_000100,0,0,0,0,0,0,0,0,0,0,0,0,0,0,0,0,0,0,0,0,0,0,0,0,0,0,0,0,0,0,0,0,0,0,0,0,0,0,0,0,0,0
JPB:bin_000101,0,0,0,0,0,0,0,0,0,0,0,0,0,0,0,0,0,0,0,0,0,0,0,0,0,0,0,0,0,0,0,0,0,0,0,0,0,0,0,0,0,0
JPB:bin_000103,0,0,0,0,0,0,0,0,0,0,0,0,0,0,0,0,0,0,0,0,0,0,0,0,0,0,0,0,0,0,0,0,0,0,0,0,0,0,0,0,0,0
JPB:bin_000105,0,0,0,0,0,0,0,0,0,0,0,0,0,0,0,0,0,0,0,0,0,0,0,0,0,0,0,0,0,0,0,0,0,0,0,0,0,0,0,0,0,0
JPB:bin_000106,0,0,0,0,0,1.651,2.255,1.475,0,0,0,0,0,0,0,1.916,0,0,0,1.458,0,1.538,0,0,0,0,0,0,2.008,1.28,0,1.866,1.809,0,0,0,1.604,0,0,0,0,2.191
JPB:bin_000107,0,0,0,0,0,0,0,0,0,0,0,0,0,0,0,0,0,0,0,0,0,0,0,0,0,0,0,0,0,0,0,0,0,0,0,0,0,0,0,0,0,0
JPB:bin_000108,0,0,0,0,0,0,0,0,0,0,0,0,0,0,0,0,0,0,0,0,0,0,0,0,0,0,0,0,0,0,0,0,0,0,0,0,0,0,0,0,0,0
JPB:bin_000109,0,0,0,0,0,0,0,0,0,0,0,0,0,0,0,0,0,0,0,0,0,0,0,0,0,0,0,0,0,1.864,0,0,0,0,1.309,0,0,0,0,0,0,0
JPB:bin_000110,0,0,0,0,0,0,0,0,0,0,0,0,0,0,0,0,0,0,0,0,0,0,0,0,0,0,0,0,0,0,0,0,0,0,0,0,0,0,0,0,0,0
JPB:bin_000111,0,0,0,0,0,0,0,0,0,0,0,0,0,0,0,1.356,0,0,0,1.348,0,1.172,0,0,0,0,0,0,0,1.979,0,0,0,0,0,0,0,0,0,0,0,0
JPB:bin_000112,0,0,0,0,0,0,0,0,0,0,0,0,0,0,0,0,0,0,0,0,0,0,0,0,0,0,0,0,0,0,0,0,0,0,0,0,0,0,0,0,0,0
JPB:bin_000113,0,0,0,0,0,0,0,0,0,0,0,0,0,0,0,0,0,0,0,0,0,0,0,0,0,0,0,0,0,0,0,0,1.369,0,0,0,0,0,0,0,0,1.421
JPB:bin_000114,0,1.998,0,1.9,0,1.548,3.058,0,0,2.146,1.387,0,0,1.104,0,3.051,1.763,0,0,3.554,0,1.599,0,2.292,0,0,0,0,2.793,3.481,0,2.794,2.057,2.807,3.028,0,1.906,1.788,0,0,0,10.993
JPB:bin_000115,0,0,0,0,0,0,0,0,0,0,0,0,0,0,0,0,0,0,0,0,0,0,0,0,0,0,0,0,0,0,0,0,0,0,0,0,0,0,0,0,0,0
JPB:bin_000116,0,0,0,0,0,0,0,0,0,0,0,0,0,0,0,0,0,0,0,0,0,0,0,0,0,0,0,0,0,0,0,0,0,0,0,0,0,0,0,0,0,0
JPB:bin_000117,0,0,0,0,0,0,0,0,0,0,0,0,0,0,0,0,0,0,0,0,0,0,0,0,0,0,0,0,0,0,0,0,0,0,0,0,0,0,0,0,0,0
JPB:bin_000118,0,0,0,0,0,0,0,0,0,0,0,0,0,0,0,0,0,0,0,0,0,0,0,0,0,0,0,0,0,0,0,0,0,0,0,0,0,0,0,0,0,0
JPB:bin_000119,0,0,0,0,0,0,0,0,0,0,0,0,0,0,0,0,0,0,0,0,0,0,0,0,0,0,0,0,0,0,0,0,0,0,0,0,0,0,0,0,0,0
JPB:bin_000120,0,0,0,0,0,0,0,0,0,0,0,0,0,0,0,0,0,0,0,0,0,0,0,0,0,0,0,0,0,0,0,0,0,0,0,0,0,0,0,0,0,0
JPB:bin_000121,0,0,0,0,0,0,0,0,0,0,0,0,0,0,0,0,0,0,0,0,0,0,0,0,0,0,0,0,0,0,0,0,0,0,0,0,0,0,0,0,0,0
JPB:bin_000122,0,0,0,0,0,0,0,0,0,0,0,0,0,0,0,0,0,0,0,0,0,0,0,0,0,0,0,0,0,2.334,0,0,0,0,0,0,0,0,0,0,0,0
JPB:bin_000123,0,0,0,0,0,0,0,0,0,0,0,0,0,0,0,0,0,0,0,0,0,0,0,0,0,0,0,0,0,0,0,0,0,0,0,0,0,0,0,0,0,0
JPB:bin_000124,0,0,0,0,0,0,0,0,0,0,0,0,0,0,0,0,0,0,0,0,0,0,0,0,0,0,0,0,0,0,0,0,0,0,0,0,0,0,0,0,0,0
JPB:bin_000125,0,0,0,0,0,0,0,0,0,0,0,0,0,0,0,0,0,0,0,0,0,0,0,0,0,0,0,0,0,0,0,0,0,0,0,0,0,0,0,0,0,1.672
JPB:bin_000126,0,0,0,0,0,0,0,0,0,0,0,0,0,0,0,0,0,0,0,0,0,0,0,0,0,0,0,0,0,0,0,0,0,0,0,0,0,0,0,0,0,0
JPB:bin_000127,0,1.737,0,1.429,0,3.242,4.183,1.336,0,1.637,1.109,0,0,0,0,1.777,2.158,0,0,3.353,0,2.426,0,2.216,0,0,0,0,3.129,5.023,0,2.856,2.446,1.247,5.562,0,0,2.426,0,0,0,5.923
JPB:bin_000128,0,0,0,0,0,0,0,0,0,0,0,0,0,0,0,0,0,0,0,0,0,0,0,0,0,0,0,0,0,0,0,0,0,0,0,0,0,0,0,0,0,0
JPB:bin_000130,0,0,0,0,0,0,0,0,0,0,0,0,0,0,0,0,0,0,0,0,0,0,0,0,0,0,0,0,0,0,0,0,0,0,0,0,0,0,0,0,0,0
JPB:bin_000132,0,0,0,2.269,0,1.924,3.067,3.756,0,1.804,2.356,0,1.482,0,2.385,4.226,1.822,0,5.256,5.194,0,4.797,0,2.451,0,0,0,0,6.677,5.46,0,6.743,2.332,0,7.652,0,1.622,2.429,0,0,0,5.663
JPB:bin_000133,0,0,0,0,0,0,0,0,0,0,0,0,0,0,0,0,0,0,0,0,0,0,0,0,0,0,0,0,0,0,0,0,0,0,0,0,0,0,0,0,0,0
JPB:bin_000134,0,0,0,0,0,0,0,0,0,0,0,0,0,0,0,0,0,0,0,0,0,0,0,0,0,0,0,0,0,0,0,0,0,0,0,0,0,0,0,0,0,0
JPB:bin_000135,0,0,0,0,0,0,0,0,0,0,0,0,0,0,0,0,0,0,0,0,0,0,0,0,0,0,0,0,0,0,0,0,0,0,0,0,0,0,0,0,0,0
JPB:bin_000137,0,0,0,0,0,0,0,0,0,0,0,0,0,0,0,0,0,0,0,0,0,0,0,0,0,0,0,0,0,0,0,0,0,0,0,0,0,0,0,0,0,0
JPB:bin_000138,0,0,0,0,0,0,0,0,0,0,0,0,0,0,0,0,0,0,0,0,0,0,0,0,0,0,0,0,0,0,0,0,0,0,0,0,0,0,0,0,0,0
JPB:bin_000139,0.807,3.916,0,7.284,2.435,6.993,12.727,6.204,2.12,5.041,3.586,0,6.171,3.655,3.751,14.115,7.396,0,5.141,15.355,0,9.939,1.305,9.113,3.691,0,4.028,0,13.864,11.26,0,9.147,10.024,6.063,15.584,0,9.156,6.027,0,2.109,3.288,53.063
JPB:bin_000140,0,0,0,0,0,0,0,0,0,0,0,0,0,0,0,0,0,0,0,0,0,0,0,0,0,0,0,0,0,0,0,0,0,0,0,0,0,0,0,0,0,0
JPB:bin_000142,0,0,0,0,0,0,0,0,0,0,0,0,0,0,0,0,0,0,0,0,0,0,0,0,0,0,0,0,0,0,0,0,0,0,0,0,0,0,0,0,0,0
JPB:bin_000144,0,2.938,0,2.371,0,1.887,4.152,0,0,3.319,1.392,0,0,0,0,4.347,2.618,0,0,4.421,0,4.685,0,2.111,0,0,0,0,3.053,5.385,0,3.57,3.086,0,9.176,0,5.128,3.037,0,0,0,6.726
JPB:bin_000146,0,6.279,0,5.109,1.694,3.34,5.142,2.305,0,3.006,1.997,0,2.066,0,2.492,7.005,3.853,0,1.835,8.097,0,8.182,2.471,5.586,2.307,0,0,0,7.105,11.985,0,9.366,8.503,2.047,15.76,0,4.668,7.106,1.103,1.473,1.229,13.532
JPB:bin_000147,0,0,0,0,0,0,0,0,0,0,0,0,0,0,0,0,0,0,0,0,0,0,0,0,0,0,0,0,0,0,0,0,0,0,0,0,0,0,0,0,0,0
JPB:bin_000148,0,0,0,0,0,0,0,0,0,0,0,0,0,0,0,0,0,0,0,0,0,0,0,0,0,0,0,0,0,0,0,0,0,0,0,0,0,0,0,0,0,0
JPB:bin_000149,0,0,0,0,0,0.99,0,0,0,0,0,0,0,0,0,0,0,0,1.639,2.024,0,0,0,0,0,0,0,0,0,0,0,0,0,0,0,0,0,2.476,0,0,0,0
JPB:bin_000150,0,0,0,0,0,0,2.626,0,0,0,0,0,0,0,0,3.036,0,0,0,3.235,0,2.12,0,0,0,0,0,0,2.955,2.339,0,0,2.132,0,3.198,0,1.894,0,0,0,0,11.133
JPB:bin_000151,0,0,0,0,0,0,0,0,0,0,0,0,0,0,0,0,0,0,0,0,0,0,0,0,0,0,0,0,0,0,0,0,0,0,0,0,0,0,0,0,0,0
JPB:bin_000152,0,0,0,0,0,0,0,0,0,0,0,0,0,0,0,0,0,0,0,0,0,0,0,0,0,0,0,0,0,0,0,0,0,0,0,0,0,0,0,0,0,0
JPB:bin_000153,0,1.319,0,0,0,1.279,2.613,0,0,1.267,0,0,2.08,0,0,3.027,2.165,0,1.695,2.45,0,0,0,0,0,0,0,0,2.924,2.036,0,2.943,2.777,0,3.051,0,1.687,2.557,0,0,0,8.61
JPB:bin_000155,0,0,0,0,0,0,0,0,0,0,0,0,0,0,0,0,0,0,0,0,0,0,0,0,0,0,0,0,0,0,0,0,0,0,0,0,0,0,0,0,0,0
JPB:bin_000156,0,0,0,0,0,0,0,0,0,0,0,0,0,0,1.303,0,0,0,0,0,0,1.478,0,0,0,0,0,0,0,0,0,0,1.334,0,0,0,0,0,0,0,0,1.892
JPB:bin_000157,0,0,0,0,0,0,0,0,0,0,0,0,0,0,0,0,0,0,0,0,0,0,0,0,0,0,0,0,0,0,0,0,0,0,0,0,0,0,0,0,0,0
JPB:bin_000159,0,0,0,0,0,0,0,0,0,0,0,0,0,0,0,0,0,0,0,0,0,0,0,0,0,0,0,0,0,0,0,0,0,0,0,0,0,0,0,0,0,0
JPB:bin_000160,0,0,0,0,0,0,0,0,0,0,0,0,0,0,0,0,0,0,0,0,0,0,0,0,0,0,0,0,0,0,0,0,0,0,0,0,0,0,0,0,0,0
JPB:bin_000162,0,0,0,0,0,0,0,0,0,0,0,0,0,0,0,0,0,0,0,0,0,0,0,0,0,0,0,0,0,0,0,0,0,0,0,0,0,0,0,0,0,0
JPB:bin_000163,0,0,0,0,0,0,0,0,0,0,0,0,0,0,0,0,0,0,0,0,0,0,0,0,0,0,0,0,0,0,0,0,0,0,0,0,0,0,0,0,0,0
JPB:bin_000164,0,0,0,0,0,0,0,0,0,0,0,0,0,0,0,0,0,0,0,0,0,0,0,0,0,0,0,0,0,0,0,0,0,0,0,0,0,0,0,0,0,0
JPB:bin_000165,0,0,0,0,0,0,0,0,0,0,0,0,0,0,0,0,0,0,0,0,0,0,0,0,0,0,0,0,0,0,0,0,0,0,0,0,0,0,0,0,0,0
JPB:bin_000166,1.18,17.966,2.344,32.167,17.273,50.504,57.287,16.464,1.17,16.869,13.304,0,15.209,5.762,16.551,46.512,46.757,0,22.305,35.411,0,41.345,4.466,11.387,13.157,0,17.605,0,44.379,21.731,0,57.245,54.71,23.746,13.627,0,30.572,52.997,2.323,9.855,3.528,65.487
JPB:bin_000167,0,0,0,0,0,0,0,0,0,0,0,0,0,0,0,0,0,0,0,0,0,0,0,0,0,0,0,0,0,0,0,0,0,0,0,0,0,0,0,0,0,0
JPB:bin_000169,0,0,0,0,0,0,0,0,0,0,0,0,0,0,0,0,0,0,0,0,0,0,0,0,0,0,0,0,0,0,0,0,0,0,0,0,0,0,0,0,0,0
JPB:bin_000170,0,0,0,0,0,0,0,0,0,0,0,0,0,0,0,0,0,0,0,0,0,0,0,0,0,0,0,0,0,0,0,0,0,0,0,0,0,0,0,0,0,0
JPB:bin_000171,0,0,0,0,0,0,1.263,0,0,0,0,0,0,0,1.377,3.031,0,0,0,1.458,0,0,0,0,0,0,0,0,1.677,0,0,0,2.275,0,1.219,0,1.22,2.159,0,0,0,2.087
JPB:bin_000172,0,2.256,0,2.299,6.615,12.85,5.131,2.016,0,0,0,0,2.004,0,2.786,4.492,7.238,0,1.851,1.881,0,7.411,1.321,2.729,2.141,0,1.344,0,4.271,3.675,0,2.678,3.906,2.296,2.044,0,2.492,14.042,0,1.234,1.619,6.107
JPB:bin_000173,0,10.079,0,5.441,3.327,6.855,24.205,1.854,0,3.566,6.803,0,6.282,4.256,4.785,31.833,11.789,0,7.161,18.461,0,30.188,2.044,20.453,8.621,0,4.914,0,16.387,9.507,0,11.554,20.275,7.707,40.673,0,21.577,12.68,3.909,4.315,0,30.462
JPB:bin_000174,0,0,0,0,0,0,0,0,0,0,0,0,0,0,0,0,0,0,0,0,0,0,0,0,0,0,0,0,0,0,0,0,0,0,0,0,0,0,0,0,0,0
JPB:bin_000175,0,0,0,0,0,0,0,0,0,0,0,0,0,0,0,0,0,0,0,0,0,0,0,0,0,0,0,0,0,0,0,0,0,0,0,0,0,0,0,0,0,0
JPB:bin_000176,0,1.508,0,2.433,0,2.477,4.562,2.081,0,1.755,0,0,2.084,0,0,5.122,2.601,0,1.842,5.235,0,3.445,0,3.101,0,0,0,0,4.854,3.815,0,3.342,3.464,2.131,5.491,0,3.081,2.209,0,0,0,17.459
JPB:bin_000177,0,0,0,0,0,0,0,0,0,0,0,0,0,0,0,0,0,0,0,0,0,0,0,0,0,0,0,0,0,0,0,0,0,0,0,0,0,0,0,0,0,0
JPB:bin_000178,0,1.211,0,1.306,0,2.626,4.892,0,0,0,0,0,0,0,2.317,2.705,1.719,0,1.366,4.589,0,3.264,0,1.601,0,0,0,0,3.235,1.577,0,3.197,3.237,0,5.996,0,4.233,2.429,0,1.424,0,4.052
JPB:bin_000180,0,0,0,0,0,0,0,0,0,0,0,0,0,0,0,0,0,0,0,0,0,0,0,0,0,0,0,0,0,0,0,0,0,0,0,0,0,0,0,0,0,0
JPB:bin_000184,0,3.395,0,2.812,0,2.624,7.216,1.363,0,1.987,3.143,0,2.188,1.276,2.466,7.723,3.019,0,1.356,7.08,0,6.647,1.833,3.024,1.989,0,0,0,7.296,18.867,0,5.958,5.219,4.542,13.609,0,5.884,6.235,0,2.618,1.232,12.676
JPB:bin_000185,0,0,0,0,0,0,0,0,0,0,0,0,0,0,0,0,0,0,0,0,0,0,0,0,0,0,0,0,0,0,0,0,0,0,0,0,0,0,0,0,0,0
JPB:bin_000186,0,0,0,0,0,0,0,0,0,0,0,0,0,0,0,0,0,0,0,0,0,0,0,0,0,0,0,0,0,0,0,0,0,0,0,0,0,0,0,0,0,0
JPB:bin_000187,0,0,0,0,0,9.455,0,0,0,0,0,0,0,0,0,0,1.393,0,0,0,0,0,0,0,0,0,0,0,0,0,0,0,1.404,1.046,0,0,0,0,0,0,0,0
JPB:bin_000188,0,3.512,0,2.255,0,2.242,3.237,1.407,0,2.072,1.631,0,1.461,1.157,1.587,4.202,8.202,0,1.835,9.456,0,8.351,1.525,5.028,1.964,0,1.608,0,5.115,13.912,0,6.492,5.377,3.114,15.41,0,2.335,3.563,0,1.662,0,6.843
JPB:bin_000189,0,1.803,0,0,4.542,12.754,4.905,1.618,0,2.239,0,0,0,0,0,3.659,6.514,0,2.077,3.965,0,3.195,0,0,1.984,0,3.163,0,4.133,1.623,0,3.003,3.078,0,1.527,0,2.417,14.018,0,0,0,5.084
JPB:bin_000190,0,0,0,0,0,0,0,0,0,0,0,0,0,0,0,0,0,0,0,0,0,0,0,0,0,0,0,0,0,0,0,0,0,0,0,0,0,0,0,0,0,0
JPB:bin_000192,0,0,0,0,0,0,0,0,0,0,0,0,0,0,0,0,0,0,0,0,0,0,0,0,0,0,0,0,0,0,0,0,0,0,0,0,0,0,0,0,0,0
JPB:bin_000193,0,0,0,0,0,0,0,0,0,0,0,0,0,0,0,0,0,0,0,0,0,0,0,0,0,0,0,0,0,0,0,0,0,0,0,0,0,0,0,0,0,0
JPB:bin_000194,0,0,0,0,0,0,0,0,0,0,0,0,0,0,0,0,0,0,0,0,0,0,0,0,0,0,0,0,0,0,0,0,0,0,0,0,0,0,0,0,0,0
JPB:bin_000195,0,0,0,0,0,0,0,0,0,0,0,0,0,0,0,0,0,0,0,0,0,0,0,0,0,0,0,0,0,0,0,0,0,0,0,0,0,1.294,0,0,0,0
JPB:bin_000196,0,0,0,0,0,0,0,0,0,0,0,0,0,0,0,0,0,0,0,0,0,0,0,0,0,0,0,0,0,0,0,0,0,0,0,0,0,0,0,0,0,0
JPB:bin_000197,0,0,0,0,0,0,0,0,0,0,0,0,0,0,0,0,0,0,0,0,0,0,0,0,0,0,0,0,0,0,0,0,0,0,0,0,0,0,0,0,0,0
JPB:bin_000198,4.206,37.041,0,44.838,21.433,52.698,91.855,43.369,11.752,43.007,30.831,0,33.702,17.131,20.48,101.486,59.434,0,48.637,89.205,0,69.867,9.697,61.891,31.161,0,31.843,0,94.792,59.039,0,72.911,70.705,43.529,77.937,0,56.528,39.631,3.2,19.817,16.576,321.956
JPB:bin_000199,0,0,0,0,0,0,0,0,0,0,0,0,0,0,0,0,0,0,0,0,0,0,0,0,0,0,0,0,0,0,0,0,0,0,0,0,0,0,0,0,0,0
JPB:bin_000200,0,0,0,0,0,0,0,0,0,0,0,0,0,0,0,0,0,0,0,0,0,0,0,0,0,0,0,0,0,0,0,0,0,0,0,0,0,0,0,0,0,0
JPB:bin_000201,0,0,0,0,0,0,0,0,0,0,0,0,0,0,0,0,0,0,0,0,0,0,0,0,0,0,0,0,0,0,0,0,0,0,0,0,0,0,0,0,0,0
JPB:bin_000202,0,0,0,0,0,0,0,0,0,0,0,0,0,0,0,0,0,0,0,0,0,0,0,0,0,0,0,0,0,0,0,0,0,0,0,0,0,0,0,0,0,0
JPB:bin_000203,0,0,0,0,0,0,0,0,0,0,0,0,0,0,0,0,0,0,0,0,0,0,0,0,0,0,0,0,0,0,0,0,0,0,0,0,0,0,0,0,0,0
JPB:bin_000204,2.724,55.199,1.664,61.302,20.298,46.968,93.675,34.369,10.837,36.202,55.68,0,48.594,29.737,48.372,124.629,59.472,0,45.272,94.538,0,81.706,24.076,41.596,23.225,0,30.312,0,96.412,135.282,1.69,100.15,64.914,85.176,297.145,0,62.618,87.538,7.44,53.318,20.672,199.083
JPB:bin_000205,0,0,0,0,0,0,0,0,0,0,0,0,0,0,0,0,0,0,0,0,0,0,0,0,0,0,0,0,0,0,0,0,0,0,0,0,0,0,0,0,0,0
JPB:bin_000206,0,0,0,0,0,0,0,0,0,0,0,0,0,0,0,0,0,0,0,0,0,0,0,0,0,0,0,0,0,0,0,0,0,0,0,0,0,0,0,0,0,0
JPB:bin_000207,0,0,0,0,0,0,0,0,0,0,0,0,0,0,0,0,0,0,0,0,0,0,0,0,0,0,0,0,0,0,0,0,0,0,0,0,0,0,0,0,0,0
JPB:bin_000208,0,0,0,0,0,0,0,0,0,0,0,0,0,0,0,0,0,0,0,0,0,0,0,0,0,0,0,0,0,0,0,0,0,0,0,0,0,0,0,0,0,0
JPB:bin_000209,0,0,0,0,0,0,0,0,0,0,0,0,0,0,0,0,0,0,0,0,0,0,0,0,0,0,0,0,0,0,0,0,0,0,0,0,0,0,0,0,0,0
JPB:bin_000210,0,0,0,0,0,0,0,0,0,0,0,0,0,0,0,0,0,0,0,0,0,0,0,0,0,0,0,0,0,0,0,0,0,0,1.098,0,0,0,0,0,0,0
JPB:bin_000211,0,2.305,0,0,0,0,4.302,0,0,0,0,0,0,0,0,5.532,2.698,0,0,9.532,0,4.502,2.485,0,2.394,0,0,0,4.771,13.646,0,3.875,4.035,2.938,11.075,0,3.123,3.215,0,0,0,8.584
JPB:bin_000212,0,0,0,0,0,0,0,0,0,0,0,0,0,0,0,0,0,0,0,0,0,0,0,0,0,0,0,0,0,0,0,0,0,0,0,0,0,0,0,0,0,0
JPB:bin_000213,0,0,0,0,0,0,0,0,0,0,0,0,0,0,0,0,0,0,0,0,0,0,0,0,0,0,0,0,0,0,0,0,0,0,0,0,0,0,0,0,0,0
JPB:bin_000214,0,0,0,0,0,0,0,0,0,0,0,0,0,0,0,0,0,0,0,0,0,0,0,0,0,0,0,0,0,0,0,0,0,0,0,0,0,0,0,0,0,0
JPB:bin_000215,0,0,0,0,0,0,0,0,0,0,0,0,0,0,0,0,0,0,0,0,0,0,0,0,0,0,0,0,0,0,0,0,0,0,0,0,0,0,0,0,0,0
JPB:bin_000217,0,0,0,0,0,0,0,0,0,0,0,0,0,0,0,0,0,0,0,0,0,0,0,0,0,0,0,0,0,0,0,0,0,0,0,0,0,0,0,0,0,0
JPB:bin_000218,0,0,0,0,0,0,0,0,0,0,0,0,0,0,0,0,0,0,0,0,0,0,0,0,0,0,0,0,0,0,0,0,0,0,0,0,0,0,0,0,0,0
JPB:bin_000219,0,0,0,0,1.224,3.111,3.177,0,0,0,1.915,0,1.622,0,0,3.71,2.76,0,1.897,3.482,0,2.414,0,2.587,0,0,1.373,0,3.498,2.988,0,2.199,2.203,2.397,5.361,0,0,2.385,0,2.6,0,6.342
JPB:bin_000220,0,0,0,0,0,0,0,0,0,0,0,0,0,0,0,0,0,0,0,0,0,0,0,0,0,0,0,0,0,0,0,0,0,0,0,0,0,0,0,0,0,0
JPB:bin_000221,0,1.591,0,1.676,0,0,3.382,0,0,1.943,1.304,0,1.128,0,1.527,4.18,4.255,0,2.436,3.811,0,5.142,0,3.581,0,0,0.997,0,4.333,4.863,0,3.516,3.578,1.992,9.433,0,3.034,3.447,0,0,0,5.974
JPB:bin_000222,0,0,0,0,0,0,0,0,0,0,0,0,0,0,0,0,0,0,0,0,0,0,0,0,0,0,0,0,0,0,0,0,0,0,0,0,0,0,0,0,0,0
JPB:bin_000223,0,0,0,0,0,0,0,0,0,0,0,0,0,0,0,0,0,0,0,0,0,0,0,0,0,0,0,0,0,0,0,0,0,0,0,0,0,0,0,0,0,0
JPB:bin_000224,0,0,0,0,0,0,0,0,0,0,0,0,0,0,0,0,0,0,0,0,0,0,0,0,0,0,0,0,0,0,0,0,0,0,0,0,0,0,0,0,0,0
JPB:bin_000225,0,0,0,0,0,0,0,0,0,0,0,0,0,0,0,0,0,0,0,0,0,0,0,0,0,0,0,0,0,0,0,0,0,0,0,0,0,0,0,0,0,0
JPB:bin_000226,0,0,0,0,0,0,0,0,0,0,0,0,0,0,0,0,0,0,0,0,0,0,0,0,0,0,0,0,0,0,0,0,0,0,0,0,0,0,0,0,0,0
JPB:bin_000227,0,0,0,0,0,0,0,0,0,0,0,0,0,0,0,0,0,0,0,0,0,0,0,0,0,0,0,0,0,0,0,0,0,0,0,0,0,0,0,0,0,0
JPB:bin_000228,0,0,0,0,0,0,0,0,0,0,0,0,0,0,0,0,0,0,0,0,0,0,0,0,0,0,0,0,0,0,0,0,0,0,0,0,0,0,0,0,0,0
JPB:bin_000229,0,0,0,0,0,0,0,0,0,0,0,0,0,0,0,0,0,0,0,0,0,0,0,0,0,0,0,0,0,0,0,0,0,0,0,0,0,0,0,0,0,0
JPB:bin_000230,0,0,0,0,0,0,0,0,0,0,0,0,0,0,0,0,0,0,0,0,0,0,0,0,0,0,0,0,0,0,0,0,0,0,0,0,0,0,0,0,0,0
JPB:bin_000231,0,0,0,0,0,0,0,0,0,0,0,0,0,0,0,0,0,0,0,0,0,0,0,0,0,0,0,0,0,0,0,0,0,0,0,0,0,0,0,0,0,0
JPB:bin_000232,0,0,0,0,0,0,0,0,0,0,0,0,0,0,0,0,0,0,0,0,0,0,0,0,0,0,0,0,0,0,0,0,0,0,0,0,0,0,0,0,0,0
JPB:bin_000233,0,0,0,0,0,0,0,0,0,0,0,0,0,0,0,0,0,0,0,0,0,0,0,0,0,0,0,0,0,0,0,0,0,0,0,0,0,0,0,0,0,0
JPB:bin_000234,0,0,0,0,0,0,0,0,0,0,0,0,0,0,0,0,0,0,0,0,0,0,0,0,0,0,0,0,0,0,0,0,0,0,0,0,0,0,0,0,0,0
JPB:bin_000236,0,0,0,0,0,0,0,0,0,0,0,0,0,0,0,0,0,0,0,0,0,0,0,0,0,0,0,0,0,0,0,0,0,0,0,0,0,0,0,0,0,0
JPB:bin_000237,0,0,0,0,0,0,0,0,0,0,0,0,0,0,0,0,0,0,0,0,0,0,0,0,0,0,0,0,0,0,0,0,0,0,0,0,0,0,0,0,0,0
JPB:bin_000238,0,0,0,1.107,0,0.959,1.737,0,0,0,0,0,0,0,0,1.185,0,0,0,0,0,1.211,0,0,0,0,0,0,0,2.912,0,2.116,1.214,0,3.424,0,0,0,0,0,0,1.385
JPB:bin_000239,0,0,0,0,0,0,0,0,0,0,0,0,0,0,0,0,0,0,0,0,0,0,0,0,0,0,0,0,0,0,0,0,0,0,0,0,0,0,0,0,0,0
JPB:bin_000240,0,0,0,0,0,0,0,0,0,0,0,0,0,0,0,0,0,0,0,0,0,0,0,0,0,0,0,0,0,0,0,0,0,0,0,0,0,0,0,0,0,0
JPB:bin_000241,0,0,0,0,0,0,0,0,0,0,0,0,0,0,0,0,0,0,0,0,0,0,0,0,0,0,0,0,0,0,0,0,0,0,0,0,0,0,0,0,0,0
JPB:bin_000242,0,0,0,0,0,0,0,0,0,0,0,0,0,0,0,0,0,0,0,0,0,0,0,0,0,0,0,0,0,0,0,0,0,0,0,0,0,0,0,0,0,0
JPB:bin_000243,0,0,0,0,0,0,0,0,0,0,0,0,0,0,0,0,0,0,0,0,0,0,0,0,0,0,0,0,0,0,0,0,0,0,0,0,0,0,0,0,0,0
JPB:bin_000244,0,0,0,0,0,0,0,0,0,0,0,0,0,0,0,0,0,0,0,0,0,0,0,0,0,0,0,0,0,0,0,0,0,0,0,0,0,0,0,0,0,0
JPB:bin_000245,0,0,0,0,0,0,0,0,0,0,0,0,0,0,0,0,0,0,0,0,0,0,0,0,0,0,0,0,0,0,0,0,0,0,0,0,0,0,0,0,0,0
JPB:bin_000246,0,0,0,0,0,0,0,0,0,0,0,0,0,0,0,0,0,0,0,0,0,0,0,0,0,0,0,0,0,0,0,0,0,0,0,0,0,0,0,0,0,0
JPB:bin_000247,0,0,0,0,0,0,0,0,0,0,0,0,0,0,0,0,0,0,0,0,0,0,0,0,0,0,0,0,0,0,0,0,0,0,0,0,0,0,0,0,0,0
JPB:bin_000248,0,0,0,0,0,0,0,0,0,0,0,0,0,0,0,0,0,0,0,0,0,0,0,0,0,0,0,0,0,0,0,0,0,0,0,0,0,0,0,0,0,0
JPB:bin_000249,0,0,0,0,0,0,0,0,0,0,0,0,0,0,0,0,0,0,0,0,0,0,0,0,0,0,0,0,0,0,0,0,0,0,0,0,0,0,0,0,0,0
JPB:bin_000250,0,0,0,0,0,0,0,0,0,0,0,0,0,0,0,0,0,0,0,0,0,0,0,0,0,0,0,0,0,0,0,0,0,0,0,0,0,0,0,0,0,0
JPB:bin_000251,0,0,0,0,0,0,0,0,0,0,0,0,0,0,0,0,0,0,0,0,0,0,0,0,0,0,0,0,0,0,0,0,0,0,0,0,0,0,0,0,0,0
JPB:bin_000252,0,0,0,0,0,0,0,0,0,0,0,0,0,0,0,0,0,0,0,0,0,0,0,0,0,0,0,0,0,0,0,0,0,0,0,0,0,0,0,0,0,0
JPB:bin_000253,0,0,0,0,0,0,0,0,0,0,0,0,0,0,0,0,0,0,0,0,0,0,0,0,0,0,0,0,0,0,0,0,0,0,0,0,0,0,0,0,0,0
JPB:bin_000254,0,0,0,0,0,0,0,0,0,0,0,0,0,0,0,0,0,0,0,0,0,0,0,0,0,0,0,0,0,0,0,0,0,0,0,0,0,0,0,0,0,0
JPB:bin_000255,0,0,0,0,0,0,0,0,0,0,0,0,0,0,0,0,0,0,0,0,0,0,0,0,0,0,0,0,0,0,0,0,0,0,0,0,0,0,0,0,0,0
JPB:bin_000256,0,1.79,0,0,0,0,2.584,0,0,1.13,1.096,0,1.419,0,0,2.331,3.078,0,1.064,2.991,0,1.687,0,1.645,1.217,0,0,0,2.297,3.427,0,3.03,2.97,1.44,3.553,0,1.397,1.734,0,0,0,6.012
JPB:bin_000257,0,0,0,0,0,0,0,0,0,0,0,0,0,0,0,0,0,0,0,0,0,0,0,0,0,0,0,0,0,0,0,0,0,0,0,0,0,0,0,0,0,0
JPB:bin_000258,0,0,0,0,0,0,0,0,0,0,0,0,0,0,0,0,0,0,0,0,0,0,0,0,0,0,0,0,0,0,0,0,0,0,0,0,0,0,0,0,0,0
JPB:bin_000259,0,0,0,0,0,0,0,0,0,0,0,0,0,0,0,0,0,0,0,0,0,0,0,0,0,0,0,0,0,0,0,0,0,0,0,0,0,0,0,0,0,0
JPB:bin_000260,0,0,0,0,0,0,0,0,0,0,0,0,0,0,0,0,0,0,0,0,0,0,0,0,0,0,0,0,0,0,0,0,0,0,0,0,0,0,0,0,0,0
JPB:bin_000262,0,0,0,0,0,0,0,0,0,0,0,0,0,0,0,0,0,0,0,0,0,0,0,0,0,0,0,0,0,0,0,0,0,0,0,0,0,0,0,0,0,0
JPB:bin_000263,0,0,0,0,0,0,0,0,0,0,0,0,0,0,0,0,0,0,0,0,0,0,0,0,0,0,0,0,0,0,0,0,0,0,0,0,0,0,0,0,0,0
JPB:bin_000264,0,0,0,0,0,0,0,0,0,0,0,0,0,0,0,0,0,0,0,0,0,0,0,0,0,0,0,0,0,0,0,0,0,0,0,0,0,0,0,0,0,0
JPB:bin_000265,0,0,0,0,0,0,0,0,0,0,0,0,0,0,0,0,0,0,0,0,0,0,0,0,0,0,0,0,0,0,0,0,0,0,0,0,0,0,0,0,0,2.082
JPB:bin_000266,0,0,0,0,0,0,0,0,0,0,0,0,0,0,0,0,0,0,0,0,0,0,0,0,0,0,0,0,0,0,0,0,0,0,0,0,0,0,0,0,0,0
JPB:bin_000267,0,0,0,0,0,0,0,0,0,0,0,0,0,0,0,0,0,0,0,0,0,0,0,0,0,0,0,0,0,0,0,0,0,0,0,0,0,0,0,0,0,0
JPB:bin_000268,0,0,0,0,0,0,0,0,0,0,0,0,0,0,0,0,0,0,0,0,0,0,0,0,0,0,0,0,0,0,0,0,0,0,0,0,0,0,0,0,0,0
JPB:bin_000269,0,0,0,0,0,0,0,0,0,0,0,0,0,0,0,0,0,0,0,0,0,0,0,0,0,0,0,0,0,0,0,0,0,0,0,0,0,0,0,0,0,0
JPB:bin_000270,0,0,0,0,0,0,0,0,0,0,0,0,0,0,0,0,0,0,0,0,0,0,0,0,0,0,0,0,0,0,0,0,0,0,0,0,0,0,0,0,0,0
JPB:bin_000271,0,0,0,0,0,0,0,0,0,0,0,0,0,0,0,0,0,0,0,0,0,0,0,0,0,0,0,0,0,0,0,0,0,0,0,0,0,0,0,0,0,0
JPB:bin_000272,0,0,0,0,0,0,0,0,0,0,0,0,0,0,0,0,0,0,0,0,0,0,0,0,0,0,0,0,0,0,0,0,0,0,0,0,0,0,0,0,0,0
JPB:bin_000273,0,0,0,0,0,0,0,0,0,0,0,0,0,0,0,0,0,0,0,0,0,0,0,0,0,0,0,0,0,0,0,0,0,0,0,0,0,0,0,0,0,0
JPB:bin_000274,0,0,0,0,0,0,0,0,0,0,0,0,0,0,0,0,0,0,0,0,0,0,0,0,0,0,0,0,0,0,0,0,0,0,0,0,0,0,0,0,0,0
JPB:bin_000275,0,0,0,0,0,0,0,0,0,0,0,0,0,0,0,0,0,0,0,0,0,0,0,0,0,0,0,0,0,0,0,0,0,0,0,0,0,0,0,0,0,0
JPB:bin_000276,0,0,0,0,0,0,0,0,0,0,0,0,0,0,0,0,0,0,0,0,0,0,0,0,0,0,0,0,0,0,0,0,0,0,0,0,0,0,0,0,0,0
JPB:bin_000277,0,0,0,0,0,0,0,0,0,0,0,0,0,0,0,0,0,0,0,0,0,0,0,0,0,0,0,0,0,0,0,0,0,0,0,0,0,0,0,0,0,0
JPB:bin_000278,0,0,0,0,0,0,0,0,0,0,0,0,0,0,0,0,0,0,0,0,0,0,0,0,0,0,0,0,0,0,0,0,0,0,0,0,0,0,0,0,0,0
JPB:bin_000279,0,0,0,0,0,0,0,0,0,0,0,0,0,0,0,0,0,0,0,0,0,0,0,0,0,0,0,0,0,0,0,0,0,0,0,0,0,0,0,0,0,0
JPB:bin_000280,0,0,0,0,0,0,0,0,0,0,0,0,0,0,0,0,0,0,0,0,0,0,0,0,0,0,0,0,0,0,0,0,0,0,0,0,0,0,0,0,0,0
JPB:bin_000281,0,0,0,0,0,0,0,0,0,0,0,0,0,0,0,0,0,0,0,0,0,0,0,0,0,0,0,0,0,0,0,0,0,0,2.432,0,0,0,0,0,0,1.954
JPB:bin_000282,0,0,0,0,0,0,0,0,0,0,0,0,0,0,0,0,0,0,0,0,0,0,0,0,0,0,0,0,0,0,0,0,0,0,0,0,0,0,0,0,0,2.586
JPB:bin_000283,0,0,0,0,0,0,0,0,0,0,0,0,0,0,0,0,0,0,0,0,0,0,0,0,0,0,0,0,0,0,0,0,0,0,1.749,0,0,0,0,0,0,0
JPB:bin_000285,0,0,0,0,0,0,0,0,0,0,0,0,0,0,0,0,0,0,0,0,0,0,0,0,0,0,0,0,0,0,0,0,0,0,0,0,0,0,0,0,0,1.452
JPB:bin_000286,0,0,0,0,0,0,0,0,0,0,0,0,0,0,0,0,0,0,0,0,0,0,0,0,0,0,0,0,0,0,0,0,0,0,0,0,0,0,0,0,0,0
JPB:bin_000287,0,0,0,0,0,0,0,0,0,0,0,0,0,0,0,0,0,0,0,0,0,0,0,0,0,0,0,0,0,0,0,0,0,0,0,0,0,0,0,0,0,0
JPB:bin_000288,0,0,0,0,0,0,0,0,0,0,0,0,0,0,0,0,0,0,0,0,0,0,0,0,0,0,0,0,0,0,0,0,0,0,0,0,0,0,0,0,0,0
JPB:bin_000289,0,0,0,0,0,0,0,0,0,0,0,0,0,0,0,0,0,0,0,0,0,0,0,0,0,0,0,0,0,0,0,0,0,0,0,0,0,0,0,0,0,0
JPB:bin_000290,0,0,0,0,0,0,0,0,0,0,0,0,0,0,0,0,0,0,0,0,0,0,0,0,0,0,0,0,0,0,0,0,0,0,0,0,0,0,0,0,0,0
JPB:bin_000291,0,0,0,0,0,0,0,0,0,0,0,0,0,0,0,0,0,0,0,0,0,0,0,0,0,0,0,0,0,0,0,0,0,0,0,0,0,0,0,0,0,0
JPB:bin_000292,0,0,0,0,0,0,0,0,0,0,0,0,0,0,0,0,0,0,0,0,0,0,0,0,0,0,0,0,0,0,0,0,0,0,0,0,0,0,0,0,0,0
JPB:bin_000294,0,0,0,0,0,0,0,0,0,0,0,0,0,0,0,1.105,0,0,0,0,0,0,0,0,0,0,0,0,0,1.778,0,0,0,0,1.425,0,0,0,0,0,0,2.444
JPB:bin_000295,0,0,0,0,0,0,0,0,0,0,0,0,0,0,0,0,0,0,0,0,0,0,0,0,0,0,0,0,0,0,0,0,0,0,0,0,0,0,0,0,0,0
JPB:bin_000296,0,0,0,0,0,0,0,0,0,0,0,0,0,0,0,0,0,0,0,0,0,0,0,0,0,0,0,0,0,0,0,0,0,0,0,0,0,0,0,0,0,0
JPB:bin_000297,0,0,0,0,0,0,0,0,0,0,0,0,0,0,0,0,0,0,0,0,0,0,0,0,0,0,0,0,0,0,0,0,0,0,0,0,0,0,0,0,0,0
JPB:bin_000298,0,0,0,0,0,0,0,0,0,0,0,0,0,0,0,0,0,0,0,0,0,0,0,0,0,0,0,0,0,0,0,0,0,0,0,0,0,0,0,0,0,0
JPB:bin_000300,0,0,0,0,0,0,0,0,0,0,0,0,0,0,0,0,0,0,0,0,0,0,0,0,0,0,0,0,0,0,0,0,0,0,0,0,0,0,0,0,0,0
JPB:bin_000301,0,0,0,0,0,0,0,0,0,0,0,0,0,0,0,0,0,0,0,0,0,0,0,0,0,0,0,0,0,0,0,0,0,0,0,0,0,0,0,0,0,0
JPB:bin_000302,0,0,0,0,0,0,0,0,0,0,0,0,0,0,0,0,0,0,0,0,0,0,0,0,0,0,0,0,0,0,0,0,0,0,0,0,0,0,0,0,0,0
JPB:bin_000303,0,0,0,0,0,0,0,0,0,0,0,0,0,0,0,0,0,0,0,0,0,0,0,0,0,0,0,0,0,0,0,0,0,0,0,0,0,0,0,0,0,0
JPB:bin_000304,0,0,0,0,0,0,0,0,0,0,0,0,0,0,0,0,0,0,0,0,0,0,0,0,0,0,0,0,0,0,0,0,0,0,0,0,0,0,0,0,0,0
JPB:bin_000306,0,0,0,0,0,0,0,0,0,0,0,0,0,0,0,0,0,0,0,0,0,0,0,0,0,0,0,0,0,0,0,0,0,0,0,0,0,0,0,0,0,0
JPB:bin_000307,0,0,0,0,0,0,0,0,0,0,0,0,0,0,0,0,0,0,0,0,0,0,0,0,0,0,0,0,0,0,0,0,0,0,0,0,0,0,0,0,0,0
JPB:bin_000309,0,0,0,0,0,0,0,0,0,0,0,0,0,0,0,0,0,0,0,0,0,0,0,0,0,0,0,0,0,0,0,0,0,0,0,0,0,0,0,0,0,0
JPB:bin_000310,0,0,0,0,0,0,0,0,0,0,0,0,0,0,0,0,0,0,0,0,0,0,0,0,0,0,0,0,0,0,0,0,0,0,0,0,0,0,0,0,0,0
JPB:bin_000311,0,4.74,0,3.697,0,2.37,6.917,0,0,1.409,1.341,0,2.526,2.435,1.591,6.917,3.665,0,2.549,10.641,0,5.82,1.467,5.052,1.428,0,0,0,7.206,10.121,0,16.398,4.912,3.614,13.554,0,2.268,3.619,0,0,0,5.81
JPB:bin_000312,0,0,0,0,0,0,0,0,0,0,0,0,0,0,0,0,0,0,0,0,0,0,0,0,0,0,0,0,0,0,0,0,0,0,0,0,0,0,0,0,0,0
JPB:bin_000314,0,0,0,0,0,0,0,0,0,0,0,0,0,0,0,0,0,0,0,0,0,0,0,0,0,0,0,0,0,0,0,0,0,0,0,0,0,0,0,0,0,0
JPB:bin_000315,0,0,0,0,0,0,0,0,0,0,0,0,0,0,0,0,0,0,0,0,0,0,0,0,0,0,0,0,0,0,0,0,0,0,0,0,0,0,0,0,0,0
JPB:bin_000316,0,4.055,0,8.093,3.523,7.336,9.316,4.322,0,3.76,3.125,0,4.653,1.952,6.204,12.062,7.897,0,6.84,6.658,0,12.576,2.004,6.947,4.197,0,3.292,0,11.239,9.796,0,12.752,13.195,4.706,21.21,0,5.903,9.605,0,2.056,1.899,29.603
JPB:bin_000317,0,0,0,0,0,0,0,0,0,0,0,0,0,0,0,0,0,0,0,0,0,1.359,0,0,0,0,0,0,0,0,0,0,0,0,5.964,0,0,0,0,0,0,1.804
JPB:bin_000319,0,0,0,0,0,0,0,0,0,0,0,0,0,0,0,0,0,0,0,0,0,0,0,0,0,0,0,0,0,0,0,0,0,0,0,0,0,0,0,0,0,0
JPB:bin_000320,0,0,0,0,0,0,0,0,0,0,0,0,0,0,0,0,0,0,0,0,0,0,0,0,0,0,0,0,0,0,0,0,0,0,0,0,0,0,0,0,0,0
JPB:bin_000321,0,0,0,0,0,0,0,0,0,0,0,0,0,0,0,0,0,0,0,0,0,0,0,0,0,0,0,0,0,0,0,0,0,0,0,0,0,0,0,0,0,0
JPB:bin_000322,0,0,0,0,0,0,0,0,0,0,0,0,0,0,0,0,0,0,0,0,0,0,0,0,0,0,0,0,0,0,0,0,0,0,0,0,0,0,0,0,0,0
JPB:bin_000323,0,0,0,0,0,0,0,0,0,0,0,0,0,0,0,0,0,0,0,0,0,0,0,0,0,0,0,0,0,0,0,0,0,0,0,0,0,0,0,0,0,0
JPB:bin_000324,0,0,0,0,0,0,0,0,0,0,0,0,0,0,0,0,0,0,0,0,0,0,0,0,0,0,0,0,0,0,0,0,0,0,0,0,0,0,0,0,0,0
JPB:bin_000325,0,0,0,0,0,0,0,0,0,0,0,0,0,0,0,0,0,0,0,0,0,0,0,0,0,0,0,0,0,0,0,0,0,0,0,0,0,0,0,0,0,0
JPB:bin_000328,0,0,0,0,0,0,0,0,0,0,0,0,0,0,0,0,0,0,0,0,0,0,0,0,0,0,0,0,0,0,0,0,0,0,0,0,0,0,0,0,0,0
JPB:bin_000330,0,0,0,0,0,0,0,0,0,0,0,0,0,0,0,0,0,0,0,0,0,0,0,0,0,0,0,0,0,0,0,0,0,0,0,0,0,0,0,0,0,0
JPB:bin_000334,0,0,0,0,0,0,0,0,0,0,0,0,0,0,0,0,0,0,0,0,0,0,0,0,0,0,0,0,0,0,0,0,0,0,0,0,0,0,0,0,0,0
JPB:bin_000337,0,0,0,0,0,0,0,0,0,0,0,0,0,0,0,0,0,0,0,0,0,0,0,0,0,0,0,0,0,0,0,0,0,0,0,0,0,0,0,0,0,0
JPB:bin_000339,0,0,0,0,0,0,0,0,0,0,0,0,0,0,0,0,0,0,0,0,0,0,0,0,0,0,0,0,0,0,0,0,0,0,0,0,0,0,0,0,0,0
JPB:bin_000340,0,0,0,0,0,0,0,0,0,0,0,0,0,0,0,3.024,1.631,0,0,2.82,0,2.286,0,0,0,0,0,0,2.253,3.061,0,2.446,2.108,1.489,4.799,0,1.609,0,0,0,0,6.043
JPB:bin_000341,0,0,0,0,0,0,0,0,0,0,0,0,0,0,0,0,0,0,0,0,0,0,0,0,0,0,0,0,0,0,0,0,0,0,0,0,0,0,0,0,0,0
JPB:bin_000342,0,0,0,0,0,0,0,0,0,0,0,0,0,0,0,0,0,0,0,0,0,0,0,0,0,0,0,0,0,0,0,0,0,0,0,0,0,0,0,0,0,0
JPB:bin_000343,0,0,0,0,0,0,0,0,0,0,0,0,0,0,0,0,0,0,0,0,0,0,0,0,0,0,0,0,0,0,0,0,0,0,0,0,0,0,0,0,0,0
JPB:bin_000344,0,0,0,0,0,0,0,0,0,0,0,0,0,0,0,0,0,0,0,0,0,0,0,0,0,0,0,0,0,0,0,0,0,0,0,0,0,0,0,0,0,1.686
JPB:bin_000345,0,4.099,0,2.275,0,2.284,3.866,0,0,1.548,1.304,0,1.434,1.689,1.427,4.225,3.746,0,1.732,5.817,0,2.964,0,3.141,1.533,0,0,0,4.471,7.7,0,5.026,2.871,2.996,6.64,0,2.234,2.239,0,0,0,7.974
JPB:bin_000346,0,0,0,0,0,0,0,0,0,0,0,0,0,0,0,0,0,0,0,0,0,0,0,0,0,0,0,0,0,0,0,0,0,0,0,0,0,0,0,0,0,0
JPB:bin_000347,0,0,0,0,0,0,0,0,0,0,0,0,0,0,0,0,0,0,0,0,0,0,0,0,0,0,0,0,0,0,0,0,0,0,0,0,0,0,0,0,0,0
JPB:bin_000348,0,0,0,0,0,0,0,0,0,0,0,0,0,0,0,0,0,0,0,0,0,0,0,0,0,0,0,0,0,0,0,0,0,0,0,0,0,0,0,0,0,0
JPB:bin_000349,0,0,0,0,0,0,0,0,0,0,0,0,0,0,0,0,0,0,0,0,0,0,0,0,0,0,0,0,0,0,0,0,0,0,0,0,0,0,0,0,0,0
JPB:bin_000350,0,0,0,0,0,0,0,0,0,0,0,0,0,0,0,0,0,0,0,0,0,0,0,0,0,0,0,0,0,0,0,0,0,0,0,0,0,0,0,0,0,0
JPB:bin_000352,0,0,0,0,0,0,1.497,0,0,0,0,0,0,0,0,1.568,0,0,0,1.978,0,2.52,0,0,0,0,0,0,0,0,0,0,0,0,2.296,0,0,0,0,0,0,0
JPB:bin_000353,0,0,0,0,0,0,0,0,0,0,0,0,0,0,0,0,0,0,0,0,0,0,0,0,0,0,0,0,0,0,0,0,0,0,0,0,0,0,0,0,0,0
JPB:bin_000354,0,0,0,0,0,0,0,0,0,0,0,0,0,0,0,0,0,0,0,0,0,0,0,0,0,0,0,0,0,0,0,0,0,0,0,0,0,0,0,0,0,1.613
JPB:bin_000356,0,0,0,0,0,0,0,0,0,0,0,0,0,0,0,0,0,0,0,0,0,0,0,0,0,0,0,0,0,0,0,0,0,0,0,0,0,0,0,0,0,0
JPB:bin_000357,0,0,0,0,0,0,0,0,0,0,0,0,0,0,0,0,0,0,0,0,0,0,0,0,0,0,0,0,0,0,0,0,0,0,0,0,0,0,0,0,0,0
JPB:bin_000358,0,0,0,0,0,0,0,0,0,0,0,0,0,0,0,0,0,0,0,0,0,0,0,0,0,0,0,0,0,0,0,0,0,0,0,0,0,0,0,0,0,0
JPB:bin_000359,0,0,0,0,0,0,0,0,0,0,0,0,0,0,0,0,0,0,0,0,0,0,0,0,0,0,0,0,0,0,0,0,0,0,0,0,0,0,0,0,0,0
JPB:bin_000362,0,0,0,0,0,0,0,0,0,0,0,0,0,0,0,0,0,0,0,0,0,0,0,0,0,0,0,0,0,0,0,0,0,0,0,0,0,0,0,0,0,0
JPB:bin_000364,0,0,0,0,0,0,0,0,0,0,0,0,0,0,0,0,0,0,0,0,0,0,0,0,0,0,0,0,0,0,0,0,0,0,0,0,0,0,0,0,0,1.362
JPB:bin_000366,0,0,0,0,0,0,0,0,0,0,0,0,0,0,0,0,0,0,0,0,0,0,0,0,0,0,0,0,0,0,0,0,0,0,0,0,0,0,0,0,0,0
JPB:bin_000367,0,0,0,0,0,0,0,0,0,0,0,0,0,0,0,0,0,0,0,0,0,0,0,0,0,0,0,0,0,0,0,0,0,0,0,0,0,0,0,0,0,0
JPB:bin_000368,0,0,0,0,0,0,0,0,0,0,0,0,0,0,0,0,0,0,0,0,0,0,0,0,0,0,0,0,0,0,0,0,0,0,0,0,0,0,0,0,0,0
JPB:bin_000369,0,0,0,0,0,0,0,0,0,0,0,0,0,0,0,0,0,0,0,0,0,0,0,0,0,0,0,0,0,0,0,0,0,0,0,0,0,0,0,0,0,0
JPB:bin_000370,0,0,0,0,0,0,0,0,0,0,0,0,0,0,0,0,0,0,0,0,0,0,0,0,0,0,0,0,0,0,0,0,0,0,0,0,0,0,0,0,0,0
JPB:bin_000372,0,0,0,0,0,0,0,0,0,0,0,0,0,0,0,0,0,0,0,0,0,0,0,0,0,0,0,0,0,0,0,0,0,0,0,0,0,0,0,0,0,0
JPB:bin_000373,0,0,0,0,0,0,0,0,0,0,0,0,0,0,0,0,0,0,0,0,0,0,0,0,0,0,0,0,0,0,0,0,0,0,0,0,0,0,0,0,0,0
JPB:bin_000376,0,0,0,0,0,0,0,0,0,0,0,0,0,0,0,0,0,0,0,0,0,0,0,0,0,0,0,0,0,0,0,0,0,0,0,0,0,0,0,0,0,0
JPB:bin_000377,0,0,0,0,0,0,0,0,0,0,0,0,0,0,0,0,0,0,0,0,0,0,0,0,0,0,0,0,0,0,0,0,0,0,0,0,0,0,0,0,0,0
JPB:bin_000378,0,0,0,0,0,0,0,0,0,0,0,0,0,0,0,0,0,0,0,0,0,0,0,0,0,0,0,0,0,0,0,0,0,0,0,0,0,0,0,0,0,0
JPB:bin_000379,0,0,0,0,0,0,0,0,0,0,0,0,0,0,0,0,0,0,0,0,0,0,0,0,0,0,0,0,0,0,0,0,0,0,0,0,0,0,0,0,0,0
JPB:bin_000380,0,0,0,0,0,0,0,0,0,0,0,0,0,0,0,0,0,0,0,0,0,0,0,0,0,0,0,0,0,0,0,0,0,0,0,0,0,0,0,0,0,0
JPB:bin_000382,0,0,0,0,0,0,0,0,0,0,0,0,0,0,0,0,0,0,0,0,0,0,0,0,0,0,0,0,0,0,0,0,0,0,0,0,0,0,0,0,0,0
JPB:bin_000383,0,0,0,0,0,0,0,0,0,0,0,0,0,0,0,0,0,0,0,0,0,0,0,0,0,0,0,0,0,0,0,0,0,0,0,0,0,0,0,0,0,0
JPB:bin_000384,0,0,0,0,0,0,0,0,0,0,0,0,0,0,0,0,0,0,0,0,0,0,0,0,0,0,0,0,0,0,0,0,0,0,0,0,0,0,0,0,0,0
JPB:bin_000385,0,0,0,0,0,0,0,0,0,0,0,0,0,0,0,0,0,0,0,0,0,0,0,0,0,0,0,0,0,0,0,0,0,0,0,0,0,0,0,0,0,0
JPB:bin_000386,0,0,0,0,0,0,0,0,0,0,0,0,0,0,0,0,0,0,0,0,0,0,0,0,0,0,0,0,0,0,0,0,0,0,0,0,0,0,0,0,0,0
JPB:bin_000387,0,0,0,0,0,0,0,0,0,0,0,0,0,0,0,0,0,0,0,0,0,0,0,0,0,0,0,0,0,0,0,0,0,0,0,0,0,0,0,0,0,0
JPB:bin_000390,0,0,0,0,0,0,0,0,0,0,0,0,0,0,0,0,0,0,0,0,0,0,0,0,0,0,0,0,0,0,0,0,0,0,0,0,0,0,0,0,0,0
JPB:bin_000392,0,0,0,0,0,0,0,0,0,0,0,0,0,0,0,0,0,0,0,0,0,0,0,0,0,0,0,0,0,0,0,0,0,0,0,0,0,0,0,0,0,0
JPB:bin_000393,0,0,0,0,0,0,1.313,0,0,0,0,0,0,0,0,0,0,0,0,1.073,0,0,0,0,0,0,0,0,0,0,0,0,0,0,0,0,0,0,0,0,0,1.382
JPB:bin_000394,0,0,0,0,0,0,0,0,0,0,0,0,0,0,0,0,0,0,0,0,0,0,0,0,0,0,0,0,0,0,0,0,0,0,0,0,0,0,0,0,0,0
JPB:bin_000395,0,0,0,0,0,0,0,0,0,0,0,0,0,0,0,0,0,0,0,0,0,0,0,0,0,0,0,0,0,0,0,0,0,0,2.349,0,0,1.114,0,0,0,0
JPB:bin_000396,0,0,0,0,0,0,0,0,0,0,0,0,0,0,0,0,0,0,0,0,0,0,0,0,0,0,0,0,0,0,0,0,0,0,0,0,0,0,0,0,0,0
JPB:bin_000398,0,0,0,0,0,0,0,0,0,0,0,0,0,0,0,0,0,0,0,0,0,0,0,0,0,0,0,0,0,0,0,0,0,0,0,0,0,0,0,0,0,0
JPB:bin_000400,0,0,0,0,0,0,0,0,0,0,0,0,0,0,0,0,0,0,0,0,0,0,0,0,0,0,0,0,0,0,0,0,0,0,0,0,0,0,0,0,0,0
JPB:bin_000402,0,0,0,0,0,0,0,0,0,0,0,0,0,0,0,0,0,0,0,0,0,0,0,0,0,0,0,0,0,0,0,0,0,0,0,0,0,0,0,0,0,0
JPB:bin_000403,0,0,0,0,0,0,0,0,0,0,0,0,0,0,0,0,0,0,0,0,0,0,0,0,0,0,0,0,0,0,0,0,0,0,0,0,0,0,0,0,0,0
JPB:bin_000404,0,0,0,0,0,0,0,0,0,0,0,0,0,0,0,0,0,0,0,0,0,0,0,0,0,0,0,0,0,0,0,0,0,0,0,0,0,0,0,0,0,0
JPB:bin_000406,0,0,0,0,0,0,0,0,0,0,0,0,0,0,0,0,0,0,0,0,0,0,0,0,0,0,0,0,0,0,0,0,0,0,0,0,0,0,0,0,0,0
JPB:bin_000407,0,0,0,0,0,0,0,0,0,0,0,0,0,0,0,0,0,0,0,0,0,0,0,0,0,0,0,0,0,0,0,0,0,0,0,0,0,0,0,0,0,0
JPB:bin_000409,0,0,0,0,0,0,0,0,0,0,0,0,0,0,0,0,0,0,0,0,0,0,0,0,0,0,0,0,0,0,0,0,0,0,0,0,0,0,0,0,0,0
JPB:bin_000410,0,0,0,0,0,0,0,0,0,0,0,0,0,0,0,0,0,0,0,0,0,0,0,0,0,0,0,0,0,0,0,0,0,0,0,0,0,0,0,0,0,0
JPB:bin_000411,0,0,0,0,0,0,0,0,0,0,0,0,0,0,0,0,0,0,0,0,0,0,0,0,0,0,0,0,0,0,0,0,0,0,0,0,0,0,0,0,0,0
JPB:bin_000412,0,0,0,0,0,0,0,0,0,0,0,0,0,0,0,0,0,0,0,0,0,0,0,0,0,0,0,0,0,0,0,0,0,0,0,0,0,0,0,0,0,0
JPB:bin_000413,0,0,0,0,0,0,0,0,0,0,0,0,0,0,0,0,0,0,0,0,0,0,0,0,0,0,0,0,0,0,0,0,0,0,0,0,0,0,0,0,0,0
JPB:bin_000414,0,0,0,1.577,0,4.971,1.531,1.48,0,0,0,0,0,0,2.397,3.225,1.673,0,2.242,3.239,0,2.647,0,1.621,0,0,0,0,1.945,1.82,0,1.944,3.004,1.551,1.455,0,1.353,3.361,0,0,0,5.384
JPB:bin_000416,0,0,0,2.835,0,2.872,10.735,1.213,0,0,0,0,0,0,3.603,2.846,1.861,0,2.151,4.153,0,3.84,0,0,0,0,1.098,0,2.728,0,0,2.891,4.799,2.379,3.231,0,4.475,5.168,0,0,0,5.541
JPB:bin_000417,0,0,0,0,0,0,0,0,0,0,0,0,0,0,0,0,0,0,0,0,0,0,0,0,0,0,0,0,0,0,0,0,0,0,0,0,0,0,0,0,0,0
JPB:bin_000418,0,0,0,0,0,0,0,0,0,0,0,0,0,0,0,0,0,0,0,0,0,0,0,0,0,0,0,0,0,0,0,0,0,0,0,0,0,0,0,0,0,0
JPB:bin_000420,0,0,0,0,0,0,0,0,0,0,0,0,0,0,0,0,0,0,0,0,0,0,0,0,0,0,0,0,0,0,0,0,0,0,0,0,0,0,0,0,0,0
JPB:bin_000421,0,0,0,0,0,0,0,0,0,0,0,0,0,0,0,0,0,0,0,0,0,0,0,0,0,0,0,0,0,0,0,0,0,0,0,0,0,0,0,0,0,0
JPB:bin_000422,0,1.769,0,1.469,0,0,3.008,0,0,0,0,0,0,0,0,2.823,2.651,0,0,3.146,0,1.701,0,1.681,0,0,0,0,2.373,4.605,0,2.236,2.81,1.747,5.772,0,1.495,2.055,0,0,0,3.651
JPB:bin_000423,0,0,0,0,0,0,0,0,0,0,0,0,0,0,0,0,0,0,0,0,0,0,0,0,0,0,0,0,0,0,0,0,0,0,0,0,0,0,0,0,0,0
JPB:bin_000424,0,0,0,0,0,0,0,0,0,0,0,0,0,0,0,0,0,0,0,0,0,0,0,0,0,0,0,0,0,0,0,0,0,0,0,0,0,0,0,0,0,0
JPB:bin_000425,0,0,0,0,0,0,0,0,0,0,0,0,0,0,0,0,0,0,0,0,0,0,0,0,0,0,0,0,0,0,0,0,0,0,0,0,0,0,0,0,0,0
JPB:bin_000426,0,0,0,0,0,0,0,0,0,0,0,0,0,0,0,0,0,0,0,0,0,0,0,0,0,0,0,0,0,0,0,0,0,0,0,0,0,0,0,0,0,0
JPB:bin_000427,0,0,0,0,0,0,0,0,0,0,0,0,0,0,0,0,0,0,0,0,0,0,0,0,0,0,0,0,0,0,0,0,0,0,0,0,0,0,0,0,0,0
JPB:bin_000429,0,0,0,0,0,0,0,0,0,0,0,0,0,0,0,0,0,0,0,0,0,0,0,0,0,0,0,0,0,0,0,0,0,0,0,0,0,0,0,0,0,0
JPB:bin_000430,0,0,0,0,0,0,0,0,0,0,0,0,0,0,0,0,0,0,0,0,0,0,0,0,0,0,0,0,0,0,0,0,0,0,0,0,0,0,0,0,0,0
JPB:bin_000431,0,0,0,0,0,0,0,0,0,0,0,0,0,0,0,0,0,0,0,0,0,0,0,0,0,0,0,0,0,0,0,0,0,0,0,0,0,0,0,0,0,0
JPB:bin_000432,0,0,0,2.271,0,4.613,3.287,1.806,0,1.587,0,0,1.64,0,0,3.547,2.25,0,2.157,3.52,0,3.32,0,2.478,0,0,0,0,3.501,5.187,0,4.086,2.782,2.068,9.992,0,2.235,3.592,0,1.818,0,8.433
JPB:bin_000433,0,1.339,0,0,0,0,3.774,0,0,1.804,0,0,0,0,0,2.101,2.408,0,1.274,4.511,0,2.293,0,1.362,0,0,0,0,2.543,4.384,0,0,1.957,0,5.162,0,0,1.579,0,0,0,5.116
JPB:bin_000434,0,0,0,0,0,0,0,0,0,0,0,0,0,0,0,0,0,0,0,0,0,0,0,0,0,0,0,0,0,0,0,0,0,0,0,0,0,0,0,0,0,0
JPB:bin_000435,0,0,0,0,0,0,0,0,0,0,0,0,0,0,0,0,0,0,0,0,0,0,0,0,0,0,0,0,0,0,0,0,0,0,0,0,0,0,0,0,0,0
JPB:bin_000436,0,0,0,0,0,0,0,0,0,0,0,0,0,0,0,0,0,0,0,0,0,0,0,0,0,0,0,0,0,0,0,0,0,0,0,0,0,0,0,0,0,0
JPB:bin_000437,0,0,0,0,0,0,0,0,0,0,0,0,0,0,0,0,0,0,0,0,0,0,0,0,0,0,0,0,0,0,0,0,0,0,0,0,0,0,0,0,0,0
JPB:bin_000438,0,0,0,0,0,0,0,0,0,0,0,0,0,0,0,0,0,0,0,0,0,0,0,0,0,0,0,0,0,0,0,0,0,0,0,0,0,0,0,0,0,0
JPB:bin_000439,0,0,0,0,0,0,0,0,0,0,0,0,0,0,0,0,0,0,0,0,0,0,0,0,0,0,0,0,0,0,0,0,0,0,0,0,0,0,0,0,0,0
JPB:bin_000440,0,0,0,0,0,0,0,0,0,0,0,0,0,0,0,0,0,0,0,0,0,0,0,0,0,0,0,0,0,0,0,0,0,0,0,0,0,0,0,0,0,0
JPB:bin_000441,0,0,0,0,0,0,0,0,0,0,0,0,0,0,0,0,0,0,0,1.26,0,0,0,0,0,0,0,0,0,0,0,0,0,0,1.316,0,0,0,0,0,0,0
JPB:bin_000442,0,0,0,0,0,0,0,0,0,0,0,0,0,0,0,0,0,0,0,0,0,0,0,0,0,0,0,0,0,0,0,0,0,0,0,0,0,0,0,0,0,0
JPB:bin_000443,0,0,0,0,0,0,0,0,0,0,0,0,0,0,0,0,0,0,0,0,0,0,0,0,0,0,0,0,0,0,0,0,0,0,0,0,0,0,0,0,0,0
JPB:bin_000445,0,0,0,0,0,0,0,0,0,0,0,0,0,0,0,0,0,0,0,0,0,0,0,0,0,0,0,0,0,0,0,0,0,0,0,0,0,0,0,0,0,0
JPB:bin_000448,0,0,0,0,0,0,0,0,0,0,0,0,0,0,0,0,0,0,0,0,0,0,0,0,0,0,0,0,0,0,0,0,0,0,0,0,0,0,0,0,0,0
JPB:bin_000449,0,0,0,0,0,0,0,0,0,0,0,0,0,0,0,0,0,0,0,0,0,0,0,0,0,0,0,0,0,0,0,0,0,0,0,0,0,0,0,0,0,0
JPB:bin_000450,0,0,0,0,0,0,0,0,0,0,0,0,0,0,0,0,0,0,0,0,0,0,0,0,0,0,0,0,0,0,0,0,0,0,0,0,0,0,0,0,0,0
JPB:bin_000452,0,0,0,0,0,0,0,0,0,0,0,0,0,0,0,0,0,0,0,0,0,0,0,0,0,0,0,0,0,0,0,0,0,0,0,0,0,0,0,0,0,0
JPB:bin_000453,0,0,0,0,0,0,0,0,0,0,0,0,0,0,0,0,0,0,0,0,0,0,0,0,0,0,0,0,0,0,0,0,0,0,0,0,0,0,0,0,0,0
JPB:bin_000454,0,0,0,0,0,0,0,0,0,0,0,0,0,0,0,0,0,0,0,0,0,0,0,0,0,0,0,0,0,0,0,0,0,0,0,0,0,0,0,0,0,0
JPB:bin_000457,0,0,0,0,0,0,0,0,0,0,0,0,0,0,0,0,0,0,0,0,0,0,0,0,0,0,0,0,0,0,0,0,0,0,0,0,0,0,0,0,0,0
JPB:bin_000459,0,0,0,0,0,0,0,0,0,0,0,0,0,0,0,0,0,0,0,0,0,0,0,0,0,0,0,0,0,0,0,0,0,0,0,0,0,0,0,0,0,0
JPB:bin_000460,0,6.216,0,6.904,1.302,4.757,8.667,2.183,0,4.164,3.073,0,1.796,1.48,1.955,10.218,3.662,0,2.961,14.289,0,8.693,0,5.876,2.202,0,2.275,0,6.953,11.708,0,7.067,9.013,4.377,18.236,0,7.202,6.927,0,2.39,1.314,12.94
JPB:bin_000461,0,0,0,0,0,0,0,0,0,0,0,0,0,0,0,0,0,0,0,0,0,0,0,0,0,0,0,0,0,0,0,0,0,0,0,0,0,0,0,0,0,0
JPB:bin_000462,0,0,0,0,0,0,0,0,0,0,0,0,0,0,0,0,0,0,0,0,0,0,0,0,0,0,0,0,0,0,0,0,0,0,0,0,0,0,0,0,0,0
JPB:bin_000463,0,0,0,0,0,0,0,0,0,0,0,0,0,0,0,1.308,0,0,0,1.515,0,0,0,0,0,0,0,0,0,2.47,0,1.403,0,0,2.645,0,0,0,0,0,0,1.751
JPB:bin_000464,0,0,0,0,0,0,0,0,0,0,0,0,0,0,0,0,0,0,0,0,0,0,0,0,0,0,0,0,0,0,0,0,0,0,0,0,0,0,0,0,0,0
JPB:bin_000465,0,0,0,0,0,0,0,0,0,0,0,0,0,0,0,0,0,0,0,0,0,0,0,0,0,0,0,0,0,0,0,0,0,0,0,0,0,0,0,0,0,0
JPB:bin_000467,0,0,0,0,0,0,0,0,0,0,0,0,0,0,0,0,0,0,0,0,0,0,0,0,0,0,0,0,0,0,0,0,0,0,0,0,0,0,0,0,0,0
JPB:bin_000468,0,0,0,0,0,0,0,0,0,0,0,0,0,0,0,0,0,0,0,0,0,0,0,0,0,0,0,0,0,0,0,0,0,0,0,0,0,0,0,0,0,0
JPB:bin_000469,0,0,0,0,0,0,0,0,0,0,0,0,0,0,0,0,0,0,0,0,0,0,0,0,0,0,0,0,0,0,0,0,0,0,0,0,0,0,0,0,0,0
JPB:bin_000470,0,6.437,0,6.103,0,5.36,9.142,3.833,0,4.43,7.094,0,4.273,2.709,2.825,13.071,7.151,0,6.278,12.993,0,11.615,1.777,5.775,2.693,0,2.4,0,11.637,9.713,0,14.471,8.821,6.973,18.941,0,7.781,7.551,1.385,3.824,2.271,19.128
JPB:bin_000471,0,0,0,0,0,0,0,0,0,0,0,0,0,0,0,0,0,0,0,0,0,0,0,0,0,0,0,0,0,0,0,0,0,0,0,0,0,0,0,0,0,0
JPB:bin_000473,0,0,0,0,0,0,0,0,0,0,0,0,0,0,0,0,0,0,0,0,0,0,0,0,0,0,0,0,0,0,0,0,0,0,0,0,0,0,0,0,0,0
JPB:bin_000474,0,0,0,0,0,0,0,0,0,0,0,0,0,0,0,0,0,0,0,0,0,0,0,0,0,0,0,0,0,0,0,0,0,0,1.754,0,0,0,0,0,0,0
JPB:bin_000475,0,0,0,0,0,0,0,0,0,0,0,0,0,0,0,0,0,0,0,0,0,0,0,0,0,0,0,0,0,0,0,0,0,0,0,0,0,0,0,0,0,0
JPB:bin_000476,0,0,0,0,0,0,0,0,0,0,0,0,0,0,0,0,0,0,0,0,0,0,0,0,0,0,0,0,0,0,0,0,0,0,0,0,0,0,0,0,0,0
JPB:bin_000477,0,0,0,0,0,0,0,0,0,0,0,0,0,0,0,0,0,0,0,0,0,0,0,0,0,0,0,0,0,0,0,0,0,0,0,0,0,0,0,0,0,0
JPB:bin_000479,0,0,0,0,0,0,0,0,0,0,0,0,0,0,0,0,0,0,0,0,0,0,0,0,0,0,0,0,0,0,0,0,0,0,0,0,0,0,0,0,0,0
JPB:bin_000480,0,0,0,0,0,0,0,0,0,0,0,0,0,0,0,0,0,0,0,0,0,0,0,0,0,0,0,0,0,0,0,0,0,0,0,0,0,0,0,0,0,0
JPB:bin_000482,0,0,0,0,0,0,0,0,0,0,0,0,0,0,0,0,0,0,0,0,0,0,0,0,0,0,0,0,0,0,0,0,0,0,0,0,0,0,0,0,0,0
JPB:bin_000483,0,0,0,0,0,0,0,0,0,0,0,0,0,0,0,0,0,0,0,0,0,0,0,0,0,0,0,0,0,0,0,0,0,0,0,0,0,0,0,0,0,0
JPB:bin_000484,0,0,0,0,0,0,0,0,0,0,0,0,0,0,0,0,0,0,0,0,0,0,0,0,0,0,0,0,0,0,0,0,0,0,0,0,0,0,0,0,0,0
JPB:bin_000485,0,0,0,0,0,0,0,0,0,0,0,0,0,0,0,0,0,0,0,0,0,0,0,0,0,0,0,0,0,0,0,0,0,0,0,0,0,0,0,0,0,0
JPB:bin_000486,0,0,0,0,0,0,0,0,0,0,0,0,0,0,0,0,0,0,0,0,0,0,0,0,0,0,0,0,0,0,0,0,0,0,0,0,0,0,0,0,0,0
JPB:bin_000487,0,0,0,0,0,0,0,0,0,0,0,0,0,0,0,0,0,0,0,0,0,0,0,0,0,0,0,0,0,0,0,0,0,0,0,0,0,0,0,0,0,0
JPB:bin_000488,0,0,0,0,0,0,0,0,0,0,0,0,0,0,0,0,0,0,0,0,0,0,0,0,0,0,0,0,0,0,0,0,0,0,0,0,0,0,0,0,0,0
JPB:bin_000489,0,0,0,0,0,0,0,0,0,0,0,0,0,0,0,0,0,0,0,0,0,0,0,0,0,0,0,0,0,0,0,0,0,0,0,0,0,0,0,0,0,0
JPB:bin_000490,0,0,0,0,0,0,0,0,0,0,0,0,0,0,0,0,0,0,0,0,0,0,0,0,0,0,0,0,0,0,0,0,0,0,0,0,0,0,0,0,0,0
JPB:bin_000491,0,0,0,0,0,0,0,0,0,0,0,0,0,0,0,0,0,0,0,0,0,0,0,0,0,0,0,0,0,0,0,0,0,0,0,0,0,0,0,0,0,0
JPB:bin_000492,0,0,0,0,0,0,0,0,0,0,0,0,0,0,0,0,0,0,0,0,0,0,0,0,0,0,0,0,0,0,0,0,0,0,0,0,0,0,0,0,0,0
JPB:bin_000495,0,0,0,0,0,0,0,0,0,0,0,0,0,0,0,0,0,0,0,0,0,0,0,0,0,0,0,0,0,0,0,0,0,0,0,0,0,0,0,0,0,0
JPB:bin_000496,0,0,0,0,0,0,0,0,0,0,0,0,0,0,0,0,0,0,0,0,0,0,0,0,0,0,0,0,0,0,0,0,0,0,0,0,0,0,0,0,0,0
JPB:bin_000498,0,0,0,0,0,0,0,0,0,0,0,0,0,0,0,0,0,0,0,0,0,0,0,0,0,0,0,0,0,0,0,0,0,0,0,0,0,0,0,0,0,0
JPB:bin_000499,0,0,0,0,0,0,0,0,0,0,0,0,0,0,0,0,0,0,0,0,0,0,0,0,0,0,0,0,0,0,0,0,0,0,0,0,0,0,0,0,0,0
JPB:bin_000500,0,0,0,0,0,0,0,0,0,0,0,0,0,0,0,0,0,0,0,0,0,0,0,0,0,0,0,0,0,0,0,0,0,0,0,0,0,0,0,0,0,0
JPB:bin_000503,0,0,0,0,0,0,0,0,0,0,0,0,0,0,0,0,0,0,0,0,0,0,0,0,0,0,0,0,0,0,0,0,0,0,0,0,0,0,0,0,0,0
JPB:bin_000504,0,0,0,0,0,0,0,0,0,0,0,0,0,0,0,0,0,0,0,0,0,0,0,0,0,0,0,0,0,0,0,0,0,0,0,0,0,0,0,0,0,0
JPB:bin_000505,0,0,0,0,0,0,0,0,0,0,0,0,0,0,0,0,0,0,0,0,0,0,0,0,0,0,0,0,0,0,0,0,0,0,0,0,0,0,0,0,0,0
JPB:bin_000506,0,0,0,0,0,0,0,0,0,0,0,0,0,0,0,0,0,0,0,0,0,0,0,0,0,0,0,0,0,0,0,0,0,0,0,0,0,0,0,0,0,0
JPB:bin_000508,0,0,0,0,0,0,0,0,0,0,0,0,0,0,0,0,0,0,0,0,0,0,0,0,0,0,0,0,0,0,0,0,0,0,0,0,0,0,0,0,0,0
JPB:bin_000510,0,0,0,0,0,0,0,0,0,0,0,0,0,0,0,0,0,0,0,0,0,0,0,0,0,0,0,0,0,0,0,0,0,0,0,0,0,0,0,0,0,0
JPB:bin_000511,0,0,0,0,0,0,0,0,0,0,0,0,0,0,0,0,0,0,0,0,0,0,0,0,0,0,0,0,0,0,0,0,0,0,0,0,0,0,0,0,0,0
JPB:bin_000513,0,0,0,0,0,0,0,0,0,0,0,0,0,0,0,0,0,0,0,0,0,0,0,0,0,0,0,0,0,0,0,0,0,0,0,0,0,0,0,0,0,0
JPB:bin_000514,0,0,0,0,0,0,0,0,0,0,0,0,0,0,0,0,0,0,0,0,0,0,0,0,0,0,0,0,0,0,0,0,0,0,0,0,0,0,0,0,0,0
JPB:bin_000515,0,0,0,0,0,0,0,0,0,0,0,0,0,0,0,0,0,0,0,0,0,0,0,0,0,0,0,0,0,0,0,0,0,0,0,0,0,0,0,0,0,0
JPB:bin_000516,0,0,0,0,0,0,0,0,0,0,0,0,0,0,0,0,0,0,0,0,0,0,0,0,0,0,0,0,0,0,0,0,0,0,0,0,0,0,0,0,0,0
JPB:bin_000518,0,0,0,0,0,0,0,0,0,1.125,0,0,0,0,0,2.172,1.59,0,0,0,0,0,0,1.445,0,0,0,0,0,1.563,0,0,0,0,2.338,0,0,1.069,0,0,0,4.88
JPB:bin_000521,0,0,0,0,0,0,0,0,0,0,0,0,0,0,0,0,0,0,0,0,0,0,0,0,0,0,0,0,0,0,0,0,0,0,0,0,0,0,0,0,0,0
JPB:bin_000523,0,0,0,0,0,0,0,0,0,0,0,0,0,0,0,0,0,0,0,0,0,0,0,0,0,0,0,0,0,0,0,0,0,0,0,0,0,0,0,0,0,0
JPB:bin_000524,0,0,0,0,0,0,0,0,0,0,0,0,0,0,0,0,0,0,0,0,0,0,0,0,0,0,0,0,0,0,0,0,0,0,3.81,0,0,0,0,0,0,0
JPB:bin_000525,0,0,0,0,0,0,0,0,0,0,0,0,0,0,0,0,0,0,0,0,0,0,0,0,0,0,0,0,0,0,0,0,0,0,0,0,0,0,0,0,0,0
JPB:bin_000526,0,0,0,0,0,0,0,0,0,0,0,0,0,0,0,0,0,0,0,0,0,0,0,0,0,0,0,0,0,0,0,0,0,0,0,0,0,0,0,0,0,0
JPB:bin_000529,0,0,0,0,0,1.635,0,0,0,0,0,0,0,0,2.285,0,0,0,0,1.363,0,1.781,0,0,0,0,0,0,0,0,0,0,0,0,0,0,0,4.796,0,0,0,0
JPB:bin_000530,0,0,0,0,0,0,0,0,0,0,0,0,0,0,0,0,0,0,0,0,0,0,0,0,0,0,0,0,0,0,0,0,0,0,0,0,0,0,0,0,0,0
JPB:bin_000532,0,0,0,0,0,0,0,0,0,0,0,0,0,0,0,0,0,0,0,0,0,0,0,0,0,0,0,0,0,0,0,0,0,0,0,0,0,0,0,0,0,0
JPB:bin_000533,0,0,0,0,0,2.676,0,0,0,0,0,0,0,0,0,0,0,0,1.266,0,0,0,0,0,0,0,0,0,0,0,0,0,0,0,0,0,0,0,0,0,0,0
JPB:bin_000534,0,0,0,0,0,2.745,0,0,0,0,0,0,0,0,0,0,0,0,1.763,1.787,0,0,0,0,0,0,0,0,0,0,0,0,2.071,0,0,0,0,1.844,0,0,0,2.184
JPB:bin_000535,0,0,0,0,0,0,0,0,0,0,0,0,0,0,0,0,0,0,0,0,0,0,0,0,0,0,0,0,0,0,0,0,0,0,0,0,0,0,0,0,0,0
JPB:bin_000536,0,0,0,0,0,0,0,0,0,0,0,0,0,0,0,0,0,0,0,0,0,0,0,0,0,0,0,0,0,0,0,0,0,0,0,0,0,0,0,0,0,0
JPB:bin_000539,4.328,41.024,3.98,51.978,29.135,47.914,103.7,40.635,6.704,29.135,24.839,0,32.445,14.485,27.965,108.144,58.991,0,41.487,68.862,0,82.81,17.309,42.252,30.708,0,30.567,0,103.906,95.148,1.678,69.42,92.885,48.433,181.293,0,66.733,76.924,4.999,25.209,11.804,301.585
JPB:bin_000541,0,0,0,0,0,0,0,0,0,0,0,0,0,0,0,0,0,0,0,0,0,0,0,0,0,0,0,0,0,0,0,0,0,0,0,0,0,0,0,0,0,0
JPB:bin_000542,0,0,0,0,0,0,0,0,0,0,0,0,0,0,0,0,0,0,0,0,0,0,0,0,0,0,0,0,0,0,0,0,0,0,0,0,0,0,0,0,0,0
JPB:bin_000543,0,1.271,0,0,0,0,4.064,0,0,0,0,0,0,0,0,2.051,0,0,0,0,0,0,0,0,0,0,0,0,0,0,0,0,1.627,0,1.504,0,0,0,0,0,0,2.863
JPB:bin_000544,0,2.889,0,0,0,0,2.475,0,0,0,0,0,0,0,1.617,3.269,5.599,0,0,2.344,0,1.708,0,4.805,0,0,0,0,1.334,1.958,0,5.404,2.524,1.126,16.837,0,3.7,5.953,0,0,0,0
JPB:bin_000545,0,0,0,0,0,0,0,0,0,0,0,0,0,0,0,0,0,0,0,0,0,0,0,0,0,0,0,0,0,0,0,0,0,0,0,0,0,0,0,0,0,0
JPB:bin_000548,2.461,22.701,2.082,28.872,15.63,28.166,52.747,22.784,3.301,15.353,13.022,0,18.002,7.909,15.958,56.587,32.269,0,23.228,30.553,0,45.356,8.953,21.809,16.638,0,15.127,0,54.696,46.313,0,40.234,49.205,24.377,95.818,0,38.016,44.389,2.856,13.75,6.5,162.759
JPB:bin_000550,0,0,0,0,0,0,0,0,0,0,0,0,0,0,0,0,0,0,0,0,0,0,0,0,0,0,0,0,0,0,0,0,0,0,0,0,0,0,0,0,0,0
JPB:bin_000551,0,0,0,0,0,0,0,0,0,0,0,0,0,0,0,0,0,0,0,0,0,0,0,0,0,0,0,0,0,0,0,0,0,0,0,0,0,0,0,0,0,0
JPB:bin_000553,0,0,0,0,0,0,0,0,0,0,0,0,0,0,0,0,0,0,0,0,0,0,0,0,0,0,0,0,0,0,0,0,0,0,0,0,0,0,0,0,0,0
JPB:bin_000556,0,0,0,0,0,0,0,0,0,0,0,0,0,0,0,0,0,0,0,0,0,0,0,0,0,0,0,0,0,0,0,0,0,0,0,0,0,0,0,0,0,0
JPB:bin_000557,0,0,0,0,0,0,0,0,0,0,0,0,0,0,0,0,0,0,0,0,0,0,0,0,0,0,0,0,0,0,0,0,0,0,0,0,0,0,0,0,0,0
JPB:bin_000558,0,0,0,0,0,0,0,0,0,0,0,0,0,0,0,0,0,0,0,0,0,0,0,0,0,0,0,0,0,0,0,0,0,0,0,0,0,0,0,0,0,0
JPB:bin_000559,0,0,0,0,0,0,0,0,0,0,0,0,0,0,0,0,0,0,0,0,0,0,0,0,0,0,0,0,0,0,0,0,0,0,0,0,0,0,0,0,0,0
JPB:bin_000560,0,1.632,0,0,0,0,0,0,0,0,1.295,0,0,0,0,1.42,0,0,0,1.894,0,1.227,0,0,0,0,0,0,1.038,2.841,0,0,0,0,1.496,0,0,0,0,0,0,1.632
JPB:bin_000562,0,0,0,0,0,0,0,0,0,0,0,0,0,0,0,0,0,0,0,0,0,0,0,0,0,0,0,0,0,0,0,0,0,0,0,0,0,0,0,0,0,0
JPB:bin_000563,0,0,0,0,0,0,0,0,0,0,0,0,0,0,0,0,0,0,0,0,0,0,0,0,0,0,0,0,0,0,0,0,0,0,0,0,0,0,0,0,0,0
JPB:bin_000565,0,0,0,0,0,0,0,0,0,0,0,0,0,0,0,0,0,0,0,0,0,0,0,0,0,0,0,0,0,0,0,0,0,0,0,0,0,0,0,0,0,0
JPB:bin_000566,0,0,0,0,0,3.835,0,0,0,0,0,0,0,0,0,0,0,0,0,0,0,0,0,0,0,0,0,0,0,0,0,0,1.012,0,0,0,0,1.835,0,0,0,0
JPB:bin_000567,0,0,0,0,0,0,0,0,0,0,0,0,0,0,0,0,0,0,0,0,0,0,0,0,0,0,0,0,0,1.887,0,1.233,1.596,0,2.832,0,0,0,0,0,0,1.476
JPB:bin_000570,0,0,0,0,0,0,0,0,0,0,0,0,0,0,0,0,0,0,0,0,0,0,0,0,0,0,0,0,0,0,0,0,0,0,0,0,0,0,0,0,0,0
JPB:bin_000572,0,0,0,0,0,0,0,0,0,0,0,0,0,0,0,0,0,0,0,0,0,0,0,0,0,0,0,0,0,0,0,0,0,0,0,0,0,0,0,0,0,0
JPB:bin_000574,0,0,0,0,0,0,0,0,0,0,0,0,0,0,0,0,0,0,0,0,0,0,0,0,0,0,0,0,0,0,0,0,0,0,0,0,0,0,0,0,0,0
JPB:bin_000575,0,0,0,0,0,1.441,0,0,0,0,0,0,0,0,0,0,0,0,0,0,0,0,0,0,0,0,0,0,0,0,0,2.264,1.9,0,2.269,0,0,1.511,0,0,0,3.309
JPB:bin_000576,0,0,0,0,0,0,0,0,0,0,0,0,0,0,0,0,0,0,0,0,0,0,0,0,0,0,0,0,0,0,0,0,0,0,0,0,0,0,0,0,0,0
JPB:bin_000577,0,0,0,0,0,0,0,0,0,0,0,0,0,0,0,1.426,0,0,0,1.412,0,0,0,0,0,0,0,0,2.017,1.255,0,2.096,0,0,0,0,1.291,0,0,0,0,2.935
JPB:bin_000578,0,0,0,0,0,0,0,0,0,0,0,0,0,0,0,0,0,0,0,0,0,0,0,0,0,0,0,0,0,0,0,0,0,0,0,0,0,0,0,0,0,0
JPB:bin_000579,0,0,0,0,0,0,0,0,0,0,0,0,0,0,0,0,0,0,0,0,0,0,0,0,0,0,0,0,0,0,0,0,0,0,0,0,0,0,0,0,0,0
JPB:bin_000582,0,0,0,0,0,0,0,0,0,0,0,0,0,0,0,0,0,0,0,0,0,0,0,0,0,0,0,0,0,0,0,0,0,0,0,0,0,0,0,0,0,0
JPB:bin_000585,0,0,0,0,0,0,0,0,0,0,0,0,0,0,0,0,0,0,0,0,0,0,0,0,0,0,0,0,0,0,0,0,0,0,0,0,0,0,0,0,0,0
JPB:bin_000586,0,0,0,0,0,0,0,0,0,0,0,0,0,0,0,0,0,0,0,0,0,0,0,0,0,0,0,0,0,0,0,0,0,0,0,0,0,0,0,0,0,0
JPB:bin_000587,0,0,0,0,0,0,0,0,0,0,0,0,0,0,0,0,0,0,0,0,0,0,0,0,0,0,0,0,0,0,0,0,0,0,0,0,0,0,0,0,0,0
JPB:bin_000588,0,0,0,0,0,0,0,0,0,0,0,0,0,0,0,0,0,0,0,0,0,0,0,0,0,0,0,0,0,0,0,0,0,0,4.07,0,0,0,0,0,0,0
JPB:bin_000594,0,7.867,0,10.961,7.984,21.947,17.469,5.728,0,9.084,5.6,0,5.746,2.39,6.503,23.122,15.296,0,6.979,15.667,0,21.725,2.648,4.133,5.327,0,7.57,0,18.336,7.598,0,20.813,24.231,8.204,8.863,0,14.792,20.86,1.047,2.379,2.022,26.114
JPB:bin_000595,0,0,0,0,0,0,0,0,0,0,0,0,0,0,0,0,0,0,0,0,0,0,0,0,0,0,0,0,0,0,0,0,0,0,0,0,0,0,0,0,0,0
JPB:bin_000599,0,0,0,0,0,0,0,0,0,0,0,0,0,0,0,0,0,0,0,0,0,0,0,0,0,0,0,0,0,0,0,0,0,0,0,0,0,0,0,0,0,2.239
JPB:bin_000600,0,0,0,0,0,0,0,0,0,0,0,0,0,0,0,0,0,0,0,0,0,0,0,0,0,0,0,0,0,0,0,0,0,0,0,0,0,0,0,0,0,0
JPB:bin_000601,0,0,0,0,0,0,0,0,0,0,0,0,0,0,0,0,0,0,0,0,0,0,0,0,0,0,0,0,0,0,0,0,0,0,0,0,0,0,0,0,0,0
JPB:bin_000603,0,0,0,0,0,0,0,0,0,0,0,0,0,0,0,0,0,0,0,0,0,0,0,0,0,0,0,0,0,0,0,0,0,0,0,0,0,0,0,0,0,0
JPB:bin_000605,0,0,0,0,0,0,0,0,0,0,0,0,0,0,0,1.697,0,0,0,2.317,0,0,0,0,0,0,0,0,1.886,3.037,0,2.106,0,0,2.687,0,0,0,0,0,0,3.195
JPB:bin_000606,0,0,0,0,0,0,0,0,0,0,0,0,0,0,0,0,0,0,0,0,0,0,0,0,0,0,0,0,0,0,0,0,0,0,0,0,0,0,0,0,0,0
JPB:bin_000608,0,0,0,0,0,1.476,0,0,0,0,0,0,0,0,0,0,0,0,0,0,0,0,0,0,0,0,0,0,0,0,0,0,0,0,0,0,0,0,0,0,0,0
JPB:bin_000609,0,2.517,0,2.005,0,1.997,3.04,0,0,1.878,1.278,0,0,0,0,2.885,2.042,0,0,3.883,0,2.231,0,2.923,0,0,0,0,2.085,3.356,0,3.627,3.288,0,5.039,0,1.789,2.678,0,0,0,4.302
JPB:bin_000611,0,3.159,0,4.604,3.296,4.604,5.406,4.336,0,2.287,1.547,0,2.345,0,1.878,7.868,3.818,0,4.886,2.644,0,6.89,0,3.777,2.655,0,1.572,0,6.449,5.137,0,4.995,6.157,2.818,11.119,0,3.976,4.402,0,0,0,22.731
JPB:bin_000612,0,9.96,0,13.8,2.157,11.701,19.252,6.724,0,13.729,4.526,0,9.77,5.667,6.069,35.797,14.369,0,16.334,19.701,0,31.968,1.978,25.211,12.426,0,10.521,0,27.236,16.079,0,32.764,31.038,16.29,53.098,0,12.721,17.569,2.642,5.364,1.569,44.279
JPB:bin_000615,0,0,0,0,0,0,0,0,0,0,0,0,0,0,0,0,0,0,0,0,0,0,0,0,0,0,0,0,0,0,0,0,0,0,0,0,0,0,0,0,0,0
JPB:bin_000616,0,0,0,0,0,0,0,0,0,0,0,0,0,0,0,0,0,0,0,0,0,0,0,0,0,0,0,0,0,0,0,0,0,0,0,0,0,0,0,0,0,0
JPB:bin_000617,0,1.484,0,0,0,0,1.705,0,0,0,0,0,0,0,0,3.793,2.107,0,0,2.119,0,1.498,0,1.695,0,0,0,0,1.832,3.766,0,1.377,2.271,0,4.837,0,0,2.05,0,0,0,2.885
JPB:bin_000618,0,0,0,0,0,0,0,0,0,0,0,0,0,0,0,0,0,0,0,0,0,0,0,0,0,0,0,0,0,0,0,0,0,0,0,0,0,0,0,0,0,0
JPB:bin_000619,0,0,0,0,0,0,0,0,0,0,0,0,0,0,0,0,0,0,0,0,0,0,0,0,0,0,0,0,0,0,0,0,0,0,0,0,0,0,0,0,0,0
JPB:bin_000621,0,0,0,0,0,0,0,0,0,0,0,0,0,0,0,0,0,0,0,0,0,0,0,0,0,0,0,0,0,0,0,0,0,0,0,0,0,0,0,0,0,0
JPB:bin_000622,0,1.35,0,2.469,0,2.135,3.616,0,0,0,1.492,0,1.28,0,0,4.085,1.261,0,1.391,3.946,0,4.408,1.061,2.151,0,0,0,0,3.751,12.428,0,3.786,1.446,1.113,6.408,0,0,3.881,0,0,0,2.18
JPB:bin_000627,0,0,0,0,0,0,0,0,0,0,0,0,0,0,0,0,0,0,0,0,0,0,0,0,0,0,0,0,0,0,0,0,0,0,0,0,0,0,0,0,0,0
JPB:bin_000628,0,0,0,0,0,0,0,0,0,0,0,0,0,0,0,0,0,0,0,0,0,0,0,0,0,0,0,0,0,0,0,0,0,0,0,0,0,0,0,0,0,0
JPB:bin_000629,0,0,0,0,0,0,0,0,0,0,0,0,0,0,0,0,0,0,0,0,0,0,0,0,0,0,0,0,0,0,0,0,0,0,0,0,0,0,0,0,0,0
JPB:bin_000630,0,0,0,0,0,0,0,0,0,0,0,0,0,0,0,0,0,0,0,0,0,0,0,0,0,0,0,0,0,0,0,0,0,0,0,0,0,0,0,0,0,0
JPB:bin_000632,0,0,0,0,0,0,0,0,0,0,0,0,0,0,0,0,0,0,0,0,0,0,0,0,0,0,0,0,0,0,0,0,0,0,0,0,0,0,0,0,0,0
JPB:bin_000633,0,0,0,0,0,0,0,0,0,0,0,0,0,0,0,0,0,0,0,0,0,0,0,0,0,0,0,0,0,0,0,0,0,0,0,0,0,0,0,0,0,0
JPB:bin_000634,0,0,0,0,0,0,0,0,0,0,0,0,0,0,0,0,0,0,0,0,0,0,0,0,0,0,0,0,0,0,0,0,0,0,0,0,0,0,0,0,0,0
JPB:bin_000635,0,0,0,0,0,0,0,0,0,0,0,0,0,0,0,0,0,0,0,1.323,0,0,0,0,0,0,0,0,0,0,0,0,0,0,2.726,0,0,0,0,0,0,1.79
JPB:bin_000636,0,0,0,0,0,0,0,0,0,0,0,0,0,0,0,0,0,0,0,0,0,0,0,0,0,0,0,0,1.682,0,0,0,1.666,0,0,0,0,0,0,0,0,0
JPB:bin_000637,0,0,0,0,0,0,0,0,0,0,0,0,0,0,0,0,0,0,0,0,0,0,0,0,0,0,0,0,0,0,0,0,0,0,0,0,0,0,0,0,0,0
JPB:bin_000638,0,0,0,0,0,0,0,0,0,0,0,0,0,0,0,0,0,0,0,0,0,0,0,0,0,0,0,0,0,0,0,0,0,0,0,0,0,0,0,0,0,0
JPB:bin_000639,0,0,0,0,0,0,0,0,0,0,0,0,0,0,0,0,0,0,0,0,0,0,0,0,0,0,0,0,0,0,0,0,0,0,0,0,0,0,0,0,0,0
JPB:bin_000640,0,0,0,0,0,0,0,0,0,0,0,0,0,0,0,0,0,0,0,0,0,0,0,0,0,0,0,0,0,0,0,0,0,0,0,0,0,0,0,0,0,0
JPB:bin_000641,0,0,0,0,0,0,0,0,0,0,0,0,0,0,0,0,0,0,0,0,0,0,0,0,0,0,0,0,0,0,0,0,0,0,0,0,0,0,0,0,0,0
JPB:bin_000643,0,0,0,0,0,0,0,0,0,0,0,0,0,0,0,0,0,0,0,0,0,0,0,0,0,0,0,0,0,0,0,0,0,0,0,0,0,0,0,0,0,0
JPB:bin_000644,0,0,0,0,0,0,0,0,0,0,0,0,0,0,0,0,0,0,0,0,0,0,0,0,0,0,0,0,0,0,0,0,0,0,0,0,0,0,0,0,0,0
JPB:bin_000645,0,0,0,0,0,0,0,0,0,0,0,0,0,0,0,0,0,0,0,0,0,0,0,0,0,0,0,0,0,0,0,0,0,0,0,0,0,0,0,0,0,0
JPB:bin_000647,0,0,0,0,0,0,0,0,0,0,0,0,0,0,0,0,0,0,0,0,0,0,0,0,0,0,0,0,0,0,0,0,0,0,0,0,0,0,0,0,0,0
JPB:bin_000648,0,0,0,0,0,0,0,0,0,0,0,0,0,0,0,0,0,0,0,0,0,0,0,0,0,0,0,0,0,0,0,0,0,0,0,0,0,0,0,0,0,0
JPB:bin_000651,0,0,0,0,0,0,0,0,0,0,0,0,0,0,0,0,0,0,0,0,0,0,0,0,0,0,0,0,0,0,0,0,0,0,0,0,0,0,0,0,0,0
JPB:bin_000652,0,1.94,0,1.663,0,1.53,4.479,0,0,0,1.142,0,0,0,0,2.676,1.341,0,0,0,0,3.485,0,0,0,0,0,0,2.227,5.24,0,2.286,2.534,1.942,8.749,0,0,1.511,0,0,0,5.336
JPB:bin_000653,0,1.944,0,0,0,1.213,1.45,0,0,0,0,0,0,0,0,2.297,1.424,0,0,1.753,0,1.795,0,0,0,0,0,0,1.166,0,0,1.686,1.861,0,2.078,0,1.215,0,0,0,0,1.875
JPB:bin_000654,0,0,0,0,0,0,0,0,0,0,0,0,0,0,0,0,0,0,0,0,0,0,0,0,0,0,0,0,0,0,0,0,0,0,0,0,0,0,0,0,0,0
JPB:bin_000655,0,0,0,0,0,0,0,0,0,0,0,0,0,0,0,0,0,0,0,0,0,0,0,0,0,0,0,0,0,0,0,0,0,0,0,0,0,0,0,0,0,0
JPB:bin_000657,0,0,0,1.7,0,0,2.293,0,0,0,0,0,0,0,0,5.337,0,0,0,1.893,0,1.829,0,2.334,1.045,0,0,0,2.771,3.284,0,0,2.95,1.826,4.233,0,0,2.476,0,0,0,7.307
JPB:bin_000658,0,2.132,0,0,0,2.006,2.07,0,0,0,0,0,0,0,0,2.325,1.642,0,0,5.86,0,1.979,0,1.78,0,0,0,0,2.374,4.397,0,0,3.689,1.762,5.34,0,1.443,1.975,0,0,0,2.529
JPB:bin_000659,0,0,0,0,0,0,0,0,0,0,0,0,0,0,0,0,0,0,0,0,0,0,0,0,0,0,0,0,0,0,0,0,0,0,0,0,0,0,0,0,0,0
JPB:bin_000660,0,0,0,0,0,0,0,0,0,0,0,0,0,0,0,0,0,0,0,0,0,0,0,0,0,0,0,0,0,0,0,0,0,0,0,0,0,0,0,0,0,0
JPB:bin_000661,0,0,0,0,0,0,0,0,0,0,0,0,0,0,0,0,0,0,0,0,0,0,0,0,0,0,0,0,0,0,0,0,0,0,0,0,0,0,0,0,0,0
TJ1:bin_000004,0,4.224,0,5.522,0,5.346,5.686,2.557,1.132,1.941,3.662,0,0,0,3.026,7.135,2.754,0,6.854,8.459,0,2.831,0,2.998,0,0,0,0,2.354,3.614,0,10.027,4.994,2.338,3.196,0,6.188,4.419,0,3.603,2.076,6.172
TJ1:bin_000005,0,0,0,2.083,1.271,1.72,1.91,0,0,0,0,0,0,0,0,0,2.674,0,0,1.947,0,3.936,0,2.175,1.5,0,0,0,2.126,4.231,0,1.338,1.392,0,11.754,0,1.536,1.789,0,0,0,6.141
TJ1:bin_000006,0,2.811,0,2.486,0,1.781,4.752,0,0,0,1.208,0,0,0,0,2.982,3.895,0,1.528,3.041,0,3.075,0,1.523,0,0,0,0,3.57,7.353,0,3.595,3.559,1.412,5.431,0,2.207,2.126,0,1.221,0,7.72
TJ1:bin_000008,0,3.804,0,3.184,1.311,2.715,5.955,0,0,1.191,1.997,0,0,1.119,0,6.384,1.976,0,1.955,5.119,0,4.402,2.235,1.991,1.598,0,0,0,2.863,7.795,0,5.027,3.847,1.879,8.892,0,1.925,2.193,0,1.08,0,7.017
TJ1:bin_000010,0,0,0,0,0,0,0,0,0,0,0,0,0,0,0,0,0,0,0,0,0,0,0,0,0,0,0,0,0,0,0,0,0,0,0,0,0,0,0,0,0,0
TJ1:bin_000011,0,0,0,0,0,0,0,0,0,0,0,0,0,0,0,0,0,0,0,0,0,0,0,0,0,0,0,0,0,0,0,0,0,0,0,0,0,0,0,0,0,0
TJ1:bin_000016,0,0,0,0,0,0,0,0,0,0,0,0,0,0,0,0,0,0,0,0,0,0,0,0,0,0,0,0,0,0,0,0,0,0,0,0,0,0,0,0,0,0
TJ1:bin_000017,0,0,0,0,0,0,0,0,0,0,0,0,0,0,0,0,0,0,0,0,0,0,0,0,0,0,0,0,0,0,0,0,0,0,0,0,0,0,0,0,0,0
TJ1:bin_000023,0,0,0,0,0,0,0,0,0,0,0,0,0,0,0,0,0,0,0,0,0,0,0,0,0,0,0,0,0,0,0,0,0,0,0,0,0,0,0,0,0,0
TJ1:bin_000026,0,0,0,0,0,0,0,0,0,0,0,0,0,0,0,0,0,0,0,0,0,0,0,0,0,0,0,0,0,0,0,0,0,0,0,0,0,0,0,0,0,0
TJ1:bin_000028,0,0,0,0,0,0,0,0,0,0,0,0,0,0,0,0,0,0,0,0,0,0,0,0,0,0,0,0,0,0,0,0,0,0,0,0,0,0,0,0,0,0
TJ1:bin_000030,0,0,0,0,0,0,0,0,0,0,0,0,0,0,0,0,0,0,0,0,0,0,0,0,0,0,0,0,0,0,0,0,0,0,0,0,0,0,0,0,0,0
TJ1:bin_000031,0,0,0,0,0,0,0,0,0,0,0,0,0,0,0,0,0,0,0,0,0,0,0,0,0,0,0,0,0,0,0,0,0,0,0,0,0,0,0,0,0,0
TJ1:bin_000033,1.465,37.904,0,1.761,0,14.938,11.276,8.947,0,7.545,4.287,0,3.834,2.593,1.692,34.371,15.562,0,2.947,22.186,0,52.482,27.098,21.188,4.305,0,2.199,0,38.879,75.139,0,22.309,34.053,13.251,101.014,0,6.012,43.957,0,7.571,0,35.884
TJ1:bin_000037,0,1.325,0,0,0,0,1.255,0,0,0,0,0,0,0,0,1.232,0,0,0.926,2.132,0,2.036,0,0,0,0,1.224,0,0,2.409,0,1.152,2.403,0.997,5.404,0,0,1.639,0,0,0,2.722
TJ1:bin_000038,0,0,0,0,0,0,0,0,0,0,0,0,0,0,0,0,0,0,0,0,0,0,0,0,0,0,0,0,0,0,0,0,0,0,1.597,0,0,0,0,0,0,0
TJ1:bin_000042,0,0,0,0,0,0,0,0,0,0,0,0,0,0,0,0,0,0,0,0,0,0,0,0,0,0,0,0,0,0,0,0,0,0,0,0,0,0,0,0,0,0
TJ1:bin_000046,0,0,0,0,0,0,0,0,0,0,0,0,0,0,0,0,0,0,0,0,0,0,0,0,0,0,0,0,0,0,0,0,0,0,0,0,0,0,0,0,0,0
TJ1:bin_000047,0,3.403,0,0,0,2.02,1.097,0,0,0,1.892,0,0,0,1.512,5.879,3.185,0,0,4.526,0,6.31,0,2.144,1.771,0,0,0,4.05,11.732,0,3.233,6.488,2.263,8.998,0,2.043,4.385,0,0,0,12.674
TJ1:bin_000049,0,0,0,0,0,0,0,0,0,0,0,0,0,0,0,0,0,0,0,0,0,0,0,0,0,0,0,0,0,0,0,0,0,0,2.223,0,0,0,0,0,0,0
TJ1:bin_000053,0,0,0,0,0,0,0,0,0,0,0,0,0,0,0,0,0,0,0,0,0,1.419,0,0,0,0,0,0,0,0,0,0,0,0,2.787,0,0,0,0,0,0,0
TJ1:bin_000057,0,2.581,0,0,0,0,0,1.762,0,0,2.531,0,0,0,0,2.5,1.639,0,0,6.439,0,2.841,2.351,1.817,2.771,0,1.638,0,2.884,10.442,0,0,3.827,1.159,12.604,0,1.546,2.992,0,0,0,3.913
TJ1:bin_000062,0,0,0,0,0,0,0,0,0,0,0,0,0,0,0,0,0,0,0,0,0,0,0,0,0,0,0,0,0,0,0,0,0,0,0,0,0,0,0,0,0,0
TJ1:bin_000065,0,0,0,0,0,0,0,0,0,0,0,0,0,0,0,0,0,0,0,0,0,0,0,0,0,0,0,0,0,0,0,0,0,0,0,0,0,0,0,0,0,0
TJ1:bin_000071,0,0,0,0,0,0,0,0,0,0,0,0,0,0,0,0,0,0,0,0,0,0,0,0,0,0,0,0,0,0,0,0,0,0,0,0,0,0,0,0,0,0
TJ1:bin_000072,0,0,0,0,0,0,0,0,0,0,0,0,0,0,0,0,0,0,0,0,0,0,0,0,0,0,0,0,0,0,0,0,0,0,0,0,0,0,0,0,0,0
TJ1:bin_000075,0,0,0,0,0,0,0,0,0,0,0,0,0,0,0,0,0,0,0,0,0,0,0,0,0,0,0,0,0,0,0,0,0,0,3.836,0,0,0,0,0,0,0
TJ1:bin_000077,0,0,0,0,0,0,0,0,0,0,0,0,0,0,0,0,0,0,0,0,0,0,0,0,0,0,0,0,0,0,0,0,2.122,0,0,0,0,0,0,0,0,1.433
TJ1:bin_000082,0,0,0,0,0,0,0,0,0,0,0,0,0,0,0,0,0,0,0,0,0,0,0,0,0,0,0,0,0,0,0,0,0,0,0,0,0,0,0,0,0,0
TJ1:bin_000085,0,0,0,0,0,0,0,0,0,0,0,0,0,0,0,0,0,0,0,0,0,0,0,0,0,0,0,0,0,0,0,0,0,0,0,0,0,0,0,0,0,0
TJ1:bin_000086,0,0,0,0,0,0,1.654,0,0,0,0,0,0,0,0,0,0,0,0,0,0,0,0,0,0,0,0,0,0,0,0,0,0,0,0,0,0,0,0,0,0,0
TJ1:bin_000088,0,0,0,0,0,1.743,0,0,0,0,0,0,0,0,0,0,0,0,0,0,0,0,0,0,0,0,0,0,0,0,0,0,0,0,0,0,0,0,0,0,0,0
TJ1:bin_000089,0,0,0,0,0,0,0,0,0,0,0,0,0,0,0,0,0,0,0,0,0,0,0,0,0,0,0,0,0,0,0,0,0,0,0,0,0,0,0,0,0,0
TJ1:bin_000092,0,0,0,0,0,0,0,0,0,0,0,0,0,0,0,0,0,0,0,0,0,0,0,0,0,0,0,0,0,0,0,0,0,0,0,0,0,0,0,0,0,0
TJ1:bin_000093,0,0,0,0,0,0,0,0,0,0,0,0,0,0,0,1.239,0,0,0,0,0,0,0,0,0,0,0,0,0,2.33,0,0,0,0,0,0,0,0,0,0,0,0
TJ1:bin_000094,0,0,0,0,0,0,0,0,0,0,0,0,0,0,0,0,0,0,0,0,0,0,0,0,0,0,0,0,0,0,0,0,0,0,0,0,0,0,0,0,0,0
TJ1:bin_000097,0,2.073,0,2.84,0,3.118,6.5,1.523,0,3.565,5.42,0,1.208,0,0,6.379,4.23,0,1.994,6.51,0,5.188,0,3.333,1.419,0,2.207,0,6.567,8.73,0,4.444,6.381,8.239,10.02,0,2.132,2.392,0,1.183,1.812,13.366
TJ1:bin_000101,0,3.853,0,3.347,0,1.436,5.004,2.469,0,1.481,2.701,0,3.22,3.714,1.576,4.029,2.466,0,1.527,7.528,0,5.107,0,1.466,0,0,0,0,4.721,6.329,0,5.27,3.412,3.392,6.495,0,3.237,4.206,0,5.379,0,5.371
TJ1:bin_000109,0,0,0,0,0,0,0,0,0,0,0,0,0,0,0,0,0,0,0,0,0,0,0,0,0,0,0,0,0,0,0,0,0,0,0,0,0,0,0,0,0,0
TJ1:bin_000112,0,0,0,0,0,0,0,0,0,0,0,0,0,0,0,0,0,0,0,0,0,0,0,0,0,0,0,0,0,0,0,0,0,0,0,0,0,0,0,0,0,0
TJ1:bin_000114,0,0,0,0,0,0,0,0,0,0,0,0,0,0,0,0,0,0,0,0,0,0,0,0,0,0,0,0,0,0,0,0,0,0,0,0,0,0,0,0,0,0
TJ1:bin_000117,0,0,0,0,0,0,0,0,0,0,0,0,0,0,0,0,0,0,0,0,0,0,0,0,0,0,0,0,0,0,0,0,0,0,0,0,0,0,0,0,0,0
TJ1:bin_000119,0,0,0,0,0,0,0,0,0,0,0,0,0,0,0,0,0,0,0,0,0,0,0,0,0,0,0,0,0,0,0,0,0,0,0,0,0,0,0,0,0,0
TJ1:bin_000121,0,0,0,0,0,0,0,0,0,0,0,0,0,0,0,0,0,0,0,0,0,0,0,0,0,0,0,0,0,0,0,0,0,0,0,0,0,0,0,0,0,0
TJ1:bin_000124,0,0,0,0,0,0,1.753,0,0,0,0,0,0,0,1.778,1.667,0,0,0,3.208,0,0,0,0,0,0,0,0,0,0,0,0,2.996,0,4.264,0,0,1.997,0,0,0,4.058
TJ1:bin_000126,0,0,0,0,0,0,0,0,0,0,0,0,0,0,0,0,0,0,0,0,0,0,0,0,0,0,0,0,0,0,0,0,0,0,0,0,0,0,0,0,0,0
TJ1:bin_000133,0,0,0,0,0,0,1.373,0,0,0,0,0,0,0,0,0,1.351,0,0,0,0,1.395,0,0,0,0,0,0,1.33,1.594,0,0,0,0,5.851,0,0,1.168,0,0,0,1.64
TJ1:bin_000134,0,0,0,0,0,0,0,0,0,0,0,0,0,0,0,0,0,0,0,0,0,0,0,0,0,0,0,0,0,0,0,0,0,0,0,0,0,0,0,0,0,0
TJ1:bin_000137,0,0,0,1.358,0,0,1.095,0,0,0,0,0,0,0,1.228,1.027,0,0,0,0,0,0,0,0,0,0,0,0,0,0,0,0,0,0,0,0,0,0,0,0,0,1.333
TJ1:bin_000138,0,0,0,0,0,0,0,0,0,0,0,0,0,0,0,0,0,0,0,0,0,0,0,0,0,0,0,0,0,0,0,0,0,0,0,0,0,0,0,0,0,0
TJ1:bin_000143,0,0,0,0,0,0,0,0,0,0,0,0,0,0,0,0,0,0,0,0,0,0,0,0,0,0,0,0,0,0,0,0,0,0,0,0,0,0,0,0,0,0
TJ1:bin_000144,0,0,0,0,0,0,0,0,0,0,0,0,0,0,0,0,0,0,0,0,0,0,0,0,0,0,0,0,0,0,0,0,0,0,0,0,0,0,0,0,0,0
TJ1:bin_000147,0,0,0,0,0,0,1.545,0,0,0,0,0,0,0,0,0,0,0,0,0,0,0,0,0,0,0,0,0,1.369,0,0,0,0,0,2.898,0,0,0,0,0,0,1.764
TJ1:bin_000149,0,0,0,1.197,0,1.016,1.445,0,0,0,0,0,0,0,0,0,0,0,0,0,0,0,0,0,0,0,0,0,0,0,0,0,0,0,0,0,0,0.91,0,0,0,0
TJ1:bin_000151,0,0,0,0,0,0,0,0,0,0,0,0,0,0,0,0,0,0,0,0,0,0,0,0,0,0,0,0,0,0,0,0,0,0,0,0,0,0,0,0,0,0
TJ1:bin_000159,0,0,0,0,0,0,0,0,0,0,0,0,0,0,0,0,0,0,0,0,0,0,0,0,0,0,0,0,0,0,0,0,0,0,0,0,0,0,0,0,0,0
TJ1:bin_000163,0,0,0,0,0,0,0,0,0,0,0,0,0,0,0,0,0,0,0,0,0,0,0,0,0,0,0,0,0,0,0,0,0,0,1.241,0,0,0,0,0,0,2.96
TJ1:bin_000164,0,0,0,0,0,0,1.077,0,0,0,0,0,0,0,0,0,0,0,0,0,0,0,0,0,0,0,0,0,0,0,0,0,0,0,0,0,0,0,0,0,0,0
TJ1:bin_000166,0,0,0,0,0,0,0,0,0,0,0,0,0,0,0,0,0,0,0,0,0,0,0,0,0,0,0,0,0,0,0,0,0,0,0,0,0,0,0,0,0,0
TJ1:bin_000167,0,0,0,0,0,0,0,0,0,0,0,0,0,0,0,0,0,0,0,0,0,0,0,0,0,0,0,0,0,0,0,0,0,0,0,0,0,0,0,0,0,0
TJ1:bin_000168,0,0,0,0,0,0,0,0,0,0,0,0,0,0,0,0,0,0,0,0,0,0,0,0,0,0,0,0,0,0,0,0,0,0,0,0,0,0,0,0,0,0
TJ1:bin_000173,0,0,0,0,0,0,0,0,0,0,0,0,0,0,0,0,0,0,0,0,0,0,0,0,0,0,0,0,0,0,0,0,0,0,0,0,0,0,0,0,0,0
TJ1:bin_000175,0,0,0,0,0,0,0,0,0,0,0,0,0,0,0,0,0,0,0,0,0,0,0,0,0,0,0,0,0,0,0,0,0,0,0,0,0,0,0,0,0,0
TJ1:bin_000177,0,0,0,0,0,0,0,0,0,0,0,0,0,0,0,0,0,0,0,0,0,0,0,0,0,0,0,0,1.713,1.109,0,0,0,0,1.301,0,0,0,0,0,0,0
TJ1:bin_000183,0,0,0,0,0,0,0,0,0,0,0,0,0,0,0,0,0,0,0,0,0,0,0,0,0,0,0,0,0,0,0,0,0,0,1.269,0,0,0,0,0,0,0
TJ1:bin_000191,0,0,0,0,0,0,0,0,0,0,0,0,0,0,0,0,0,0,0,0,0,0,0,0,0,0,0,0,0,0,0,0,0,0,0,0,0,0,0,0,0,0
TJ1:bin_000194,0,1.935,0,0,0,0,1.82,0,0,0,0,0,0,0,1.963,1.75,1.746,0,0,0,0,3.141,0,0,0,0,0,0,1.88,2.278,0,0,0,1.415,5.792,0,0,2.328,0,0,0,3.903
TJ1:bin_000196,0,0,0,0,0,0,0,0,0,0,0,0,0,0,0,0,0,0,0,0,0,0,0,0,0,0,0,0,0,0,0,0,0,0,0,0,0,0,0,0,0,0
TJ1:bin_000197,0,0,0,0,0,0,0,0,0,0,0,0,0,0,0,0,0,0,0,0,0,0,0,2.227,0,0,0,0,0,1.604,0,0,0,0,1.555,0,0,0,0,0,0,0
TJ1:bin_000199,0,2.692,0,0,0,0,0,0,0,0,0,0,0,0,0,0,3.436,0,0,2.38,0,2.863,0,1.592,0,0,0,0,1.628,5.675,0,2.252,2.28,0,4.95,0,0,0,1.2,0,0,2.001
TJ1:bin_000211,0,0,0,0,0,0,0,0,0,0,0,0,0,0,0,0,0,0,0,0,0,0,0,0,0,0,0,0,0,0,0,0,0,0,0,0,0,0,0,0,0,1.829
TJ1:bin_000214,0,0,0,0,0,0,0,0,0,0,0,0,0,0,0,0,0,0,0,0,0,0,0,0,0,0,0,0,0,0,0,0,0,0,0,0,0,0,0,0,0,0
TJ1:bin_000217,0,0,0,0,0,0,0,0,0,0,0,0,0,0,0,0,0,0,0,0,0,0,0,0,0,0,0,0,0,0,0,0,0,0,0,0,0,0,0,0,0,0
TJ1:bin_000219,0,0,0,0,0,0,0,0,0,0,0,0,0,0,0,0,0,0,0,0,0,0,0,0,0,0,0,0,0,0,0,0,0,0,0,0,0,0,0,0,0,0
TJ1:bin_000222,0,0,0,0,0,0,0,0,0,0,0,0,0,0,0,0,0,0,0,0,0,0,0,0,0,0,0,0,0,0,0,0,0,0,3.767,0,0,0,0,0,0,1.406
TJ1:bin_000223,0,0,0,0,0,0,0,0,0,0,0,0,0,0,0,0,0,0,0,0,0,0,0,0,0,0,0,0,0,0,0,0,0,0,0,0,0,0,0,0,0,0
TJ1:bin_000225,0,0,0,0,0,0,0,0,0,0,0,0,0,0,0,0,0,0,0,0,0,0,0,0,0,0,0,0,0,0,0,0,0,0,0,0,0,0,0,0,0,0
TJ1:bin_000227,0,0,0,1.217,0,0,0,0,0,0,0,0,0,0,0,2.358,0,0,0,1.759,0,1.365,0,0,0,0,0,0,0,1.51,0,0,1.312,0,2.799,0,0,1.087,0,0,0,4.332
TJ1:bin_000240,0,0,0,0,0,0,0,0,0,0,0,0,0,0,0,0,0,0,0,0,0,0,0,0,0,0,0,0,0,0,0,0,0,0,0,0,0,0,0,0,0,0
TJ1:bin_000246,0,0,0,0,0,0,0,0,0,0,0,0,0,0,0,1.418,0,0,0,0,0,0,0,0,0,0,0,0,0,0,0,0,0,0,3.127,0,0,0,0,0,0,1.822
TJ1:bin_000248,0,0,0,0,0,0,0,0,0,0,0,0,0,0,0,0,0,0,0,0,0,0,0,0,0,0,0,0,0,0,0,0,0,0,0,0,0,0,0,0,0,0
TJ1:bin_000249,0,0,0,1.07,0,0,1.062,0,0,0,0,0,0,0,0,1.571,0,0,0,0,0,0,0,0,1.238,0,0,0,0,0,0,0,1.437,0,1.774,0,0,0,0,0,0,1.753
TJ1:bin_000252,0,3.087,0,3.484,0,2.897,4.818,1.898,0,2.008,1.134,0,1.221,0,2.109,6.472,3.17,0,1.911,8.085,0,5.63,1.478,4.73,1.56,0,2.606,0,4.372,7.896,0,5.617,5.872,2.695,10.793,0,3.578,5.501,0,1.789,0,10.334
TJ1:bin_000254,0,0,0,0,0,0,0,0,0,0,0,0,0,0,0,0,0,0,0,0,0,0,0,0,0,0,0,0,0,0,0,0,0,0,0,0,0,0,0,0,0,0
TJ1:bin_000260,0,0,0,0,0,0,1.633,0,0,0,0,0,0,0,0,0,0,0,0,0,0,1.267,0,0,0,0,0,0,0,0,0,0,0,0,1.662,0,0,0,0,0,0,2.216
TJ1:bin_000269,0,1.346,0,1.855,0,2.191,3.762,0,0,0,1.25,0,0,0,0,3.587,3.756,0,1.049,3.298,0,1.942,0,1.688,1.324,0,0,0,2.716,4.621,0,2.454,1.939,0,4.449,0,2.271,2.021,0,0,0,5.179
TJ1:bin_000276,0,0,0,0,0,0,0,0,0,0,0,0,0,0,0,0,0,0,0,0,0,0,0,0,0,0,0,0,0,0,0,0,0,0,0,0,0,0,0,0,0,0
TJ1:bin_000278,0,2.518,0,2.301,0,3.662,3.005,0,0,1.885,1.565,0,0,0,1.281,5.156,2.792,0,1.848,5.266,0,2.648,0,4.35,1.758,0,1.881,0,4.149,1.979,0,7.06,6.824,0,4.713,0,3.007,6.377,0,0,0,5.578
TJ1:bin_000279,0,2.175,0,1.718,2.937,1.43,4.368,2.925,0,2.144,1.76,0,1.812,0,0,4.161,3.398,0,3.468,3.588,0,4.186,0,2.665,2.056,0,1.824,0,5.003,3.972,0,1.419,2.81,1.587,7.143,0,3.007,2.495,0,0,0,18.85
TJ1:bin_000280,0,0,0,0,0,0,0,0,0,0,0,0,0,0,0,0,0,0,0,0,0,0,0,0,0,0,0,0,0,0,0,0,0,0,0,0,0,0,0,0,0,0
TJ1:bin_000285,0,2.557,0,2.394,0,6.731,1.765,0,0,1.962,0,0,0,0,0,3.458,1.352,0,0,5.316,0,4.406,2.37,2.693,1.466,0,0,0,2.084,4.317,0,7.098,2.894,0,7.73,0,3.801,2.96,0,0,1.992,4.144
TJ1:bin_000290,0,0,0,0,0,0,0,0,0,0,0,0,0,0,0,0,0,0,0,0,0,0,0,0,0,0,0,0,0,0,0,0,0,0,0,0,0,0,0,0,0,0
TJ1:bin_000299,0,0,0,0,0,0,0,0,0,0,0,0,0,0,0,0,0,0,0,0,0,0,0,0,0,0,0,0,0,0,0,0,0,0,0,0,0,0,0,0,0,0
TJ1:bin_000306,0,0,0,0,0,0,0,1.307,0,0,0,0,0,0,0,0,0,0,0,0,0,0,0,0,0,0,0,0,0,0,0,0,0,0,1.279,0,0,0,0,0,0,3.63
TJ1:bin_000307,0,0,0,0,0,0,0,0,0,0,0,0,0,0,0,0,0,0,0,0,0,0,0,0,0,0,0,0,0,0,0,0,0,0,0,0,0,0,0,0,0,2.541
TJ1:bin_000309,0,0,0,0,0,0,0,0,0,0,0,0,0,0,0,0,0,0,0,0,0,0,0,0,0,0,0,0,0,0,0,0,0,0,0,0,0,0,0,0,0,0
TJ1:bin_000313,0,0,0,0,0,0,0,0,0,0,0,0,0,0,0,0,0,0,0,0,0,0,0,0,0,0,0,0,0,0,0,0,0,0,0,0,0,0,0,0,0,0
TJ1:bin_000317,0,0,0,0,0,0,0,0,0,0,0,0,0,0,0,0,0,0,0,0,0,0,0,0,0,0,0,0,0,0,0,0,0,0,0,0,0,0,0,0,0,0
TJ1:bin_000319,0,0,0,0,0,0,0,0,0,0,0,0,0,0,0,0,0,0,0,0,0,0,0,0,0,0,0,0,0,0,0,0,0,0,1.455,0,0,0,0,0,0,1.817
TJ1:bin_000320,0,0,0,0,0,0,0,0,0,0,0,0,0,0,0,0,0,0,0,0,0,0,0,0,0,0,0,0,0,0,0,0,0,0,0,0,0,0,0,0,0,0
TJ1:bin_000322,0,0,0,0,0,0,0,0,0,0,0,0,0,0,0,0,0,0,0,0,0,0,0,0,0,0,0,0,0,0,0,0,0,0,0,0,0,0,0,0,0,2.258
TJ1:bin_000328,0,0,0,0,0,0,0,0,0,0,0,0,0,0,0,0,0,0,0,0,0,0,0,0,0,0,0,0,0,0,0,0,0,0,0,0,0,0,0,0,0,0
TJ1:bin_000340,0,0,0,0,0,0,0,0,0,0,0,0,0,0,0,0,0,0,0,0,0,0,0,0,0,0,0,0,0,0,0,0,0,0,0,0,0,0,0,0,0,0
TJ1:bin_000342,0,4.008,0,5.854,2.05,4.25,5.712,4.39,0,3.623,2.576,0,2.151,1.251,1.597,9.347,4.581,0,2.318,9.542,0,10.52,1.329,6.457,2.825,0,1.946,0,5.244,10.434,0,6.785,9.127,4.183,18.562,0,6.4,7.101,0,0,1.494,25.744
TJ1:bin_000354,0,0,0,0,0,0,0,0,0,0,0,0,0,0,0,0,0,0,0,0,0,0,0,0,0,0,0,0,0,0,0,0,0,0,0,0,0,0,0,0,0,0
TJ1:bin_000355,0,0,0,0,0,0,0,0,0,0,0,0,0,0,0,0,0,0,0,0,0,0,0,0,0,0,0,0,0,0,0,0,0,0,0,0,0,0,0,0,0,0
TJ1:bin_000360,0,0,0,0,0,0,0,0,0,0,0,0,0,0,0,0,0,0,0,0,0,0,0,0,0,0,0,0,0,0,0,0,0,0,0,0,0,0,0,0,0,0
TJ1:bin_000368,0,0,0,0,0,0,0,0,0,0,0,0,0,0,0,0,0,0,0,0,0,0,0,0,0,0,0,0,0,0,0,0,0,0,0,0,0,0,0,0,0,0
TJ1:bin_000377,0,0,0,0,0,0,0,0,0,0,0,0,0,0,0,0,0,0,0,0,0,1.765,0,0,0,0,0,0,0,0,0,0,1.709,0,0,0,0,0,0,0,0,1.457
TJ1:bin_000390,0,0,0,0,0,0,0,0,0,0,0,0,0,0,0,0,0,0,0,0,0,0,0,0,0,0,0,0,0,0,0,0,0,0,0,0,0,0,0,0,0,0
TJ1:bin_000391,0,0,0,0,0,1.281,1.526,0,0,0,0,0,0,0,0,0,0,0,0,0,0,0,0,0,0,0,0,0,1.361,2.498,0,1.446,1.547,0,3.229,0,0,0,0,0,0,1.688
TJ2:bin_000001,0,2.079,0,2.299,0,2.294,2.356,0,0,2.478,0,0,1.089,0,0,2.099,0,0,0,1.657,0,1.86,0,1.733,0,0,0,0,4.814,3.103,0,1.824,2.915,0,7.04,0,1.81,1.418,0,0,0,5.261
TJ2:bin_000002,0,4.308,0,3.521,0,8.694,4.461,1.463,0,2.276,1.34,0,1.765,0,1.214,7.079,3.532,0,3.152,9.524,0,5.435,1.877,6.37,2.85,0,1.372,0,6.123,7.708,0,11.006,8.15,1.416,6.827,0,5.661,3.127,2.644,2.279,0,5.438
TJ2:bin_000003,0,0,0,0,0,0,0,0,0,0,0,0,0,0,0,0,0,0,0,0,0,0,0,0,0,0,0,0,0,0,0,0,0,0,0,0,0,0,0,0,0,0
TJ2:bin_000004,0,0,0,0,0,0,0,0,0,0,0,0,0,0,0,0,0,0,0,0,0,0,0,0,0,0,0,0,0,0,0,0,0,0,0,0,0,0,0,0,0,1.657
TJ2:bin_000005,0,0,0,0,0,1.65,1.579,0,0,1.154,0,0,0,0,0,0,0,0,0,1.847,0,1.543,0,0,0,0,0,0,0,1.432,0,1.344,1.969,0,2.092,0,0,1.007,0,0,0,2.027
TJ2:bin_000006,0,5.692,0,6.901,1.685,6.481,11.82,2.283,0,3.193,2.327,0,2.531,2.537,1.395,7.225,6.302,0,4.351,12.341,0,4.894,2.311,9.636,3.871,0,1.498,0,6.894,16.389,0,10.56,9.899,8.876,20.441,0,3.961,6.768,1.362,1.718,0,16.522
TJ2:bin_000007,0,2.969,0,1.948,0,1.927,0,3.493,0,1.818,1.606,0,0,0,0,5.632,2.547,0,0,8.031,0,7.402,4.379,7.754,0,0,0,0,6.386,23.731,0,6.643,6.807,0,25.392,0,0,7.476,1.155,0,0,9.437
TJ2:bin_000009,0,0,0,0,0,0,0,0,0,0,0,0,0,0,0,0,0,0,0,0,0,0,0,0,0,0,0,0,0,0,0,0,0,0,0,0,0,0,0,0,0,0
TJ2:bin_000010,0,0,0,0,0,0,0,0,0,0,0,0,0,0,0,0,0,0,0,0,0,0,0,0,0,0,0,0,0,0,0,0,0,0,0,0,0,0,0,0,0,0
TJ2:bin_000014,0,0,0,0,0,0,0,0,0,0,0,0,0,0,0,0,0,0,0,0,0,0,0,0,0,0,0,0,0,0,0,0,0,0,0,0,0,0,0,0,0,0
TJ2:bin_000015,0,0,0,1.487,0,0,4.199,0,0,2.102,1.698,0,1.449,0,0,2.662,2.017,0,0,3.899,0,3.427,0,1.304,0,0,0,0,3.185,5.755,0,3.076,5.323,0,7.107,0,1.105,2.571,0,0,0,6.266
TJ2:bin_000016,0,0,0,0,0,0,0,0,0,0,0,0,0,0,0,1.145,0,0,0,1.714,0,2.093,0,0,0,0,0,0,1.421,0,0,0,1.695,0,2.251,0,0,0,0,0,0,2.009
TJ2:bin_000018,0,0,0,0,0,0,0,0,0,0,0,0,0,0,0,0,0,0,0,0,0,0,0,0,0,0,0,0,0,0,0,0,0,0,0,0,0,0,0,0,0,0
TJ2:bin_000019,0,0,0,0,0,0,0,0,0,0,0,0,0,0,0,0,0,0,0,0,0,0,0,0,0,0,0,0,0,0,0,0,0,0,0,0,0,0,0,0,0,0
TJ2:bin_000020,0,0,0,0,0,9.259,0,0,0,0,0,0,0,0,0,1.364,0,0,0,0,0,5.384,1.134,0,1.506,0,0,0,0,0,0,0,0,0,0,0,0,14.159,0,0,0,3.412
TJ2:bin_000029,0,0,0,0,0,0,0,0,0,0,0,0,0,0,0,0,0,0,0,0,0,0,0,0,0,0,0,0,0,0,0,0,0,0,0,0,0,0,0,0,0,0
TJ2:bin_000030,0,0,0,0,0,0,2.41,0,0,0,0,0,0,0,0,0,0,0,0,0,0,0,0,0,0,0,0,0,2.915,0,0,2.025,0,0,6.165,0,0,3.031,0,0,0,4.882
TJ2:bin_000035,0,0,0,0,0,0,0,0,0,0,0,0,0,0,0,1.116,0,0,0,0,0,0,0,1.248,0,0,0,0,0,0,0,0,2.016,0,0,0,0,0,0,0,0,0
TJ2:bin_000037,0,0,0,0,0,0,0,0,0,0,0,0,0,0,0,0,0,0,0,0,0,0,0,0,0,0,0,0,0,0,0,0,0,0,0,0,0,0,0,0,0,0
TJ2:bin_000039,0,2.686,0,2.505,0,3.127,5.295,1.387,0,2.797,2.318,0,1.317,0,0,10.684,3.142,0,1.093,9.504,0,4.243,0,3.11,0,0,0.997,0,4.526,11.785,0,3.904,7.632,2.034,16.061,0,2.518,5.123,0,1.202,0,7.848
TJ2:bin_000041,0,4.89,0,0,0,0,4.295,2.224,0,1.498,0,0,0,0,0,0,1.542,0,0,1.712,0,5.768,0,4.835,0,0,0,0,2.606,3.827,0,11.554,8.807,0,1.746,0,3.955,2.798,1.211,0,0,7.988
TJ2:bin_000043,0,3.43,0,6.004,2.031,4.891,8.24,2.591,0,2.402,0,0,1.847,1.16,1.756,8.564,4.82,0,3.428,14.201,0,7.497,1.338,5.26,2.175,0,1.186,0,5.995,7.187,0,8.125,8.79,1.646,17.719,0,6.961,7.07,0,1.171,0,7.364
TJ2:bin_000046,0,1.439,0,0,0,0,1.597,0,0,0,1.123,0,0,0,0,1.168,1.114,0,1.015,2.779,0,2.845,1.301,1.736,0,0,1.26,0,3.954,2.592,0,1.657,2.316,1.553,7.179,0,0,1.432,0,0,0,4.543
TJ2:bin_000048,0,0,0,0,0,0,0,0,0,0,0,0,0,0,0,0,0,0,0,0,0,0,0,0,0,0,0,0,0,0,0,0,0,0,1.165,0,0,0,0,0,0,0
TJ2:bin_000049,0,0,0,0,0,0,0,0,0,0,0,0,0,0,0,0,0,0,0,0,0,0,0,0,0,0,0,0,0,0,0,0,0,0,1.622,0,0,0.982,0,0,0,1.526
TJ2:bin_000053,0,0,0,1.742,0,0,2.471,0,0,1.354,0,0,1.078,0,0,2.193,1.555,0,1.594,3.46,0,1.778,0,1.701,1.241,0,0,0,2.432,3.8,0,2.327,2.066,2.605,3.789,0,0,1.278,0,0,0,5.892
TJ2:bin_000061,0,0,0,0,0,0,0,0,0,0,0,0,0,0,0,0,0,0,0,0,0,1.402,0,0,0,0,0,0,1.059,1.347,0,0,0,0,1.918,0,0,0,0,0,0,2.787
TJ2:bin_000065,0,16.034,0,8.056,0,5.002,5.293,0,0,2.489,0,0,1.574,0,0,13.756,6.395,0,0,20.314,0,9.818,2.32,12.625,1.636,0,0,0,3.263,33.944,0,11.621,7.132,0,34.262,0,6.42,11.806,0,0,0,4.835
TJ2:bin_000070,0,1.565,0,1.321,0,0,3.038,0,0,0,0,0,0,0,1.509,2.9,1.431,0,0,3.674,0,2.239,0,1.925,0,0,0,0,1.59,1.701,0,1.868,0,0,2.408,0,0,1.847,0,0,0,2.587
TJ2:bin_000072,0,3.215,0,2.943,0,1.871,3.97,1.373,0,2.203,1.475,0,0,0,0,4.885,2.424,0,2.515,7.103,0,5.05,0,6.351,1.551,0,0,0,4.225,7.887,0,4.081,7.302,2.592,10.42,0,2.476,5.069,0,0,0,8.728
TJ2:bin_000076,0,0,0,0,0,0,0,0,0,0,0,0,0,0,0,0,0,0,0,0,0,0,0,0,0,0,0,0,0,0,0,0,0,0,0,0,0,0,0,0,0,0
TJ2:bin_000081,0,0,0,0,0,0,0,0,0,0,0,0,0,0,0,0,0,0,0,0,0,0,0,0,0,0,0,0,0,2.751,0,0,0,0,1.749,0,0,0,0,0,0,0
TJ2:bin_000087,0,2.757,0,1.824,0,2.982,3.235,0,0,1.846,1.052,0,1.189,0,0,3.473,2.194,0,0,4.854,0,4.101,0,3.402,1.194,0,0,0,3.23,7.561,0,5.815,5.734,1.055,5.818,0,2.018,2.963,0,0,0,5.171
TJ2:bin_000093,0,4.641,0,6.232,3.178,7.632,11.003,4.179,0,3.853,3.711,0,4.868,2.221,12.018,14.164,9.639,0,7.936,9.361,0,13.04,1.361,10.09,4.185,0,4.448,0,10.31,7.841,0,13.551,9.402,6.693,20.887,0,6.736,7.528,1.369,3.35,1.152,23.337
TJ2:bin_000094,0,0,0,4.826,0,0,6.478,0,0,1.391,0,0,0,0,1.83,4.416,1.452,0,3.4,5.085,0,3.919,0,2.208,1.935,0,1.092,0,1.913,1.228,0,3.835,5.633,1.821,4.223,0,3.733,8.986,0,0,0,6.303
TJ2:bin_000096,0,0,0,1.454,0,0,1.236,0,0,0,0,0,0,0,0,1.905,1.167,0,1.351,1.352,0,1.34,0,0,0,0,0,0,2.083,2.039,0,1.444,1.583,0,2.071,0,1.231,1.137,0,0,0,4.402
TJ2:bin_000100,0,0,0,0,0,2.996,0,0,0,0,0,0,0,0,0,0,0,0,0,0,0,0,0,0,0,0,0,0,0,0,0,0,0,0,0,0,0,0,0,0,0,0
TJ2:bin_000105,0,2.166,0,0,0,1.376,3.008,0,0,1.97,1.153,0,0,0,0,3.354,2.288,0,1.119,3.991,0,2.282,0,1.821,0,0,0,0,2.435,6.321,0,3.341,2.644,1.551,4.679,0,0,1.82,0,0,0,3.408
TJ2:bin_000109,0,0,0,0,0,0,0,0,0,0,0,0,0,0,0,0,0,0,0,0,0,0,0,0,0,0,0,0,0,0,0,0,0,0,0,0,0,0,0,0,0,0
TJ2:bin_000111,0,0,0,0,0,0,0,0,0,0,0,0,0,0,0,0,0,0,0,0,0,0,0,0,0,0,0,0,0,0,0,0,0,0,0,0,0,0,0,0,0,0
TJ2:bin_000118,0,1.111,0,1.189,0,0,1.244,1.444,0,0,0,0,0,0,0,1.966,1.285,0,0,1.331,0,0,0,1.098,0,0,0,0,1.11,0,0,1.212,0,0,3.358,0,0,0,0,0,0,2.002
TJ2:bin_000134,0,0,0,0,0,0,2.469,0,0,0,0,0,0,0,0,2.685,0,0,0,0,0,0,0,0,0,0,0,0,0,1.499,0,0,0,0,2.666,0,0,0,0,0,0,3.085
TJ2:bin_000139,0,0,0,0,0,0,0,0,0,0,0,0,0,0,0,0,0,0,0,0,0,0,0,0,0,0,0,0,0,0,0,0,0,0,0,0,0,0,0,0,0,0
TJ2:bin_000142,0,0,0,0,0,1.209,0,0,0,0,0,0,0,0,0,1.217,1.02,0,0,2.788,0,0,0,0,0,0,0,0,0,0,0,1.935,1.714,0,0,0,0,0,0,0,0,0
TJ2:bin_000143,0,1.772,0,2.532,2.806,54.016,2.16,1.695,0,2.835,1.082,0,1.212,0,2.226,4.183,6.712,0,4.952,29.745,0,3.517,0,1.992,2.018,0,1.382,0,2.329,2.204,0,2.471,4.244,0,0,0,1.889,38.103,0,1.128,0,2.081
TJ2:bin_000144,0,0,0,0,0,0,0,0,0,0,0,0,0,0,0,0,0,0,0,0,0,0,0,0,0,0,0,0,0,0,0,0,0,0,0,0,0,0,0,0,0,0
TJ2:bin_000147,0,0,0,0,0,0,0,0,0,0,0,0,0,0,0,1.316,0,0,0,1.467,0,0,0,0,0,0,0,0,0,1.449,0,0,0,0,2.636,0,0,0,0,0,0,2.342
TJ2:bin_000148,0,0,0,0,0,0,0,0,0,0,0,0,0,0,0,0,0,0,0,0,0,0,0,0,0,0,0,0,0,0,0,0,0,0,1.167,0,0,0,0,0,0,0
TJ2:bin_000149,0,0,0,0,0,0,0,0,0,0,0,0,0,0,0,0,0,0,0,0,0,0,0,0,0,0,0,0,0,0,0,0,0,0,0,0,0,0,0,0,0,0
TJ2:bin_000150,0,0,0,0,0,0,0,0,0,0,0,0,0,0,0,0,0,0,0,0,0,0,0,0,0,0,0,0,0,0,0,0,0,0,0,0,0,0,0,0,0,0
TJ2:bin_000152,0,0,0,0,0,0,0,0,0,0,0,0,0,0,0,0,0,0,0,0,0,0,0,0,0,0,0,0,0,0,0,0,0,0,0,0,0,0,0,0,0,0
TJ2:bin_000154,0,0,0,0,0,1.498,1.968,0,0,0,0,0,0,0,0,1.905,1.155,0,1.211,3.136,0,2.122,0,1.477,0,0,0,0,1.673,6.867,0,2.886,2.625,0,3.343,0,1.507,0,0,0,0,1.485
TJ2:bin_000156,0,0,0,0,0,0,1.24,0,0,0,0,0,0,0,0,3.351,0,0,0,2.74,0,0,0,0,0,0,0,0,0,4.668,0,3.646,0,0,0,0,0,0,0,0,0,1.766
TJ2:bin_000159,0,0,0,0,0,0,0,0,0,0,0,0,0,0,0,0,0,0,0,0,0,0,0,0,0,0,0,0,0,0,0,0,0,0,0,0,0,0,0,0,0,0
TJ2:bin_000161,0,0,0,0,0,0,0,0,0,0,0,0,0,0,0,0,0,0,0,0,0,0,0,0,0,0,0,0,0,0,0,0,0,0,0,0,0,0,0,0,0,0
TJ2:bin_000166,0,0,0,0,0,0,0,0,0,0,0,0,0,0,0,0,0,0,0,1.37,0,0,0,0,0,0,0,0,1.385,0,0,0,0,0,0,0,0,0,0,0,0,0
TJ2:bin_000167,0,0,0,1.685,0,0,2.455,0,0,0,0,0,0,0,1.701,1.516,0,0,0,2.413,0,1.731,0,1.205,0,0,0,0,0,0,0,2.179,2.182,1.474,1.179,0,2.734,1.969,0,0,0,2.207
TJ2:bin_000168,0,0,0,0,0,0,0,0,0,0,0,0,0,0,0,0,0,0,0,0,0,0,0,0,0,0,0,0,0,0,0,0,0,0,0,0,0,0,0,0,0,0
TJ2:bin_000171,0,0,0,0,0,5.846,0,0,0,0,0,0,0,0,0,1.612,0,0,0,1.7,0,0,0,0,0,0,0,0,0,0,0,0,0,0,0,0,0,1.949,0,0,0,1.262
TJ2:bin_000173,0,0,0,0,0,1.157,1.399,0,0,0,0,0,0,0,0,0,0,0,0,0,0,0,0,0,0,0,0,0,0,0,0,0,0,0,0,0,0,0,0,0,0,0
TJ2:bin_000175,0,0,0,0,0,0,0,0,0,0,0,0,0,0,0,0,0,0,0,0,0,0,0,0,0,0,0,0,0,0,0,0,0,0,0,0,0,0,0,0,0,0
TJ2:bin_000178,0,0,0,0,0,1.943,0,0,0,0,0,0,0,0,0,1.308,1.535,0,0,0,0,0,0,0,0,0,0,0,0,0,0,1.43,2.245,0,0,0,0,2.047,0,0,0,0
TJ2:bin_000186,0,0,0,0,0,0,0,0,0,0,0,0,0,0,0,0,0,0,0,0,0,0,0,0,0,0,0,0,0,0,0,0,0,0,0,0,0,0,0,0,0,1.238
TJ2:bin_000189,0,0,0,1.637,0,3.565,1.812,0,0,0,0,0,0,0,0,1.684,1.032,0,0,3.424,0,3.002,0,2.975,0,0,0,0,1.115,4.233,0,1.489,1.62,0,4.664,0,2.134,1.876,0,0,0,1.521
TJ2:bin_000194,0,2.265,0,2.099,0,1.038,3.961,1.344,0,1.891,1.807,0,1.992,0,0,3.28,2.541,0,5.579,7.321,0,4.627,2.643,2.981,1.642,0,1.452,0,2.663,11.775,0,4.135,3.885,2.065,8.671,0,2.516,2.777,0,1.648,0,6.939
TJ2:bin_000196,0,2.516,0,10.883,0,0,36.483,1.974,0,10.702,0,0,1.491,0,3.051,15.652,0,0,3.278,16.289,0,8.485,0,1.247,1.207,0,0,0,5.023,0,0,10.685,13.806,0,19.56,0,3.781,10.843,0,1.76,0,12.806
TJ2:bin_000197,0,0,0,8.044,0,3.704,13.704,2.603,0,5.403,0,0,0,0,6.621,6.021,4.372,0,1.502,7.77,0,5.149,0,3.883,1.896,0,1.786,0,3.377,1.946,0,8.389,11.892,0,7.331,0,6.709,5.063,0,1.932,0,10.605
TJ2:bin_000198,0,0,0,0,0,0,0,0,0,0,0,0,0,0,0,0,0,0,0,0,0,0,0,0,0,0,0,0,0,0,0,0,0,0,0,0,0,0,0,0,0,0
TJ2:bin_000199,0,0,0,2.704,0,0,3.463,1.344,0,1.729,0,0,0,0,0,6.396,1.646,0,1.541,2.717,0,2.128,0,2.918,1.372,0,1.412,0,1.727,3.032,0,3.204,1.843,1.537,6.954,0,2.663,4.31,0,0,0,13.507
TJ2:bin_000200,0,0,0,0,0,0,0,0,0,0,0,0,0,0,0,0,0,0,0,0,0,0,0,0,0,0,0,0,0,0,0,0,0,0,0,0,0,0,0,0,0,0
TJ2:bin_000201,0,0,0,0,0,0,0,0,0,0,0,0,0,0,0,0,0,0,0,0,0,0,0,0,0,0,0,0,0,0,0,0,0,0,0,0,0,0,0,0,0,0
TJ2:bin_000203,0,0,0,0,0,0,0,0,0,0,0,0,0,0,0,0,0,0,0,0,0,0,0,0,0,0,0,0,0,0,0,0,0,0,0,0,0,0,0,0,0,0
TJ2:bin_000208,0,1.201,0,0,0,0,0,0,0,0,0,0,0,0,0,0,0,0,0,1.619,0,2.441,0,2.182,0,0,0,0,0,3.277,0,0,0,0,9.422,0,0,3.907,0,0,0,0
TJ2:bin_000214,0,0,0,0,0,0,0,0,0,0,0,0,0,0,0,0,0,0,0,0,0,0,0,0,0,0,0,0,0,0,0,0,0,0,0,0,0,0,0,0,0,0
TJ2:bin_000220,0,0,0,0,0,0,0,0,0,0,0,0,0,0,0,0,1.606,0,0,1.158,0,0,0,0,0,0,0,0,0,0,0,0,0,0,0,0,0,0,0,0,0,1.317
TJ2:bin_000223,0,0,0,0,0,0,1.548,0,0,0,0,0,0,0,0,1.195,0,0,0,0,0,0,0,2.002,0,0,0,0,0,0,0,0,0,0,1.916,0,0,0,0,0,0,3.306
TJ2:bin_000225,0,0,0,0,0,0,0,0,0,0,0,0,0,0,0,0,0,0,0,0,0,0,0,0,0,0,0,0,0,0,0,0,0,0,0,0,0,0,0,0,0,0
TJ2:bin_000231,0,0,0,0,0,0,2.889,0,0,0,0,0,1.289,0,0,2.043,1.325,0,0,1.614,0,2.128,0,0,0,0,0,0,1.965,3.123,0,2.62,1.528,0,4.291,0,1.439,1.478,0,0,0,3.611
TJ2:bin_000234,0,0,0,0,0,0,1.851,0,0,0,0,0,0,0,0,1.625,0,0,0,3.498,0,1.719,0,3.163,0,0,0,0,2.001,2.905,0,1.576,2.783,0,3.529,0,0,1.291,0,0,0,1.666
TJ2:bin_000236,0,0,0,0,0,0,0,0,0,0,0,0,0,0,0,0,0,0,0,0,0,0,0,0,0,0,0,0,0,0,0,0,0,0,0,0,0,0,0,0,0,0
TJ2:bin_000238,0,0,0,0,0,6.146,0,0,0,0,0,0,0,0,0,0,0,0,0,0,0,0,0,0,0,0,0,0,0,0,0,1.284,0,0,0,0,0,0,0,0,0,0
TJ2:bin_000245,0,1.93,0,3.783,1.916,3.149,3.519,4.288,0,4.2,1.146,0,1.675,0,0,6.852,3.247,0,2.542,5.025,0,8.436,0,6.016,2.823,0,1.029,0,5.559,6.604,0,4.718,5.906,3.371,9.684,0,4.644,4.723,0,0,1.535,30.79
TJ2:bin_000253,0,1.58,0,2.424,0,2.138,3.978,0,0,1.224,0,0,0,0,0,2.833,3.02,0,1.042,5.022,0,4.524,0,3.958,0,0,0,0,1.763,11.003,0,4.329,4.072,0,8.474,0,1.998,3.774,0,0,0,3.247
TJ2:bin_000266,0,0,0,0,0,0,1.67,1.119,0,0,0,0,0,0,0,0,1.286,0,0,0,0,0,0,0,0,0,0,0,0,1.4,0,0,1.377,0,0,0,0,1.345,0,0,0,1.942
TJ2:bin_000283,0,0,0,0,0,0,1.182,0,0,0,0,0,0,0,0,0,0,0,0,0,0,0,0,0,0,0,0,0,0,0,0,0,0,0,0,0,0,0,0,0,0,0
TJ2:bin_000284,0,1.644,0,1.946,1.379,10.96,2.367,0,0,0,0,0,0,0,1.55,3.882,2.321,0,0,8.853,0,2.316,0,1.676,1.242,0,0,0,2.218,1.135,0,1.4,2.528,1.28,1.438,0,1.592,5.937,0,0,0,5.514
TJ2:bin_000289,0,0,0,0,0,0,0,0,0,0,0,0,0,0,0,0,0,0,0,0,0,0,0,0,0,0,0,0,0,0,0,0,1.81,0,3.374,0,0,0,0,0,0,0
TJ2:bin_000298,0,0,0,0,0,0,1.296,0,0,0,0,0,0,0,0,0,0,0,0,1.276,0,0,0,0,0,0,0,0,0,0,0,0,2.006,0,0,0,2.08,2.873,0,0,0,1.703
TJ2:bin_000319,0,4.904,0,8.545,0,3.673,2.956,1.459,0,2.617,1.315,0,5.232,3.612,0,24.819,0,0,0,61.708,0,17.371,14.564,5.151,0,0,0,0,3.658,8.155,0,19.551,24.928,1.745,18.605,0,6.067,12.328,0,1.628,0,8.845
TJ2:bin_000332,0,0,0,2.517,0,0,4.115,1.469,0,0,0,0,0,0,1.571,3.092,1.802,0,1.191,0,0,1.745,0,0,0,0,0,0,1.144,0,0,1.435,1.787,1.074,1.602,0,0,1.185,0,0,0,1.789
TJ2:bin_000333,0,0,0,0,0,0,0,0,0,0,0,0,0,0,0,0,0,0,0,0,0,0,0,0,0,0,0,0,0,0,0,0,0,0,0,0,0,0,0,0,0,0
