genome,M304752,M304781,M304768,M304766,M304741,M304783,M304751,M304757,M304763,M304776,M304778,M304747,M304779,M304759,M304772,M304784,M304756,M304745,M304755,M304760,M304744,M304767,M304773,M304750,M304758,M304769,M304765,M304775,M304782,M304786,M304762,M304748,M304753,M304754,M304785,M304764,M304746,M304777,M304771,M304740,M304787,M304742
00:bin_000002,2.481,3.246,0,0,10.306,0,11,6.514,2.69,27.812,0,7.796,14.69,6.365,30.391,9.29,0,14.323,0,0,22.644,0,4.131,4.168,0,0,6.866,0,9.929,17.93,7.93,4.449,0,1.26,5.289,0,0,0,6.585,0,12.011,0
00:bin_000004,1.951,11.68,0,31.426,21.804,0,38.293,7.26,30.239,27.024,0,23.589,24.594,22.497,42.532,19.443,0,41.064,17.188,7.209,56.313,0,8.043,52.708,2.226,0,5.989,0,26.515,29.366,10.696,15.664,6.936,5.068,9.606,7.507,0,0,11.749,1.786,35.96,0
00:bin_000007,0,0,0,0,0,0,0,0,1.622,0,0,0,2.3,0,0,0,0,3.002,0,0,3.123,0,0,0,0,0,0,0,0,0,0,0,0,0,0,0,0,0,0,0,0,0
00:bin_000010,0,0,0,0,0,0,2.123,0,0,3.571,0,0,2.398,0,0,0,0,0,0,0,0,0,0,1.922,0,0,0,0,1.797,0,0,0,0,0,0,0,0,0,0,0,0,0
00:bin_000015,0,0,0,0,0,0,4.209,0,1.819,6.675,0,5.77,3.202,1.996,5.36,0,0,8.192,4.396,1.798,9.772,0,0,0,0,0,1.522,0,1.713,2.419,4.235,0,0,1.603,1.751,0,0,0,0,0,6.108,0
00:bin_000024,0,0,0,0,0,0,0,0,0,2.817,0,0,0,0,0,0,0,0,0,0,0,0,0,0,0,0,0,0,0,0,0,0,0,0,0,0,0,0,0,0,0,0
00:bin_000030,0,0,0,0,0,0,0,0,0,0,0,0,0,0,0,0,0,0,0,0,0,0,0,0,0,0,0,0,0,0,0,0,0,0,0,0,0,0,0,0,0,0
00:bin_000037,0,0,0,0,0,0,0,0,0,0,0,0,0,0,0,0,0,0,0,0,0,0,0,0,0,0,0,0,0,0,0,0,0,0,0,0,0,0,0,0,0,0
00:bin_000040,0,0,0,0,0,0,0,0,0,0,0,0,0,0,2.238,0,0,0,0,0,0,0,0,0,0,0,0,0,0,0,0,0,0,0,0,0,0,0,0,0,0,0
00:bin_000043,0,0,0,0,0,0,0,0,0,0,0,0,0,0,0,0,0,0,0,0,0,0,0,0,0,0,0,0,0,0,0,0,0,0,0,0,0,0,0,0,0,0
00:bin_000048,0,0,0,0,0,0,0,0,0,0,0,0,0,0,0,0,0,0,0,0,0,0,0,0,0,0,0,0,0,0,0,0,0,0,0,0,0,0,0,0,0,0
00:bin_000049,0,0,0,0,0,0,0,0,0,0,0,0,0,0,0,0,0,0,0,0,0,0,0,0,0,0,0,0,0,0,0,0,0,0,0,0,0,0,0,0,0,0
00:bin_000052,0,0,0,0,0,0,0,0,0,0,0,0,0,0,0,0,0,0,0,0,0,0,0,0,0,0,0,0,0,0,0,0,0,0,0,0,0,0,0,0,0,0
00:bin_000054,0,0,0,0,0,0,0,0,0,0,0,0,0,0,0,0,0,0,0,0,0,0,0,0,0,0,0,0,0,0,0,0,0,0,0,0,0,0,0,0,0,0
00:bin_000057,0,0,0,0,0,0,0,0,0,0,0,0,0,0,0,0,0,0,0,0,0,0,0,2.49,0,0,0,0,0,0,0,0,0,0,0,0,0,0,0,0,0,0
00:bin_000065,0,0,0,0,0,0,0,0,0,0,0,0,0,0,0,0,0,0,0,0,0,0,0,0,0,0,0,0,0,0,0,0,0,0,0,0,0,0,0,0,0,0
00:bin_000067,0,0,0,0,0,0,1.643,0,0,2.344,0,1.801,0,0,4.81,0,0,2.782,0,0,1.429,0,0,0,0,0,0,0,3.698,3.019,0,0,0,0,0,0,0,0,0,0,3.347,0
00:bin_000077,0,0,0,0,0,0,0,0,0,0,0,0,0,0,0,0,0,0,0,0,0,0,0,0,0,0,0,0,0,0,0,0,0,0,0,0,0,0,0,0,0,0
00:bin_000098,0,0,0,0,0,0,0,0,0,0,0,0,0,0,0,0,0,0,0,0,0,0,0,0,0,0,0,0,0,0,0,0,0,0,0,0,0,0,0,0,0,0
00:bin_000105,0,0,0,0,0,0,0,0,0,0,0,0,0,0,0,0,0,0,0,0,0,0,0,0,0,0,0,0,0,0,0,0,0,0,0,0,0,0,0,0,0,0
00:bin_000114,0,0,0,0,0,0,0,0,0,0,0,0,0,0,0,0,0,0,0,0,0,0,0,0,0,0,0,0,0,0,0,0,0,0,0,0,0,0,0,0,0,0
00:bin_000122,0,0,0,0,0,0,0,0,0,3.076,0,0,0,0,10.545,1.836,0,6.293,5.284,0,8.125,0,0,0,0,0,0,0,0,3.623,0,2.382,0,0,0,0,0,0,0,0,4.576,0
00:bin_000123,0,0,0,0,0,0,2.409,0,4.16,0,0,0,0,0,0,0,0,0,0,0,2.935,0,0,0,0,0,0,0,2.064,0,0,7.434,0,0,0,0,0,0,0,0,0,0
00:bin_000129,0,0,0,0,0,0,0,0,0,0,0,0,0,0,0,0,0,0,0,0,0,0,0,0,0,0,0,0,0,0,0,0,0,0,0,0,0,0,0,0,0,0
00:bin_000144,0,0,0,0,0,0,0,0,0,0,0,0,0,0,0,0,0,0,0,0,0,0,0,0,0,0,0,0,0,0,0,0,0,0,0,0,0,0,0,0,0,0
00:bin_000146,0,0,0,0,0,0,0,0,0,0,0,0,0,0,0,0,0,0,0,0,0,0,0,0,0,0,0,0,0,0,0,0,0,0,0,0,0,0,0,0,0,0
00:bin_000151,0,0,0,0,0,0,0,0,0,0,0,0,0,0,0,0,0,0,0,0,0,0,0,0,0,0,0,0,0,0,0,0,0,0,0,0,0,0,0,0,0,0
00:bin_000159,0,0,0,0,0,0,0,0,0,0,0,0,0,0,0,0,0,6.394,0,0,0,0,0,2.699,2.295,0,0,0,0,2.719,0,0,0,0,1.741,0,0,0,2.18,0,0,0
00:bin_000162,0,0,0,0,0,0,0,0,2.024,1.929,0,0,0,0,3.867,0,0,0,0,0,0,0,0,0,0,0,0,0,0,0,0,0,0,0,0,0,0,0,0,0,0,0
00:bin_000163,0,0,0,0,0,0,0,0,0,0,0,0,0,0,0,0,0,0,0,0,0,0,0,0,0,0,0,0,0,0,0,0,0,0,0,0,0,0,0,0,0,0
00:bin_000167,0,0,0,0,0,0,0,0,0,2.021,0,0,0,0,2.713,0,0,0,0,0,1.269,0,0,0,0,0,0,0,0,0,0,0,0,0,0,0,0,0,0,0,0,0
00:bin_000171,0,0,0,0,0,0,0,0,0,1.989,0,0,0,0,0,0,0,0,0,0,0,0,0,0,0,0,0,0,0,0,0,0,0,0,0,0,0,0,0,0,0,0
00:bin_000175,0,0,0,0,3.52,0,4.672,0,0,5.514,0,3.295,6.582,1.763,7.866,3.428,0,12.8,3.491,0,6.636,0,0,0,0,0,0,0,6.222,4.184,2.922,2.23,0,0,0,0,0,0,0,0,3.65,0
00:bin_000181,0,0,0,0,0,0,0,0,0,0,0,0,0,0,0,0,0,0,0,0,0,0,0,0,0,0,0,0,0,0,0,0,0,0,0,0,0,0,0,0,0,0
00:bin_000184,0,0,0,0,0,0,0,0,0,0,0,0,0,0,0,0,0,0,0,0,0,0,0,0,0,0,0,0,0,0,0,0,0,0,0,0,0,0,0,0,0,0
00:bin_000194,0,0,0,0,0,0,0,0,0,0,0,0,0,0,0,0,0,0,0,0,0,0,0,0,0,0,0,0,0,0,0,0,0,0,0,0,0,0,0,0,0,0
00:bin_000198,0,0,0,0,0,0,3.325,0,1.573,0,0,2.481,0,0,4.399,0,0,2.599,0,0,0,0,0,0,0,0,0,0,0,1.908,0,0,0,0,0,0,0,0,0,0,0,0
00:bin_000200,0,0,0,0,0,0,2.408,0,2.203,0,0,0,0,0,7.694,0,0,2.466,0,0,0,0,0,0,0,0,0,0,2.658,2.629,0,0,0,0,0,0,0,0,0,0,4.068,0
00:bin_000204,0,0,0,0,0,0,0,0,0,0,0,0,0,0,0,0,0,0,0,0,0,0,0,0,0,0,0,0,0,0,0,0,0,0,0,0,0,0,0,0,0,0
00:bin_000205,0,0,0,0,0,0,0,0,0,0,0,0,0,0,0,0,0,2.294,0,0,0,0,0,0,0,0,0,0,0,0,0,2.01,0,0,0,0,0,0,0,0,0,0
00:bin_000212,2.016,1.321,0,2.107,2.642,0,10.308,0,5.482,11.277,0,3.225,4.125,2.55,26.541,4.344,0,18.357,4.94,3.927,13.999,0,3.286,9.022,1.988,0,0,0,14.471,11.025,3.687,6.826,3.263,1.348,1.885,0,0,0,4.545,0,4.833,0
00:bin_000217,0,0,0,0,0,0,0,0,0,3.555,0,0,0,0,0,0,0,0,0,0,0,0,0,3.06,0,0,3.087,0,0,0,1.816,0,0,0,0,0,0,0,0,0,0,0
00:bin_000221,1.354,0,0,1.613,2.06,0,8.416,0,0,5.79,0,1.92,4.248,2.78,4.325,0,0,9.094,0,0,6.269,0,0,4.594,0,0,0,0,3.311,3.606,3.345,0,0,0,0,0,0,0,2.488,0,4.207,0
00:bin_000228,4.875,3.802,0,5.884,0,0,22.711,9.411,2.647,25.701,0,8.397,13.751,3.253,26.875,5.195,0,50.171,4.609,2.285,29.713,0,4.8,16.999,2.283,0,2.334,0,22.444,29.356,8.951,7.425,3.028,0,7.373,0,0,0,10.053,0,18.993,0
00:bin_000232,0,0,0,0,0,0,3.429,0,0,0,0,0,2.285,0,3.706,0,0,8.101,0,0,1.727,0,0,2.231,0,0,0,0,0,2.814,0,0,0,0,0,0,0,0,3.813,0,0,0
00:bin_000238,0,0,0,0,0,0,0,0,0,0,0,0,0,0,0,0,0,3.725,0,0,2.14,0,0,0,0,0,0,0,1.597,0,0,0,0,0,0,0,0,0,0,0,0,0
00:bin_000241,0,0,0,0,0,0,2.859,0,0,0,0,0,0,0,0,0,0,0,0,0,0,0,0,0,0,0,0,0,0,0,0,0,0,0,0,0,0,0,0,0,0,0
00:bin_000243,1.586,0,0,0,0,0,3.374,0,0,2.785,0,3.527,0,0,14.011,2.919,0,10.053,0,0,8.957,0,0,0,0,0,0,0,15.669,5.434,2.348,0,4.963,0,2.026,0,0,0,5.604,0,6.832,0
00:bin_000285,0,0,0,0,0,0,0,0,0,0,0,0,0,0,0,0,0,0,0,0,0,0,0,0,0,0,0,0,0,0,0,0,0,0,0,0,0,0,0,0,0,0
00:bin_000287,0,0,0,0,0,0,0,0,0,0,0,0,0,0,0,0,0,0,0,0,0,0,0,0,0,0,0,0,0,0,0,0,0,0,0,0,0,0,0,0,0,0
00-TM1:bin_000014,4.732,6.072,0,13.004,11.844,0,28.288,12.729,4.775,52.416,0,3.358,46.05,18.525,55.319,30.573,0,68.798,5.672,22.353,30.454,0,11.329,12.292,5.371,0,2,2.279,32.542,41.011,25.139,9.066,0,6.442,8.933,2.762,0,0,34.624,0,44.259,0
00-TM1:bin_000022,0,0,0,0,0,0,3.995,0,0,3.092,0,0,0,0,2.145,0,0,5.158,0,0,1.672,0,0,1.966,0,0,0,0,0,0,0,0,0,0,0,0,0,0,0,0,0,0
00-TM1:bin_000047,0,0,0,0,2.231,0,4.08,0,0,3.444,0,0,3.248,1.662,3.744,0,0,12.733,0,0,5.819,0,0,3.808,0,0,0,0,2.558,2.765,1.656,0,0,0,0,0,0,0,2.048,0,3.268,0
00-TM1:bin_000048,0,0,0,0,0,0,0,0,0,0,0,0,0,0,0,0,0,0,0,0,0,0,0,0,0,0,0,0,0,0,0,0,0,0,0,0,0,0,0,0,0,0
00-TM1:bin_000056,0,0,0,0,0,0,0,0,0,0,0,0,0,0,0,0,0,0,0,0,0,0,0,0,0,0,0,0,0,0,0,0,0,0,0,0,0,0,0,0,0,0
00-TM1:bin_000074,0,1.203,0,3.227,0,0,4.429,0,3.1,8.026,0,4.594,3.816,0,9.003,3.549,0,7.517,0,0,6.716,0,1.318,5.343,0,0,0,0,5.521,3.245,0,2.208,2.058,1.24,0,0,0,0,0,0,4.001,0
00-TM1:bin_000078,0,0,0,0,0,0,0,0,0,0,0,0,0,0,0,0,0,0,0,0,0,0,0,0,0,0,0,0,0,0,0,0,0,0,0,0,0,0,0,0,0,0
00-TM1:bin_000084,0,1.761,0,0,2.271,0,2.043,0,0,2.772,0,0,0,0,0,2.129,0,2.44,0,0,0,0,0,0,0,0,0,0,0,0,0,0,0,0,0,0,0,0,0,0,0,0
00-TM1:bin_000088,0,0,0,0,0,0,0,0,0,2.459,0,1.866,0,0,0,0,0,0,0,0,0,0,0,0,0,0,0,0,0,0,0,0,0,0,0,0,0,0,0,0,0,0
00-TM1:bin_000099,0,0,0,0,0,0,0,0,0,0,0,0,0,0,0,0,0,0,0,0,0,0,0,0,0,0,0,0,0,0,0,0,0,0,0,0,0,0,0,0,0,0
00-TM1:bin_000117,0,0,0,0,0,0,0,0,0,0,0,0,0,0,0,0,0,0,0,0,2.151,0,0,0,0,0,0,0,0,0,0,0,0,0,0,0,0,0,0,0,0,0
00-TM1:bin_000135,0,0,0,0,0,0,3.355,1.676,1.363,3.654,0,1.735,2.993,0,5.745,2.801,0,3.884,0,0,4.024,0,0,2.152,0,0,0,0,2.032,3.583,1.708,0,0,0,1.894,0,0,0,2.315,0,2.163,0
00-TM2:bin_000005,0,0,0,0,0,0,0,0,0,0,0,0,0,0,0,0,0,0,0,0,0,0,0,0,0,0,0,0,0,0,0,0,0,0,0,0,0,0,0,0,0,0
00-TM2:bin_000007,0,1.444,0,4.693,9.832,0,9.062,4.628,5.976,3.504,0,11.513,5.7,4.992,7.512,12.468,0,20.888,4.069,0,14.658,0,2.033,10.52,0,0,5.425,0,8.195,8.045,2.397,4.489,4.492,1.424,2.077,0,0,0,6.117,0,3.359,0
00-TM2:bin_000016,0,0,0,1.995,0,0,2.972,0,0,2.518,0,0,2.444,0,2.886,0,0,4.157,2.45,0,4.503,0,0,0,0,0,0,0,1.895,2.863,0,0,0,0,0,0,0,0,0,0,3.107,0
00-TM2:bin_000034,0,0,0,0,0,0,0,0,0,0,0,0,0,0,0,0,0,0,0,0,0,0,0,0,0,0,0,0,0,0,0,0,0,0,0,0,0,0,0,0,0,0
00-TM2:bin_000054,0,0,0,0,0,0,0,0,0,0,0,0,0,0,0,0,0,0,0,0,0,0,0,0,0,0,0,0,0,0,0,0,0,0,0,0,0,0,0,0,0,0
00-TM2:bin_000080,3.153,0,0,0,2.429,0,9.083,2.427,3.673,5.671,0,2.768,8.061,2.641,15.767,8.226,0,14.075,0,0,13.404,0,0,4.306,0,0,4.677,0,4.59,9.918,4.035,0,3.282,0,5.018,0,0,0,4.123,0,3.738,0
00-TM2:bin_000086,0,0,0,0,0,0,0,0,0,0,0,0,0,0,0,0,0,0,0,0,0,0,0,0,0,0,0,0,0,0,0,0,0,0,0,0,0,0,0,0,0,0
00-TM2:bin_000116,0,0,0,0,0,0,0,0,0,0,0,0,0,0,0,0,0,0,0,0,0,0,0,0,0,0,0,0,0,0,0,0,0,0,0,0,0,0,0,0,0,0
00-TM3:bin_000043,0,0,0,0,0,0,0,0,0,0,0,0,0,0,0,0,0,1.807,0,0,0,0,0,0,0,0,0,0,0,0,0,0,0,0,0,0,0,0,0,0,0,0
00-TM3:bin_000053,0,0,0,0,0,0,0,0,0,0,0,0,0,0,0,0,0,0,0,0,0,0,0,0,0,0,0,0,0,0,0,0,0,0,0,0,0,0,0,0,0,0
00-TM3:bin_000079,1.832,3.377,0,0,8.955,0,3.711,0,9.316,25.4,0,0,12.083,5.858,37.314,0,0,42.657,0,3.167,10.663,0,2.803,11.926,0,0,8.667,0,9.038,13.85,8.517,12.879,0,1.305,7.918,0,0,0,3.202,0,8.944,0
00-TM4:bin_000006,0,0,0,0,0,0,3.823,0,1.621,6.192,0,4.508,5.575,2.318,3.929,2.413,0,13.107,3.007,0,5.985,0,1.66,0,0,0,0,0,5.128,5.009,0,0,2.446,0,0,0,0,0,0,0,3.669,0
00-TM4:bin_000010,0,3.688,0,15.166,0,0,9.507,0,14.745,19.487,0,8.706,11.55,7.831,15.718,6.129,0,13.81,25.116,3.975,14.966,0,1.776,21.26,0,0,2.301,0,6.005,12.737,2.333,3.172,4.006,0,2.304,3.627,0,0,0,0,8.68,0
00-TM4:bin_000018,0,0,0,0,0,0,0,0,0,2.457,0,0,0,0,5.16,0,0,0,0,0,1.523,0,0,0,0,0,0,0,0,0,0,0,0,0,0,0,0,0,0,0,2.348,0
00-TM4:bin_000030,0,1.33,0,0,3.159,0,3.251,0,3.014,5.792,0,4.256,7.074,0,5.605,4.381,0,13.079,0,0,7.608,0,0,0,0,0,0,0,1.951,3.688,2.808,2.868,0,1.263,0,0,0,0,0,0,5.454,0
00-TM4:bin_000036,2.718,4.499,0,5.582,2.577,0,14.843,4.424,4.038,36.377,0,4.229,46.593,2.152,27.271,11.915,0,34.225,3.89,8.119,8.242,0,4.908,6.167,0,0,0,0,11.964,19.034,11.289,7.237,3.339,3.516,7.821,0,0,0,9.855,0,11.773,0
07:bin_000036,0,0,0,0,0,0,0,0,0,0,0,0,0,0,0,0,0,0,0,0,0,0,0,0,0,0,0,0,0,0,0,0,0,0,0,0,0,0,0,0,0,0
07:bin_000056,0,0,0,0,0,0,0,0,0,0,0,0,0,0,0,0,0,0,0,0,0,0,0,0,0,0,0,0,0,0,0,0,0,0,0,0,0,0,0,0,0,0
07:bin_000064,0,0,0,0,3.044,0,0,0,0,6.227,0,0,0,0,0,0,0,0,0,0,2.383,0,0,0,0,0,0,0,5.111,2.724,1.603,0,0,0,0,0,0,0,0,0,0,0
07:bin_000080,0,0,0,0,0,0,0,0,0,0,0,0,0,0,0,0,0,0,0,0,0,0,0,0,0,0,0,0,0,0,0,0,0,0,0,0,0,0,0,0,0,0
07:bin_000086,0,0,0,0,2.908,0,0,0,0,0,0,0,0,1.955,5.486,2.522,0,7.478,0,0,4.807,0,0,0,0,0,0,0,3.249,4.853,0,0,0,0,0,0,0,0,0,0,4.317,0
07:bin_000111,0,0,0,0,0,0,0,0,0,0,0,0,0,0,0,0,0,0,0,0,0,0,0,0,0,0,0,0,0,0,0,0,0,0,0,0,0,0,0,0,0,0
07:bin_000158,0,0,0,0,0,0,1.799,0,0,3.897,0,0,5.532,0,2.61,0,0,4.62,0,0,2.004,0,0,2.006,0,0,0,0,3.76,2.254,0,0,0,0,0,0,0,0,2.176,0,3.644,0
07:bin_000176,0,0,0,0,0,0,0,0,0,0,0,0,0,0,0,0,0,0,0,0,0,0,0,0,0,0,0,0,0,0,0,0,0,0,0,0,0,0,0,0,0,0
07-TM1:bin_000001,0,0,0,0,0,0,0,0,0,0,0,0,0,0,0,0,0,0,0,0,0,0,0,0,0,0,0,0,0,0,0,0,0,0,0,0,0,0,0,0,0,0
07-TM2:bin_000008,0,0,0,0,0,0,0,0,0,0,0,0,0,0,0,0,0,0,0,0,0,0,0,0,0,0,0,0,0,0,0,0,0,0,0,0,0,0,0,0,0,0
07-TM2:bin_000021,0,0,0,0,0,0,0,0,0,0,0,0,0,0,0,0,0,0,0,0,0,0,0,0,0,0,0,0,0,0,0,2.24,0,0,0,0,0,0,0,0,0,0
07-TM4:bin_000002,0,0,0,0,0,0,0,0,0,0,0,0,0,0,0,0,0,0,0,0,0,0,0,0,0,0,0,0,0,0,0,0,0,0,0,0,0,0,0,0,0,0
07-TM4:bin_000027,0,0,0,0,0,0,0,0,0,0,0,0,0,0,0,0,0,0,0,0,0,0,0,0,0,0,0,0,0,0,0,0,0,0,0,0,0,0,0,0,0,0
07-TM4:bin_000032,0,0,0,0,0,0,0,0,0,0,0,0,0,0,0,0,0,0,0,0,0,0,0,0,0,0,0,0,0,0,0,0,0,0,0,0,0,0,0,0,0,0
07-TM4:bin_000058,0,0,0,0,0,0,0,0,0,0,0,0,0,0,0,0,0,0,0,0,0,0,0,0,0,0,0,0,0,0,0,0,0,0,0,0,0,0,0,0,0,0
07-TM4:bin_000059,0,0,0,0,0,0,0,0,0,0,0,0,0,0,0,0,0,0,0,0,0,0,0,0,0,0,0,0,0,0,0,0,0,0,0,0,0,0,0,0,0,0
07-TM4:bin_000064,0,0,0,0,0,0,0,0,0,0,0,0,0,0,0,0,0,0,0,0,0,0,0,0,0,0,0,0,0,0,0,0,0,0,0,0,0,0,0,0,0,0
14:bin_000004,0,0,0,0,0,0,0,0,0,2.33,0,0,0,0,5.311,0,0,0,0,0,1.653,0,0,0,0,0,0,0,1.688,1.694,0,0,0,0,0,0,0,0,0,0,0,0
14:bin_000010,0,0,0,0,0,0,0,0,0,0,0,0,0,0,0,0,0,0,0,0,0,0,0,0,0,0,0,0,0,0,0,0,0,0,0,0,0,0,0,0,0,0
14:bin_000014,0,0,0,0,0,0,0,0,0,0,0,0,0,0,0,0,0,0,0,0,0,0,0,0,0,0,0,0,0,0,0,0,0,0,0,0,0,0,0,0,0,0
14:bin_000062,0,0,0,0,0,0,0,0,0,1.846,0,0,2.406,0,0,0,0,2.841,0,0,2.663,0,0,0,0,0,0,0,0,3.435,1.568,0,0,0,0,0,0,0,0,0,4.541,0
14:bin_000091,0,0,0,0,0,0,0,0,0,0,0,0,0,0,0,0,0,0,0,0,0,0,0,0,0,0,0,0,0,0,0,0,0,0,0,0,0,0,0,0,0,0
14:bin_000192,0,0,0,0,0,0,1.697,0,0,2.071,0,0,0,0,3.108,1.614,0,2.041,0,0,2.425,0,0,0,0,0,0,0,0,2.855,1.35,0,0,0,1.426,0,0,0,0,0,0,0
14-TM1:bin_000012,0,0,0,0,0,0,1.845,0,0,0,0,0,0,0,0,0,0,0,0,0,0,0,0,0,0,0,0,0,0,0,0,0,0,0,0,0,0,0,0,0,0,0
14-TM1:bin_000017,0,0,0,0,0,0,0,0,0,0,0,0,0,0,0,0,0,0,0,0,0,0,0,0,0,0,0,0,0,0,0,0,0,0,0,0,0,0,0,0,0,0
14-TM2:bin_000049,0,0,0,0,0,0,0,0,0,0,0,0,0,0,0,0,0,0,0,0,0,0,0,0,0,0,0,0,0,0,0,0,0,0,0,0,0,0,0,0,0,0
14-TM4:bin_000004,10.809,29.866,4.821,59.694,116.596,7.563,133.846,25.847,64.101,142.813,0,111.836,169.101,83.384,303.802,101.561,3.042,233.625,53.388,109.943,214.292,0,38.677,68.678,7.076,0,50.036,2.866,164.119,168.767,73.493,114.829,60.718,37.132,43.737,58.129,0,0,62.581,2.183,224.687,3.936
14-TM4:bin_000010,0,0,0,0,0,0,0,0,0,0,0,0,0,0,0,0,0,0,0,0,0,0,0,0,0,0,0,0,0,0,0,0,0,0,0,0,0,0,0,0,0,0
14-TM4:bin_000035,0,0,0,0,0,0,6.461,1.89,2.018,2.615,0,0,0,0,0,4.209,0,2.465,0,0,6.174,0,0,2.339,0,0,0,0,4.488,0,1.768,2.6,0,0,0,0,0,0,0,0,0,0
14-TM4:bin_000089,0,0,0,0,0,0,0,0,0,0,0,0,0,0,0,0,0,0,0,0,0,0,0,0,0,0,0,0,0,0,0,0,0,0,0,0,0,0,0,0,0,0
14-TM4:bin_000109,0,0,0,0,0,0,0,0,0,0,0,3.32,0,0,3.145,0,0,0,0,0,3.436,0,0,0,0,0,0,0,3.546,2.193,0,4.482,0,0,0,0,0,0,0,0,0,0
21:bin_000024,0,0,0,0,0,0,0,2.501,0,0,0,0,0,0,0,0,0,2.465,3.745,0,2.752,0,0,0,0,0,0,0,0,0,0,0,0,0,0,0,0,0,0,0,2.039,0
21:bin_000052,0,0,0,0,0,0,0,1.998,0,0,0,0,0,0,0,0,0,4.17,0,0,0,0,0,0,0,0,0,0,1.931,0,0,0,0,0,0,0,0,0,0,0,3.733,0
21:bin_000073,0,0,0,0,0,0,0,0,0,0,0,0,0,0,0,0,0,0,0,0,3.064,0,0,0,0,0,0,0,0,0,0,0,0,0,0,0,0,0,0,0,0,0
21:bin_000107,0,0,0,0,0,0,0,0,0,2.266,0,0,0,0,0,0,0,0,0,0,0,0,0,0,0,0,0,0,0,1.94,0,0,0,0,0,0,0,0,0,0,0,0
21:bin_000125,0,0,0,0,0,0,0,0,0,0,0,0,0,0,0,0,0,0,0,0,0,0,0,0,0,0,0,0,0,0,0,0,0,0,0,0,0,0,0,0,0,0
21:bin_000160,0,0,0,0,0,0,0,0,0,2.343,0,0,5.766,0,2.515,1.82,0,0,0,0,2.317,0,0,0,0,0,0,0,0,2.787,0,0,0,0,0,0,0,0,2.363,0,6.741,0
21:bin_000224,0,0,0,0,0,0,0,0,0,0,0,0,0,0,0,0,0,0,0,0,1.443,0,0,0,0,0,0,0,0,0,0,0,0,0,0,0,0,0,0,0,0,0
21-TM1:bin_000011,0,0,0,0,0,0,0,0,0,0,0,0,0,0,0,0,0,0,0,0,0,0,0,0,0,0,0,0,0,0,0,0,0,0,0,0,0,0,0,0,0,0
21-TM1:bin_000014,0,0,3.862,0,5.718,0,0,3.382,0,0,0,0,0,0,0,0,0,0,0,0,0,0,0,0,0,0,5.288,0,0,57.039,1.923,44.536,0,0,13.062,0,0,0,0,63.977,12.368,0
21-TM1:bin_000060,0,0,0,0,0,0,0,0,0,0,0,0,0,0,0,0,0,0,0,0,0,0,0,0,0,0,0,0,0,0,0,0,0,0,0,0,0,0,0,0,0,0
21-TM1:bin_000073,10.356,4.863,0,5.141,6.725,0,49.274,3.145,12.031,40.315,0,10.649,26.412,11.73,88.369,17.416,2.005,63.562,4.522,6.729,39.986,0,2.718,26.134,2.092,0,5.783,0,27.712,29.938,21.515,8.537,2.758,2.425,7.937,0,0,0,22.287,0,33.031,0
21-TM3:bin_000002,0,0,0,0,0,0,0,0,0,0,0,0,3.183,0,4.388,0,0,0,0,0,3.743,0,0,0,0,0,0,0,0,4.791,0,0,0,0,0,0,0,0,0,0,0,0
21-TM3:bin_000011,0,0,0,0,0,0,0,0,0,0,0,0,0,0,0,0,0,0,0,0,0,0,0,0,0,0,0,0,0,0,0,0,0,0,0,0,0,0,0,0,0,0
21-TM3:bin_000020,0,0,0,0,0,0,0,0,0,0,0,0,0,0,0,0,0,0,0,0,0,0,0,0,0,0,0,0,0,0,0,0,0,0,0,0,0,0,0,0,0,0
21-TM4:bin_000004,0,0,0,0,0,0,0,0,0,0,0,0,0,0,0,0,0,0,0,0,0,0,0,0,0,0,0,0,0,0,0,0,0,0,0,0,0,0,0,0,0,0
21-TM4:bin_000017,0,0,0,0,0,0,0,0,0,0,0,0,0,0,0,0,0,0,0,0,0,0,0,0,0,0,0,0,0,0,0,0,0,0,0,0,0,0,0,0,0,0
21-TM4:bin_000041,1.662,0,0,0,4.202,0,12.344,0,1.711,6.255,0,0,2.641,1.982,11.527,5.449,0,10.94,2.816,0,6.941,0,0,4.25,0,0,2.839,0,5.743,4.07,2.738,3.105,0,0,1.931,0,0,0,6.176,0,8.546,0
21-TM4:bin_000042,0,0,0,0,0,0,0,0,0,0,0,0,0,0,0,0,0,0,0,0,0,0,0,0,0,0,0,0,0,0,0,0,0,0,0,0,0,0,0,0,0,0
21-TM4:bin_000052,2.857,3.957,0,6.12,12.949,0,21.534,2.339,9.246,19.945,0,12.57,14.286,10.467,36.129,15.323,0,41.389,11.309,4.962,29.552,0,2.384,21.291,1.784,0,6.867,0,23.182,17.602,13.253,8.931,3.768,2.799,4.901,2.667,0,0,9.048,0,21.976,0
21-TM4:bin_000053,0,0,0,0,0,0,0,0,0,0,0,0,0,0,0,0,0,0,0,0,0,0,0,0,0,0,0,0,0,0,0,0,0,0,0,0,0,0,0,0,0,0
D300693:bin_000003,2.589,4.174,0,7.258,8.654,0,8.716,6.514,3.778,20.136,0,9.233,14.838,5.911,27.152,11.124,0,19.367,3.953,0,14.401,0,2.702,10.744,2.105,0,2.778,0,8.477,16.056,5.637,7.942,4.47,1.604,7.42,2.447,0,0,7.156,0,15.694,0
D300693:bin_000006,2.1,0,0,0,0,0,6.268,0,1.799,4.566,0,1.74,5.773,2.033,7.161,2.773,0,4.468,2.518,0,8.111,0,0,2.283,0,0,1.746,0,4.573,4.775,0,0,0,0,1.615,0,0,0,4.631,0,6.859,0
D300693:bin_000013,2.355,0,0,6.95,3.098,0,22.888,0,18.689,9.362,0,0,0,0,10.037,4.588,0,10.816,0,0,16.144,0,0,24.364,0,0,2.4,0,5.374,6.744,4.138,5.659,4.834,0,0,0,0,0,0,0,0,0
D300696:bin_000035,0,0,0,0,1.823,0,4.166,3.031,1.284,2.835,0,2.136,2.727,1.494,5.215,2.707,0,3.645,0,0,3.144,0,0,1.818,0,0,0,0,2.331,3.842,1.311,0,0,0,1.294,0,0,0,2.306,0,1.861,0
D300699:bin_000001,0,0,0,0,0,0,0,0,0,0,0,0,0,0,0,0,0,0,0,0,0,0,0,0,0,0,0,0,0,0,0,0,0,0,0,0,0,0,0,0,0,0
D300700:bin_000001,0,0,0,0,0,0,0,0,0,0,0,0,0,0,0,0,0,0,0,0,0,0,0,0,0,0,0,0,0,0,0,0,0,0,0,0,0,0,0,0,0,0
D300706:bin_000006,0,0,0,0,0,0,0,0,0,0,0,0,0,0,0,0,0,0,0,0,0,0,0,0,0,0,0,0,0,0,0,0,0,0,0,0,0,0,0,0,0,0
D300708:bin_000028,5.216,4.672,0,15.696,6.803,0,11.079,7.492,6.007,13.999,0,3.486,8.771,8.394,77.319,0,0,14.075,0,0,31.004,0,1.636,3.218,0,0,5.413,0,23.076,19.952,10.609,50.02,0,0,8.78,0,0,0,17.061,0,19.329,0
D300709:bin_000042,5.191,8.932,0,11.692,7.659,0,23.159,7.248,10.062,49.105,0,11.777,35.114,10.847,51.236,18.115,0,63.296,8.268,6.534,35.313,0,6.47,19.443,3.229,0,5.194,0,25.121,43.964,21.075,13.436,0,4.086,15.885,3.214,0,0,17.528,0,19.298,0
D300710:bin_000020,2.752,6.52,0,14.141,13.248,0,15.38,5.539,6.19,35.864,0,7.813,30.623,11.978,28.055,14.676,0,32.641,15.856,8.592,21.516,0,9.807,10.222,0,0,6.552,0,32.143,33.052,11.968,8.914,9.657,3.712,7.213,5.017,0,0,13.865,0,14.439,0
D300711:bin_000012,0,0,0,0,0,0,2.295,0,0,0,0,0,0,0,0,0,0,0,0,0,0,0,0,0,0,0,0,0,0,0,0,0,0,0,0,0,0,0,0,0,0,0
D300711:bin_000013,0,0,0,0,0,0,0,0,0,0,0,0,0,0,0,0,0,0,0,0,0,0,0,0,0,0,0,0,0,0,0,0,0,0,0,0,0,0,0,0,0,0
D300711:bin_000023,1.31,1.291,0,0,9.202,0,7.555,0,1.911,5.488,0,0,5.503,0,9.608,5.37,0,16.3,2.957,0,6.167,0,0,5.012,0,0,1.987,0,10.787,9.013,0,5.719,0,0,6.089,0,0,0,4.207,0,3.523,0
D300712:bin_000004,0,0,0,0,0,0,0,2.47,0,1.756,0,0,0,3.55,2.438,3.845,0,4.299,0,2.334,2.935,0,0,2.141,0,0,0,0,2.444,0,1.636,0,0,0,0,0,0,0,0,0,3.863,0
D300712:bin_000006,27.924,26.933,1.583,40.211,33.81,6.097,127.546,25.775,38.032,98.697,0,28.249,80.101,36.689,136.232,60.103,3.348,174.452,28.999,22.379,130.893,0,12.121,59.764,17.252,0,22.048,2.102,82.757,112.606,63.035,31.955,23.702,13.567,41.701,13.253,0,0,62.676,0,96.981,0
D300712:bin_000007,0,0,0,0,0,0,3.741,2.051,0,3.54,0,2.735,2.723,0,7.365,2.436,0,19.691,5.922,0,10.476,0,0,3.221,0,0,0,0,5.556,4.924,4.553,0,0,0,1.804,0,0,0,4.676,0,3.018,0
D300712:bin_000016,0,0,0,0,0,0,0,0,0,0,0,0,0,0,0,0,0,0,0,0,3.122,0,0,0,0,0,0,0,0,0,0,0,0,0,0,0,0,0,0,0,3.005,0
D300713:bin_000003,14.836,15.283,0,17.639,38.124,2.414,95.201,18.526,24.966,103.341,0,36.769,85.164,35.413,106.511,51.516,0,222.67,22.601,29.705,116.953,0,9.669,54.593,7.855,0,18.954,2.5,70.237,76.821,48.703,37.186,11.168,14.405,22.869,12.739,0,0,44.531,2.772,82.143,0
D300713:bin_000009,0,0,0,0,0,0,0,0,0,0,0,3.58,0,0,6.563,0,0,0,0,0,0,0,0,0,0,0,0,0,0,0,0,0,0,0,0,0,0,0,0,0,0,0
D300714:bin_000008,5.309,3.293,0,6.238,3.546,0,21.545,6.239,4.212,19.817,0,11.078,12.587,4.783,25.93,17.012,0,38.004,5.839,2.692,26.934,0,5.285,7.21,3.725,0,4.293,0,9.584,15.905,9.219,3.322,0,3.949,8.513,2.114,0,0,7.181,0,14.193,0
D300719:bin_000003,0,0,0,0,4.233,0,1.81,0,1.675,3.371,0,0,4.783,0,2.737,2.38,0,3.768,0,0,1.726,0,0,0,0,0,0,0,1.526,1.998,0,2.696,0,0,0,0,0,0,0,0,0,0
D300719:bin_000008,0,0,0,0,0,0,0,0,0,0,0,0,0,0,0,0,0,0,0,0,0,0,0,0,0,0,0,0,0,0,0,0,0,0,0,0,0,0,0,0,0,0
D300720:bin_000001,0,0,0,0,0,0,0,0,0,0,0,0,0,0,0,0,0,0,0,0,0,0,0,0,0,0,0,0,0,0,0,0,0,0,0,0,0,0,0,0,0,0
D300723:bin_000001,0,0,0,0,0,0,0,0,0,0,0,0,0,0,0,0,0,0,0,0,0,0,0,0,0,0,0,0,0,0,0,0,0,0,0,0,0,0,0,0,0,0
D300723:bin_000008,4.653,5.847,0,5.355,20.09,0,18.042,4.242,9.49,27.739,0,4.978,32.546,25.956,39.147,19.94,2.028,86.288,10.695,5.013,22.203,0,4.082,7.967,2.446,0,5.482,0,25.418,23.292,9.126,6.561,3.963,5.351,18.635,2.591,0,0,29.127,0,47.943,0
D300729:bin_000019,0,2.147,0,3.33,0,0,10.825,0,3.512,12.803,0,3.617,11.473,3.173,15.453,5.724,0,19.254,3.48,2.757,11.384,0,0,5.774,0,0,0,0,8.146,9.645,5.677,5.262,0,0,3.438,0,0,0,5.308,0,8.293,0
D300742:bin_000002,0,0,0,0,0,0,2.413,0,0,0,0,0,0,0,4.8,0,0,0,0,0,2.172,0,0,0,0,0,0,0,0,2.335,0,0,0,0,0,0,0,0,0,0,0,0
D300748:bin_000014,0,0,0,4.266,0,0,5.876,0,2.831,0,0,3.444,0,1.784,3.992,0,0,6.407,4.689,0,5.016,0,0,11.905,0,0,0,0,1.726,2.208,0,0,0,0,1.994,0,0,0,0,0,0,0
D300750:bin_000009,0,0,0,0,0,0,0,0,0,0,0,0,0,0,0,0,0,0,0,0,2.75,0,0,0,0,0,0,0,0,0,0,0,0,0,0,0,0,0,0,0,0,0
D300751:bin_000024,0,0,0,0,0,0,0,0,0,0,0,0,0,0,0,0,0,3.599,0,0,2.693,0,0,0,0,0,0,0,0,0,0,0,0,0,0,0,0,0,0,0,0,0
D300751:bin_000031,0,0,0,0,0,0,0,0,0,0,0,0,0,0,0,0,0,0,0,0,0,0,0,0,0,0,0,0,0,0,0,0,0,0,0,0,0,0,0,0,0,0
D300754:bin_000002,0,0,0,0,0,0,3.643,0,0,0,0,0,0,0,0,0,0,0,0,0,0,0,0,0,0,0,0,0,0,0,0,0,0,0,0,2.243,0,0,0,0,0,0
D300754:bin_000004,0,0,0,0,0,0,0,0,0,0,0,0,0,0,0,0,0,0,0,0,0,0,0,0,0,0,0,0,0,0,0,0,0,0,0,0,0,0,0,0,0,0
D300755:bin_000017,0,0,0,0,0,0,3.549,0,0,4.411,0,0,2.551,0,2.972,0,0,2.475,3.188,0,4.75,0,0,4.465,0,0,0,0,4.736,0,3.8,0,1.958,0,0,0,0,0,0,0,2.036,0
D300757:bin_000005,1.803,12.525,0,0,0,0,13.637,7.008,0,4.649,0,0,0,0,18.32,0,25.598,29.079,7.716,0,13.329,0,0,30.043,3.838,0,14.527,0,2.348,11.67,0,135.992,0,0,0,0,0,0,14.805,0,0,0
D300759:bin_000011,0,0,0,0,0,0,0,0,0,0,0,0,0,0,0,0,0,0,0,0,0,0,0,0,0,0,0,0,0,0,0,0,0,0,0,0,0,0,0,0,0,0
D300759:bin_000036,0,0,0,0,0,0,0,0,0,0,0,0,0,0,0,0,0,0,0,0,0,0,0,0,0,0,0,0,0,0,0,0,0,0,0,0,0,0,0,0,0,0
D300760:bin_000013,0,0,0,0,0,0,0,0,0,0,0,0,0,0,0,0,0,0,0,0,0,0,0,0,0,0,0,0,0,0,0,0,0,0,0,0,0,0,0,0,0,0
D300763:bin_000009,0,0,0,0,0,0,0,0,0,0,0,0,0,0,0,0,0,0,0,0,0,0,0,0,0,0,0,0,0,0,0,0,0,0,0,0,0,0,0,0,0,0
D300763:bin_000013,0,0,0,0,0,0,0,0,0,0,0,0,0,0,0,0,0,0,0,0,0,0,0,0,0,0,0,0,0,0,0,0,0,0,0,0,0,0,0,0,0,0
D300763:bin_000022,1.439,3.809,0,5.808,8.149,0,8.224,1.866,10.792,11.817,0,6.991,11.135,4.613,25.027,9.11,0,18.55,7.656,6.154,21.385,0,3.655,11.159,0,0,2.371,0,10.145,9.52,5.814,0,0,3.342,3.91,0,0,0,3.022,0,9.715,0
D300763:bin_000032,0,0,0,0,0,0,3.027,0,0,3.011,0,0,0,0,0,0,0,6.675,0,0,3.33,0,0,0,0,0,0,0,0,2.362,0,0,0,0,0,0,0,0,0,0,0,0
D300764:bin_000008,0,0,0,3.422,3.058,0,4.063,0,0,0,0,0,0,0,0,0,0,0,4.68,0,0,0,0,0,0,0,0,0,0,0,0,0,0,0,0,0,0,0,0,0,0,0
D300764:bin_000013,0,0,0,0,0,0,0,0,0,0,0,0,0,0,0,0,0,0,0,0,0,0,0,0,0,0,0,0,0,0,0,0,0,0,0,0,0,0,0,0,0,0
D300766:bin_000008,0,0,0,0,0,0,0,0,0,0,0,0,0,0,0,0,0,0,0,0,0,0,0,0,0,0,0,0,0,0,0,0,0,0,0,0,0,0,0,0,0,0
D300766:bin_000009,0,0,0,0,0,0,3.406,0,0,0,0,0,0,0,0,0,0,0,0,0,0,0,0,0,0,0,0,0,0,0,0,0,0,0,0,0,0,0,0,0,0,0
MPB:bin_000002,0,0,0,0,0,0,0,0,0,0,0,0,0,0,0,0,0,0,0,0,0,0,0,0,0,0,0,0,0,0,0,0,0,0,0,0,0,0,0,0,0,0
MPB:bin_000004,0,0,0,0,0,0,0,0,0,0,0,0,0,0,0,0,0,4.088,0,0,0,0,0,0,0,0,0,0,0,0,0,0,0,0,0,0,0,0,0,0,0,0
MPB:bin_000005,1.451,2.257,0,0,3.632,0,4.458,0,2.9,10.041,0,0,3.974,2.168,5.948,2.38,0,4.8,0,0,13.825,0,2.49,0,0,0,0,0,2.784,7.737,2.843,0,0,1.69,1.773,2.16,0,0,2.934,0,4.786,0
MPB:bin_000006,0,0,0,0,0,0,0,0,0,0,0,0,0,0,0,0,0,0,0,0,1.243,0,0,0,0,0,0,0,0,0,0,0,0,0,0,0,0,0,0,0,0,0
MPB:bin_000007,0,0,0,0,5.497,0,3.519,0,1.566,3.025,0,2.595,4.818,3.144,4.987,3.863,0,18.146,5.336,0,8.81,0,1.386,2.975,0,0,0,0,1.855,3.543,2.754,3.339,0,0,0,0,0,0,2.6,0,5.668,0
MPB:bin_000009,0,0,0,0,0,0,0,0,0,0,0,0,0,0,0,0,0,0,0,0,0,0,0,0,0,0,0,0,0,0,0,0,0,0,0,0,0,0,0,0,0,0
MPB:bin_000010,0,0,0,0,2.53,0,0,0,0,1.863,0,1.797,2.553,0,3.278,4.668,0,6.234,0,0,2.49,0,0,0,0,0,0,0,1.915,0,0,0,0,0,0,0,0,0,0,0,3.96,0
MPB:bin_000011,0,0,0,0,0,0,0,0,0,0,0,0,0,0,0,0,0,0,0,0,0,0,0,0,0,0,0,0,0,0,0,0,0,0,0,0,0,0,0,0,0,0
MPB:bin_000016,0,2.251,0,6.815,3.949,0,8.163,0,6.493,5.868,0,0,9.809,10.324,28.803,22.342,0,3.679,0,2.473,20.559,0,1.947,1.901,0,0,0,0,23.103,11.185,12.192,7.684,0,4.45,10.528,0,0,0,3.371,0,31.833,0
MPB:bin_000017,0,0,0,0,0,0,0,0,0,0,0,0,0,0,0,0,0,0,0,0,0,0,0,0,0,0,0,0,0,0,0,0,0,0,0,0,0,0,0,0,0,0
MPB:bin_000019,0,0,0,0,1.98,0,2.044,1.745,0,0,0,0,0,0,3.838,3.082,0,0,0,0,0,0,0,0,0,0,1.994,0,1.604,0,1.765,0,3.249,0,0,0,0,0,0,0,7.549,0
MPB:bin_000021,0,0,0,0,0,0,0,0,0,0,0,0,0,0,0,0,0,0,0,0,0,0,0,0,0,0,0,0,0,0,0,0,0,0,0,0,0,0,0,0,0,0
MPB:bin_000022,0,0,0,0,0,0,0,0,0,0,0,0,0,0,0,0,0,0,0,0,0,0,0,0,0,0,0,0,0,0,0,0,0,0,0,0,0,0,0,0,0,0
MPB:bin_000023,0,0,0,0,0,0,0,0,0,0,0,0,0,0,0,0,0,0,0,0,0,0,0,0,0,0,0,0,0,0,0,0,0,0,0,0,0,0,0,0,0,0
MPB:bin_000026,0,0,0,0,0,0,0,0,0,0,0,0,0,0,0,0,0,0,0,0,0,0,0,0,0,0,0,0,0,0,0,0,0,0,0,0,0,0,0,0,0,0
MPB:bin_000030,0,0,0,0,0,0,0,0,0,0,0,0,0,0,0,0,0,0,0,0,0,0,0,0,0,0,0,0,0,0,0,0,0,0,0,0,0,0,0,0,0,0
MPB:bin_000034,0,0,0,0,0,0,0,0,0,0,0,0,0,0,0,0,0,0,0,0,0,0,0,0,0,0,0,0,0,0,0,0,0,0,0,0,0,0,0,0,0,0
MPB:bin_000035,0,0,0,0,0,0,0,0,0,0,0,0,0,0,0,0,0,0,0,0,0,0,0,0,0,0,0,0,0,0,0,0,0,0,0,0,0,0,0,0,0,0
MPB:bin_000037,0,0,0,0,0,0,0,0,0,0,0,0,0,0,0,0,0,0,0,0,0,0,0,0,0,0,0,0,0,0,0,0,0,0,0,0,0,0,0,0,0,0
MPB:bin_000040,0,0,0,0,0,0,0,0,0,0,0,0,0,0,0,0,0,0,0,0,0,0,0,0,0,0,0,0,0,0,0,0,0,0,0,0,0,0,0,0,0,0
MPB:bin_000041,0,0,0,0,0,0,0,0,0,0,0,0,0,0,0,0,0,0,0,0,0,0,0,0,0,0,0,0,0,0,0,0,0,0,0,0,0,0,0,0,0,0
MPB:bin_000042,7.302,15.212,0,22.247,16.672,0,33.14,16.795,17.432,92.631,0,26.697,63.295,20.452,82.842,39.718,0,101.248,19.39,5.571,69.544,0,24.322,75.585,5.883,0,13.399,2.114,71.687,63.551,37.027,19.006,9.009,7.839,18.734,5.701,0,0,47.654,0,52.433,1.933
MPB:bin_000044,5.147,2.416,0,5.709,10.018,0,22.78,3.851,2.806,13.688,0,8.361,11.4,6.758,20.444,14.226,0,36.072,0,7.397,23.309,0,1.965,10.46,2.559,0,1.841,0,13.973,7.612,9.422,4.712,2.659,3.241,4.055,0,0,0,9.182,0,19.106,0
MPB:bin_000047,0,0,0,0,0,0,0,0,0,0,0,0,0,0,0,0,0,0,0,0,0,0,0,0,0,0,0,0,0,0,0,0,0,0,0,0,0,0,0,0,0,0
MPB:bin_000048,0,0,0,0,0,0,0,0,0,0,0,0,0,0,0,0,0,0,0,0,0,0,0,0,0,0,0,0,0,0,0,0,0,0,0,0,0,0,0,0,0,0
MPB:bin_000049,0,0,0,0,0,0,0,0,0,0,0,0,0,0,0,0,0,2.68,0,0,0,0,0,0,0,0,0,0,0,0,0,0,0,0,0,0,0,0,0,0,0,0
MPB:bin_000050,0,0,0,0,0,0,0,0,0,0,0,3.446,0,0,0,0,0,0,0,0,0,0,0,0,0,0,0,0,0,0,0,0,0,0,0,0,0,0,0,0,0,0
MPB:bin_000051,0,0,0,0,0,0,0,0,0,0,0,0,0,0,0,0,0,0,0,0,0,0,0,0,0,0,0,0,0,0,0,0,0,0,0,0,0,0,0,0,0,0
MPB:bin_000052,0,0,0,2.596,0,0,5.66,2.672,3.064,4.709,0,0,3.031,2.844,8.895,0,0,3.637,0,0,6.761,0,0,7.706,0,0,0,0,7.359,6.343,5.67,0,0,0,0,3.057,0,0,4.644,0,0,0
MPB:bin_000053,0,0,0,0,0,0,0,0,0,0,0,0,0,0,0,0,0,0,0,0,0,0,0,0,0,0,0,0,0,0,0,0,0,0,0,0,0,0,0,0,0,0
MPB:bin_000055,0,0,0,0,0,0,0,0,0,0,0,0,0,0,0,0,0,0,0,0,2.525,0,0,0,0,0,0,0,0,0,0,0,0,0,0,0,0,0,0,0,0,0
MPB:bin_000057,0,0,0,0,0,0,0,0,0,0,0,0,0,0,0,0,0,0,0,0,0,0,0,0,0,0,0,0,0,0,0,0,0,0,0,0,0,0,0,0,0,0
MPB:bin_000059,0,0,0,0,0,0,0,0,0,0,0,0,0,0,0,0,0,0,0,0,0,0,0,0,0,0,0,0,0,0,0,0,0,0,0,0,0,0,0,0,0,0
MPB:bin_000061,0,0,0,0,0,0,0,0,0,0,0,0,0,0,0,0,0,0,0,0,0,0,0,0,0,0,0,0,0,0,0,0,0,0,0,0,0,0,0,0,0,0
MPB:bin_000062,0,0,0,0,0,0,0,0,0,0,0,0,0,0,0,0,0,0,0,0,0,0,0,0,0,0,0,0,0,0,0,0,0,0,0,0,0,0,0,0,0,0
MPB:bin_000063,0,0,0,0,0,0,0,0,0,6.016,0,0,4.366,0,0,0,0,0,0,0,4.169,0,0,0,0,0,0,0,2.623,3.39,0,0,0,2.03,0,0,0,0,2.925,0,0,0
MPB:bin_000064,0,0,0,0,0,0,0,0,0,0,0,0,0,0,0,0,0,0,0,0,2.054,0,0,0,0,0,0,0,0,0,0,0,0,0,0,0,0,0,0,0,0,0
MPB:bin_000065,0,0,0,0,0,0,0,0,0,4.408,0,0,3.34,0,4.302,2.831,0,0,0,0,0,0,0,0,0,0,0,0,3.011,0,0,0,0,0,0,0,0,0,0,0,0,0
MPB:bin_000066,0,0,0,0,0,0,0,0,0,0,0,0,4.863,0,0,0,0,0,0,1.939,1.632,0,0,0,0,0,0,0,2.922,0,2.193,0,0,0,0,0,0,0,0,0,3.296,0
MPB:bin_000069,0,1.356,0,2.26,3.435,0,5.647,0,6.024,6.115,0,4.642,4.81,2.066,6.584,0,0,5.237,0,0,5.973,0,0,16.324,0,0,0,0,5.641,4.402,3.117,0,0,1.467,4.746,0,0,0,2.644,0,3.776,0
MPB:bin_000070,0,0,0,0,0,0,0,0,0,0,0,0,0,0,0,0,0,0,0,0,0,0,0,0,0,0,0,0,0,0,0,0,0,0,0,0,0,0,0,0,0,0
MPB:bin_000072,0,0,0,0,0,0,0,0,0,0,0,0,0,0,0,0,0,0,0,0,0,0,0,0,0,0,0,0,0,0,0,0,0,0,0,0,0,0,0,0,0,0
MPB:bin_000073,0,0,0,0,0,0,0,0,0,0,0,0,0,0,0,0,0,0,0,0,0,0,0,0,0,0,0,0,0,0,0,0,0,0,0,0,0,0,0,0,0,0
MPB:bin_000074,0,0,0,0,0,0,0,0,0,0,0,0,0,0,0,0,0,0,0,0,0,0,0,0,0,0,0,0,0,0,0,0,0,0,0,0,0,0,0,0,0,0
MPB:bin_000075,0,0,0,0,0,0,0,0,0,0,0,0,0,0,0,0,0,0,0,0,0,0,0,0,0,0,0,0,0,0,0,0,0,0,0,0,0,0,0,0,0,0
MPB:bin_000076,0,0,0,0,0,0,0,0,0,0,0,0,0,0,0,0,0,0,0,0,0,0,0,0,0,0,0,0,0,0,0,0,0,0,0,0,0,0,0,0,0,0
MPB:bin_000079,0,0,0,0,0,0,0,0,0,0,0,0,0,0,0,0,0,0,0,0,0,0,0,0,0,0,0,0,0,0,0,0,0,0,0,0,0,0,0,0,0,0
MPB:bin_000080,0,0,0,0,0,0,0,0,0,0,0,0,0,0,0,0,0,0,0,0,0,0,0,0,0,0,0,0,0,0,0,0,0,0,0,0,0,0,0,0,0,0
MPB:bin_000081,0,0,0,0,0,0,0,0,0,0,0,0,0,0,0,0,0,0,0,0,0,0,0,0,0,0,0,0,0,0,0,0,0,0,0,0,0,0,0,0,0,0
MPB:bin_000082,0,0,0,0,0,0,0,0,0,0,0,0,0,0,0,0,0,0,0,0,0,0,0,0,0,0,0,0,0,0,0,0,0,0,0,0,0,0,0,0,0,0
MPB:bin_000083,0,0,0,0,0,0,0,0,0,0,0,0,0,0,0,0,0,0,0,0,0,0,0,0,0,0,0,0,0,0,0,0,0,0,0,0,0,0,0,0,0,0
MPB:bin_000085,0,0,0,0,0,0,0,0,0,0,0,0,0,0,0,0,0,0,0,0,0,0,0,0,0,0,0,0,0,0,0,0,0,0,0,0,0,0,0,0,0,0
MPB:bin_000087,0,0,0,0,0,0,0,0,0,0,0,0,0,0,0,0,0,0,0,0,0,0,0,0,0,0,0,0,0,0,0,0,0,0,0,0,0,0,0,0,0,0
MPB:bin_000088,0,0,0,0,0,0,0,0,0,0,0,0,0,0,0,0,0,0,0,0,0,0,0,0,0,0,0,0,0,0,0,0,0,0,0,0,0,0,0,0,0,0
MPB:bin_000090,0,0,0,0,0,0,0,0,0,0,0,0,0,0,0,0,0,0,0,0,0,0,0,0,0,0,0,0,0,0,0,0,0,0,0,0,0,0,0,0,0,0
MPB:bin_000091,0,0,0,0,0,0,0,0,0,0,0,0,0,0,0,0,0,0,0,0,0,0,0,0,0,0,0,0,0,0,0,0,0,0,0,0,0,0,0,0,0,0
MPB:bin_000092,0,0,0,0,0,0,0,0,0,0,0,0,0,0,0,0,0,0,0,0,0,0,0,0,0,0,0,0,0,0,0,0,0,0,0,0,0,0,0,0,0,0
MPB:bin_000093,0,0,0,0,0,0,0,0,0,3.62,0,7.464,3.873,1.6,4.561,7.732,0,7.426,0,0,5.001,0,0,0,0,0,0,0,2.007,7.476,2.57,4.018,0,0,2.164,0,0,0,0,0,0,0
MPB:bin_000094,0,0,0,0,0,0,0,0,0,0,0,0,0,0,0,0,0,0,0,0,0,0,0,0,0,0,0,0,0,0,0,0,0,0,0,0,0,0,0,0,0,0
MPB:bin_000095,0,0,0,0,0,0,0,0,0,0,0,0,0,0,0,0,0,0,0,0,0,0,0,0,0,0,0,0,0,0,0,0,0,0,0,0,0,0,0,0,0,0
MPB:bin_000097,0,0,0,0,0,0,0,0,0,0,0,0,0,0,0,0,0,0,0,0,0,0,0,0,0,0,0,0,0,0,0,0,0,0,0,0,0,0,0,0,0,0
MPB:bin_000100,0,0,0,0,0,0,0,0,0,0,0,0,0,0,14.823,0,0,16.619,0,0,9.872,0,0,5.206,0,0,0,0,8.681,8.77,0,5.348,0,0,0,0,0,0,0,0,8.115,0
MPB:bin_000103,0,0,0,0,0,0,0,0,0,0,0,0,0,0,0,0,0,0,0,0,0,0,0,0,0,0,0,0,0,0,0,0,0,0,0,0,0,0,0,0,0,0
MPB:bin_000105,0,0,0,2.275,7.511,0,3.789,0,2.887,2.644,0,4.646,6.698,5.354,10.22,5.022,0,5.707,0,0,7.814,0,0,2.527,0,0,0,0,7.42,4.653,4.367,2.259,0,0,1.69,0,0,0,3.539,0,11.401,0
MPB:bin_000106,0,0,0,0,0,0,0,0,0,0,0,0,0,0,2.561,0,0,0,0,0,1.236,0,0,0,0,0,0,0,0,0,0,0,0,0,0,0,0,0,0,0,0,0
MPB:bin_000107,0,0,0,0,0,0,0,0,0,0,0,0,0,0,0,0,0,0,0,0,0,0,0,0,0,0,0,0,0,0,0,0,0,0,0,0,0,0,0,0,0,0
MPB:bin_000108,0,0,0,0,0,0,0,0,0,0,0,0,0,0,0,0,0,0,0,0,0,0,0,0,0,0,0,0,0,0,0,0,0,0,0,0,0,0,0,0,0,0
MPB:bin_000109,0,0,0,0,3.197,0,4.945,4.172,1.594,11.212,0,2.319,5.924,1.873,13.167,3.152,0,10.231,0,0,15.946,0,2.141,8.299,0,0,1.881,0,5.833,8.206,0,17.639,0,0,2.703,0,0,0,2.338,0,2.371,0
MPB:bin_000110,1.737,1.651,0,0,0,0,4.648,0,2.21,0,0,0,5.574,0,0,5.222,0,0,0,2.56,11.628,0,1.675,4.552,0,0,0,0,3.52,6.577,6.239,2.745,0,0,0,0,0,0,0,0,0,0
MPB:bin_000111,0,0,0,0,3.274,0,5.078,0,1.528,4.173,0,2.964,3.782,2.507,6.037,2.88,0,6.422,0,0,4.899,0,0,1.692,0,0,0,0,1.462,3.236,2.021,4.499,0,0,0,0,0,0,2.089,0,5.077,0
MPB:bin_000113,0,0,0,0,0,0,0,0,0,0,0,0,0,0,0,0,0,0,0,0,0,0,0,0,0,0,0,0,0,0,0,0,0,0,0,0,0,0,0,0,0,0
MPB:bin_000114,0,0,0,0,0,0,0,0,0,0,0,0,0,0,0,0,0,0,0,0,0,0,0,0,0,0,0,0,0,0,0,0,0,0,0,0,0,0,0,0,0,0
MPB:bin_000115,0,0,0,0,0,0,0,0,0,0,0,0,0,0,0,0,0,0,0,0,0,0,0,0,0,0,0,0,0,0,0,0,0,0,0,0,0,0,0,0,0,0
MPB:bin_000116,0,0,0,0,0,0,0,0,0,0,0,0,0,0,0,0,0,0,0,0,0,0,0,0,0,0,0,0,0,0,0,0,0,0,0,0,0,0,0,0,0,0
MPB:bin_000120,0,0,0,0,0,0,0,0,0,0,0,0,0,0,0,0,0,0,0,0,0,0,0,0,0,0,0,0,0,0,0,0,0,0,0,0,0,0,0,0,0,0
MPB:bin_000122,0,0,0,0,0,0,0,0,0,0,0,0,0,0,0,0,0,0,0,0,0,0,0,0,0,0,0,0,0,0,0,0,0,0,0,0,0,0,0,0,0,0
MPB:bin_000123,0,0,0,0,0,0,0,0,0,0,0,0,0,0,0,0,0,0,0,0,0,0,0,0,0,0,0,0,0,0,0,0,0,0,0,0,0,0,0,0,0,0
MPB:bin_000125,2.087,1.875,0,4.773,0,0,9.949,0,2.317,2.872,0,0,6.958,6.083,8.514,2.271,0,5.509,0,0,13.754,0,0,4.071,0,0,3.372,0,4.889,12.365,0,0,0,1.908,3.275,0,0,0,3.895,0,0,0
MPB:bin_000127,0,0,0,0,0,0,0,0,0,0,0,0,0,0,0,0,0,0,0,0,0,0,0,0,0,0,0,0,0,0,0,0,0,0,0,0,0,0,0,0,0,0
MPB:bin_000129,0,0,0,0,0,0,0,0,0,0,0,0,0,0,0,0,0,0,0,0,0,0,0,0,0,0,0,0,0,0,0,0,0,0,0,0,0,0,0,0,0,0
MPB:bin_000130,0,0,0,0,0,0,0,0,0,0,0,0,0,0,0,0,0,0,0,0,0,0,0,0,0,0,0,0,0,0,0,0,0,0,0,0,0,0,0,0,0,0
MPB:bin_000131,0,0,0,0,3.979,0,6.698,0,0,0,0,4.76,0,0,2.736,0,0,0,0,0,0,0,0,0,0,0,0,0,1.496,0,0,7.596,0,0,0,0,0,0,2.144,0,0,0
MPB:bin_000132,0,0,0,0,0,0,0,0,0,0,0,0,0,0,0,0,0,0,0,0,0,0,0,0,0,0,0,0,0,0,0,0,0,0,0,0,0,0,0,0,0,0
MPB:bin_000133,0,0,0,0,0,0,0,0,0,0,0,0,0,0,3.998,0,0,0,0,0,0,0,0,0,0,0,0,0,4.16,0,0,0,0,0,0,0,0,0,0,0,0,0
MPB:bin_000135,0,0,0,0,0,0,0,0,0,0,0,0,0,0,0,0,0,0,0,0,0,0,0,0,0,0,0,0,0,0,0,0,0,0,0,0,0,0,0,0,0,0
MPB:bin_000136,0,0,0,0,0,0,0,0,0,0,0,0,0,0,0,0,0,0,0,0,0,0,0,0,0,0,0,0,0,0,0,0,0,0,0,0,0,0,0,0,0,0
MPB:bin_000137,0,0,0,0,0,0,0,0,0,0,0,0,0,0,0,0,0,0,0,0,0,0,0,0,0,0,0,0,0,0,0,0,0,0,0,0,0,0,0,0,0,0
MPB:bin_000138,0,1.527,0,0,0,0,3.751,1.728,0,4.089,0,0,0,0,5.787,4.46,0,5.531,0,0,6.173,0,0,0,0,0,0,0,3.53,2.707,0,0,0,0,4.335,0,0,0,0,0,0,0
MPB:bin_000140,0,0,0,0,0,0,0,0,0,0,0,0,0,0,0,0,0,0,0,0,0,0,0,0,0,0,0,0,0,0,0,0,0,0,0,0,0,0,0,0,0,0
MPB:bin_000141,0,0,0,0,0,0,0,0,0,0,0,0,0,0,0,0,0,0,0,0,0,0,0,0,0,0,0,0,0,0,0,0,0,0,0,0,0,0,0,0,0,0
MPB:bin_000143,0,0,0,0,0,0,0,0,0,0,0,0,0,0,0,0,0,0,0,0,0,0,0,0,0,0,0,0,0,0,0,0,0,0,0,0,0,0,0,0,0,0
MPB:bin_000144,0,0,0,0,0,0,0,0,0,0,0,0,0,0,0,0,0,0,0,0,0,0,0,0,0,0,0,0,0,0,0,0,0,0,0,0,0,0,0,0,0,0
MPB:bin_000145,0,0,0,0,0,0,0,0,1.878,0,0,0,0,0,0,0,0,3.508,0,0,4.615,0,0,0,0,0,0,0,0,0,0,0,0,0,0,0,0,0,0,0,0,0
MPB:bin_000146,0,0,0,0,0,0,0,0,0,0,0,0,0,0,0,0,0,0,0,0,0,0,0,0,0,0,0,0,0,0,0,0,0,0,0,0,0,0,0,0,0,0
MPB:bin_000147,0,0,0,0,0,0,0,0,0,0,0,0,0,0,0,0,0,0,0,0,0,0,0,0,0,0,0,0,0,0,0,0,0,0,0,0,0,0,0,0,0,0
MPB:bin_000148,0,0,0,0,0,0,0,0,0,0,0,0,0,0,0,0,0,0,0,0,0,0,0,0,0,0,0,0,0,0,0,0,0,0,0,0,0,0,0,0,0,0
MPB:bin_000149,0,0,0,0,0,0,0,0,0,0,0,0,0,0,0,0,0,0,0,0,0,0,0,0,0,0,0,0,0,0,0,0,0,0,0,0,0,0,0,0,0,0
MPB:bin_000150,0,0,0,0,0,0,0,0,0,0,0,0,0,0,0,0,0,0,0,0,0,0,0,0,0,0,0,0,0,0,0,0,0,0,0,0,0,0,0,0,0,0
MPB:bin_000152,0,0,0,0,0,0,0,0,1.866,2.424,0,0,0,0,3.585,2.729,0,0,0,0,3.069,0,0,0,0,0,0,0,0,4.509,2.262,0,0,0,0,0,0,0,0,0,0,0
MPB:bin_000153,2.821,2.122,0,0,6.04,0,5.734,2.137,0,8.006,0,0,9.248,3.996,0,0,0,18.457,5.725,0,17.379,0,0,4.874,0,0,0,0,17.824,7.16,2.346,0,0,0,1.63,0,0,0,0,0,6.056,0
MPB:bin_000155,0,0,0,0,0,0,0,0,0,0,0,0,0,0,0,0,0,0,0,0,0,0,0,0,0,0,0,0,0,0,0,0,0,0,0,0,0,0,0,0,0,0
MPB:bin_000156,0,0,0,0,0,0,0,0,0,0,0,0,0,0,0,0,0,0,0,0,0,0,0,0,0,0,0,0,0,0,0,0,0,0,0,0,0,0,0,0,0,0
MPB:bin_000158,0,0,0,0,0,0,0,0,0,0,0,0,0,0,0,0,0,0,0,0,0,0,0,0,0,0,0,0,0,0,0,0,0,0,0,0,0,0,0,0,0,0
MPB:bin_000160,0,0,0,0,0,0,0,0,0,0,0,0,0,0,0,0,0,0,0,0,0,0,0,0,0,0,0,0,0,0,0,0,0,0,0,0,0,0,0,0,0,0
MPB:bin_000162,2.361,3.181,0,7.11,5.916,0,30.634,4.212,7.829,13.943,0,3.787,11.875,5.316,17.61,11.502,0,27.107,3.21,0,18.915,0,0,4.94,2.117,0,3.262,0,5.485,16.987,5.687,3.76,2.645,1.576,6.147,1.986,0,0,3.965,0,12.444,0
MPB:bin_000163,0,0,0,0,0,0,0,0,0,0,0,0,0,0,0,0,0,0,0,0,0,0,0,0,0,0,0,0,0,0,0,0,0,0,0,0,0,0,0,0,0,0
MPB:bin_000165,0,0,0,0,0,0,4.278,0,0,4.051,0,0,3.741,0,6.722,3.232,0,6.666,0,2.25,4.768,0,0,0,0,0,0,0,0,0,3.003,0,0,0,0,0,0,0,0,0,5.196,0
MPB:bin_000167,0,0,0,0,0,0,0,0,0,0,0,0,0,0,0,0,0,0,0,0,0,0,0,0,0,0,0,0,0,0,0,0,0,0,0,0,0,0,0,0,0,0
MPB:bin_000168,0,0,0,0,0,0,0,0,0,0,0,0,0,0,0,0,0,0,0,0,0,0,0,0,0,0,0,0,0,0,0,0,0,0,0,0,0,0,0,0,0,0
MPB:bin_000169,0,7.349,0,0,0,0,23.917,0,7.972,33.359,0,9.407,0,0,31.193,0,0,34.167,0,0,24.938,0,0,18.308,0,0,0,0,0,29.578,0,0,0,0,0,0,0,0,15.612,0,0,0
MPB:bin_000170,0,0,0,0,0,0,0,0,0,0,0,0,0,0,0,0,0,0,0,0,0,0,0,0,0,0,0,0,0,0,0,0,0,0,0,0,0,0,0,0,0,0
MPB:bin_000173,2.18,1.706,0,0,4.401,0,13.946,3.173,2.771,8.444,0,5.88,10.008,5.161,13.963,7.092,0,10.961,0,0,8.491,0,2.224,4.627,0,0,1.975,0,7.702,9.359,3.56,4.923,0,0,2.763,1.697,0,0,7.377,0,2.815,0
MPB:bin_000174,0,0,0,0,0,0,0,0,0,0,0,0,0,0,0,0,0,0,0,0,0,0,0,0,0,0,0,0,0,0,0,0,0,0,0,0,0,0,0,0,0,0
MPB:bin_000177,0,0,0,0,0,0,0,0,2.663,0,0,0,0,0,0,0,0,6.029,0,0,3.485,0,0,0,0,0,0,0,0,0,0,4.683,0,0,0,0,0,0,0,0,0,0
MPB:bin_000185,0,0,0,0,0,0,0,0,0,0,0,0,0,0,0,0,0,0,0,0,0,0,0,0,0,0,0,0,0,0,0,0,0,0,0,0,0,0,0,0,0,0
MPB:bin_000187,0,0,0,0,0,0,0,0,0,0,0,0,0,0,0,0,0,0,0,0,0,0,0,0,0,0,0,0,0,0,0,0,0,0,0,0,0,0,0,0,0,0
MPB:bin_000190,0,2.789,0,0,0,0,5.74,2.159,0,12.946,0,6.889,9.613,4.572,7.871,7.042,0,28.283,6.494,0,6.002,0,0,0,0,0,0,0,4.526,0,2.808,0,0,0,3.291,0,0,0,0,0,5.488,0
MPB:bin_000191,46.341,51.057,0,58.304,35.761,6.276,168.795,34.799,57.827,262.289,0,65.749,170.682,42.706,251.614,113.763,6.496,253.749,35.151,17.418,186.496,0,29.344,116.115,16.36,0,34.905,6.253,142.278,240.123,132.966,78.423,29.795,23.503,93.979,17.886,1.883,0,106.315,2.427,83.311,3.728
MPB:bin_000193,0,0,0,0,0,0,0,0,0,0,0,0,0,0,0,0,0,0,0,0,0,0,0,0,0,0,0,0,0,0,0,0,0,0,0,0,0,0,0,0,0,0
MPB:bin_000194,0,0,0,0,0,0,0,0,0,0,0,0,0,0,0,0,0,0,0,0,0,0,0,0,0,0,0,0,0,0,0,0,0,0,0,0,0,0,0,0,0,0
MPB:bin_000195,0,0,0,0,0,0,0,0,0,0,0,0,0,0,0,0,0,0,0,0,0,0,0,0,0,0,0,0,0,0,0,0,0,0,0,0,0,0,0,0,0,0
MPB:bin_000196,0,0,0,0,0,0,0,0,0,0,0,0,0,0,0,0,0,0,0,0,0,0,0,0,0,0,0,0,0,0,0,0,0,0,0,0,0,0,0,0,0,0
MPB:bin_000198,0,0,0,0,0,0,0,0,0,0,0,0,0,0,0,0,0,0,0,0,0,0,0,0,0,0,0,0,0,0,0,0,0,0,0,0,0,0,0,0,0,0
MPB:bin_000201,0,0,0,0,0,0,0,0,0,0,0,0,0,0,0,0,0,0,0,0,0,0,0,0,0,0,0,0,0,0,0,0,0,0,0,0,0,0,0,0,0,0
MPB:bin_000203,0,0,0,0,0,0,0,0,0,0,0,0,0,0,0,0,0,0,0,0,0,0,0,0,0,0,0,0,0,0,0,0,0,0,0,0,0,0,0,0,0,0
MPB:bin_000204,0,0,0,0,0,0,0,0,0,0,0,0,0,0,0,0,0,0,0,0,0,0,0,0,0,0,0,0,0,0,0,0,0,0,0,0,0,0,0,0,0,0
MPB:bin_000209,0,0,0,0,0,0,0,0,0,0,0,0,0,0,0,0,0,0,0,0,0,0,0,0,0,0,0,0,0,0,0,0,0,0,0,0,0,0,0,0,0,0
MPB:bin_000212,0,0,0,0,0,0,0,0,0,0,0,0,0,0,0,0,0,0,0,0,0,0,0,0,0,0,0,0,0,0,0,0,0,0,0,0,0,0,0,0,0,0
MPB:bin_000213,0,0,0,0,0,0,0,0,0,0,0,0,0,0,0,0,0,0,0,0,0,0,0,0,0,0,0,0,0,0,0,0,0,0,0,0,0,0,0,0,0,0
MPB:bin_000214,0,0,0,0,0,0,0,0,0,0,0,0,0,0,0,0,0,0,0,0,0,0,0,0,0,0,0,0,0,0,0,0,0,0,0,0,0,0,0,0,0,0
MPB:bin_000216,0,0,0,0,0,0,0,0,0,0,0,0,0,0,0,0,0,0,0,0,0,0,0,0,0,0,0,0,0,0,0,0,0,0,0,0,0,0,0,0,0,0
MPB:bin_000217,0,0,0,0,0,0,0,0,0,0,0,0,0,0,0,0,0,0,0,0,0,0,0,0,0,0,0,0,0,0,0,0,0,0,0,0,0,0,0,0,0,0
MPB:bin_000220,0,0,0,0,0,0,0,0,0,0,0,0,0,0,0,0,0,0,0,0,0,0,0,0,0,0,0,0,0,0,0,0,0,0,0,0,0,0,0,0,0,0
MPB:bin_000221,0,0,0,0,0,0,0,0,0,0,0,0,0,0,0,0,0,0,0,0,0,0,0,0,0,0,0,0,0,0,0,0,0,0,0,0,0,0,0,0,0,0
MPB:bin_000223,0,0,0,0,0,0,0,0,0,0,0,0,0,0,0,0,0,0,0,0,0,0,0,0,0,0,0,0,0,0,0,0,0,0,0,0,0,0,0,0,0,0
MPB:bin_000225,0,0,0,0,0,0,0,0,0,0,0,0,0,0,4.2,0,0,3.287,0,0,0,0,0,0,0,0,0,0,0,0,0,0,0,0,0,0,0,0,0,0,0,0
MPB:bin_000227,0,0,0,0,0,0,0,0,0,0,0,0,0,0,0,0,0,0,0,0,0,0,0,0,0,0,0,0,0,0,0,0,0,0,0,0,0,0,0,0,0,0
MPB:bin_000228,0,0,0,0,0,0,0,0,0,0,0,0,0,0,0,0,0,0,0,0,0,0,0,0,0,0,0,0,0,0,0,0,0,0,0,0,0,0,0,0,0,0
MPB:bin_000230,0,0,0,0,0,0,0,0,0,0,0,0,2.542,0,0,0,0,0,0,0,0,0,0,0,0,0,0,0,0,0,0,0,0,0,0,0,0,0,0,0,2.14,0
MPB:bin_000231,0,0,0,3.623,3.298,0,2.763,0,3.13,7.941,0,0,0,0,3.841,0,0,0,0,0,2.785,0,0,2.73,0,0,0,0,2.583,2.673,3.197,5.927,0,0,0,0,0,0,0,0,2.645,0
MPB:bin_000232,0,0,0,0,0,0,0,0,0,0,0,0,0,0,0,0,0,0,0,0,0,0,0,0,0,0,0,0,3.127,0,0,0,0,0,0,0,0,0,0,0,0,0
MPB:bin_000233,0,0,0,0,0,0,0,0,0,0,0,0,0,0,0,0,0,0,0,0,0,0,0,0,0,0,0,0,0,0,0,0,0,0,0,0,0,0,0,0,0,0
MPB:bin_000236,0,0,0,0,0,0,0,0,0,0,0,0,0,0,0,0,0,0,0,0,0,0,0,0,0,0,0,0,0,0,0,0,0,0,0,0,0,0,0,0,0,0
MPB:bin_000237,5.227,9.255,0,22.311,26.216,3.675,48.852,10.458,30.099,47.158,0,38.208,22.759,23.996,51.844,24.001,0,30.976,13.235,3.664,30.287,0,7.488,41.199,0,0,16.377,1.92,27.48,29.576,31.323,46.899,5.727,3.398,12.683,18.71,0,0,19.25,1.77,23.849,1.479
MPB:bin_000238,0,0,0,0,0,0,0,0,0,0,0,0,0,0,0,0,0,0,0,0,0,0,0,0,0,0,0,0,0,0,0,0,0,0,0,0,0,0,0,0,0,0
MPB:bin_000243,0,0,0,0,0,0,0,0,0,0,0,0,0,0,0,0,0,0,0,0,0,0,0,0,0,0,0,0,0,0,0,0,0,0,0,0,0,0,0,0,0,0
MPB:bin_000246,0,0,0,0,0,0,0,0,0,0,0,0,0,0,0,0,0,0,0,0,0,0,0,0,0,0,0,0,0,0,0,0,0,0,0,0,0,0,0,0,0,0
MPB:bin_000248,0,0,0,0,0,0,0,0,0,0,0,0,0,0,0,0,0,0,0,0,0,0,0,0,0,0,0,0,0,0,0,0,0,0,0,0,0,0,0,0,0,0
MPB:bin_000254,0,0,0,0,0,0,0,0,0,0,0,0,0,0,0,0,0,0,0,0,0,0,0,0,0,0,0,0,0,0,0,0,0,0,0,0,0,0,0,0,0,0
MPB:bin_000264,0,0,0,0,0,0,0,0,0,0,0,0,0,0,0,0,0,0,0,0,0,0,0,0,0,0,0,0,0,0,0,0,0,0,0,0,0,0,0,0,0,0
MPB:bin_000266,0,0,0,0,0,0,6.277,0,0,0,0,0,11.131,0,9.879,3.94,0,16.225,0,0,45.629,0,0,0,0,0,0,0,0,6.569,4.755,0,0,0,0,0,0,0,0,0,0,0
MPB:bin_000268,0,0,0,0,0,0,0,0,0,3.326,0,0,0,0,3.49,0,0,3.534,0,0,3.054,0,0,0,0,0,0,0,0,0,0,0,0,0,0,0,0,0,0,0,0,0
MPB:bin_000269,3.004,2.413,0,3.505,0,0,11.683,4.438,4.377,16.626,0,3.598,14.304,4.971,21.959,7.913,0,21.646,0,0,17.867,0,2.709,5.607,0,0,2.175,0,5.791,11.787,7.678,4.487,0,0,5.888,0,0,0,5.528,0,9.829,0
MPB:bin_000271,1.336,4.706,0,10.82,8.986,0,10.629,4.19,6.717,15.563,0,11.372,18.414,8.16,24.334,10.164,0,24.551,8.192,6.141,21.057,0,4.098,10.045,0,0,4.714,0,17.177,14.234,9.169,8.651,4.869,2.03,3.743,5.901,0,0,6.381,0,17.468,0
MPB:bin_000272,0,0,0,0,0,0,0,0,0,0,0,0,0,0,0,0,0,0,0,0,0,0,0,0,0,0,0,0,0,0,0,0,0,0,0,0,0,0,0,0,0,0
MPB:bin_000275,0,0,0,0,0,0,0,0,0,0,0,0,0,0,0,0,0,0,0,0,0,0,0,0,0,0,0,0,0,0,0,0,0,0,0,0,0,0,0,0,0,0
MPB:bin_000279,0,0,0,0,0,0,2.421,0,0,0,0,0,0,0,2.967,0,0,0,0,0,0,0,0,0,0,0,0,0,0,0,0,0,0,0,0,0,0,0,0,0,0,0
MPB:bin_000284,0,0,0,0,0,0,0,0,0,0,0,0,0,0,0,0,0,0,0,0,0,0,0,0,0,0,0,0,0,3.063,0,0,0,0,0,0,0,0,0,0,0,0
MPB:bin_000288,0,0,0,0,0,0,0,0,0,0,0,0,0,0,0,0,0,0,0,0,0,0,0,0,0,0,0,0,0,0,0,0,0,0,0,0,0,0,0,0,0,0
MPB:bin_000289,1.794,2.469,0,1.794,3.619,0,10.754,4.331,2.096,8.786,0,2.822,6.17,4.78,16.12,7.365,0,9.829,0,0,10.75,0,0,3.095,0,0,3.573,0,2.815,10.929,7.212,5.173,2.16,2.484,7.36,0,0,0,5.574,0,4.509,0
MPB:bin_000292,0,3.885,1.719,5.923,8.397,0,11.058,5.469,4.421,10.029,0,6.272,17.202,6.832,18.584,11.649,0,26.439,2.328,8.644,14.849,0,4.146,7.813,0,0,6.025,0,14.821,14.462,6.387,6.107,4.943,2.641,8.681,4.88,0,0,10.553,0,20.871,0
MPB:bin_000298,0,0,0,0,0,0,0,0,0,0,0,0,0,0,0,0,0,0,0,0,0,0,0,0,0,0,0,0,0,0,0,0,0,0,0,0,0,0,0,0,0,0
MPB:bin_000303,0,0,0,0,0,0,0,0,0,3.166,0,0,0,0,0,0,0,0,0,0,0,0,0,0,0,0,0,0,0,0,0,0,0,0,0,0,0,0,0,0,0,0
MPB:bin_000307,0,0,0,0,0,0,3.042,0,0,2.345,0,0,0,0,2.841,0,0,3.881,0,0,0,0,0,3.062,0,0,0,0,0,2.283,0,0,0,0,0,0,0,0,0,0,0,0
MPB:bin_000310,0,0,0,0,0,0,0,0,0,0,0,0,0,0,0,0,0,0,0,0,0,0,0,0,0,0,0,0,0,0,0,0,0,0,0,0,0,0,0,0,0,0
MPB:bin_000314,0,0,0,0,0,0,0,0,0,0,0,0,0,0,0,0,0,0,0,0,0,0,0,0,0,0,0,0,0,0,0,0,0,0,0,0,0,0,0,0,0,0
MPB:bin_000315,0,0,0,0,0,0,0,0,0,0,0,0,0,0,0,0,0,0,0,0,0,0,0,0,0,0,0,0,0,0,0,0,0,0,0,0,0,0,0,0,0,0
MPB:bin_000316,0,0,0,0,0,0,0,0,0,0,0,0,0,0,0,0,0,0,0,0,0,0,0,0,0,0,0,0,0,0,0,0,0,0,0,0,0,0,0,0,0,0
MPB:bin_000319,0,0,0,0,0,0,0,0,0,0,0,0,0,0,0,0,0,0,0,0,0,0,0,0,0,0,0,0,0,0,0,0,0,0,0,0,0,0,0,0,0,0
MPB:bin_000322,0,0,0,0,0,0,0,0,0,0,0,0,12.471,0,0,0,0,0,0,0,14.388,0,0,0,0,0,0,0,0,0,0,0,0,0,0,0,0,0,0,0,0,0
MPB:bin_000324,0,0,0,0,0,0,0,0,0,0,0,0,0,0,3.357,0,0,0,0,0,3.314,0,0,0,0,0,0,0,0,0,0,0,0,0,0,0,0,0,0,0,0,0
MPB:bin_000325,0,2.049,0,0,8.599,0,4,2.57,0,7.579,0,0,4.794,0,8.831,0,0,9.912,0,0,7.283,0,0,14.448,0,0,2.223,0,0,0,2.562,27.06,0,0,0,0,0,0,0,0,0,0
MPB:bin_000328,0,0,0,0,0,0,0,0,0,0,0,0,0,0,0,0,0,0,0,0,0,0,0,0,0,0,0,0,0,0,0,0,0,0,0,0,0,0,0,0,0,0
MPB:bin_000330,0,0,0,0,0,0,0,0,0,0,0,0,0,0,0,0,0,0,0,0,0,0,0,0,0,0,0,0,0,0,0,0,0,0,0,0,0,0,0,0,0,0
MPB:bin_000332,0,0,0,0,0,0,0,0,1.91,0,0,0,0,0,2.125,0,0,0,0,0,2.666,0,0,0,0,0,0,0,0,0,0,0,0,0,0,0,0,0,0,0,2.045,0
MPB:bin_000336,0,0,0,0,0,0,0,0,0,0,0,0,0,0,0,0,0,0,0,0,0,0,0,0,0,0,0,0,0,0,0,0,0,0,0,0,0,0,0,0,0,0
MPB:bin_000340,0,0,0,0,0,0,6.563,0,3.186,0,0,0,0,0,0,0,0,0,0,0,9.74,0,0,0,0,0,0,0,6.152,0,0,0,0,0,0,0,0,0,0,0,6.239,0
MPB:bin_000341,0,0,0,0,0,0,0,0,0,0,0,0,0,0,0,0,0,0,0,0,0,0,0,0,0,0,0,0,0,0,0,0,0,0,0,0,0,0,0,0,0,0
MPB:bin_000347,0,0,0,0,0,0,0,0,0,0,0,0,0,0,0,0,0,0,0,0,0,0,0,0,0,0,0,0,0,0,0,0,0,0,0,0,0,0,0,0,0,0
MPB:bin_000350,0,0,0,0,0,0,0,0,0,0,0,0,0,0,0,0,0,0,0,0,0,0,0,0,0,0,0,0,0,0,0,0,0,0,0,0,0,0,0,0,0,0
MPB:bin_000354,0,0,0,0,0,0,0,0,0,0,0,0,0,0,0,0,0,0,0,0,0,0,0,0,0,0,0,0,0,0,0,0,0,0,0,0,0,0,0,0,0,0
MPB:bin_000358,0,0,0,0,0,0,0,0,0,0,0,0,0,0,4.38,0,0,0,0,0,0,0,0,3.272,0,0,2.421,0,2.567,0,2.291,24.051,0,0,0,0,0,0,0,0,0,0
MPB:bin_000364,0,0,0,1.861,0,0,0,0,0,0,0,0,0,0,0,0,0,0,0,0,2.045,0,0,2.13,0,0,0,0,0,0,0,0,0,0,0,0,0,0,0,0,0,0
MPB:bin_000365,0,0,0,0,0,0,0,0,0,0,0,0,0,0,0,0,0,0,0,0,0,0,0,0,0,0,0,0,0,0,0,0,0,0,0,0,0,0,0,0,0,0
MPB:bin_000373,0,0,0,0,0,0,0,0,0,0,0,0,0,0,0,0,0,0,0,0,0,0,0,0,0,0,0,0,0,0,0,0,0,0,0,0,0,0,0,0,0,0
MPB:bin_000375,0,0,0,0,0,0,0,0,0,0,0,0,0,0,0,0,0,0,0,0,0,0,0,0,0,0,0,0,0,0,0,0,0,0,0,0,0,0,0,0,0,0
MPB:bin_000378,0,0,0,0,0,0,0,0,0,0,0,0,0,0,0,0,0,0,0,0,0,0,0,0,0,0,0,0,0,0,0,0,0,0,0,0,0,0,0,0,0,0
MPB:bin_000379,0,0,0,0,0,0,0,0,0,0,0,0,0,0,0,0,0,0,0,0,0,0,0,0,0,0,0,0,0,0,0,0,0,0,0,0,0,0,0,0,0,0
MPB:bin_000380,0,0,0,0,0,0,3.803,2.734,0,3.393,0,0,0,0,2.304,1.991,0,0,0,0,7.06,0,0,4.478,0,0,0,0,0,2.75,2.798,0,0,0,0,0,0,0,0,1.623,2.007,0
MPB:bin_000382,0,0,0,0,0,0,0,0,0,0,0,0,0,0,0,0,0,0,0,0,0,0,0,0,0,0,0,0,0,0,0,0,0,0,0,0,0,0,0,0,0,0
MPB:bin_000383,0,0,0,0,0,0,0,0,0,0,0,0,0,0,0,0,0,0,0,0,0,0,0,0,0,0,0,0,0,0,0,0,0,0,0,0,0,0,0,0,0,0
MPB:bin_000385,0,0,0,0,0,0,0,0,0,0,0,0,0,0,0,0,0,0,0,0,0,0,0,0,0,0,0,0,0,0,0,0,0,0,0,0,0,0,0,0,0,0
MPB:bin_000387,3.187,11.333,0,17.502,11.939,0,22.117,10.286,13.285,66.062,0,15.738,50.242,18.253,73.979,21.519,0,103.896,13.126,12.821,47.766,0,9.531,23.513,4.716,0,5.705,1.774,32.921,58.754,23.784,17.838,2.409,4.564,19.668,3.738,0,0,20.269,1.635,31.711,1.555
MPB:bin_000390,0,0,0,0,0,0,0,0,0,0,0,0,0,0,0,0,0,0,0,0,0,0,0,0,0,0,0,0,0,0,0,0,0,0,0,0,0,0,0,0,0,0
MPB:bin_000393,0,0,0,0,0,0,0,0,0,0,0,0,0,0,0,0,0,0,0,0,0,0,0,0,0,0,0,0,0,0,0,0,0,0,0,0,0,0,0,0,0,0
MPB:bin_000394,0,0,0,0,0,0,0,0,0,0,0,0,0,0,0,0,0,0,0,0,0,0,0,0,0,0,0,0,0,0,0,0,0,0,0,0,0,0,0,0,0,0
MPB:bin_000395,0,0,0,0,0,0,0,0,0,0,0,0,0,0,0,0,0,0,0,0,0,0,0,0,0,0,0,0,0,0,0,0,0,0,0,0,0,0,0,0,0,0
MPB:bin_000396,0,0,0,0,0,0,0,0,0,0,0,0,0,0,0,0,0,0,0,0,0,0,0,0,0,0,0,0,0,0,0,0,0,0,0,0,0,0,0,0,0,0
MPB:bin_000397,0,0,0,0,0,0,0,0,0,0,0,0,0,0,0,0,0,0,0,0,0,0,0,0,0,0,0,0,0,0,0,0,0,0,0,0,0,0,0,0,0,0
MPB:bin_000398,0,0,0,0,0,0,0,0,0,0,0,0,0,0,0,0,0,0,0,0,0,0,0,0,0,0,0,0,0,0,0,0,0,0,0,0,0,0,0,0,0,0
MPB:bin_000399,0,0,0,0,0,0,0,0,0,0,0,0,0,0,0,0,0,0,0,0,0,0,0,0,0,0,0,0,0,0,0,0,0,0,0,0,0,0,0,0,0,0
MPB:bin_000400,0,0,0,0,0,0,0,0,0,0,0,0,0,0,0,0,0,0,0,0,1.547,0,0,0,0,0,0,0,0,0,0,0,0,0,0,0,0,0,0,0,0,0
MPB:bin_000402,0,0,0,0,0,0,0,0,0,0,0,0,0,0,0,0,0,0,0,0,0,0,0,0,0,0,0,0,0,0,0,0,0,0,0,0,0,0,0,0,0,0
MPB:bin_000403,0,0,0,0,0,0,0,0,0,0,0,0,0,0,0,0,0,0,0,0,0,0,0,0,0,0,0,0,0,0,0,0,0,0,0,0,0,0,0,0,0,0
MPB:bin_000405,0,0,0,0,0,0,0,0,0,0,0,0,0,0,0,0,0,0,0,0,0,0,0,0,0,0,0,0,0,0,0,0,0,0,0,0,0,0,0,0,0,0
MPB:bin_000407,0,0,0,0,0,0,0,0,0,0,0,0,0,0,0,0,0,0,0,0,0,0,0,0,0,0,0,0,0,0,0,0,0,0,0,0,0,0,0,0,0,0
MPB:bin_000408,0,0,0,0,0,0,0,0,0,0,0,0,0,0,0,0,0,0,0,0,0,0,0,0,0,0,0,0,0,0,0,0,0,0,0,0,0,0,0,0,0,0
MPB:bin_000409,0,0,0,0,0,0,0,0,0,0,0,0,0,0,0,0,0,0,0,0,0,0,0,0,0,0,0,0,0,0,0,0,0,0,0,0,0,0,0,0,0,0
MPB:bin_000410,0,0,0,0,0,0,0,0,0,0,0,0,0,0,0,0,0,0,0,0,0,0,0,0,0,0,0,0,0,0,0,0,0,0,0,0,0,0,0,0,0,0
MPB:bin_000411,0,0,0,0,0,0,0,0,0,0,0,0,0,0,0,0,0,0,0,0,0,0,0,0,0,0,0,0,0,0,0,0,0,0,0,0,0,0,0,0,0,0
MPB:bin_000413,0,0,0,0,0,0,0,0,0,0,0,0,0,0,0,0,0,0,0,0,0,0,0,0,0,0,0,0,0,0,0,0,0,0,0,0,0,0,0,0,0,0
MPB:bin_000414,0,0,0,0,0,0,0,0,0,0,0,0,0,0,0,0,0,0,0,0,0,0,0,0,0,0,0,0,0,0,0,0,0,0,0,0,0,0,0,0,0,0
MPB:bin_000416,0,0,0,0,0,0,0,0,0,0,0,0,0,0,0,0,0,0,0,0,0,0,0,0,0,0,0,0,0,0,0,0,0,0,0,0,0,0,0,0,0,0
MPB:bin_000418,0,0,0,0,0,0,0,0,0,0,0,0,0,0,0,0,0,0,0,0,0,0,0,0,0,0,0,0,0,0,0,0,0,0,0,0,0,0,0,0,0,0
MPB:bin_000419,0,0,0,0,0,0,0,0,0,0,0,0,0,0,0,0,0,0,0,0,0,0,0,0,0,0,0,0,0,0,0,0,0,0,0,0,0,0,0,0,0,0
MPB:bin_000421,0,0,0,0,0,0,0,0,0,0,0,0,0,0,0,0,0,0,0,0,0,0,0,0,0,0,0,0,0,0,0,0,0,0,0,0,0,0,0,0,0,0
MPB:bin_000424,0,0,0,0,0,0,0,0,2.293,0,0,0,0,0,0,0,0,0,0,0,0,0,0,0,0,0,0,0,0,0,0,0,0,0,0,0,0,0,0,0,0,0
MPB:bin_000425,0,0,0,0,0,0,0,0,0,0,0,0,0,0,0,0,0,0,0,0,0,0,0,0,0,0,0,0,0,0,0,0,0,0,0,0,0,0,0,0,0,0
MPB:bin_000426,0,0,0,0,0,0,0,0,0,0,0,0,0,0,0,0,0,0,0,0,0,0,0,0,0,0,0,0,0,0,0,0,0,0,0,0,0,0,0,0,0,0
MPB:bin_000427,0,0,0,0,0,0,0,0,0,0,0,0,0,0,0,0,0,0,0,0,0,0,0,0,0,0,0,0,0,0,0,0,0,0,0,0,0,0,0,0,0,0
MPB:bin_000430,0,0,0,0,0,0,0,0,0,0,0,0,0,0,0,0,0,0,0,0,0,0,0,0,0,0,0,0,0,0,0,0,0,0,0,0,0,0,0,0,0,0
MPB:bin_000433,0,0,0,0,0,0,0,0,0,0,0,0,0,0,0,0,0,0,0,0,0,0,0,0,0,0,0,0,0,0,0,0,0,0,0,0,0,0,0,0,0,0
MPB:bin_000435,0,0,0,0,0,0,0,0,0,0,0,0,0,0,0,0,0,0,0,0,0,0,0,0,0,0,0,0,0,0,0,0,0,0,0,0,0,0,0,0,0,0
MPB:bin_000437,0,0,0,0,0,0,0,0,0,0,0,0,0,0,0,0,0,0,0,0,0,0,0,0,0,0,0,0,0,0,0,0,0,0,0,0,0,0,0,0,0,0
MPB:bin_000438,0,0,0,0,0,0,0,0,0,0,0,0,0,0,0,0,0,0,0,0,0,0,0,0,0,0,0,0,0,0,0,0,0,0,0,0,0,0,0,0,0,0
MPB:bin_000440,0,0,0,0,0,0,0,0,0,0,0,0,0,0,0,0,0,0,0,0,0,0,0,0,0,0,0,0,0,0,0,0,0,0,0,0,0,0,0,0,0,0
MPB:bin_000442,0,0,0,0,0,0,0,0,0,0,0,0,0,0,0,0,0,0,0,0,0,0,0,0,0,0,0,0,0,0,0,0,0,0,0,0,0,0,0,0,0,0
MPB:bin_000445,0,0,0,0,0,0,4.555,0,0,0,0,0,0,0,0,0,0,0,0,0,0,0,0,0,0,0,0,0,0,0,0,0,0,0,0,0,0,0,0,0,0,0
MPB:bin_000446,0,0,0,0,0,0,0,0,3.422,0,0,0,0,0,0,0,0,3.859,0,0,0,0,0,0,0,0,0,0,0,0,0,0,0,0,0,0,0,0,0,0,0,0
MPB:bin_000447,0,0,0,0,0,0,0,0,0,0,0,0,0,0,0,0,0,0,0,0,0,0,0,0,0,0,0,0,0,0,0,0,0,0,0,0,0,0,0,0,0,0
MPB:bin_000449,0,0,0,0,0,0,0,0,0,0,0,0,0,0,0,0,0,0,0,0,0,0,0,0,0,0,0,0,0,0,0,0,0,0,0,0,0,0,0,0,0,0
MPB:bin_000450,0,0,0,0,0,0,0,0,3.485,2.408,0,0,0,0,3.347,0,0,0,0,0,1.613,0,0,0,0,0,0,0,0,0,0,0,0,0,0,0,0,0,0,0,2.423,0
MPB:bin_000451,0,0,0,0,0,0,0,0,0,0,0,0,0,0,0,0,0,6.983,0,0,0,0,0,0,0,0,0,0,0,0,0,0,0,0,0,0,0,0,0,0,0,0
MPB:bin_000452,0,0,0,0,0,0,0,0,0,0,0,0,0,0,0,0,0,0,0,0,0,0,0,0,0,0,0,0,0,0,0,0,0,0,0,0,0,0,0,0,0,0
MPB:bin_000453,0,0,0,0,0,0,0,0,0,0,0,0,0,0,0,0,0,0,0,0,0,0,0,0,0,0,0,0,0,0,0,0,0,0,0,0,0,0,0,0,0,0
MPB:bin_000455,0,0,0,0,0,0,0,0,0,0,0,0,0,0,0,0,0,0,0,0,0,0,0,0,0,0,0,0,0,0,0,0,0,0,0,0,0,0,0,0,0,0
MPB:bin_000456,0,0,0,0,0,0,0,0,0,0,0,0,0,0,0,0,0,0,0,0,0,0,0,0,0,0,0,0,0,0,0,0,0,0,0,0,0,0,0,0,0,0
MPB:bin_000457,0,0,0,0,0,0,0,0,0,0,0,0,0,0,0,0,0,0,0,0,0,0,0,0,0,0,0,0,0,0,0,0,0,0,0,0,0,0,0,0,0,0
MPB:bin_000458,0,0,0,0,0,0,0,0,0,0,0,0,0,0,0,0,0,0,0,0,1.379,0,0,0,0,0,0,0,0,0,0,0,0,0,0,0,0,0,0,0,0,0
MPB:bin_000459,0,0,0,0,0,0,0,0,0,0,0,0,0,0,0,0,0,0,0,0,0,0,0,0,0,0,0,0,0,0,0,0,0,0,0,0,0,0,0,0,0,0
MPB:bin_000460,0,0,0,0,0,0,0,0,0,0,0,0,0,0,0,0,0,0,0,0,0,0,0,0,0,0,0,0,0,0,0,0,0,0,0,0,0,0,0,0,0,0
MPB:bin_000461,0,0,0,0,0,0,0,0,0,0,0,0,0,0,0,0,0,0,0,0,0,0,0,0,0,0,0,0,0,0,0,0,0,0,0,0,0,0,0,0,0,0
MPB:bin_000465,0,0,0,0,0,0,0,0,0,0,0,0,0,0,0,0,0,0,0,0,0,0,0,0,0,0,0,0,0,0,0,0,0,0,0,0,0,0,0,0,0,0
MPB:bin_000466,0,0,0,0,0,0,0,0,0,0,0,0,0,0,0,0,0,0,0,0,0,0,0,0,0,0,0,0,0,0,0,0,0,0,0,0,0,0,0,0,0,0
MPB:bin_000470,0,0,0,0,0,0,0,0,0,0,0,0,0,0,0,0,0,0,0,0,0,0,0,0,0,0,0,0,0,0,0,0,0,0,0,0,0,0,0,0,0,0
MPB:bin_000472,0,0,0,0,0,0,0,0,0,0,0,0,0,0,0,0,0,0,0,0,0,0,0,0,0,0,0,0,0,0,0,0,0,0,0,0,0,0,0,0,0,0
MPB:bin_000473,0,0,0,0,0,0,0,0,0,0,0,0,0,0,0,0,0,0,0,0,0,0,0,0,0,0,0,0,0,0,0,0,0,0,0,0,0,0,0,0,0,0
MPB:bin_000476,0,0,0,0,0,0,0,0,0,0,0,0,0,0,0,0,0,0,0,0,0,0,0,0,0,0,0,0,0,0,0,0,0,0,0,0,0,0,0,0,0,0
MPB:bin_000477,0,0,0,2.607,0,0,0,0,0,0,0,0,0,0,0,2.838,0,4.2,0,0,0,0,0,0,0,0,0,0,0,0,0,3.945,0,0,0,0,0,0,0,0,0,0
MPB:bin_000479,0,0,0,0,0,0,0,0,0,0,0,0,0,0,3.287,0,0,0,0,0,3.215,0,0,0,0,0,0,0,0,0,0,0,0,0,0,0,0,0,0,0,0,0
MPB:bin_000491,0,0,0,0,0,0,0,0,0,0,0,0,0,0,0,0,0,0,0,0,0,0,0,0,0,0,0,0,0,0,0,0,0,0,0,0,0,0,0,0,0,0
MPB:bin_000499,0,0,0,6.79,0,0,15.529,0,4.535,6.59,0,6.95,9.747,0,12.415,4.405,0,19.35,0,0,9.125,0,2.487,5.189,0,0,0,0,6.595,10.885,5.467,6.35,3.706,1.95,4.731,0,0,0,4.666,0,5.469,0
MPB:bin_000538,0,0,0,0,0,0,0,0,0,0,0,0,0,0,0,0,0,0,0,0,0,0,0,0,0,0,0,0,0,0,0,0,0,0,0,0,0,0,0,0,0,0
MPB:bin_000554,0,0,0,0,0,0,0,0,0,0,0,0,0,0,0,0,0,0,0,0,4,0,0,0,0,0,0,0,0,0,0,0,0,0,0,0,0,0,0,0,0,0
MPB:bin_000559,0,0,0,0,0,0,0,0,0,0,0,0,0,0,0,0,0,0,0,0,0,0,0,0,0,0,0,0,0,0,0,0,0,0,0,0,0,0,0,0,0,0
MPB:bin_000571,0,0,0,0,0,0,0,0,0,0,0,0,0,0,0,0,0,0,0,0,0,0,0,0,0,0,0,0,0,0,0,0,0,0,0,0,0,0,0,0,0,0
MPB:bin_000576,0,0,0,0,0,0,0,0,0,0,0,0,0,0,0,0,0,0,0,0,0,0,0,0,0,0,0,0,0,0,0,0,0,0,0,0,0,0,0,0,0,0
MPB:bin_000579,0,0,0,0,0,0,0,0,0,0,0,0,0,0,0,0,0,0,0,0,0,0,0,0,0,0,0,0,0,0,0,0,0,0,0,0,0,0,0,0,0,0
MPB:bin_000581,0,0,0,0,0,0,0,0,0,3.336,0,0,7.569,5.286,3.572,3.578,0,0,0,0,0,0,0,0,0,0,10.07,0,0,0,5.069,0,0,0,0,0,0,0,4.242,0,2.676,0
MPB:bin_000584,0,0,0,0,0,0,0,0,0,0,0,0,0,0,0,0,0,0,0,0,0,0,0,0,0,0,0,0,0,0,0,0,0,0,0,0,0,0,0,0,0,0
MPB:bin_000588,0,0,0,0,0,0,0,0,0,0,0,0,0,0,0,0,0,0,0,0,0,0,0,0,0,0,0,0,0,0,0,0,0,0,0,0,0,0,0,0,0,0
MPB:bin_000590,0,0,0,0,0,0,0,0,0,0,0,0,0,0,0,0,0,0,0,0,0,0,0,0,0,0,0,0,0,0,0,0,0,0,0,0,0,0,0,0,0,0
MPB:bin_000593,0,0,0,0,0,0,8.18,0,0,0,0,0,0,0,0,0,0,0,0,0,0,0,0,0,0,0,0,0,0,0,0,0,0,0,0,0,0,0,0,0,0,0
MPB:bin_000594,0,0,0,0,0,0,0,0,0,0,0,0,0,0,0,0,0,0,0,0,0,0,0,0,0,0,0,0,0,0,0,0,0,0,0,0,0,0,0,0,0,0
MPB:bin_000596,0,0,0,0,0,0,0,0,0,0,0,0,0,0,0,0,0,0,0,0,0,0,0,0,0,0,0,0,0,0,0,0,0,0,0,0,0,0,0,0,0,0
MPB:bin_000597,0,0,0,0,0,0,0,0,0,0,0,0,0,0,0,0,0,0,0,0,0,0,0,0,0,0,0,0,0,0,0,0,0,0,0,0,0,0,0,0,0,0
MPB:bin_000598,0,0,0,0,0,0,0,0,0,0,0,0,0,0,0,0,0,0,0,0,0,0,0,0,0,0,0,0,0,0,0,0,0,0,0,0,0,0,0,0,0,0
MPB:bin_000599,0,0,0,0,0,0,0,0,0,0,0,0,0,0,0,0,0,0,0,0,0,0,0,0,0,0,0,0,0,0,0,0,0,0,0,0,0,0,0,0,0,0
MPB:bin_000600,0,0,0,0,0,0,0,0,0,0,0,0,0,0,0,0,0,0,0,0,0,0,0,0,0,0,4.796,0,0,5.709,0,0,0,0,2.466,0,0,0,0,0,0,0
MPB:bin_000601,0,0,0,0,0,0,0,0,0,0,0,0,0,0,0,0,0,0,0,0,0,0,0,0,0,0,0,0,0,0,0,0,0,0,0,0,0,0,0,0,0,0
MPB:bin_000604,0,0,0,0,0,0,0,0,0,0,0,0,0,0,0,0,0,0,0,0,0,0,0,0,0,0,0,0,0,0,0,0,0,0,0,0,0,0,0,0,0,0
MPB:bin_000605,0,0,0,0,0,0,0,0,0,0,0,0,0,0,0,0,0,0,0,0,0,0,0,0,0,0,0,0,0,0,0,0,0,0,0,0,0,0,0,0,0,0
MPB:bin_000606,0,0,0,1.583,0,0,5.706,0,2.533,8.719,0,3.026,5.861,3.495,8.595,1.713,0,11.322,0,0,7.833,0,0,2.11,0,0,0,0,4.016,6.113,2.32,2.824,2.641,0,1.645,0,0,0,0,0,9.626,0
MPB:bin_000609,0,0,0,0,0,0,0,0,0,0,0,0,0,0,0,0,0,0,0,0,0,0,0,0,0,0,0,0,0,0,0,0,0,0,0,0,0,0,0,0,0,0
MPB:bin_000615,0,0,0,0,0,0,0,0,0,0,0,0,0,0,0,0,0,0,0,0,0,0,0,0,0,0,0,0,0,0,0,0,0,0,0,0,0,0,0,0,0,0
MPB:bin_000617,0,0,0,0,0,0,0,0,0,4.844,0,0,0,0,0,0,0,0,0,0,0,0,0,0,0,0,0,0,0,0,0,0,0,0,0,0,0,0,0,0,0,0
MPB:bin_000618,0,0,0,0,0,0,0,0,0,0,0,0,0,0,0,0,0,0,0,0,0,0,0,0,0,0,0,0,0,0,0,0,0,0,0,0,0,0,0,0,0,0
MPB:bin_000619,0,0,0,0,0,0,0,0,0,0,0,2.513,2.922,0,0,2.151,0,0,0,0,2.587,0,0,1.945,0,0,0,0,0,2.009,0,0,0,0,0,0,0,0,2.187,0,2.568,0
MPB:bin_000622,0,0,0,0,0,0,0,0,0,0,0,0,0,0,0,0,0,0,0,0,0,0,0,0,0,0,0,0,0,0,0,0,0,0,0,0,0,0,0,0,0,0
TM1:bin_000010,0,0,0,0,0,0,0,0,0,0,0,0,0,0,0,0,0,0,0,0,0,0,0,0,0,0,0,0,0,0,0,0,0,0,0,0,0,0,0,0,0,0
TM1:bin_000024,0,0,0,0,0,0,0,0,0,0,0,0,0,0,0,0,0,0,0,0,0,0,0,0,0,0,0,0,0,0,0,0,0,0,0,0,0,0,0,0,0,0
TM1:bin_000025,0,0,0,0,0,0,0,0,0,0,0,0,0,0,0,0,0,0,0,0,0,0,0,0,0,0,0,0,0,0,0,0,0,0,0,0,0,0,0,0,0,0
TM1:bin_000027,0,0,0,0,0,0,0,0,0,0,0,0,0,0,0,0,0,0,0,0,3.734,0,0,4.617,0,0,0,0,0,0,0,4.68,0,0,0,0,0,0,0,0,0,0
TM1:bin_000031,4.734,3.069,0,0,8.488,0,19.404,2.112,2.392,25.046,0,3.27,14.422,3.727,23.978,12.498,0,29.595,3.142,0,9.167,0,1.322,8.439,0,0,4.67,0,10.501,15.116,8.307,2.141,0,3.024,4.039,1.984,0,0,10.034,0,19.451,0
TM1:bin_000049,0,0,0,0,0,0,1.699,1.865,0,7.664,0,0,3.865,0,10.086,0,0,2.195,0,0,6.336,0,1.299,2.44,0,0,0,0,4.779,2.49,2.03,2.644,0,0,1.876,0,0,0,0,0,5.137,0
TM1:bin_000080,0,0,0,0,0,0,2.539,0,0,3.765,0,0,0,0,5.947,0,0,8.357,0,0,1.955,0,0,3.084,0,0,0,0,1.849,1.721,1.84,0,0,0,0,0,0,0,0,0,0,0
TM1:bin_000119,0,0,0,0,0,0,0,0,0,0,0,0,0,0,0,0,0,0,0,0,0,0,0,0,0,0,0,0,0,0,0,0,0,0,0,0,0,0,0,0,0,0
TM1:bin_000126,0,0,0,1.638,0,0,0,0,0,0,0,0,0,1.897,0,0,0,0,0,2.48,4.576,0,0,0,0,0,0,0,0,2.047,0,0,0,0,0,0,0,0,0,0,0,0
TM1:bin_000144,0,0,0,2.83,0,0,0,0,2.451,0,0,0,0,0,0,0,0,0,0,0,2.801,0,0,7.192,0,0,0,0,0,0,0,0,0,0,0,0,0,0,2.189,0,0,0
TM1:bin_000152,0,0,0,0,0,0,0,0,0,0,0,0,2.858,0,0,6.687,0,15.451,0,5.378,10.913,0,0,9.932,0,0,0,0,5.101,0,0,8.415,0,2.253,2.678,0,0,0,0,0,0,0
TM1:bin_000153,1.487,3.518,0,7.786,2.592,0,10.617,0,7.845,5.751,0,6.683,4.985,6.142,13.897,3.911,0,14.755,4.797,2.656,13.551,0,0,9.185,0,0,2.121,0,6.758,6.606,2.31,3.485,0,1.314,2.377,2.33,0,0,3.072,0,9.427,0
TM1:bin_000177,0,0,0,0,0,0,1.829,0,0,0,0,0,0,0,0,0,0,0,0,0,0,0,0,0,0,0,0,0,0,0,0,0,0,0,0,0,0,0,0,0,0,0
TM2:bin_000005,0,0,0,0,0,0,0,0,0,0,0,0,0,0,0,0,0,0,0,0,0,0,0,0,0,0,0,0,0,0,0,0,0,0,0,0,0,0,0,0,0,0
TM2:bin_000013,0,1.531,0,2.748,0,0,5.598,0,0,0,0,0,6.425,0,6.215,0,0,4.894,0,0,3.465,0,0,3.214,0,0,0,0,5.349,3.073,0,0,0,0,1.949,0,0,0,0,0,0,0
TM2:bin_000090,0,0,0,0,0,0,0,0,0,0,0,0,0,0,0,0,0,0,0,0,0,0,0,0,0,0,0,0,0,0,0,0,0,0,0,0,0,0,0,0,0,0
TM2:bin_000114,0,0,0,0,0,0,0,0,0,0,0,0,0,0,0,0,0,0,0,0,0,0,0,0,0,0,0,0,0,0,0,0,0,0,0,0,0,0,0,0,0,0
TM2:bin_000116,0,0,0,0,0,0,0,0,0,0,0,0,0,0,0,0,0,0,0,0,0,0,0,0,0,0,0,0,0,0,0,0,0,0,0,0,0,0,0,0,0,0
TM2:bin_000124,3.41,2.352,0,0,0,0,4.261,0,2.709,16.352,0,4.036,11.743,2.049,6.938,0,0,9.374,0,0,12.532,0,0,10.829,0,0,2.443,0,3.946,28.366,5.846,9.979,0,4.104,5.384,0,0,0,6.083,0,4.579,0
TM2:bin_000127,0,0,0,0,0,0,0,0,0,0,0,0,0,0,0,0,0,0,0,0,0,0,0,0,0,0,0,0,0,0,0,0,0,0,0,0,0,0,0,0,0,0
TM2:bin_000155,0,0,0,0,0,0,0,0,0,0,0,0,0,2.889,0,0,0,4.006,0,0,1.73,0,0,0,0,0,0,0,3.326,0,0,17.307,0,0,0,0,0,0,0,0,0,0
TM2:bin_000157,0,0,0,0,0,0,0,0,0,0,0,0,0,0,0,0,0,0,0,0,0,0,0,0,0,0,0,0,0,0,0,0,0,0,0,0,0,0,0,0,0,0
TM2:bin_000186,0,0,0,0,0,0,0,0,0,0,0,0,0,0,0,0,0,0,0,0,0,0,0,0,0,0,0,0,0,2.228,0,0,0,0,0,0,0,0,0,0,0,0
TM2:bin_000188,0,0,0,0,0,0,0,0,0,0,0,0,0,0,0,0,0,0,0,0,0,0,0,0,0,0,0,0,0,0,0,0,0,0,0,0,0,0,0,0,0,0
TM2:bin_000219,0,0,0,0,0,0,0,0,0,0,0,0,0,0,0,0,0,12.404,0,0,1.769,0,0,4.697,0,0,0,0,0,7.854,1.829,0,0,0,0,0,0,0,0,0,0,0
TM2:bin_000235,0,0,0,0,0,0,0,0,0,1.82,0,0,0,0,2.55,0,0,0,0,0,2.159,0,0,0,0,0,0,0,0,2.552,0,0,0,0,0,0,0,0,0,0,0,0
TM3:bin_000033,0,0,0,0,0,0,0,0,0,0,0,0,0,0,0,0,0,0,0,0,0,0,0,0,0,0,0,0,0,0,0,0,0,0,0,0,0,0,0,0,0,0
TM3:bin_000088,0,0,0,0,0,0,0,0,0,0,0,0,0,0,0,0,0,0,0,0,0,0,0,0,0,0,0,0,0,0,0,0,0,0,0,0,0,0,0,0,0,0
TM3:bin_000108,0,2.122,0,23.09,5.083,0,3.65,0,12.923,7.423,0,0,0,0,4.341,8.413,0,9.623,16.56,2.802,7.846,0,0,23.626,0,0,0,0,5.108,6.435,2.232,0,0,0,1.85,0,0,0,0,0,3.899,0
TM4:bin_000013,0,0,0,0,0,0,0,0,0,0,0,0,0,0,0,0,0,0,0,0,0,0,0,0,0,0,0,0,0,0,0,0,0,0,0,0,0,0,0,0,0,0
TM4:bin_000021,0,0,0,0,0,0,0,0,0,0,0,0,0,0,0,0,0,0,0,0,0,0,0,0,0,0,0,0,0,0,0,0,0,0,0,0,0,0,0,0,0,0
TM4:bin_000025,0,0,0,0,0,0,0,0,0,0,0,0,0,0,0,0,0,0,0,0,0,0,0,0,0,0,0,0,0,0,0,0,0,0,0,0,0,0,0,0,0,0
TM4:bin_000031,0,0,0,0,0,0,0,0,0,0,0,0,0,0,0,0,0,0,0,0,0,0,0,0,0,0,0,0,0,0,0,0,0,0,0,0,0,0,0,0,0,0
TM4:bin_000034,0,1.797,0,7.017,0,0,2.939,0,0,6.082,0,3.315,3.736,0,0,3.219,0,0,0,2.56,5.675,0,1.796,5.889,0,0,0,0,0,2.494,6.137,0,2.444,0,2.073,0,0,0,3.555,0,0,0
TM4:bin_000036,0,0,0,0,0,0,0,0,0,0,0,0,0,0,0,0,0,0,0,0,0,0,0,0,0,0,0,0,0,0,0,0,0,0,0,0,0,0,0,0,0,0
TM4:bin_000037,0,0,0,0,0,0,0,0,0,0,0,0,0,0,0,0,0,0,0,0,0,0,0,0,0,0,0,0,0,0,0,0,0,0,0,0,0,0,0,0,0,0
TM4:bin_000038,0,0,0,0,0,0,0,0,0,0,0,0,0,0,0,0,0,0,0,0,1.715,0,0,0,0,0,0,0,0,0,0,0,0,0,0,0,0,0,0,0,0,0
TM4:bin_000039,0,0,0,0,0,0,0,0,0,0,0,0,0,0,0,0,0,0,0,0,1.78,0,0,0,0,0,0,0,3.205,0,0,0,0,0,0,0,0,0,0,0,0,0
TM4:bin_000041,0,0,0,0,0,0,0,0,0,0,0,0,0,0,0,0,0,2.298,0,0,0,0,0,0,0,0,0,0,0,0,0,0,0,0,0,0,0,0,0,0,0,0
TM4:bin_000045,0,0,0,0,0,0,0,0,0,0,0,0,0,0,0,0,0,0,0,0,0,0,0,0,0,0,0,0,0,0,0,0,0,0,0,0,0,0,0,0,0,0
TM4:bin_000048,0,0,0,0,0,0,0,0,0,0,0,0,0,0,0,0,0,0,0,0,0,0,0,0,0,0,0,0,0,0,0,0,0,0,0,0,0,0,0,0,0,0
TM4:bin_000064,0,0,0,0,0,0,0,0,0,0,0,0,0,0,0,0,0,0,0,0,0,0,0,0,0,0,0,0,0,0,0,0,0,0,0,0,0,0,0,0,0,0
TM4:bin_000079,0,0,0,0,0,0,0,0,0,0,0,0,0,0,2.128,0,0,0,0,0,1.426,0,0,0,0,0,0,0,0,0,0,0,0,0,0,0,0,0,0,0,0,0
TM4:bin_000088,0,0,0,0,0,0,0,0,0,0,0,0,0,0,0,0,0,0,0,0,0,0,0,0,0,0,0,0,0,0,0,0,0,0,0,0,0,0,0,0,0,0
TM4:bin_000093,0,0,0,0,0,0,0,0,0,0,0,0,0,0,0,0,0,0,0,0,0,0,0,0,0,0,0,0,0,0,0,0,0,0,0,0,0,0,0,0,0,0
TM4:bin_000095,0,0,0,0,0,0,0,0,0,0,0,0,0,0,0,0,0,0,0,0,0,0,0,0,0,0,0,0,0,0,0,0,0,0,0,0,0,0,0,0,0,0
TM4:bin_000097,0,0,0,0,0,0,0,0,0,0,0,0,0,0,0,0,0,0,0,0,0,0,0,0,0,0,0,0,0,0,0,0,0,0,0,0,0,0,0,0,0,0
TM4:bin_000099,0,0,0,0,0,0,0,0,0,0,0,0,0,0,0,0,0,0,0,0,0,0,0,0,0,0,0,0,0,0,0,0,0,0,0,0,0,0,0,0,0,0
TM4:bin_000106,0,0,0,0,0,0,0,0,0,0,0,0,0,0,0,0,0,0,0,0,0,0,0,0,0,0,0,0,0,0,0,0,0,0,0,0,0,0,0,0,0,0
TM4:bin_000115,0,0,0,0,0,0,0,0,0,0,0,0,0,0,0,0,0,0,0,0,0,0,0,0,0,0,0,0,0,0,0,0,0,0,0,0,0,0,0,0,0,0
TM4:bin_000133,0,0,0,0,0,0,0,0,0,0,0,0,0,0,0,0,0,0,0,0,0,0,0,0,0,0,0,0,0,0,0,0,0,0,0,0,0,0,0,0,0,0
TM4:bin_000144,0,0,0,0,0,0,0,0,0,0,0,0,0,0,0,0,0,0,0,0,0,0,0,0,0,0,0,0,0,0,0,0,0,0,0,0,0,0,0,0,0,0
TM4:bin_000166,0,1.942,0,3.423,0,0,6.779,0,3.414,16.333,0,0,0,0,7.937,0,0,0,3.285,0,2.902,0,0,9.469,0,0,0,0,2.792,2.282,0,0,0,0,0,0,0,0,0,0,0,0
TM4:bin_000184,0,0,0,0,0,0,2.265,0,0,0,0,2.449,0,0,0,0,0,0,0,0,0,0,0,0,0,0,0,0,0,0,0,0,0,0,0,0,0,0,0,0,7.817,0
TM4:bin_000189,0,0,0,0,0,0,0,0,0,0,0,0,0,0,0,0,0,0,0,0,0,0,0,0,0,0,0,0,0,0,0,0,0,0,0,0,0,0,0,0,0,0
TM4:bin_000200,0,0,0,0,0,0,0,0,0,0,0,0,0,0,0,0,0,0,0,0,0,0,0,0,0,0,0,0,0,0,0,0,0,0,0,0,0,0,0,0,0,0
TM4:bin_000204,0,1.608,0,3.354,0,0,3.251,2.471,2.496,11.987,0,4.496,9.105,2.805,17.234,5.247,0,10.56,2.352,3.494,10.538,0,1.549,2.427,0,0,2.502,0,3.028,7.247,2.118,5.383,0,0,3.352,0,0,0,3.103,0,6.82,0
TM4:bin_000209,0,0,0,0,0,0,0,0,0,0,0,0,0,0,0,0,0,0,0,0,0,0,0,0,0,0,0,0,0,0,0,0,0,0,0,0,0,0,0,0,0,0
TM4:bin_000211,0,0,0,0,0,0,0,0,0,0,0,0,0,0,0,0,0,0,0,0,0,0,0,0,0,0,0,0,0,0,0,0,0,0,0,0,0,0,0,0,0,0
TM4:bin_000216,0,0,0,0,0,0,0,0,0,0,0,0,0,0,0,0,0,0,0,0,0,0,0,0,0,0,0,0,0,0,0,0,0,0,0,0,0,0,0,0,0,0
TM4:bin_000248,0,0,0,0,0,0,0,0,0,0,0,2.317,0,0,0,0,0,0,0,0,0,0,0,0,0,0,0,0,0,0,6.088,0,0,0,0,0,0,0,0,0,0,0
TM4:bin_000249,13.111,11.727,0,4.484,8.828,0,24.165,3.036,3.752,37.18,0,7.198,23.556,10.617,56.118,12.159,0,114.391,10.591,4.606,49.578,0,2.276,16.019,2.601,0,0,0,62.15,56.665,33.899,7.399,2.662,4.795,15.384,0,0,0,23.815,0,45.872,0
TM4:bin_000259,0,0,0,0,0,0,0,0,0,0,0,0,0,0,0,0,0,0,0,0,0,0,0,0,0,0,0,0,0,0,0,0,0,0,0,0,0,0,0,0,0,0
TM4:bin_000261,0,0,0,0,0,0,0,0,0,0,0,0,0,0,0,0,0,0,0,0,0,0,0,0,0,0,0,0,0,0,0,0,0,0,0,0,0,0,0,0,0,0
TM4:bin_000267,0,0,0,0,0,0,0,0,0,0,0,0,0,0,0,0,0,0,0,0,0,0,0,0,0,0,0,0,0,0,0,0,0,0,0,0,0,0,0,0,0,0
TM4:bin_000275,0,0,0,0,0,0,0,0,0,0,0,0,0,0,0,0,0,0,0,0,0,0,0,0,0,0,0,0,0,0,0,0,0,0,0,0,0,0,0,0,0,0
TM4:bin_000278,0,0,0,0,0,0,0,0,0,0,0,0,0,0,0,0,0,0,0,0,0,0,0,0,0,0,0,0,0,0,0,0,0,0,0,0,0,0,0,0,0,0
TM4:bin_000285,0,0,0,0,0,0,0,0,0,0,0,0,0,0,0,0,0,0,0,0,0,0,0,0,0,0,0,0,0,0,0,0,0,0,0,0,0,0,0,0,0,0
TM4:bin_000286,0,0,0,0,0,0,0,0,0,0,0,0,0,0,0,0,0,0,0,0,0,0,0,0,0,0,0,0,0,0,0,0,0,0,0,0,0,0,0,0,0,0
TM4:bin_000287,0,0,0,0,0,0,0,0,0,0,0,0,0,0,0,0,0,0,0,0,0,0,0,0,0,0,0,0,0,0,0,0,0,0,0,0,0,0,0,0,0,0
TM4:bin_000305,0,0,0,0,0,0,0,0,0,0,0,0,0,0,0,0,0,0,0,0,0,0,0,0,0,0,0,0,0,0,0,0,0,0,0,0,0,0,0,0,0,0
TM4:bin_000312,0,0,0,0,0,0,0,0,0,0,0,0,0,0,0,0,0,0,0,0,0,0,0,0,0,0,0,0,0,0,0,0,0,0,0,0,0,0,0,0,0,0
TM4:bin_000316,0,0,0,0,0,0,0,0,0,0,0,0,0,0,0,0,0,3.327,0,0,1.554,0,0,0,0,0,0,0,0,0,2.399,0,0,0,2.079,0,0,0,0,0,0,0
