genome,M304898,M304903,M304892,M304908,M304895,M304921,M304917,M304910,M304920,M304928,M304886,M304890,M304891,M304907,M304906,M304893,M304911,M304909,M304919,M304930,M304885,M304900,M304922,M304884,M304901,M304897,M304918,M304931,M304924,M304923,M304929,M304914,M304926,M304927,M304905,M304899,M304889,M304915,M304888,M304896,M304912,M304902
00:bin_000002,7.036,0,16.734,17.812,3.327,0,5.477,0,4.039,0,3.962,0,0,0,2.34,13.213,12.549,11.485,0,3.778,5.571,17.336,5.853,39.555,7.26,0,11.414,12.231,9.957,0,2.934,7.443,19.945,6.212,3.11,10.672,0,0,5.337,3.863,2.13,0
00:bin_000004,12.275,0,18.743,14.489,0,0,3.511,0,1.677,2.303,1.94,0,0,2.332,0.98,14.074,0,4.404,0,10.611,2.998,3.005,12.545,23.121,14.499,0,6.463,2.084,5.903,1.773,2.609,6.768,12.124,5.676,0,12.679,0,0,0,4.17,0,0
00:bin_000007,0,0,0,0,0,0,0,0,0,0,0,0,0,0,0,0,0,0,0,0,0,0,0,0,0,0,0,0,0,0,0,0,0,0,0,0,0,0,0,0,0,0
00:bin_000010,0,0,0,0,0,0,0,0,0,0,0,0,0,0,0,0,0,0,0,0,0,0,0,0,0,0,0,0,0,0,0,0,0,0,0,0,0,0,0,0,0,0
00:bin_000015,0,0,0,0,0,0,0,0,0,0,0,0,0,0,0,0,0,0,0,0,0,0,0,0,0,0,0,0,0,0,0,0,0,0,0,0,0,0,0,0,0,0
00:bin_000024,2.493,0,4.23,2.481,2.282,0,1.641,0,0,0,0,0,0,0,0,2.375,0,0,0,0,1.639,0,0,9.715,1.672,0,1.683,3.919,4.713,0,0,2.627,4.932,0,0,0,0,0,0,1.913,0,0
00:bin_000030,0,0,0,0,0,0,0,0,0,0,0,0,0,0,0,0,0,0,0,0,0,0,0,0,0,0,0,0,0,0,0,0,0,0,0,0,0,0,0,0,0,0
00:bin_000037,1.746,0,3.529,0,0,0,2.436,0,0,0,0,0,0,0,0.717,2.907,0,0,0,7.521,3.028,2.596,0,7.1,0,0,2.416,4.561,3.694,0,1.826,2.64,3.134,0,0,3.827,0,0,0,0,0,0
00:bin_000040,7.024,0,7.502,2.63,0,0,2.547,0,0,0,0,0,0,0,0,3.295,1.938,0,0,0,5.263,0,0,12.737,4.649,0,10.255,2.531,5.753,0,18.798,5.009,4.213,2.748,0,3.694,0,0,0,0,3.248,0
00:bin_000043,0,0,0,0,0,0,0,0,0,0,0,0,0,0,0,0,0,0,0,0,0,0,0,0,0,0,0,0,0,0,0,0,0,0,0,0,0,0,0,0,0,0
00:bin_000048,0,0,0,0,0,0,0,0,0,0,0,0,0,0,0,0,0,0,0,0,0,0,0,3.003,0,0,0,0,1.594,0,0,0,0,0,0,0,0,0,0,0,0,0
00:bin_000049,0,0,0,0,0,0,0,0,0,0,0,0,0,0,0,0,0,0,0,0,0,0,0,0,0,0,0,0,0,0,0,0,0,0,0,0,0,0,0,0,0,0
00:bin_000052,0,0,0,0,0,0,0,0,0,0,0,0,0,0,0,0,0,0,0,0,0,0,0,0,0,0,0,0,0,0,0,0,0,0,0,0,0,0,0,0,0,0
00:bin_000054,0,0,0,0,0,0,0,0,0,0,0,0,0,0,0,0,0,0,0,0,0,0,0,0,0,0,0,0,0,0,0,0,0,0,0,0,0,0,0,0,0,0
00:bin_000057,1.958,0,2.099,0,0,0,0,0,0,0,0,0,0,0,0,2.036,0,0,0,0,2.048,1.816,0,3.599,1.765,0,0,0,3.606,0,0,0,2.528,0,0,3.245,0,0,0,0,0,0
00:bin_000065,0,0,0,0,0,0,0,0,0,0,0,0,0,0,0,0,0,0,0,0,0,0,0,0,0,0,0,0,0,0,0,0,0,0,0,0,0,0,0,0,0,0
00:bin_000067,1.968,0,3.542,0,0,0,0.863,0,0,0,0,0,0,0,0,0,0,0,0,2.859,2.015,0,0,4.605,2.433,0,1.759,3.536,3.507,0,0,1.697,4.018,0,0,0,0,0,0,0,0,0
00:bin_000077,0,0,0,0,0,0,0,0,0,0,0,0,0,0,0,0,0,0,0,0,0,0,0,0,0,0,0,0,0,0,0,0,0,0,0,0,0,0,0,0,0,0
00:bin_000098,0,0,0,0,0,0,0,0,0,0,0,0,0,0,0,0,0,0,0,0,0,0,0,0,0,0,0,0,0,0,0,0,0,0,0,0,0,0,0,0,0,0
00:bin_000105,0,0,0,0,0,0,0,0,0,0,0,0,0,0,0,0,0,0,0,0,0,0,0,0,0,0,0,0,0,0,0,0,0,0,0,0,0,0,0,0,0,0
00:bin_000114,0,0,0,0,0,0,0,0,0,0,0,0,0,0,0,0,0,0,0,0,0,0,0,0,0,0,0,0,0,0,0,0,0,0,0,0,0,0,0,0,0,0
00:bin_000122,0,0,0,0,0,0,0,0,0,0,0,0,0,0,0,0,0,0,0,0,0,0,0,3.363,0,0,0,0,0,0,0,0,0,0,0,0,0,0,0,0,0,0
00:bin_000123,0,0,0,0,0,0,0,0,0,0,0,0,0,0,0,0,0,0,0,0,0,0,0,0,0,0,0,0,0,0,0,0,0,0,0,0,0,0,0,0,0,0
00:bin_000129,0,0,0,0,0,0,0,0,0,0,0,0,0,0,0,0,0,0,0,0,0,0,0,0,0,0,0,0,0,0,0,0,0,0,0,0,0,0,0,0,0,0
00:bin_000144,0,0,0,0,0,0,0,0,0,0,0,0,0,0,0,0,0,0,0,0,0,0,0,0,0,0,0,0,0,0,0,0,0,0,0,0,0,0,0,0,0,0
00:bin_000146,0,0,0,0,0,0,0,0,0,0,0,0,0,0,0,0,0,0,0,0,0,0,0,0,0,0,0,0,0,0,0,0,0,0,0,0,0,0,0,0,0,0
00:bin_000151,0,0,0,0,0,0,0,0,0,0,0,0,0,0,0,0,0,0,0,0,0,0,0,0,0,0,0,0,0,0,0,0,0,0,0,0,0,0,0,0,0,0
00:bin_000159,0,0,0,0,0,0,0,0,0,0,0,0,0,0,0,0,0,0,0,0,0,0,0,0,0,0,0,0,0,0,0,0,0,0,0,0,0,0,0,0,0,0
00:bin_000162,10.432,0,19.682,12.968,1.775,0,4.486,2.12,9.284,0,6.379,0,0,9.207,1.698,15.413,5.342,6.684,0,5.578,7.221,10.029,5.605,53.077,8.102,0,17.053,8.843,32.755,0,12.978,8.195,13.896,6.89,3.742,11.956,0,0,2.792,2.564,3.527,0
00:bin_000163,0,0,0,0,0,0,0,0,0,0,0,0,0,0,0,0,0,0,0,0,0,0,0,0,0,0,0,0,0,0,0,0,0,0,0,0,0,0,0,0,0,0
00:bin_000167,0,0,0,0,0,0,0,0,0,0,0,0,0,0,0,0,0,0,0,0,0,0,0,0,0,0,0,0,0,0,0,0,0,0,0,0,0,0,0,0,0,0
00:bin_000171,7.456,0,9.245,6.171,4.233,0,2.867,0,2.994,0,2.65,0,0,2.993,1.196,8.183,3.002,5.193,0,2.985,7.121,3.732,3.21,24.612,8.179,0,18.975,6.327,17.959,0,24.432,10.921,12.645,6.962,1.933,8.105,0,0,4.092,0,5.114,0
00:bin_000175,0,0,0,0,0,0,0,0,0,0,0,0,0,0,0,0,0,0,0,0,0,0,0,0,0,0,0,0,0,0,0,0,0,0,0,0,0,0,0,0,0,0
00:bin_000181,0,0,0,0,0,0,0,0,0,0,0,0,0,0,0,0,0,0,0,0,0,0,0,0,0,0,0,0,0,0,0,0,0,0,0,0,0,0,0,0,0,0
00:bin_000184,0,0,0,0,0,0,0,0,0,0,0,0,0,0,0,0,0,0,0,0,0,0,0,0,0,0,0,0,0,0,0,0,0,0,0,0,0,0,0,0,0,0
00:bin_000194,0,0,0,0,0,0,0,0,0,0,0,0,0,0,0,0,0,0,0,0,0,0,0,0,0,0,0,0,0,0,0,0,0,0,0,0,0,0,0,0,0,0
00:bin_000198,0,0,0,0,0,0,0,0,0,0,0,0,0,0,0,0,0,0,0,0,0,0,0,0,0,0,0,0,0,0,0,0,0,0,0,0,0,0,0,0,0,0
00:bin_000200,5.691,0,4.439,2.902,0,0,1.99,0,0,0,0,0,0,0,0,5.108,0,0,0,3.813,0,0,3.1,4.125,2.978,0,0,0,3.433,0,1.838,0,4.23,0,0,2.865,0,0,0,0,0,0
00:bin_000204,0,0,0,0,0,0,0,0,0,0,0,0,0,0,0,0,0,0,0,0,0,0,0,0,0,0,0,0,0,0,0,0,0,0,0,0,0,0,0,0,0,0
00:bin_000205,0,0,0,0,0,0,0,0,0,0,0,0,0,0,0,0,0,0,0,0,0,0,0,0,0,0,0,0,0,0,0,0,0,0,0,0,0,0,0,0,0,0
00:bin_000212,0,0,0,0,0,0,0,0,0,0,0,0,0,0,0,0,0,0,0,0,0,0,0,0,0,0,0,0,0,0,0,0,0,0,0,0,0,0,0,0,0,0
00:bin_000217,2.09,0,5.853,6.923,0,0,1.421,0,9.873,0,2.39,0,0,0,0,4.621,0,3.433,0,4.523,0,3.716,3.203,17.613,2.929,0,2.315,9.645,17.249,0,6.75,5.89,5.523,0,0,3.252,0,0,2.014,0,0,0
00:bin_000221,0,0,0,0,0,0,0,0,0,0,0,0,0,0,0,0,0,0,0,0,0,0,0,0,0,0,0,0,0,0,0,0,0,0,0,0,0,0,0,0,0,0
00:bin_000228,0,0,0,0,0,0,0,0,0,0,0,0,0,0,0,0,0,0,0,0,0,0,0,0,0,0,0,0,0,0,0,0,0,0,0,0,0,0,0,0,0,0
00:bin_000232,0,0,0,0,0,0,0,0,2.019,0,0,0,0,0,0,2.299,0,2.983,0,0,0,1.975,0,2.952,0,0,2.683,0,0,0,0,0,0,1.707,0,0,0,0,0,0,0,0
00:bin_000238,1.801,0,0,0,0,0,0,0,0,0,0,0,0,0,0,0,0,0,0,0,0,2.811,0,2.735,1.635,0,2.127,0,4.86,0,1.834,0,2.536,0,0,0,0,0,0,0,0,0
00:bin_000241,0,0,9.438,8.64,7.632,0,2.836,0,4.26,0,3.125,0,0,0,1.248,6.262,6.234,3.822,0,0,8.994,8.475,3.22,27.295,2.826,0,8.213,20.129,5.164,0,8.175,3.769,10.901,3.012,1.8,12.425,0,0,2.224,0,4.327,0
00:bin_000243,0,0,0,0,0,0,0,0,0,0,0,0,0,0,0,0,0,0,0,0,0,0,0,0,0,0,0,0,0,0,0,0,0,0,0,0,0,0,0,0,0,0
00:bin_000285,0,0,0,0,0,0,0,0,0,0,0,0,0,0,0,0,0,0,0,0,0,0,0,0,0,0,0,0,0,0,0,0,0,0,0,0,0,0,0,0,0,0
00:bin_000287,0,0,0,0,0,0,0,0,0,0,0,0,0,0,0,0,0,0,0,0,0,0,0,0,0,0,0,0,0,0,0,0,0,0,0,0,0,0,0,0,0,0
00-TM1:bin_000014,70.647,0,136.236,74.8,7.992,0,56.057,23.423,111.343,0,22.847,1.791,1.76,25.201,11.484,50.887,22.092,50.515,0,50.472,74.454,75.462,34.762,227.452,53.285,0,85.76,41.457,139.852,4.473,107.834,58.644,93.498,34.028,14.262,88.495,2.039,0,33.008,15.231,32.646,0
00-TM1:bin_000022,44.027,0,81.267,47.229,14.97,0,27.638,11.433,36.848,0,33.894,0,0,19.635,6.951,72.653,39.476,38.314,0,23.675,27.462,34.665,30.114,179.908,44.156,0,63.696,46.382,82.74,0,55.146,44.436,69.919,21.8,19.714,37.145,0,0,19.539,12.813,14.401,0
00-TM1:bin_000047,0,0,0,0,0,0,0,0,0,0,0,0,0,0,0,0,0,0,0,0,0,0,0,0,0,0,0,0,0,0,0,0,0,0,0,0,0,0,0,0,0,0
00-TM1:bin_000048,0,0,0,0,0,0,0,0,0,0,0,0,0,0,0,0,0,0,0,0,0,0,0,0,0,0,0,0,0,0,0,0,0,0,0,0,0,0,0,0,0,0
00-TM1:bin_000056,0,0,0,0,0,0,0,0,0,0,0,0,0,0,0,0,0,0,0,0,0,0,0,0,0,0,0,0,0,0,0,0,0,0,0,0,0,0,0,0,0,0
00-TM1:bin_000074,0,0,0,0,0,0,0,0,0,0,0,0,0,0,0,0,0,0,0,0,0,0,0,0,0,0,0,0,0,0,0,0,0,0,0,0,0,0,0,0,0,0
00-TM1:bin_000078,0,0,0,0,0,0,0,0,0,0,0,0,0,0,0,0,0,0,0,0,0,0,0,0,0,0,0,0,0,0,4.772,0,0,0,0,0,0,0,1.73,0,0,0
00-TM1:bin_000084,4.2,0,12.755,6.337,0,0,1.402,0,2.651,0,0,0,0,0,1.206,4.655,2.109,7.614,0,0,1.823,7.187,0,17.528,2.11,0,7.08,13.076,3.902,0,3.127,4.916,5.57,4.55,0,11.661,0,0,1.757,2.133,0,0
00-TM1:bin_000088,4.365,0,8.686,5.182,0,0,2.581,0,0,0,3.136,0,0,0,0,3.917,2.88,2.266,0,3.437,5.058,1.689,2.991,8.834,3.155,0,7.622,3.665,2.18,0,2.457,9.251,9.023,2.052,0,3.181,0,0,0,0,0,0
00-TM1:bin_000099,0,0,0,0,0,0,0,0,0,0,0,0,0,0,0,0,0,0,0,0,0,0,0,0,0,0,0,0,0,0,0,0,0,0,0,0,0,0,0,0,0,0
00-TM1:bin_000117,0,0,0,0,0,0,0,0,0,0,0,0,0,0,0,0,0,0,0,0,0,0,0,0,0,0,0,0,4.438,0,0,0,0,0,0,0,0,0,0,0,0,0
00-TM1:bin_000135,2.371,0,5.271,4.432,0,0,1.714,0,2.712,0,0,0,0,0,0,3.056,2.493,2.118,0,0,1.992,3.389,1.882,11.069,2.614,0,4.204,5.575,5.291,0,3.564,3.274,4.983,1.931,0,4.844,0,0,0,0,0,0
00-TM2:bin_000005,0,0,0,0,0,0,0,0,0,0,0,0,0,0,0,0,0,0,0,0,0,0,0,0,0,0,0,0,0,0,0,0,0,0,0,0,0,0,0,0,0,0
00-TM2:bin_000007,35.868,0,121.671,64.535,12.453,0,36.98,11.461,48.463,2.542,32.783,0,0,23.95,6.764,48.97,26.943,40.536,0,25.254,37.843,53.06,21.326,197.835,61.413,0,84.307,32.537,136.075,2.858,83.025,45,86.291,33.673,20.254,61.53,0,0,16.706,20.403,34.506,0
00-TM2:bin_000016,0,0,0,0,0,0,0,0,0,0,0,0,0,0,0,0,0,0,0,0,0,0,0,0,0,0,0,0,0,0,0,0,0,0,0,0,0,0,0,0,0,0
00-TM2:bin_000034,2.159,0,10.385,3.04,2.194,0,0,0,2.214,0,2.115,0,0,0,0,2.091,0,0,0,4.23,1.842,2.018,3.705,11.155,1.641,0,0,7.644,6.43,0,4.094,3.362,3.376,0,0,4.487,0,0,0,2.212,0,0
00-TM2:bin_000054,0,0,0,0,0,0,0,0,0,0,0,0,0,0,0,0,0,0,0,0,0,0,0,0,0,0,0,0,0,0,0,0,0,0,0,0,0,0,0,0,0,0
00-TM2:bin_000080,2.093,0,5.125,5.917,1.839,0,1.912,0,2.977,0,0,0,0,0,0.812,6.788,2.383,2.196,0,3.278,3.29,2.813,3.712,17.488,6.155,0,5.175,8.293,10.514,0,5.686,5.232,5.318,2.002,0,5.335,0,0,1.959,2.32,3.981,0
00-TM2:bin_000086,0,0,0,0,0,0,0,0,0,0,0,0,0,0,0,0,0,0,0,0,0,0,0,0,0,0,0,0,0,0,0,0,0,0,0,0,0,0,0,0,0,0
00-TM2:bin_000116,1.916,0,2.522,1.792,0,0,0.846,0,0,0,0,0,0,0,0,3.256,0,0,0,0,0,0,0,2.73,2.311,0,0,0,5.004,0,0,0,3.151,0,0,0,0,0,0,0,0,0
00-TM3:bin_000043,0,0,0,0,0,0,0,0,0,0,0,0,0,0,0,0,0,0,0,0,0,0,0,0,0,0,0,0,0,0,0,0,0,0,0,0,0,0,0,0,0,0
00-TM3:bin_000053,0,0,0,0,0,0,0,0,0,0,0,0,0,0,0,0,0,0,0,0,0,0,0,0,0,0,0,0,0,0,0,0,0,0,0,0,0,0,0,0,0,0
00-TM3:bin_000079,0,0,11.357,2.287,0,0,1.483,0,5.517,0,0,0,0,0,1.413,8.474,8.754,0,0,0,0,3.46,0,21.547,5.959,0,5.438,4.593,5.684,0,0,0,21.329,8.234,0,0,0,0,2.31,0,1.963,0
00-TM4:bin_000006,0,0,0,0,0,0,0,0,0,0,0,0,0,0,0,0,0,0,0,0,0,0,0,0,0,0,0,0,0,0,0,0,0,0,0,0,0,0,0,0,0,0
00-TM4:bin_000010,25.611,0,55.747,30.984,3.495,0,17.559,3.792,15.522,2.782,16.643,0,3.56,14.202,4.469,49.484,12.17,20.018,0,43.018,23.572,21.041,46.28,67.795,30.609,0,25.629,12.103,31.51,9.162,14.387,18.21,32.226,16.875,3.649,37.523,0,0,17.521,13.722,3.51,0
00-TM4:bin_000018,0,0,2.197,2.413,0,0,0,0,0,0,0,0,0,0,0,0,0,0,0,0,0,2.07,0,3.255,2.5,0,2.086,0,3.19,0,0,3.572,0,0,0,0,0,0,0,0,0,0
00-TM4:bin_000030,3.361,0,9.495,4.953,3.117,0,1.397,1.887,6.395,0,3.21,0,0,0,0,5.371,3.086,3.113,0,3.217,2.644,2.42,0,17.53,6.112,0,3.189,8.269,15.451,0,5.764,5.913,11.042,0,0,3.502,0,0,1.654,2.145,0,0
00-TM4:bin_000036,34.15,0,61.062,22.223,7.399,0,28.237,8.46,30.512,1.613,27.539,0,0,10.952,4.656,35.074,6.802,24.288,0,31.417,35.515,45.418,17.461,107.937,42.074,0,79.551,23.444,117.504,2.631,46.149,26.261,90.944,24.445,9.219,45.561,0,0,15.924,7.399,26.685,0
07:bin_000036,0,0,0,0,0,0,0,0,0,0,0,0,0,0,0,0,0,0,0,0,0,0,0,0,0,0,0,0,0,0,0,0,0,0,0,0,0,0,0,0,0,0
07:bin_000056,0,0,0,0,0,0,0,0,0,0,0,0,0,0,0,0,0,0,0,0,0,0,0,0,0,0,0,0,0,0,0,0,0,0,0,0,0,0,0,0,0,0
07:bin_000064,0,0,0,0,0,0,0,0,0,0,0,0,0,0,0,0,0,0,0,0,0,0,0,0,0,0,0,0,0,0,0,0,0,0,0,0,0,0,0,0,0,0
07:bin_000080,0,0,0,0,0,0,0,0,0,0,0,0,0,0,0,0,0,0,0,0,0,0,0,0,0,0,0,0,0,0,0,0,0,0,0,0,0,0,0,0,0,0
07:bin_000086,0,0,0,0,0,0,0,0,0,0,0,0,0,0,0,0,0,0,0,0,0,0,0,0,0,0,0,0,0,0,0,0,0,0,0,0,0,0,0,0,0,0
07:bin_000111,0,0,0,0,0,0,0,0,0,0,0,0,0,0,0,0,0,0,0,0,0,0,0,0,0,0,0,0,0,0,0,0,0,0,0,0,0,0,0,0,0,0
07:bin_000158,0,0,0,0,0,0,0,0,0,0,0,0,0,0,0,0,0,0,0,0,0,0,0,0,0,0,0,0,0,0,0,0,0,0,0,0,0,0,0,0,0,0
07:bin_000176,0,0,0,0,0,0,0,0,0,0,0,0,0,0,0,0,0,0,0,0,0,0,0,0,0,0,0,0,0,0,0,0,0,0,0,0,0,0,0,0,0,0
07-TM1:bin_000001,0,0,0,0,0,0,0,0,0,0,0,0,0,0,0,0,0,0,0,0,0,0,0,0,0,0,0,0,0,0,0,0,0,0,0,0,0,0,0,0,0,0
07-TM2:bin_000008,0,0,0,0,0,0,0,0,0,0,0,0,0,0,0,0,0,0,0,0,0,0,0,0,0,0,0,0,0,0,0,0,0,0,0,0,0,0,0,0,0,0
07-TM2:bin_000021,15.707,0,42.322,31.877,14.067,0,13.921,6.079,5.665,1.753,6.527,0,0,5.408,2.062,28.095,4.692,19.69,0,14.292,17.563,22.738,15.246,70.952,23.376,0,36.741,17.022,85.098,0,33.567,26.805,38.852,11.12,10.697,19.923,0,0,1.903,9.992,12.556,0
07-TM4:bin_000002,0,0,0,0,0,0,0,0,0,0,0,0,0,0,0,0,0,0,0,0,0,0,0,0,0,0,0,0,0,0,0,0,0,0,0,0,0,0,0,0,0,0
07-TM4:bin_000027,0,0,0,0,0,0,0,0,0,0,0,0,0,0,0,0,0,0,0,0,0,0,0,0,0,0,0,0,0,0,0,0,0,0,0,0,0,0,0,0,0,0
07-TM4:bin_000032,0,0,0,0,0,0,0,0,0,0,0,0,0,0,0,0,0,0,0,0,0,0,0,0,0,0,0,0,0,0,0,0,0,0,0,0,0,0,0,0,0,0
07-TM4:bin_000058,0,0,0,0,0,0,0,0,0,0,0,0,0,0,0,0,0,0,0,0,0,0,0,0,0,0,0,0,0,0,0,0,0,0,0,0,0,0,0,0,0,0
07-TM4:bin_000059,0,0,0,0,0,0,0,0,0,0,0,0,0,0,0,0,0,0,0,0,0,0,0,0,0,0,0,0,0,0,0,0,0,0,0,0,0,0,0,0,0,0
07-TM4:bin_000064,0,0,0,0,0,0,0,0,0,0,0,0,0,0,0,0,0,0,0,0,0,0,0,0,0,0,0,0,0,0,0,0,0,0,0,0,0,0,0,0,0,0
14:bin_000004,0,0,0,0,0,0,0,0,0,0,0,0,0,0,0,0,0,0,0,0,0,0,0,0,0,0,0,0,0,0,0,0,0,0,0,0,0,0,0,0,0,0
14:bin_000010,0,0,0,0,0,0,0,0,0,0,0,0,0,0,0,0,0,0,0,0,0,0,0,0,0,0,0,0,0,0,0,0,0,0,0,0,0,0,0,0,0,0
14:bin_000014,0,0,3.482,0,0,0,0,0,0,0,0,0,0,0,0,0,0,0,0,0,0,0,0,6.128,1.748,0,0,5.771,4.285,0,3.788,2.947,2.672,0,0,0,0,0,0,2.315,0,0
14:bin_000062,0,0,2.605,2.527,0,0,1.277,0,2.926,0,0,0,0,0,0,0,0,2.056,0,0,0,0,0,5.265,1.762,0,2.996,1.712,1.665,0,2.863,0,2.944,0,0,0,0,0,0,0,0,0
14:bin_000091,0,0,0,0,0,0,0,0,0,0,0,0,0,0,0,0,0,0,0,0,0,0,0,0,0,0,0,0,0,0,0,0,0,0,0,0,0,0,0,0,0,0
14:bin_000192,0,0,2.517,2.186,0,0,0.917,0,0,0,0,0,0,0,0,0,0,0,0,0,0,1.672,0,5.313,1.402,0,2.019,2.868,2.393,0,1.865,0,2.214,0,0,2.132,0,0,0,0,0,0
14-TM1:bin_000012,0,0,0,0,0,0,0,0,0,0,0,0,0,0,0,0,0,0,0,0,0,0,0,0,0,0,0,0,0,0,0,0,0,0,0,0,0,0,0,0,0,0
14-TM1:bin_000017,11.531,0,15.217,4.681,0,0,5.323,0,1.979,0,3.301,0,0,0,0,2.62,0,3.833,0,9.41,4.541,13.912,2.229,11.703,12.497,0,21.467,3.477,51.848,0,15.957,5.923,23.865,4.47,2.321,7.055,0,0,0,1.883,10.134,0
14-TM2:bin_000049,0,0,0,0,0,0,0,0,0,0,0,0,0,0,0,0,0,0,0,0,0,0,0,0,0,0,0,0,0,0,0,0,0,0,0,0,0,0,0,0,0,0
14-TM4:bin_000004,66.539,4.403,114.549,81.825,23.396,0,37.971,17.749,43.126,6.783,25.9,0,8.494,20.365,7.086,46.332,4.742,38.069,0,55.575,35.389,51.3,28.054,166.279,92.671,0,49.783,42.01,170.702,5.188,55.139,79.348,152.486,20.066,16.455,42.76,1.75,0,14.269,30.323,23.833,2.374
14-TM4:bin_000010,0,0,0,0,0,0,0,0,0,0,0,0,0,0,0,0,0,0,0,0,0,0,0,0,0,0,0,0,0,0,0,0,0,0,0,0,0,0,0,0,0,0
14-TM4:bin_000035,3.084,0,5.295,4.043,1.917,0,1.093,0,2.635,0,2.003,0,0,0,0.732,3.312,0,3.112,0,2.116,0,3.165,2.594,15.573,2.382,0,1.999,4.09,3.875,0,0,2.634,3.881,1.9,0,2.093,0,0,0,0,0,0
14-TM4:bin_000089,0,0,0,0,0,0,0,0,0,0,0,0,0,0,0,0,0,0,0,0,0,0,0,0,0,0,0,0,0,0,0,0,0,0,0,0,0,0,0,0,0,0
14-TM4:bin_000109,0,0,0,0,0,0,0,0,0,0,0,0,0,0,0,0,0,0,0,0,0,0,0,0,0,0,0,0,0,0,0,0,0,0,0,0,0,0,0,0,0,0
21:bin_000024,0,0,0,0,0,0,0,0,0,0,0,0,0,0,0,0,0,0,0,0,0,0,0,0,0,0,0,0,0,0,0,0,0,0,0,0,0,0,0,0,0,0
21:bin_000052,0,0,0,0,0,0,0,0,0,0,0,0,0,0,0,0,0,0,0,0,0,0,0,0,0,0,0,0,0,0,0,0,0,0,0,0,0,0,0,0,0,0
21:bin_000073,0,0,0,0,0,0,0,0,0,0,0,0,0,0,0,0,0,0,0,0,0,0,0,0,0,0,0,0,0,0,0,0,0,0,0,0,0,0,0,0,0,0
21:bin_000107,0,0,0,0,0,0,0,0,0,0,0,0,0,0,0,0,0,0,0,0,0,0,0,2.451,0,0,0,0,0,0,2.493,0,0,0,0,0,0,0,0,0,0,0
21:bin_000125,0,0,0,0,0,0,0,0,0,0,0,0,0,0,0,0,0,0,0,0,0,0,0,0,0,0,0,0,0,0,0,0,0,0,0,0,0,0,0,0,0,0
21:bin_000160,0,0,0,0,0,0,0,0,0,0,0,0,0,0,0,0,0,0,0,0,0,0,0,0,0,0,0,0,0,0,0,0,0,0,0,0,0,0,0,0,0,0
21:bin_000224,0,0,1.921,0,0,0,0,0,0,0,0,0,0,0,0,0,0,0,0,0,0,0,0,4.9,0,0,4.69,2.54,1.964,0,2.202,0,2.941,0,0,0,0,0,0,0,0,0
21-TM1:bin_000011,0,0,0,0,0,0,0,0,0,0,0,0,0,0,0,0,0,0,0,0,0,0,0,0,0,0,0,0,0,0,0,0,0,0,0,0,0,0,0,0,0,0
21-TM1:bin_000014,6.321,0,21.425,8.968,0,0,6.914,0,0,0,0,0,0,0,0,5.179,3.325,21.679,0,29.777,22.105,22.472,14.436,6.263,22.169,0,1.898,5.215,0,0,0,0,0,0,8.75,0,0,0,0,0,0,7.778
21-TM1:bin_000060,0,0,0,0,0,0,0,0,0,0,0,0,0,0,0,0,0,0,0,0,0,0,0,0,0,0,0,0,0,0,0,0,0,0,0,0,0,0,0,0,0,0
21-TM1:bin_000073,19.134,0,35.852,23.456,5.79,0,13.504,4.453,18.756,0,12.18,0,0,6.573,3.631,25.354,10.858,19.491,0,10.63,15.537,14.036,10.43,71.664,25.232,0,31.324,17.705,46.988,0,30.363,24.365,33.139,9.623,9.925,24.678,0,0,8.051,4.765,8.767,0
21-TM3:bin_000002,0,0,0,0,0,0,0,0,0,0,0,0,0,0,0,0,0,0,0,0,0,0,0,0,0,0,0,0,0,0,0,0,0,0,0,0,0,0,0,0,0,0
21-TM3:bin_000011,0,0,0,0,0,0,0,0,0,0,0,0,0,0,0,0,0,0,0,0,0,0,0,0,0,0,0,0,0,0,0,0,0,0,0,0,0,0,0,0,0,0
21-TM3:bin_000020,0,0,0,0,0,0,0,0,0,0,0,0,0,0,0,0,0,0,0,0,0,0,0,0,0,0,0,0,0,0,0,0,0,0,0,0,0,0,0,0,0,0
21-TM4:bin_000004,0,0,0,0,0,0,0,0,0,0,0,0,0,0,0,0,0,0,0,0,0,0,0,0,0,0,0,0,0,0,0,0,0,0,0,0,0,0,0,0,0,0
21-TM4:bin_000017,0,0,0,0,0,0,0,0,0,0,0,0,0,0,0,0,0,0,0,0,0,0,0,0,0,0,0,0,0,0,0,0,0,0,0,0,0,0,0,0,0,0
21-TM4:bin_000041,3.034,0,11.075,5.789,0,0,2.49,3.43,5.765,0,3.288,0,0,0,1.004,6.724,4.311,3.601,0,3.19,3.615,0,2.333,23.789,4.945,0,10.1,8.747,10.452,0,4.857,6.158,8.52,3.049,2.141,7.208,0,0,2.174,0,2.61,0
21-TM4:bin_000042,0,0,0,0,0,0,0,0,0,0,0,0,0,0,0,0,0,0,0,0,0,0,0,0,0,0,0,0,0,0,0,0,0,0,0,0,0,0,0,0,0,0
21-TM4:bin_000052,0,0,0,0,0,0,0,0,0,0,0,0,0,0,0,0,0,0,0,0,0,0,0,0,0,0,0,0,0,0,0,0,0,0,0,0,0,0,0,0,0,0
21-TM4:bin_000053,0,0,0,0,0,0,0,0,0,0,0,0,0,0,0,0,0,0,0,0,0,0,0,0,0,0,0,0,0,0,0,0,0,0,0,0,0,0,0,0,0,0
D300693:bin_000003,6.144,0,11.103,7.606,2.599,0,5.274,0,4.69,0,3.891,0,0,0,0.841,6.561,4.876,4.24,0,0,4.862,4.961,2.578,22.746,4.473,0,11.145,10.7,12.142,0,5.946,7.573,9.608,3.59,2.489,5.724,0,0,3.653,0,0,0
D300693:bin_000006,4.784,0,11.423,6.602,2.269,0,3.857,0,2.569,0,0,0,0,0,0,4.672,0,2.767,0,1.898,2.804,3.585,2.711,17.334,8.009,0,3.004,7.042,17.815,0,7.442,7.265,12.188,0,0,2.222,0,0,0,0,1.641,0
D300693:bin_000013,8.165,0,20.251,14.931,2.965,0,7.021,2.66,5.872,0,6.967,0,0,4.109,1.447,13.69,5.555,6.975,0,8.277,6.624,8.186,11.843,44.187,10.772,0,12.579,10.781,21.997,0,11.983,9.935,14.253,4.801,3.17,16.254,0,0,4.064,5.345,0,0
D300696:bin_000035,3.539,0,6.289,5.502,1.722,0,2.4,0,2.957,0,1.804,0,0,2.391,0.709,4.6,2.869,2.433,0,0,2.903,4.392,2.275,14.402,3.159,0,4.642,6.118,6.178,0,3.98,4.057,6.211,2.083,0,6.449,0,0,1.593,0,0,0
D300699:bin_000001,0,0,0,0,0,0,0,0,0,0,0,0,0,0,0,0,0,0,0,0,0,0,0,0,0,0,0,0,0,0,0,0,0,0,0,0,0,0,0,0,0,0
D300700:bin_000001,0,0,0,0,0,0,0,0,0,0,0,0,0,0,0,0,0,0,0,0,0,0,0,0,0,0,0,0,0,0,0,0,0,0,0,0,0,0,0,0,0,0
D300706:bin_000006,0,0,0,0,0,0,0,0,0,0,0,0,0,0,0,0,0,0,0,0,0,0,0,0,0,0,0,0,0,0,0,0,0,0,0,0,0,0,0,0,0,0
D300708:bin_000028,5.548,0,18.283,25.451,0,0,5.677,2.681,4.637,0,6.089,0,0,10.367,1.95,9.825,4.444,6.347,0,12.874,4.37,14.592,9.985,49.628,11.986,0,18.478,6.339,27.525,0,9.711,6.315,18.138,0,4.868,50.222,0,0,9.03,8.335,2.794,0
D300709:bin_000042,45.793,0,93.249,69.532,11.877,0,32.754,11.982,65.442,0,26.498,0,0,24.953,10.564,68.8,44.257,41.429,0,26.17,47.417,40.393,28.826,200.808,48.757,0,88.307,59.129,115.042,3.092,79.163,45.953,88.796,33.424,15.157,69.627,0,0,28.904,13.888,22.971,0
D300710:bin_000020,8.48,0,18.107,10.892,0,0,6.171,0,0,0,0,0,0,0,0,12.614,0,0,0,7.112,0,5.162,14.598,22.82,9.411,0,8.262,3.826,12.917,0,5.844,8.071,13.351,3.858,0,10.986,0,0,0,0,0,0
D300711:bin_000012,0,0,18.746,3.494,2.576,0,0,0,4.681,0,4.223,0,3.091,2.935,0,0,0,0,0,7.635,1.979,1.936,3.89,16.128,2.31,0,0,5.709,14.669,0,11.297,3.083,4.893,0,0,9.143,0,0,2.213,4.688,0,0
D300711:bin_000013,0,0,0,0,0,0,0,0,0,0,0,0,0,0,0,0,0,0,0,0,0,0,0,0,0,0,0,0,0,0,0,0,0,0,0,0,0,0,0,0,0,0
D300711:bin_000023,19.996,0,23.925,42.299,0,0,3.343,0,44.335,0,2.101,0,0,3.794,0.728,5.357,6.886,2.76,0,4.006,15.929,1.966,9.454,16.437,5.249,0,4.705,2.755,7.02,0,20.142,3.878,4.725,1.92,0,7.311,0,0,2.545,0,3.386,0
D300712:bin_000004,4.017,0,14.349,8.702,3.739,0,4.002,2.539,9.486,0,2.57,0,2.047,2.695,0,2.118,3.472,3.703,0,5.022,1.865,3.75,0,22.529,6.301,0,3.326,5.233,13.43,0,6.918,9.186,15.913,1.681,2.246,5.019,0,0,3.108,4.468,1.992,0
D300712:bin_000006,83.434,0,198.174,132.038,39.876,0,71.618,33.51,83.425,3.144,61.12,0,3.82,46.953,17.48,164.95,112.937,122.934,0,67.847,81.574,93.71,55.302,509.566,125.84,0,211.618,135.107,289.084,4.755,138.112,118.01,218.97,56.583,41.386,129.997,0,0,41.915,34.84,46.401,0
D300712:bin_000007,12.272,0,32.324,15.287,7.941,0,16.047,2.953,25.04,0,11.721,0,0,9.509,4.809,27.806,14.886,13.756,0,4.497,8.498,14.504,19.949,97.327,15.406,0,39.548,41.363,55.916,0,24.743,20.489,25.211,19.705,7.738,22.512,0,0,8.17,5.162,5.971,0
D300712:bin_000016,12.613,0,31.857,16.571,7.853,0,10.438,4.106,20.358,4.249,4.508,0,0,5.943,4.303,22.114,27.453,20.494,0,7.632,12.998,20.523,7.972,77.43,18.944,0,39.063,22.062,33.812,0,16.535,14.677,34.001,17.049,3.713,34.35,0,0,13.136,3.647,6.965,0
D300713:bin_000003,0,0,0,0,0,0,1.806,0,0,0,0,0,0,0,0,0,0,0,0,0,0,0,0,0,0,0,0,0,6.213,0,0,0,0,0,0,0,0,0,0,0,0,0
D300713:bin_000009,4.61,0,7.335,7.821,1.936,0,2.967,0,0,0,0,0,0,0,0,3.938,0,2.427,0,4.259,3.26,4.386,2.448,8.359,6.161,0,3.556,2.413,15.546,0,4.147,5.449,9.442,1.735,0,5.481,0,0,0,3.268,0,0
D300714:bin_000008,10.64,0,23.412,20.166,8.726,0,7.211,0,13.377,0,13.122,0,0,7.463,2.78,28.765,12.767,7.988,0,7.675,10.704,15.644,4.952,63.847,15.007,0,33.829,20.433,36.521,0,15.504,12.321,24.187,8.477,6.008,20.296,0,0,5.198,7.141,3.994,0
D300719:bin_000003,5.834,0,3.179,2.542,0,0,0,0,1.812,0,0,0,0,0,0,0,0,0,0,2.904,1.636,0,2.714,8.53,3.956,0,0,0,3.181,0,0,0,2.579,0,0,0,0,0,1.883,1.941,2.516,0
D300719:bin_000008,0,0,0,0,0,0,0,0,0,0,0,0,0,0,0,0,0,0,0,0,0,0,0,0,0,0,0,0,0,0,0,0,0,0,0,0,0,0,0,0,0,0
D300720:bin_000001,0,0,0,0,0,0,0,0,0,0,0,0,0,0,0,0,0,0,0,0,0,0,0,0,0,0,0,0,0,0,0,0,0,0,0,0,0,0,0,0,0,0
D300723:bin_000001,0,0,0,0,0,0,0,0,0,0,0,0,0,0,0,0,0,0,0,0,0,0,0,0,0,0,0,0,0,0,0,0,0,0,0,0,0,0,0,0,0,0
D300723:bin_000008,8.818,0,40.244,8.243,5.249,0,5.113,2.308,10.057,0,12.563,0,0,9.341,2.024,12.997,2.305,5.666,0,8.995,8.998,3.712,10.787,36.511,13.723,0,4.704,10.675,17.594,0,4.126,8.802,14.318,7.66,2.327,31.406,0,0,3.065,2.87,3.323,0
D300729:bin_000019,8.261,0,16.925,8.716,0,0,6.442,0,7.14,0,5.86,0,0,0,0,11.51,0,7.373,0,7.065,7.616,9.46,5.426,32.393,10.921,0,17.319,8.225,26.679,0,11.57,8.361,19.824,5.108,3.089,11.358,0,0,3.463,0,5.056,0
D300742:bin_000002,6.042,0,16.924,10.399,9.056,0,3.95,2.732,3.711,1.756,3.515,0,0,2.937,0.911,7.247,0,3.109,0,5.984,2.69,4.713,4.844,21.93,8.081,0,4.901,17.618,19.633,0,8.591,11.701,20.921,2.786,2.663,7.273,0,0,2.009,7.161,3.352,0
D300748:bin_000014,7.338,0,13.557,14.556,4.518,0,3.727,0,4.922,1.822,1.858,0,0,2.37,1.151,8.563,2.329,2.905,0,5.714,5.238,5.062,4.894,24.481,8.091,0,6.239,11.724,20.891,0,8.951,5.917,13.868,1.963,1.808,5.673,0,0,2.575,3.26,3.347,0
D300750:bin_000009,0,0,0,0,0,0,0,0,0,0,0,0,0,0,0,0,0,0,0,0,0,0,0,0,0,0,0,0,0,0,0,0,0,0,0,0,0,0,0,0,0,0
D300751:bin_000024,0,0,0,0,0,0,0,0,0,0,0,0,0,0,0,0,0,0,0,0,0,0,0,0,0,0,0,0,0,0,0,0,0,0,0,0,0,0,0,0,0,0
D300751:bin_000031,0,0,0,0,0,0,0,0,0,0,0,0,0,0,0,0,0,0,0,0,0,0,0,0,0,0,0,0,0,0,0,0,0,0,0,0,0,0,0,0,0,0
D300754:bin_000002,0,0,0,0,0,0,0,0,0,0,0,0,0,0,0,0,0,0,0,0,0,0,0,0,0,0,0,0,0,0,0,0,0,0,0,0,0,0,0,0,0,0
D300754:bin_000004,0,0,0,0,0,0,0,0,0,0,0,0,0,0,0,0,0,0,0,0,0,0,0,0,0,0,0,0,0,0,0,0,0,0,0,0,0,0,0,0,0,0
D300755:bin_000017,0,0,0,0,0,0,0,0,0,0,0,0,0,0,0,0,0,0,0,0,0,0,0,0,0,0,0,0,0,0,0,0,0,0,0,0,0,0,0,0,0,0
D300757:bin_000005,0,0,0,0,0,0,0,0,0,0,0,0,0,0,0,0,0,0,0,0,0,0,0,0,0,0,0,0,0,0,0,0,0,0,0,0,0,0,0,0,0,0
D300759:bin_000011,0,0,0,0,0,0,0,0,0,0,0,0,0,0,0,0,0,0,0,0,0,0,0,3.97,0,0,0,0,1.952,0,0,0,2.11,0,0,0,0,0,0,0,0,0
D300759:bin_000036,0,0,0,0,0,0,0,0,0,0,0,0,0,0,0,0,0,0,0,0,0,0,0,0,0,0,0,0,0,0,0,0,0,0,0,0,0,0,0,0,0,0
D300760:bin_000013,0,0,0,0,0,0,0,0,0,0,0,0,0,0,0,0,0,0,0,0,0,0,0,0,0,0,0,0,0,0,0,0,0,0,0,0,0,0,0,0,0,0
D300763:bin_000009,0,0,0,0,0,0,0,0,0,0,0,0,0,0,0,0,0,0,0,0,0,0,0,0,0,0,0,0,0,0,0,0,0,0,0,0,0,0,0,0,0,0
D300763:bin_000013,0,0,0,0,0,0,0,0,0,0,0,0,0,0,0,0,0,0,0,0,0,0,0,0,0,0,0,0,0,0,0,0,0,0,0,0,0,0,0,0,0,0
D300763:bin_000022,40.016,1.944,83.413,40.319,10.559,0,19.843,10.718,28.915,3.444,16.626,0,0,8.81,4.442,39.216,12.129,21.376,0,27.317,24.085,25.982,43.362,108.515,53.032,0,19.401,27.26,89.3,2.778,51.993,33.345,63.598,14.06,15.26,42.409,0,0,12.086,15.845,11.976,0
D300763:bin_000032,0,0,0,0,0,0,0,0,0,0,0,0,0,0,0,0,0,0,0,0,0,0,0,0,0,0,0,0,0,0,0,0,0,0,0,0,0,0,0,0,0,0
D300764:bin_000008,40.011,0,90.675,35.342,2.971,0,29.802,6.371,14.905,2.321,23.407,0,2.017,15.786,6.161,72.523,22.874,15.558,0,36.714,18.664,23.865,64.012,94.874,42.626,0,34.551,10.678,44.118,11.506,15.18,32.149,60.421,17.047,5.831,53.521,0,0,17.622,19.064,5.898,0
D300764:bin_000013,0,0,0,0,0,0,0,0,0,0,0,0,0,0,0,0,0,0,0,0,0,0,0,0,0,0,0,0,0,0,0,0,0,0,0,0,0,0,0,0,0,0
D300766:bin_000008,0,0,0,0,0,0,0,0,0,0,0,0,0,0,0,0,0,0,0,0,0,0,0,0,0,0,0,0,0,0,0,0,0,0,0,0,0,0,0,0,0,0
D300766:bin_000009,0,0,8.527,2.302,0,0,1.032,0,3.091,0,1.901,0,0,0,0,2.466,3.58,0,0,3.063,0,0,2.215,12.677,0,0,2.652,5.179,5.424,0,4.666,0,2.153,0,0,8.813,0,0,0,0,0,0
MPB:bin_000002,0,0,0,0,0,0,0,0,0,0,0,0,0,0,0,0,0,0,0,0,0,0,0,0,0,0,0,0,0,0,0,0,0,0,0,0,0,0,0,0,0,0
MPB:bin_000004,0,0,0,0,0,0,0,0,0,0,0,0,0,0,0,0,0,0,0,0,0,0,0,0,0,0,0,0,0,0,0,0,0,0,0,0,0,0,0,0,0,0
MPB:bin_000005,0,0,5.365,0,0,0,1.701,0,0,0,0,0,0,0,0,0,0,0,0,0,3.61,0,0,8.116,3.755,0,3.614,0,5.752,0,3.237,16.344,4.062,0,0,0,0,0,0,0,1.933,0
MPB:bin_000006,2.102,0,4.333,2.251,0,0,0,0,0,0,0,0,0,0,0,0,0,0,0,0,0,0,0,2.429,2.263,0,1.631,0,3.437,0,0,1.857,2.202,0,0,0,0,0,0,0,0,0
MPB:bin_000007,0,0,0,0,0,0,0,0,0,0,0,0,0,0,0,0,0,0,0,0,0,0,0,0,0,0,0,0,0,0,0,0,0,0,0,0,0,0,0,0,0,0
MPB:bin_000009,0,0,0,0,0,0,0,0,0,0,0,0,0,0,0,0,0,0,0,0,0,0,0,0,0,0,0,0,0,0,0,0,0,0,0,0,0,0,0,0,0,0
MPB:bin_000010,0,0,0,0,0,0,0,0,0,0,0,0,0,0,0,0,0,0,0,0,0,0,0,0,0,0,0,0,0,0,0,0,0,0,0,0,0,0,0,0,0,0
MPB:bin_000011,0,0,0,0,0,0,0,0,0,0,0,0,0,0,0,0,0,0,0,0,0,0,0,0,0,0,0,0,0,0,0,0,0,0,0,0,0,0,0,0,0,0
MPB:bin_000016,0,0,11.158,2.905,0,0,1.848,0,0,0,5.675,0,0,0,0,6.093,0,2.111,0,2.272,5.681,0,0,3.295,2.891,0,3.561,0,14.31,0,4.542,1.751,4.747,2.723,0,5.303,0,0,0,0,0,0
MPB:bin_000017,0,0,0,0,0,0,0,0,0,0,0,0,0,0,0,0,0,0,0,0,0,0,0,0,0,0,0,0,0,0,0,0,0,0,0,0,0,0,0,0,0,0
MPB:bin_000019,0,0,0,0,0,0,0,0,0,0,0,0,0,0,0,0,0,0,0,0,0,0,0,0,0,0,0,0,0,0,0,0,0,0,0,0,0,0,0,0,0,0
MPB:bin_000021,0,0,0,0,0,0,0,0,0,0,0,0,0,0,0,0,0,0,0,0,0,0,0,0,0,0,0,0,0,0,0,0,0,0,0,0,0,0,0,0,0,0
MPB:bin_000022,0,0,0,0,0,0,0,0,0,0,0,0,0,0,0,0,0,0,0,0,0,0,0,0,0,0,0,0,0,0,0,0,0,0,0,0,0,0,0,0,0,0
MPB:bin_000023,0,0,0,0,0,0,0,0,0,0,0,0,0,0,0,0,0,0,0,0,0,0,0,0,0,0,0,0,0,0,0,0,0,0,0,0,0,0,0,0,0,0
MPB:bin_000026,0,0,0,0,0,0,0,0,0,0,0,0,0,0,0,0,0,0,0,0,0,0,0,0,0,0,0,0,0,0,0,0,0,0,0,0,0,0,0,0,0,0
MPB:bin_000030,0,0,0,0,0,0,0,0,0,0,0,0,0,0,0,0,0,0,0,0,0,0,0,0,0,0,0,0,2.515,0,0,0,0,0,0,0,0,0,0,0,0,0
MPB:bin_000034,0,0,0,0,0,0,0,0,0,0,0,0,0,0,0,0,0,0,0,0,0,0,0,0,0,0,0,0,0,0,0,0,0,0,0,0,0,0,0,0,0,0
MPB:bin_000035,0,0,0,0,0,0,0,0,0,0,0,0,0,0,0,0,0,0,0,0,0,0,0,0,0,0,0,0,0,0,0,0,0,0,0,0,0,0,0,0,0,0
MPB:bin_000037,0,0,0,0,0,0,0,0,0,0,0,0,0,0,0,0,0,0,0,0,0,0,0,0,0,0,0,0,0,0,0,0,0,0,0,0,0,0,0,0,0,0
MPB:bin_000040,0,0,0,0,0,0,0,0,0,0,0,0,0,0,0,0,0,0,0,0,0,0,0,0,0,0,0,0,0,0,0,0,0,0,0,0,0,0,0,0,0,0
MPB:bin_000041,0,0,0,0,0,0,0,0,0,0,0,0,0,0,0,0,0,0,0,0,0,0,0,0,0,0,0,0,0,0,0,0,0,0,0,0,0,0,0,0,0,0
MPB:bin_000042,28.475,0,34.345,25.271,25.591,0,12.881,6.726,36.408,0,7.256,0,0,17.119,4.362,22.237,29.791,13.391,0,0,24.164,13.726,8.029,105.362,38.562,0,57.126,19.437,36.885,1.853,60.648,44.677,23.93,17.738,16.273,20.706,2.092,0,13.561,3.572,18.411,0
MPB:bin_000044,0,0,0,0,0,0,0,0,0,0,0,0,0,0,0,0,0,0,0,0,0,0,0,0,0,0,0,0,0,0,0,0,0,0,0,0,0,0,0,0,0,0
MPB:bin_000047,0,0,0,0,0,0,0,0,0,0,0,0,0,0,0,0,0,0,0,0,0,0,0,0,0,0,0,0,0,0,0,0,0,0,0,0,0,0,0,0,0,0
MPB:bin_000048,0,0,0,0,0,0,0,0,0,0,0,0,0,0,0,0,0,0,0,0,0,0,0,0,0,0,0,0,0,0,0,0,0,0,0,0,0,0,0,0,0,0
MPB:bin_000049,0,0,0,0,0,0,0,0,0,0,0,0,0,0,0,0,0,0,0,0,0,0,0,0,0,0,0,0,0,0,0,0,0,0,0,0,0,0,0,0,0,0
MPB:bin_000050,0,0,0,0,0,0,0,0,0,0,0,0,0,0,0,0,0,0,0,0,0,0,0,0,0,0,0,0,0,0,0,0,0,0,0,0,0,0,0,0,0,0
MPB:bin_000051,0,0,0,0,0,0,0,0,0,0,0,0,0,0,0,0,0,0,0,0,0,0,0,0,0,0,0,0,0,0,0,0,0,0,0,0,0,0,0,0,0,0
MPB:bin_000052,6.172,0,17.5,9.18,4.747,0,5.117,2.339,12.98,0,3.763,0,3.18,2.833,1.113,4.41,4.165,3.822,0,12.447,5.603,4.751,3.694,31.028,11.123,0,4.377,8.753,23.683,0,17.48,9.35,14.514,0,2.165,9.453,0,0,3.64,0,3.92,0
MPB:bin_000053,0,0,0,0,0,0,0,0,0,0,0,0,0,0,0,0,0,0,0,0,0,0,0,0,0,0,0,0,0,0,0,0,0,0,0,0,0,0,0,0,0,0
MPB:bin_000055,0,0,0,0,0,0,0,0,0,0,0,0,0,0,0,0,0,0,0,0,0,0,0,0,0,0,0,0,0,0,0,0,0,0,0,0,0,0,0,0,0,0
MPB:bin_000057,0,0,0,0,0,0,0,0,0,0,0,0,0,0,0,0,0,0,0,0,0,0,0,0,0,0,0,0,0,0,0,0,0,0,0,0,0,0,0,0,0,0
MPB:bin_000059,0,0,0,0,0,0,0,0,0,0,0,0,0,0,0,0,0,0,0,0,0,0,0,0,0,0,0,0,0,0,0,0,0,0,0,0,0,0,0,0,0,0
MPB:bin_000061,0,0,0,0,0,0,0,0,0,0,0,0,0,0,0,0,0,0,0,0,0,0,0,0,0,0,0,0,0,0,0,0,0,0,0,0,0,0,0,0,0,0
MPB:bin_000062,0,0,0,0,0,0,0,0,0,0,0,0,0,0,0,0,0,0,0,0,0,0,0,0,0,0,0,0,0,0,0,0,0,0,0,0,0,0,0,0,0,0
MPB:bin_000063,0,0,4.082,4.938,0,0,1.563,0,2.014,0,0,0,0,0,0,3.263,1.912,2.574,0,0,0,3.6,0,10.596,2.845,0,4.388,4.933,4.684,0,4.12,2.446,4.27,0,0,3.253,0,0,0,0,0,0
MPB:bin_000064,0,0,3.678,0,0,0,0,0,0,0,0,0,0,0,0,0,0,0,0,0,0,0,0,7.144,0,0,0,3.348,3.989,0,0,0,0,0,0,0,0,0,0,0,0,0
MPB:bin_000065,33.192,0,75.735,44.086,11.48,0,23.704,11.883,27.747,2.672,16.352,0,0,15.206,5.688,49.034,31.599,37.465,0,19.548,32.417,41.208,19.924,139.044,36.738,0,64.227,29.258,75.214,1.9,42.172,33.451,66.747,19.31,16.761,46.573,1.67,0,16.334,13.34,13.678,0
MPB:bin_000066,0,0,3.748,0,0,0,0,0,2.033,0,0,0,0,0,0,0,0,0,0,0,0,0,0,3.968,1.651,0,0,0,2.64,0,4.8,1.558,2.844,0,0,0,0,0,0,2.892,0,0
MPB:bin_000069,9.926,0,18.396,12.724,2.972,0,6.432,2.671,6.545,0,6.85,0,0,3.985,1.613,15.233,12.217,3.915,0,7.772,4.154,5.523,15.336,30.263,10.495,0,14.772,10.36,15.012,1.821,9.074,10.34,14.892,5.24,2.476,10.114,0,0,6.238,5.865,2.635,0
MPB:bin_000070,0,0,0,0,0,0,0,0,0,0,0,0,0,0,0,0,0,0,0,0,0,0,0,0,0,0,0,0,0,0,2.091,0,0,0,0,0,0,0,0,0,0,0
MPB:bin_000072,0,0,0,0,0,0,0,0,0,0,0,0,0,0,0,0,0,0,0,0,0,0,0,0,0,0,0,0,0,0,0,0,0,0,0,0,0,0,0,0,0,0
MPB:bin_000073,0,0,0,0,0,0,0,0,0,0,0,0,0,0,0,0,0,0,0,0,0,0,0,0,0,0,0,0,0,0,0,0,0,0,0,0,0,0,0,0,0,0
MPB:bin_000074,0,0,0,0,0,0,0,0,0,0,0,0,0,0,0,0,0,0,0,0,0,0,0,0,0,0,0,0,0,0,0,0,0,0,0,0,0,0,0,0,0,0
MPB:bin_000075,0,0,0,0,0,0,0,0,0,0,0,0,0,0,0,0,0,0,0,0,0,0,0,0,0,0,0,0,0,0,0,0,0,0,0,0,0,0,0,0,0,0
MPB:bin_000076,0,0,0,0,0,0,0,0,0,0,0,0,0,0,0,0,0,0,0,0,0,0,0,0,0,0,0,0,0,0,0,0,0,0,0,0,0,0,0,0,0,0
MPB:bin_000079,0,0,0,0,0,0,0,0,0,0,0,0,0,0,0,0,0,0,0,0,0,0,0,0,0,0,0,0,0,0,0,0,0,0,0,0,0,0,0,0,0,0
MPB:bin_000080,0,0,0,0,0,0,0,0,0,0,0,0,0,0,0,0,0,0,0,0,0,0,0,0,0,0,0,0,0,0,0,0,0,0,0,0,0,0,0,0,0,0
MPB:bin_000081,0,0,0,0,0,0,0,0,0,0,0,0,0,0,0,0,0,0,0,0,0,0,0,0,0,0,0,0,0,0,0,0,0,0,0,0,0,0,0,0,0,0
MPB:bin_000082,0,0,0,0,0,0,0,0,0,0,0,0,0,0,0,0,0,0,0,0,0,0,0,2.762,0,0,0,0,0,0,0,0,0,0,0,0,0,0,0,0,0,0
MPB:bin_000083,0,0,0,0,0,0,0,0,0,0,0,0,0,0,0,0,0,0,0,0,0,0,0,0,0,0,0,0,0,0,0,0,0,0,0,0,0,0,0,0,0,0
MPB:bin_000085,0,0,0,0,0,0,0,0,0,0,0,0,0,0,0,0,0,0,0,0,0,0,0,0,0,0,0,0,0,0,0,0,0,0,0,0,0,0,0,0,0,0
MPB:bin_000087,0,0,0,0,0,0,0,0,0,0,0,0,0,0,0,0,0,0,0,0,0,0,0,0,0,0,0,0,0,0,0,0,0,0,0,0,0,0,0,0,0,0
MPB:bin_000088,0,0,0,0,0,0,0,0,0,0,0,0,0,0,0,0,0,0,0,0,0,0,0,0,0,0,0,0,0,0,0,0,0,0,0,0,0,0,0,0,0,0
MPB:bin_000090,0,0,0,0,0,0,0,0,0,0,0,0,0,0,0,0,0,0,0,0,0,0,0,0,0,0,0,0,0,0,0,0,0,0,0,0,0,0,0,0,0,0
MPB:bin_000091,0,0,0,0,0,0,0,0,0,0,0,0,0,0,0,0,0,0,0,0,0,0,0,0,0,0,0,0,0,0,0,0,0,0,0,0,0,0,0,0,0,0
MPB:bin_000092,0,0,0,0,0,0,0,0,0,0,0,0,0,0,0,0,0,0,0,0,0,0,0,0,0,0,0,0,0,0,0,0,0,0,0,0,0,0,0,0,0,0
MPB:bin_000093,5.166,0,7.281,4.635,2.198,0,0,0,0,0,0,0,0,0,0,0,2.232,2.853,0,0,0,2.936,2.955,13.543,3.273,0,3.455,4.527,6.246,0,3.212,5.101,6.067,0,0,3.536,0,0,2.047,0,0,0
MPB:bin_000094,9.188,0,18.941,19.107,3.63,0,5.432,3.968,10.083,0,5.871,0,0,3.304,2.724,20.623,10.365,9.378,0,5.141,5.875,9.938,9.919,45.959,9.598,0,17.637,25.274,17.807,0,11.341,6.729,21.427,8.37,0,9.353,0,0,3.675,2.457,0,0
MPB:bin_000095,0,0,0,0,0,0,0,0,0,0,0,0,0,0,0,0,0,0,0,0,0,0,0,0,0,0,0,0,0,0,0,0,0,0,0,0,0,0,0,0,0,0
MPB:bin_000097,0,0,0,0,0,0,0,0,0,0,0,0,0,0,0,0,0,0,0,0,0,0,0,0,0,0,0,0,0,0,0,0,0,0,0,0,0,0,0,0,0,0
MPB:bin_000100,0,0,0,8.551,0,0,0,0,0,0,0,0,0,0,0,10.742,0,0,0,0,0,0,0,24.405,0,0,0,0,15.971,0,0,0,13.191,0,0,0,0,0,0,0,0,0
MPB:bin_000103,0,0,0,0,0,0,0,0,0,0,0,0,0,0,0,0,0,0,0,0,0,0,0,0,0,0,0,0,0,0,0,0,0,0,0,0,0,0,0,0,0,0
MPB:bin_000105,0,0,4.01,0,0,0,0.896,0,0,0,0,0,0,0,0,0,0,2.367,0,2.481,0,0,0,2.992,0,0,0,0,2.119,0,0,0,2.454,0,0,0,0,0,0,0,0,0
MPB:bin_000106,0,0,0,0,0,0,0,0,0,0,0,0,0,0,0,0,0,0,0,0,0,0,0,0,0,0,0,0,0,0,0,0,0,0,0,0,0,0,0,0,0,0
MPB:bin_000107,0,0,0,0,0,0,0,0,0,0,0,0,0,0,0,0,0,0,0,0,0,0,0,0,0,0,0,0,0,0,0,0,0,0,0,0,0,0,0,0,0,0
MPB:bin_000108,0,0,0,0,0,0,0,0,0,0,0,0,0,0,0,0,0,0,0,0,0,0,0,0,0,0,0,0,0,0,0,0,0,0,0,0,0,0,0,0,0,0
MPB:bin_000109,0,0,5.23,5.646,0,0,2.534,0,2.569,0,0,0,0,0,0,5.117,0,0,0,2.366,2.317,2.496,0,9.993,3.702,0,7.626,3.826,5.678,0,2.928,2.664,4.422,2.459,0,0,0,0,2.255,0,0,0
MPB:bin_000110,4.116,0,18.276,34.377,0,0,5.078,0,6.425,0,5.32,0,0,2.891,1.802,20.193,5.734,8.39,0,4.091,4.669,6.388,7.343,33.73,10.056,0,6.506,16.438,15.624,0,22.64,7.631,15.691,5.19,2.566,14.32,0,0,6.585,7.352,10.02,0
MPB:bin_000111,0,0,0,0,0,0,0,0,0,0,0,0,0,0,0,0,0,0,0,0,0,0,0,0,0,0,0,0,0,0,0,0,0,0,0,0,0,0,0,0,0,0
MPB:bin_000113,0,0,0,0,0,0,0,0,0,0,0,0,0,0,0,0,0,0,0,0,0,0,0,0,0,0,0,0,0,0,0,0,0,0,0,0,0,0,0,0,0,0
MPB:bin_000114,0,0,0,0,0,0,0,0,0,0,0,0,0,0,0,0,0,0,0,0,0,0,0,0,0,0,0,0,0,0,0,0,0,0,0,0,0,0,0,0,0,0
MPB:bin_000115,0,0,0,0,0,0,0,0,0,0,0,0,0,0,0,0,0,0,0,0,0,0,0,0,0,0,0,0,0,0,0,0,0,0,0,0,0,0,0,0,0,0
MPB:bin_000116,0,0,0,0,0,0,0,0,0,0,0,0,0,0,0,0,0,0,0,0,0,0,0,0,0,0,0,0,0,0,0,0,0,0,0,0,0,0,0,0,0,0
MPB:bin_000120,0,0,0,0,0,0,0,0,0,0,0,0,0,0,0,0,0,0,0,0,0,0,0,0,0,0,0,0,0,0,0,0,0,0,0,0,0,0,0,0,0,0
MPB:bin_000122,0,0,0,0,0,0,0,0,0,0,0,0,0,0,0,0,0,0,0,0,0,0,0,2.541,0,0,0,0,0,0,3.513,0,0,0,0,0,0,0,0,0,0,0
MPB:bin_000123,0,0,0,0,0,0,0,0,0,0,0,0,0,0,0,0,0,0,0,0,0,0,0,1.731,0,0,0,0,0,0,0,0,0,0,0,0,0,0,0,0,0,0
MPB:bin_000125,6.439,0,27.357,11.013,3.39,0,8.763,0,10.392,0,6.895,0,0,4.522,2.474,22.165,6.769,20.01,0,5.71,13.403,9.734,11.198,70.42,14.525,0,14.557,18.029,23.749,0,17.696,12.481,16.313,8.258,4.451,12.548,0,0,5.958,2.148,3.612,0
MPB:bin_000127,0,0,0,0,0,0,0,0,0,0,0,0,0,0,0,0,0,0,0,0,0,0,0,0,0,0,0,0,0,0,0,0,0,0,0,0,0,0,0,0,0,0
MPB:bin_000129,0,0,0,0,0,0,0,0,0,0,0,0,0,0,0,0,0,0,0,0,0,0,0,0,0,0,0,0,0,0,0,0,0,0,0,0,0,0,0,0,0,0
MPB:bin_000130,0,0,0,0,0,0,0,0,0,0,0,0,0,0,0,0,0,0,0,0,0,0,0,0,0,0,0,0,0,0,0,0,0,0,0,0,0,0,0,0,0,0
MPB:bin_000131,0,0,0,0,0,0,0,0,0,0,0,0,0,0,0,0,0,1.963,0,0,0,0,0,2.058,0,0,0,0,3.416,0,3.698,0,2.331,0,0,0,0,0,0,0,0,0
MPB:bin_000132,6.426,2.967,43.222,10.915,4.923,0,3.924,4.073,13.432,2.022,12.332,0,3.892,6.759,1.396,6.224,8.732,4.692,0,19.439,7.987,6.067,11.645,50.258,7.808,0,7.156,16.18,23.435,0,25.014,9.015,12.726,3.514,2.673,26.34,0,0,5.522,7.525,3.228,0
MPB:bin_000133,0,0,3.817,0,0,0,0,0,0,0,0,0,0,0,0,0,0,0,0,0,0,0,0,6.499,2.812,0,0,0,4.792,0,3.454,0,3.723,0,0,0,0,0,0,0,0,0
MPB:bin_000135,0,0,0,0,0,0,0,0,0,0,0,0,0,0,0,0,0,0,0,0,0,0,0,0,0,0,0,0,0,0,0,0,0,0,0,0,0,0,0,0,0,0
MPB:bin_000136,0,0,0,0,0,0,0,0,0,0,0,0,0,0,0,0,0,0,0,0,0,0,0,0,0,0,0,0,0,0,0,0,0,0,0,0,0,0,0,0,0,0
MPB:bin_000137,0,0,0,0,0,0,0,0,0,0,0,0,0,0,0,0,0,0,0,0,0,0,0,0,0,0,0,0,0,0,0,0,0,0,0,0,0,0,0,0,0,0
MPB:bin_000138,0,0,5.567,0,2.839,0,0,0,0,0,0,0,0,0,0,3.166,0,0,0,0,0,0,0,10.551,2.823,0,3.264,2.932,4.164,0,0,0,5.732,0,0,3.53,0,0,0,1.938,0,0
MPB:bin_000140,0,0,0,0,0,0,0,0,0,0,0,0,0,0,0,0,0,0,0,0,0,0,0,0,0,0,0,0,0,0,0,0,0,0,0,0,0,0,0,0,0,0
MPB:bin_000141,0,0,0,0,0,0,0,0,0,0,0,0,0,0,0,0,0,0,0,0,0,0,0,0,0,0,0,0,0,0,0,0,0,0,0,0,0,0,0,0,0,0
MPB:bin_000143,0,0,0,0,0,0,0,0,0,0,0,0,0,0,0,0,0,0,0,0,0,0,0,0,0,0,0,0,0,0,0,0,0,0,0,0,0,0,0,0,0,0
MPB:bin_000144,0,0,0,0,0,0,0,0,0,0,0,0,0,0,0,0,0,0,0,0,0,0,0,0,0,0,0,0,0,0,0,0,0,0,0,0,0,0,0,0,0,0
MPB:bin_000145,0,0,0,0,0,0,0,0,0,0,0,0,0,0,0,0,0,0,0,0,0,0,0,0,0,0,0,0,0,0,0,0,0,0,0,0,0,0,0,0,0,0
MPB:bin_000146,0,0,0,0,0,0,0,0,0,0,0,0,0,0,0,0,0,0,0,0,0,0,0,0,0,0,0,0,0,0,0,0,0,0,0,0,0,0,0,0,0,0
MPB:bin_000147,0,0,0,0,0,0,0,0,0,0,0,0,0,0,0,0,0,0,0,0,0,0,0,0,0,0,0,0,0,0,0,0,0,0,0,0,0,0,0,0,0,0
MPB:bin_000148,0,0,0,0,0,0,0,0,0,0,0,0,0,0,0,0,0,0,0,0,0,0,0,0,0,0,0,0,0,0,0,0,0,0,0,0,0,0,0,0,0,0
MPB:bin_000149,0,0,0,0,0,0,0,0,0,0,0,0,0,0,0,0,0,0,0,0,0,0,0,0,0,0,0,0,0,0,0,0,0,0,0,0,0,0,0,0,0,0
MPB:bin_000150,0,0,0,0,0,0,0,0,0,0,0,0,0,0,0,0,0,0,0,0,0,0,0,0,0,0,0,0,0,0,0,0,0,0,0,0,0,0,0,0,0,0
MPB:bin_000152,2.362,0,7.86,6.478,0,0,2.77,0,3.677,0,2.235,0,0,0,0.87,4.211,3.018,2.623,0,0,2.412,4.029,2.472,14.482,4.492,0,6.04,6.454,6.691,0,4.326,4.269,6.911,2.122,1.906,5.268,0,0,1.759,0,0,0
MPB:bin_000153,5.031,0,25.365,8.967,3.192,0,8.894,1.921,9.743,0,3.347,0,1.942,6.363,1.345,16.892,12.56,10.071,0,0,7.785,10.109,10.79,48.629,12.572,0,17.245,18.128,34.703,0,21.862,14.49,11.286,8.403,15.596,26.739,0,0,2.486,4.23,5.197,0
MPB:bin_000155,0,0,0,0,0,0,0,0,0,0,0,0,0,0,0,0,0,0,0,0,0,0,0,0,0,0,0,0,0,0,0,0,0,0,0,0,0,0,0,0,0,0
MPB:bin_000156,0,0,0,0,0,0,0,0,0,0,0,0,0,0,0,0,0,0,0,0,0,0,0,0,0,0,0,0,0,0,0,0,0,0,0,0,0,0,0,0,0,0
MPB:bin_000158,0,0,0,0,0,0,0,0,0,0,0,0,0,0,0,0,0,0,0,0,0,0,0,0,0,0,0,0,0,0,0,0,0,0,0,0,0,0,0,0,0,0
MPB:bin_000160,0,0,2.512,0,0,0,0,0,0,0,0,0,0,0,0,0,0,0,0,0,0,0,0,2.414,0,0,0,0,0,0,0,0,0,0,0,0,0,0,0,0,0,0
MPB:bin_000162,0,0,0,0,0,0,0,0,0,0,0,0,0,0,0,0,0,0,0,0,0,0,0,3.189,0,0,0,0,0,0,0,0,0,0,0,0,0,0,0,0,0,0
MPB:bin_000163,0,0,0,0,0,0,0,0,0,0,0,0,0,0,0,0,0,0,0,0,0,0,0,0,0,0,0,0,0,0,0,0,0,0,0,0,0,0,0,0,0,0
MPB:bin_000165,0,0,0,0,0,0,0,0,0,0,0,0,0,0,0,0,0,0,0,0,0,0,0,0,0,0,0,0,0,0,0,0,0,0,0,0,0,0,0,0,0,0
MPB:bin_000167,0,0,0,0,0,0,0,0,0,0,0,0,0,0,0,0,0,0,0,0,0,0,0,0,0,0,0,0,0,0,0,0,0,0,0,0,0,0,0,0,0,0
MPB:bin_000168,0,0,0,0,0,0,0,0,0,0,0,0,0,0,0,0,0,0,0,0,0,0,0,0,0,0,0,0,0,0,0,0,0,0,0,0,0,0,0,0,0,0
MPB:bin_000169,0,0,0,0,0,0,0,0,0,0,0,0,0,0,0,0,0,0,0,0,0,0,0,0,0,0,0,0,0,0,0,0,0,0,0,0,0,0,0,0,0,0
MPB:bin_000170,0,0,2.786,0,0,0,0,0,0,0,0,0,0,0,0,0,0,0,0,0,0,0,0,3.392,0,0,0,0,0,0,0,0,0,0,0,0,0,0,0,0,0,0
MPB:bin_000173,9.371,0,13.777,17.527,6.188,0,4.979,0,5.932,0,3.375,0,0,5.337,1.728,8.319,4.924,5.038,0,2.843,4.844,8.562,5.08,30.594,6.129,0,12.697,13.016,13.605,0,7.677,10.179,16.613,4.143,2.922,17.532,0,0,2.717,2.489,4.349,0
MPB:bin_000174,0,0,0,0,0,0,0,0,0,0,0,0,0,0,0,0,0,0,0,0,0,0,0,0,0,0,0,0,0,0,0,0,0,0,0,0,0,0,0,0,0,0
MPB:bin_000177,0,0,0,0,0,0,0,0,0,0,0,0,0,0,0,0,0,0,0,0,2.756,0,0,0,0,0,0,0,7.916,0,0,0,0,0,0,0,0,0,0,0,0,0
MPB:bin_000185,0,0,0,0,0,0,0,0,0,0,0,0,0,0,0,0,0,0,0,0,0,0,0,0,0,0,0,0,0,0,0,0,0,0,0,0,0,0,0,0,0,0
MPB:bin_000187,0,0,0,0,0,0,0,0,0,0,0,0,0,0,0,0,0,0,0,0,0,0,0,0,0,0,0,0,0,0,0,0,0,0,0,0,0,0,0,0,0,0
MPB:bin_000190,15.598,0,38.2,34.15,3.34,0,11.934,3.603,27.252,0,13.993,0,0,11.254,3.847,21.167,6.926,15.521,0,11.336,28.291,19.407,9.137,53.665,14.867,0,32.967,18.827,57.628,2.256,29.853,13.419,22.825,8.282,7.153,29.134,0,0,6.798,5.419,9.129,0
MPB:bin_000191,32.92,0,81.873,118.037,7.823,0,13.235,6.922,74.081,0,11.35,0,0,15.228,5.234,28.178,28.939,23.937,0,15.8,33.785,18.61,38.107,97.539,27.014,0,26.952,30.515,45.679,2.633,76.101,22.217,47.491,30.175,8.771,49.701,0,0,17.166,9.046,14.725,0
MPB:bin_000193,0,0,0,0,0,0,0,0,0,0,0,0,0,0,0,0,0,0,0,0,0,0,0,0,0,0,0,0,0,0,0,0,0,0,0,0,0,0,0,0,0,0
MPB:bin_000194,0,0,0,0,0,0,0,0,0,0,0,0,0,0,0,0,0,0,0,0,0,0,0,0,0,0,0,0,0,0,0,0,0,0,0,0,0,0,0,0,0,0
MPB:bin_000195,0,0,0,0,0,0,0,0,0,0,0,0,0,0,0,0,0,0,0,0,0,0,0,0,0,0,0,0,0,0,0,0,0,0,0,0,0,0,0,0,0,0
MPB:bin_000196,0,0,0,0,0,0,0,0,0,0,0,0,0,0,0,0,0,0,0,0,0,0,0,0,0,0,0,0,0,0,0,0,0,0,0,0,0,0,0,0,0,0
MPB:bin_000198,0,0,0,0,0,0,0,0,0,0,0,0,0,0,0,0,0,0,0,0,0,0,0,0,0,0,0,0,0,0,0,0,0,0,0,0,0,0,0,0,0,0
MPB:bin_000201,0,0,0,0,0,0,0,0,0,0,0,0,0,0,0,0,0,0,0,0,0,0,0,0,0,0,0,0,0,0,0,0,0,0,0,0,0,0,0,0,0,0
MPB:bin_000203,0,0,0,0,0,0,0,0,0,0,0,0,0,0,0,0,0,0,0,0,0,0,0,0,0,0,0,0,0,0,0,0,0,0,0,0,0,0,0,0,0,0
MPB:bin_000204,0,0,0,0,0,0,0,0,0,0,0,0,0,0,0,0,0,0,0,0,0,0,0,0,0,0,0,0,0,0,0,0,0,0,0,0,0,0,0,0,0,0
MPB:bin_000209,0,0,0,0,0,0,0,0,0,0,0,0,0,0,0,0,0,0,0,0,0,0,0,0,0,0,0,0,0,0,0,0,0,0,0,0,0,0,0,0,0,0
MPB:bin_000212,0,0,0,0,0,0,0,0,0,0,0,0,0,0,0,0,0,0,0,0,0,0,0,0,0,0,0,0,0,0,0,0,0,0,0,0,0,0,0,0,0,0
MPB:bin_000213,0,0,0,0,0,0,0,0,0,0,0,0,0,0,0,0,0,0,0,0,0,0,0,0,0,0,0,0,0,0,0,0,0,0,0,0,0,0,0,0,0,0
MPB:bin_000214,0,0,0,0,0,0,0,0,0,0,0,0,0,0,0,0,0,0,0,0,0,0,0,4.622,0,0,0,0,2.544,0,0,0,0,0,0,0,0,0,0,0,0,0
MPB:bin_000216,0,0,0,0,0,0,0,0,0,0,0,0,0,0,0,0,0,0,0,0,0,0,0,0,0,0,0,0,0,0,0,0,0,0,0,0,0,0,0,0,0,0
MPB:bin_000217,0,0,0,0,0,0,0,0,0,0,0,0,0,0,0,0,0,0,0,0,0,0,0,0,0,0,0,0,0,0,0,0,0,0,0,0,0,0,0,0,0,0
MPB:bin_000220,2.515,0,17.893,4.061,0,0,1.567,0,7.767,0,6.754,0,0,2.312,0,3.567,3.034,2.128,0,7.947,3.303,2.564,6.68,22.452,3.126,0,3.579,10.522,11.2,0,12.49,3.047,5.497,0,0,7.357,0,0,2.558,3.637,0,0
MPB:bin_000221,0,0,0,0,0,0,0,0,0,0,0,0,0,0,0,0,0,0,0,0,0,0,0,0,0,0,0,0,0,0,0,0,0,0,0,0,0,0,0,0,0,0
MPB:bin_000223,0,0,0,0,0,0,0,0,0,0,0,0,0,0,0,0,0,0,0,0,0,0,0,0,0,0,0,0,0,0,0,0,0,0,0,0,0,0,0,0,0,0
MPB:bin_000225,0,0,0,0,0,0,0,0,0,0,0,0,0,0,0,0,0,0,0,0,0,0,0,0,0,0,0,0,0,0,0,0,0,0,0,0,0,0,0,0,0,0
MPB:bin_000227,0,0,0,0,0,0,0,0,0,0,0,0,0,0,0,0,0,0,0,0,0,0,0,0,0,0,0,0,0,0,0,0,0,0,0,0,0,0,0,0,0,0
MPB:bin_000228,0,0,0,0,0,0,0,0,0,0,0,0,0,0,0,0,0,0,0,0,0,0,0,0,0,0,0,0,0,0,0,0,0,0,0,0,0,0,0,0,0,0
MPB:bin_000230,0,0,0,0,0,0,0,0,0,0,0,0,0,0,0,0,0,0,0,0,0,0,0,0,0,0,0,0,2.156,0,0,0,0,0,0,0,0,0,0,0,0,0
MPB:bin_000231,4.644,0,7.84,5.135,0,0,3.001,0,3.497,0,3.374,0,0,0,0,5.289,3.727,0,0,4.474,0,3.07,5.646,16.707,4.191,0,5.574,6.176,6.177,0,3.711,3.647,7.316,2.462,2.079,5.688,0,0,1.9,2.736,0,0
MPB:bin_000232,0,0,0,0,0,0,0,0,0,0,0,0,0,0,0,0,0,0,0,0,0,0,0,0,0,0,0,0,0,0,0,0,0,0,0,0,0,0,0,0,0,0
MPB:bin_000233,0,0,0,0,0,0,0,0,0,0,0,0,0,0,0,0,0,0,0,0,0,0,0,0,0,0,0,0,0,0,0,0,0,0,0,0,0,0,0,0,0,0
MPB:bin_000236,0,0,0,0,0,0,0,0,0,0,0,0,0,0,0,0,0,0,0,0,0,0,0,0,0,0,0,0,0,0,0,0,0,0,0,0,0,0,0,0,0,0
MPB:bin_000237,52.277,12.973,134.555,107.057,60.104,0,30.57,22.383,55.381,12.984,26.563,0,11.743,25.66,6.878,57.753,29.906,37.461,0,64.576,35.705,46.904,21.874,217.716,61.192,0,32.987,106.378,162.82,2.335,72.032,92.186,158.48,22.022,26.48,46.982,0,0,22.466,44.881,21.351,2.681
MPB:bin_000238,0,0,0,0,0,0,0,0,0,0,0,0,0,0,0,0,0,0,0,0,0,0,0,0,0,0,0,0,0,0,0,0,0,0,0,0,0,0,0,0,0,0
MPB:bin_000243,0,0,0,0,0,0,0,0,0,0,0,0,0,0,0,0,0,0,0,0,0,0,0,0,0,0,0,0,0,0,0,0,0,0,0,0,0,0,0,0,0,0
MPB:bin_000246,0,0,0,0,0,0,0,0,0,0,0,0,0,0,0,0,0,0,0,0,0,0,0,0,0,0,0,0,0,0,0,0,0,0,0,0,0,0,0,0,0,0
MPB:bin_000248,0,0,0,0,0,0,0,0,0,0,0,0,0,0,0,0,0,0,0,0,0,0,0,0,0,0,0,0,0,0,0,0,0,0,0,0,0,0,0,0,0,0
MPB:bin_000254,0,0,0,0,0,0,0,0,0,0,0,0,0,0,0,0,0,0,0,0,0,0,0,0,0,0,0,0,0,0,0,0,0,0,0,0,0,0,0,0,0,0
MPB:bin_000264,0,0,0,0,0,0,0,0,0,0,0,0,0,0,0,0,0,0,0,0,0,0,0,0,0,0,0,0,0,0,0,0,0,0,0,0,0,0,0,0,0,0
MPB:bin_000266,0,0,0,0,0,0,0,0,0,0,0,0,0,0,0,0,0,0,0,0,0,0,0,0,0,0,0,0,0,0,0,0,0,0,0,0,0,0,0,0,0,0
MPB:bin_000268,0,0,0,0,0,0,0,0,0,0,0,0,0,0,0,0,0,0,0,0,0,0,0,0,0,0,0,0,0,0,0,0,0,0,0,0,0,0,0,0,0,0
MPB:bin_000269,0,0,0,0,0,0,0,0,0,0,0,0,0,0,0,0,0,0,0,0,0,0,0,0,0,0,0,0,0,0,0,0,0,0,0,0,0,0,0,0,0,0
MPB:bin_000271,0,0,0,0,0,0,0,0,0,0,0,0,0,0,0,0,0,0,0,0,0,0,0,0,0,0,0,0,0,0,0,0,0,0,0,0,0,0,0,0,0,0
MPB:bin_000272,0,0,0,0,0,0,0,0,0,0,0,0,0,0,0,0,0,0,0,0,0,0,0,0,0,0,0,0,0,0,0,0,0,0,0,0,0,0,0,0,0,0
MPB:bin_000275,0,0,0,0,0,0,0,0,0,0,0,0,0,0,0,0,0,0,0,0,0,0,0,0,0,0,0,0,0,0,0,0,0,0,0,0,0,0,0,0,0,0
MPB:bin_000279,2.394,0,8.91,4.99,0,0,1.547,0,0,0,0,0,0,0,0,0,0,0,0,0,2.258,3.442,2.878,11.324,3.544,0,2.949,4.588,7.859,0,3.824,3.481,3.993,0,0,3.851,0,0,0,0,0,0
MPB:bin_000284,0,0,0,0,0,0,0,0,0,0,0,0,0,0,0,0,0,0,0,0,0,0,0,0,0,0,0,0,0,0,0,0,0,0,0,0,0,0,0,0,0,0
MPB:bin_000288,0,0,0,0,0,0,0,0,0,0,0,0,0,0,0,0,0,0,0,0,0,0,0,0,0,0,0,0,0,0,0,0,0,0,0,0,0,0,0,0,0,0
MPB:bin_000289,2.092,0,7.32,5.315,0,0,1.696,0,4.282,0,0,0,0,0,0.863,3.158,3.893,2.872,0,0,2.034,4.489,2.893,14.392,3.681,0,5.327,8.228,7.197,0,5.49,4.304,6.215,2.834,2.029,6.822,0,0,0,0,0,0
MPB:bin_000292,10.235,1.683,15.521,11.846,2.883,0,4.417,4.275,17.689,2.484,4.068,0,0,3.837,2.282,4.877,2.123,4.196,0,9.223,6.092,6.526,3.02,29.798,11.613,0,5.248,3.778,18.469,0,11.397,11.591,16.037,2.062,2.152,10.862,0,0,4.516,3.672,3.058,0
MPB:bin_000298,0,0,0,0,0,0,0,0,0,0,0,0,0,0,0,0,0,0,0,0,0,0,0,7.177,0,0,0,0,3.803,0,0,0,3.363,0,0,0,0,0,0,0,0,0
MPB:bin_000303,0,0,0,0,0,0,0,0,0,0,0,0,0,0,0,0,0,0,0,0,0,0,0,0,0,0,0,0,0,0,0,0,0,0,0,0,0,0,0,0,0,0
MPB:bin_000307,0,0,0,0,0,0,0,0,0,0,0,0,0,0,0,0,0,0,0,0,0,0,0,0,0,0,0,0,0,0,0,0,0,0,0,0,0,0,0,0,0,0
MPB:bin_000310,0,0,0,0,0,0,0,0,0,0,0,0,0,0,0,0,0,0,0,0,0,0,0,0,0,0,0,0,0,0,0,0,0,0,0,0,0,0,0,0,0,0
MPB:bin_000314,0,0,2.295,0,0,0,0,0,0,0,0,0,0,0,0,0,0,0,0,0,0,0,0,3.016,0,0,0,0,2.951,0,0,0,0,0,0,0,0,0,0,0,0,0
MPB:bin_000315,0,0,0,0,0,0,0,0,0,0,0,0,0,0,0,0,0,0,0,0,0,0,0,0,0,0,0,0,0,0,0,0,0,0,0,0,0,0,0,0,0,0
MPB:bin_000316,0,0,0,0,0,0,0,0,0,0,0,0,0,0,0,0,0,0,0,0,0,0,0,0,0,0,0,0,0,0,0,0,0,0,0,0,0,0,0,0,0,0
MPB:bin_000319,0,0,0,0,0,0,0,0,0,0,0,0,0,0,0,0,0,0,0,0,0,0,0,0,0,0,0,0,0,0,0,0,0,0,0,0,0,0,0,0,0,0
MPB:bin_000322,19.161,0,53.764,35.826,8.134,0,17.341,7.092,34.448,0,12.805,0,0,13.232,4.655,45.759,24.939,22.616,0,13.795,21.381,21.538,20.43,111.252,20.37,0,50.293,48.979,57.98,0,42.748,29.188,37.895,20.182,8.888,41.567,0,0,15.092,9.579,10.773,0
MPB:bin_000324,0,0,0,0,0,0,0,0,0,0,0,0,0,0,0,0,0,0,0,0,0,0,0,0,0,0,0,0,0,0,0,0,0,0,0,0,0,0,0,0,0,0
MPB:bin_000325,0,0,5.276,0,0,0,0,0,0,0,0,0,0,0,0,0,0,0,0,0,0,0,0,0,0,0,0,0,0,0,0,0,0,0,0,0,0,0,0,0,0,0
MPB:bin_000328,0,0,0,0,0,0,0,0,0,0,0,0,0,0,0,0,0,0,0,0,0,0,0,0,0,0,0,0,0,0,0,0,0,0,0,0,0,0,0,0,0,0
MPB:bin_000330,0,0,0,0,0,0,0,0,0,0,0,0,0,0,0,0,0,0,0,0,0,0,0,0,0,0,0,0,0,0,0,0,0,0,0,0,0,0,0,0,0,0
MPB:bin_000332,0,0,0,0,0,0,0,0,0,0,0,0,0,0,0,0,0,0,0,0,0,0,0,0,0,0,0,0,0,0,0,0,0,0,0,0,0,0,0,0,0,0
MPB:bin_000336,0,0,0,0,0,0,0,0,0,0,0,0,0,0,0,0,0,0,0,0,0,0,0,0,0,0,0,0,0,0,0,0,0,0,0,0,0,0,0,0,0,0
MPB:bin_000340,0,0,12.004,7.232,0,0,0,0,6.746,0,0,0,0,0,0,0,0,0,0,0,0,0,0,20.097,0,0,0,0,0,0,0,0,10.31,0,0,0,0,0,0,0,0,0
MPB:bin_000341,0,0,0,0,0,0,0,0,0,0,0,0,0,0,0,0,0,0,0,0,0,0,0,0,0,0,0,0,0,0,0,0,0,0,0,0,0,0,0,0,0,0
MPB:bin_000347,0,0,0,0,0,0,0,0,0,0,0,0,0,0,0,0,0,0,0,0,0,0,0,0,0,0,0,0,0,0,0,0,0,0,0,0,0,0,0,0,0,0
MPB:bin_000350,0,0,0,0,0,0,0,0,0,0,0,0,0,0,0,0,0,0,0,0,0,0,0,0,0,0,0,0,0,0,0,0,0,0,0,0,0,0,0,0,0,0
MPB:bin_000354,0,0,0,0,0,0,0,0,0,0,0,0,0,0,0,0,0,0,0,0,0,0,0,0,0,0,0,0,0,0,0,0,0,0,0,0,0,0,0,0,0,0
MPB:bin_000358,0,0,0,0,0,0,0,0,0,0,0,0,0,0,0,0,0,0,0,0,0,0,0,0,0,0,0,0,0,0,0,0,0,0,0,0,0,0,0,0,0,0
MPB:bin_000364,0,0,0,0,0,0,0,0,0,0,0,0,0,0,0,0,0,0,0,0,0,0,0,0,0,0,0,0,0,0,0,0,0,0,0,0,0,0,0,0,0,0
MPB:bin_000365,0,0,0,0,0,0,0,0,0,0,0,0,0,0,0,0,0,0,0,0,0,0,0,0,0,0,0,0,0,0,0,0,0,0,0,0,0,0,0,0,0,0
MPB:bin_000373,0,0,0,0,0,0,0,0,0,0,0,0,0,0,0,0,0,0,0,0,0,0,0,0,0,0,0,0,0,0,0,0,0,0,0,0,0,0,0,0,0,0
MPB:bin_000375,0,0,0,0,0,0,0,0,0,0,0,0,0,0,0,0,0,0,0,0,0,0,0,0,0,0,0,0,0,0,0,0,0,0,0,0,0,0,0,0,0,0
MPB:bin_000378,0,0,0,0,0,0,0,0,0,0,0,0,0,0,0,0,0,0,0,0,0,0,0,0,0,0,0,0,0,0,0,0,0,0,0,0,0,0,0,0,0,0
MPB:bin_000379,0,0,0,0,0,0,0,0,0,0,0,0,0,0,0,0,0,0,0,0,0,0,0,0,0,0,0,0,0,0,0,0,0,0,0,0,0,0,0,0,0,0
MPB:bin_000380,0,0,0,0,0,0,0,0,0,0,0,0,0,0,0,0,0,0,0,0,0,0,0,0,0,0,0,0,0,0,0,0,0,0,0,0,0,0,0,0,0,0
MPB:bin_000382,0,0,0,0,0,0,0,0,0,0,0,0,0,0,0,0,0,0,0,0,0,0,0,0,0,0,0,0,0,0,0,0,0,0,0,0,0,0,0,0,0,0
MPB:bin_000383,0,0,0,0,0,0,0,0,0,0,0,0,0,0,0,0,0,0,0,0,0,0,0,0,0,0,0,0,0,0,0,0,0,0,0,0,0,0,0,0,0,0
MPB:bin_000385,0,0,0,0,0,0,0,0,0,0,0,0,0,0,0,0,0,0,0,0,0,0,0,0,0,0,0,0,0,0,0,0,0,0,0,0,0,0,0,0,0,0
MPB:bin_000387,89.226,0,154.894,119.638,18.934,0,58.054,20.745,114.72,1.845,48.953,0,0,44.189,20.346,111.748,77.212,73.53,0,46.164,90.685,72.364,42.667,349.459,94.068,0,152.425,77.424,201.926,5.55,135.606,74.539,170.783,55.123,25.597,114.218,1.371,0,52.876,21.544,42.281,0
MPB:bin_000390,0,0,0,0,0,0,0,0,0,0,0,0,0,0,0,0,0,0,0,0,0,0,0,0,0,0,0,0,0,0,0,0,0,0,0,0,0,0,0,0,0,0
MPB:bin_000393,0,0,0,0,0,0,0,0,0,0,0,0,0,0,0,0,0,0,0,0,0,0,0,0,0,0,0,0,0,0,0,0,0,0,0,0,0,0,0,0,0,0
MPB:bin_000394,0,0,0,0,0,0,0,0,0,0,0,0,0,0,0,0,0,0,0,0,0,0,0,0,0,0,0,0,0,0,0,0,0,0,0,0,0,0,0,0,0,0
MPB:bin_000395,0,0,0,0,0,0,0,0,0,0,0,0,0,0,0,0,0,0,0,0,0,0,0,0,0,0,0,0,0,0,0,0,0,0,0,0,0,0,0,0,0,0
MPB:bin_000396,1.687,0,0,0,0,0,0,0,0,0,0,0,0,0,0,0,0,0,0,0,0,0,0,2.414,1.918,0,2.559,0,1.658,0,0,0,0,0,0,0,0,0,0,0,0,0
MPB:bin_000397,0,0,0,0,0,0,0,0,0,0,0,0,0,0,0,0,0,0,0,0,0,0,0,0,0,0,0,0,0,0,0,0,0,0,0,0,0,0,0,0,0,0
MPB:bin_000398,0,0,0,0,0,0,0,0,0,0,0,0,0,0,0,0,0,0,0,0,0,0,0,0,0,0,0,0,0,0,0,0,0,0,0,0,0,0,0,0,0,0
MPB:bin_000399,0,0,0,0,0,0,0,0,0,0,0,0,0,0,0,0,0,0,0,0,0,0,0,0,0,0,0,0,0,0,0,0,0,0,0,0,0,0,0,0,0,0
MPB:bin_000400,0,0,4.472,2.923,0,0,1.05,0,6.15,0,0,0,0,0,0,1.901,0,1.567,0,4.184,1.512,3.544,0,11.39,2.893,0,2.445,1.822,11.688,0,5.807,3.066,6.95,2.097,0,2.443,0,0,0,0,0,0
MPB:bin_000402,0,0,3.603,0,0,0,3.235,0,0,0,0,0,0,0,0,3.171,0,0,0,0,2.554,0,0,11.196,0,0,0,0,13.458,0,0,3.188,5.068,0,0,3.759,0,0,0,0,0,0
MPB:bin_000403,0,0,0,0,0,0,0,0,0,0,0,0,0,0,0,0,0,0,0,0,0,0,0,0,0,0,0,0,0,0,0,0,0,0,0,0,0,0,0,0,0,0
MPB:bin_000405,0,0,0,0,0,0,0,0,0,0,0,0,0,0,0,0,0,0,0,0,0,0,0,0,0,0,0,0,0,0,0,0,0,0,0,0,0,0,0,0,0,0
MPB:bin_000407,0,0,0,0,0,0,0,0,0,0,0,0,0,0,0,0,0,0,0,0,0,0,0,0,0,0,0,0,0,0,0,0,0,0,0,0,0,0,0,0,0,0
MPB:bin_000408,0,0,0,0,0,0,0,0,0,0,0,0,0,0,0,0,0,0,0,0,0,0,0,0,0,0,0,0,0,0,0,0,0,0,0,0,0,0,0,0,0,0
MPB:bin_000409,0,0,0,0,0,0,0,0,0,0,0,0,0,0,0,0,0,0,0,0,0,0,0,0,0,0,0,0,0,0,0,0,0,0,0,0,0,0,0,0,0,0
MPB:bin_000410,0,0,0,0,0,0,0,0,0,0,0,0,0,0,0,0,0,0,0,0,0,0,0,0,0,0,0,0,0,0,0,0,0,0,0,0,0,0,0,0,0,0
MPB:bin_000411,0,0,0,0,0,0,0,0,0,0,0,0,0,0,0,0,0,0,0,0,0,0,0,0,0,0,0,0,0,0,0,0,0,0,0,0,0,0,0,0,0,0
MPB:bin_000413,0,0,0,0,0,0,0,0,0,0,0,0,0,0,0,0,0,0,0,0,0,0,0,0,0,0,0,0,0,0,0,0,0,0,0,0,0,0,0,0,0,0
MPB:bin_000414,0,0,0,0,0,0,0,0,0,0,0,0,0,0,0,0,0,0,0,0,0,0,0,0,0,0,0,0,0,0,0,0,0,0,0,0,0,0,0,0,0,0
MPB:bin_000416,0,0,0,0,0,0,0,0,0,0,0,0,0,0,0,0,0,0,0,0,0,0,0,0,0,0,0,0,0,0,0,0,0,0,0,0,0,0,0,0,0,0
MPB:bin_000418,0,0,0,0,0,0,0,0,0,0,0,0,0,0,0,0,0,0,0,0,0,0,0,0,0,0,0,0,0,0,0,0,0,0,0,0,0,0,0,0,0,0
MPB:bin_000419,0,0,0,0,0,0,0,0,0,0,0,0,0,0,0,0,0,0,0,0,0,0,0,0,0,0,0,0,0,0,0,0,0,0,0,0,0,0,0,0,0,0
MPB:bin_000421,0,0,0,0,0,0,0,0,0,0,0,0,0,0,0,0,0,0,0,0,0,0,0,0,0,0,0,0,0,0,0,0,0,0,0,0,0,0,0,0,0,0
MPB:bin_000424,0,0,0,0,0,0,0,0,0,0,0,0,0,0,0,0,0,0,0,0,0,0,0,0,0,0,0,0,7.869,0,0,0,0,0,0,0,0,0,0,0,0,0
MPB:bin_000425,0,0,0,0,0,0,0,0,0,0,0,0,0,0,0,0,0,0,0,0,0,0,0,0,0,0,0,0,0,0,0,0,0,0,0,0,0,0,0,0,0,0
MPB:bin_000426,0,0,6.441,3.746,0,0,1.521,0,0,0,0,0,0,0,0,8.014,0,5.465,0,0,0,4.559,7.082,9.063,3.033,0,3.382,4.926,4.25,0,5.705,0,2.945,0,0,4.213,0,0,0,0,0,0
MPB:bin_000427,0,0,0,0,0,0,0,0,0,0,0,0,0,0,0,0,0,0,0,0,0,0,0,0,0,0,0,0,0,0,0,0,0,0,0,0,0,0,0,0,0,0
MPB:bin_000430,0,0,0,0,0,0,0,0,0,0,0,0,0,0,0,0,0,0,0,0,0,0,0,0,0,0,0,0,0,0,0,0,0,0,0,0,0,0,0,0,0,0
MPB:bin_000433,0,0,0,0,0,0,0,0,0,0,0,0,0,0,0,0,0,0,0,0,0,0,0,0,0,0,0,0,0,0,0,0,0,0,0,0,0,0,0,0,0,0
MPB:bin_000435,0,0,5.78,0,0,0,0,0,4.318,0,0,0,0,0,0,5.067,0,0,0,0,0,0,0,10.942,0,0,0,0,6.321,0,0,0,0,0,0,0,0,0,0,0,0,0
MPB:bin_000437,0,0,0,0,0,0,0,0,0,0,0,0,0,0,0,0,0,0,0,0,0,0,0,0,0,0,0,0,0,0,0,0,0,0,0,0,0,0,0,0,0,0
MPB:bin_000438,0,0,0,0,0,0,0,0,0,0,0,0,0,0,0,0,0,0,0,0,0,0,0,0,0,0,0,0,0,0,0,0,0,0,0,0,0,0,0,0,0,0
MPB:bin_000440,0,0,0,0,0,0,0,0,0,0,0,0,0,0,0,0,0,0,0,0,0,0,0,8.587,0,0,0,0,0,0,0,0,5.328,0,0,0,0,0,0,0,0,0
MPB:bin_000442,0,0,0,0,0,0,0,0,0,0,0,0,0,0,0,0,0,0,0,0,0,0,0,0,0,0,0,0,0,0,0,0,0,0,0,0,0,0,0,0,0,0
MPB:bin_000445,0,0,6.13,3.993,0,0,0,0,4.084,0,0,0,0,0,0,0,0,0,0,0,0,0,0,10.508,0,0,0,3.691,6.021,0,0,0,4.471,0,0,0,0,0,0,0,0,0
MPB:bin_000446,0,0,0,0,0,0,0,0,0,0,0,0,0,0,0,0,0,0,0,0,0,0,0,4.685,0,0,0,0,0,0,0,2.779,0,0,0,0,0,0,0,0,0,0
MPB:bin_000447,0,0,0,0,0,0,0,0,0,0,0,0,0,0,0,0,0,0,0,0,0,0,0,0,0,0,0,0,0,0,0,0,0,0,0,0,0,0,0,0,0,0
MPB:bin_000449,0,0,0,0,0,0,0,0,0,0,0,0,0,0,0,0,0,0,0,0,0,0,0,0,0,0,0,0,0,0,0,0,0,0,0,0,0,0,0,0,0,0
MPB:bin_000450,4.491,0,0,0,0,0,0,0,0,0,0,0,0,0,0,0,0,0,0,0,0,0,0,2.24,1.586,0,0,0,2.737,0,0,0,0,0,0,2.186,0,0,0,0,0,0
MPB:bin_000451,0,0,0,0,0,0,0,0,0,0,0,0,0,0,0,0,0,0,0,0,0,0,0,0,0,0,0,0,0,0,0,0,0,0,0,0,0,0,0,0,0,0
MPB:bin_000452,0,0,0,0,0,0,0,0,0,0,0,0,0,0,0,0,0,0,0,0,0,0,0,0,0,0,0,0,0,0,0,0,0,0,0,0,0,0,0,0,0,0
MPB:bin_000453,0,0,0,0,0,0,0,0,0,0,0,0,0,0,0,0,0,0,0,0,0,0,0,0,0,0,0,0,0,0,0,0,0,0,0,0,0,0,0,0,0,0
MPB:bin_000455,0,0,0,0,0,0,0,0,0,0,0,0,0,0,0,0,0,0,0,0,0,0,0,0,0,0,0,0,0,0,0,0,0,0,0,0,0,0,0,0,0,0
MPB:bin_000456,0,0,0,0,0,0,0,0,0,0,0,0,0,0,0,0,0,0,0,0,0,0,0,0,0,0,0,0,0,0,0,0,0,0,0,0,0,0,0,0,0,0
MPB:bin_000457,0,0,0,0,0,0,0,0,0,0,0,0,0,0,0,0,0,0,0,0,0,0,0,0,0,0,0,0,0,0,0,0,0,0,0,0,0,0,0,0,0,0
MPB:bin_000458,0,0,0,0,0,0,0,0,0,0,0,0,0,0,0,0,0,0,0,0,0,0,0,0,0,0,0,0,0,0,0,0,0,0,0,0,0,0,0,0,0,0
MPB:bin_000459,0,0,0,0,0,0,0,0,0,0,0,0,0,0,0,0,0,0,0,0,0,0,0,0,0,0,0,0,0,0,0,0,0,0,0,0,0,0,0,0,0,0
MPB:bin_000460,0,0,0,0,0,0,0,0,0,0,0,0,0,0,0,0,0,0,0,0,0,0,0,3.428,0,0,0,0,0,0,0,0,0,0,0,0,0,0,0,0,0,0
MPB:bin_000461,0,0,0,0,0,0,0,0,0,0,0,0,0,0,0,0,0,0,0,0,0,0,0,0,0,0,0,0,0,0,0,0,0,0,0,0,0,0,0,0,0,0
MPB:bin_000465,0,0,0,0,0,0,0,0,0,0,0,0,0,0,0,0,0,0,0,0,0,0,0,0,0,0,0,0,0,0,0,0,0,0,0,0,0,0,0,0,0,0
MPB:bin_000466,0,0,0,0,0,0,0,0,0,0,0,0,0,0,0,0,0,0,0,0,0,0,0,0,0,0,0,0,0,0,0,0,0,0,0,0,0,0,0,0,0,0
MPB:bin_000470,0,0,0,0,0,0,0,0,0,0,0,0,0,0,0,0,0,0,0,0,0,0,0,0,0,0,0,0,0,0,0,0,0,0,0,0,0,0,0,0,0,0
MPB:bin_000472,0,0,0,0,0,0,0,0,0,0,0,0,0,0,0,0,0,0,0,0,0,0,0,0,0,0,0,0,0,0,0,0,0,0,0,0,0,0,0,0,0,0
MPB:bin_000473,0,0,3.588,0,0,0,0,0,0,0,0,0,0,0,0,0,0,0,0,0,0,0,0,5.505,0,0,0,0,0,0,0,0,0,0,0,0,0,0,0,0,0,0
MPB:bin_000476,0,0,0,0,0,0,0,0,0,0,0,0,0,0,0,0,0,0,0,0,0,0,0,0,0,0,0,0,0,0,0,0,0,0,0,0,0,0,0,0,0,0
MPB:bin_000477,0,0,5.746,6.08,0,0,0,0,0,0,0,0,0,0,0,0,0,0,0,0,0,0,0,5.646,0,0,2.694,0,4.772,0,0,0,0,0,0,0,0,0,0,0,0,0
MPB:bin_000479,0,0,0,0,0,0,0,0,0,0,0,0,0,0,0,0,0,0,0,0,0,0,0,0,0,0,0,0,0,0,3.63,0,0,0,0,0,0,0,0,0,0,0
MPB:bin_000491,0,0,0,0,0,0,0,0,0,0,0,0,0,0,0,0,0,0,0,0,0,0,0,0,0,0,0,0,2.42,0,0,0,0,0,0,0,0,0,0,0,0,0
MPB:bin_000499,0,0,0,0,0,0,0,0,0,0,0,0,0,0,0,0,0,0,0,0,0,0,0,0,0,0,0,0,0,0,0,0,0,0,0,0,0,0,0,0,0,0
MPB:bin_000538,0,0,0,0,0,0,0,0,0,0,0,0,0,0,0,0,0,0,0,0,0,0,0,0,0,0,0,0,0,0,0,0,0,0,0,0,0,0,0,0,0,0
MPB:bin_000554,0,0,7.735,5.122,2.118,0,2.252,0,0,0,0,0,0,0,0,0,0,2.723,0,0,0,3.167,0,13.533,0,0,4.748,3.942,6.11,0,5.537,0,7.793,0,0,0,0,0,0,0,0,0
MPB:bin_000559,0,0,0,0,0,0,0,0,0,0,0,0,0,0,0,0,0,0,0,0,0,0,0,0,0,0,0,0,0,0,0,0,0,0,0,0,0,0,0,0,0,0
MPB:bin_000571,0,0,0,0,0,0,0,0,0,0,0,0,0,0,0,0,0,0,0,0,0,0,0,0,0,0,0,0,0,0,0,0,0,0,0,0,0,0,0,0,0,0
MPB:bin_000576,0,0,0,0,0,0,0,0,0,0,0,0,0,0,0,0,0,0,0,0,0,0,0,0,0,0,0,0,0,0,0,0,0,0,0,0,0,0,0,0,0,0
MPB:bin_000579,0,0,0,0,0,0,0,0,0,0,0,0,0,0,0,0,0,0,0,0,0,0,0,0,0,0,0,0,0,0,0,0,0,0,0,0,0,0,0,0,0,0
MPB:bin_000581,6.307,0,10.303,7.003,0,0,1.378,0,4.081,0,2.055,0,0,0,0.862,3.4,3.813,4.004,0,0,4.246,5.791,0,24.912,3.622,0,9.671,3.66,11.827,0,0,2.553,6.267,0,0,4.769,0,0,0,0,1.876,0
MPB:bin_000584,0,0,0,0,0,0,0,0,0,0,0,0,0,0,0,0,0,0,0,0,0,0,0,0,0,0,0,0,0,0,0,0,0,0,0,0,0,0,0,0,0,0
MPB:bin_000588,0,0,0,0,0,0,0,0,0,0,0,0,0,0,0,0,0,0,0,0,0,0,0,0,0,0,0,0,0,0,0,0,0,0,0,0,0,0,0,0,0,0
MPB:bin_000590,0,0,0,0,0,0,0,0,0,0,0,0,0,0,0,0,0,0,0,0,0,0,0,0,0,0,0,0,0,0,0,0,0,0,0,0,0,0,0,0,0,0
MPB:bin_000593,0,0,0,0,0,0,0,0,0,0,0,0,0,0,0,0,0,0,0,0,0,0,0,0,0,0,0,0,0,0,0,0,0,0,0,0,0,0,0,0,0,0
MPB:bin_000594,0,0,0,0,0,0,0,0,0,0,0,0,0,0,0,0,0,0,0,0,0,0,0,0,0,0,0,0,0,0,0,0,0,0,0,0,0,0,0,0,0,0
MPB:bin_000596,0,0,0,0,0,0,0,0,0,0,0,0,0,0,0,0,0,0,0,0,0,0,0,0,0,0,0,0,0,0,0,0,0,0,0,0,0,0,0,0,0,0
MPB:bin_000597,0,0,0,0,0,0,0,0,0,0,0,0,0,0,0,0,0,0,0,0,0,0,0,0,0,0,0,0,0,0,0,0,0,0,0,0,0,0,0,0,0,0
MPB:bin_000598,0,0,0,0,0,0,0,0,0,0,0,0,0,0,0,0,0,0,0,0,0,0,0,0,0,0,0,0,0,0,0,0,0,0,0,0,0,0,0,0,0,0
MPB:bin_000599,0,0,0,0,0,0,0,0,0,0,0,0,0,0,0,0,0,0,0,0,0,0,0,0,0,0,0,0,0,0,0,0,0,0,0,0,0,0,0,0,0,0
MPB:bin_000600,0,0,0,0,0,0,0,0,0,0,0,0,0,0,0,0,0,0,0,0,0,0,0,0,0,0,0,0,9.804,0,0,0,0,0,0,0,0,0,0,0,0,0
MPB:bin_000601,0,0,0,0,0,0,0,0,0,0,0,0,0,0,0,0,0,0,0,0,0,0,0,0,0,0,0,0,0,0,0,0,0,0,0,0,0,0,0,0,0,0
MPB:bin_000604,0,0,0,0,0,0,0,0,0,0,0,0,0,0,0,0,0,0,0,0,0,0,0,0,0,0,0,0,0,0,0,0,0,0,0,0,0,0,0,0,0,0
MPB:bin_000605,0,0,0,0,0,0,0,0,0,0,0,0,0,0,0,0,0,0,0,0,0,0,0,3.206,0,0,0,0,1.941,0,0,0,0,0,0,0,0,0,0,0,0,0
MPB:bin_000606,3.864,0,5.836,2.587,2.95,0,3.674,0,1.814,0,0,0,0,0,0,5.1,0,1.697,0,0,3.555,5.208,2.893,12.876,4.052,0,5.199,4.87,9.607,0,3.763,4.05,7.682,1.64,2.52,5.374,0,0,0,0,0,0
MPB:bin_000609,0,0,0,0,0,0,0,0,0,0,0,0,0,0,0,0,0,0,0,0,0,0,0,0,0,0,0,0,0,0,0,0,0,0,0,0,0,0,0,0,0,0
MPB:bin_000615,0,0,0,0,0,0,0,0,0,0,0,0,0,0,0,0,0,0,0,0,0,0,0,0,0,0,0,0,0,0,0,0,0,0,0,0,0,0,0,0,0,0
MPB:bin_000617,0,0,0,0,0,0,2.279,0,0,0,0,0,0,0,0,0,0,0,0,0,0,0,0,0,0,0,0,0,9.18,0,0,0,6.14,0,0,0,0,0,0,0,0,0
MPB:bin_000618,0,0,0,0,0,0,0,0,0,0,0,0,0,0,0,0,0,0,0,0,0,0,0,0,0,0,0,0,0,0,0,0,0,0,0,0,0,0,0,0,0,0
MPB:bin_000619,0,0,0,0,0,0,0,0,0,0,0,0,0,0,0,0,0,0,0,0,0,0,0,0,0,0,0,0,2.357,0,0,0,1.727,0,0,0,0,0,0,0,0,0
MPB:bin_000622,0,0,0,0,0,0,0,0,0,0,0,0,0,0,0,0,0,0,0,0,0,0,0,0,0,0,0,0,0,0,0,0,0,0,0,0,0,0,0,0,0,0
TM1:bin_000010,0,0,0,0,0,0,0,0,0,0,0,0,0,0,0,0,0,0,0,0,0,0,0,1.881,1.853,0,0,0,2.4,0,2.955,0,0,0,0,0,0,0,0,0,0,0
TM1:bin_000024,0,0,0,0,0,0,0,0,0,0,0,0,0,0,0,0,0,0,0,0,0,0,0,0,0,0,0,0,0,0,0,0,0,0,0,0,0,0,0,0,0,0
TM1:bin_000025,4.149,0,6.877,7.986,2.836,0,1.969,0,12.856,0,2.773,0,0,0,0,2.832,0,4.685,0,4.092,2.682,3.248,0,12.002,2.949,0,5.466,4.443,8.791,0,7.295,2.903,4.352,0,0,6.257,0,0,0,0,0,0
TM1:bin_000027,0,0,0,0,0,0,0,0,23.343,0,0,0,0,0,0,0,0,0,0,0,0,2.75,0,2.684,0,0,0,0,0,0,0,0,0,0,0,0,0,0,0,0,0,0
TM1:bin_000031,0,0,12.848,4.823,5.194,0,3.161,0,3.965,3.072,2.852,0,0,0,0.85,7.486,5.773,13.688,0,0,5.29,5.28,4.386,14.967,4.8,0,4.297,12.543,8.008,0,0,5.298,5.789,4.931,0,11.549,0,0,2.231,0,1.979,0
TM1:bin_000049,0,0,2.61,0,0,0,0,0,0,0,0,0,0,0,0,2.433,0,1.611,0,0,0,0,0,2.913,0,0,0,0,0,0,0,0,0,0,0,0,0,0,0,0,0,0
TM1:bin_000080,0,0,0,0,0,0,1.028,0,1.8,0,0,0,0,0,0,1.968,0,0,0,0,0,1.941,0,6.424,0,0,0,2.59,3.49,0,2.18,2.366,0,0,0,6.328,0,0,0,0,0,0
TM1:bin_000119,0,0,0,1.971,0,0,0,0,0,0,0,0,0,0,0,3.431,0,0,0,0,0,1.708,0,5.145,0,0,3.086,0,5.721,0,0,0,0,0,0,0,0,0,0,0,0,0
TM1:bin_000126,5.085,0,6.771,7.204,8.849,0,2.798,0,3.889,0,0,0,0,4.826,0.999,2.057,3.683,4.106,0,2.897,7.037,1.897,1.894,12.472,7.733,0,5.485,3.764,16.59,0,11.514,8.153,9.561,0,2.369,4.089,0,0,1.657,0,2.735,0
TM1:bin_000144,0,0,2.797,0,0,0,0,0,0,0,0,0,0,0,0,0,0,0,0,0,0,0,3.479,2.209,0,0,0,0,1.527,0,0,0,0,0,0,1.964,0,0,0,0,0,0
TM1:bin_000152,0,0,0,0,0,0,0,0,0,0,0,0,0,0,0,0,0,0,0,0,0,0,0,0,0,0,0,0,0,0,0,0,0,0,0,0,0,0,0,0,0,0
TM1:bin_000153,0,0,0,0,0,0,0,0,0,0,0,0,0,0,0,0,0,0,0,0,0,0,0,0,0,0,0,0,0,0,0,0,0,0,0,0,0,0,0,0,0,0
TM1:bin_000177,0,0,2.382,1.813,0,0,0,0,0,0,0,0,0,0,0,0,0,0,0,0,0,0,0,3.467,0,0,1.782,0,6.834,0,0,0,0,0,0,0,0,0,0,0,0,0
TM2:bin_000005,0,0,0,0,0,0,0,0,0,0,0,0,0,0,0,0,0,0,0,0,0,0,0,0,0,0,0,0,0,0,0,0,0,0,0,0,0,0,0,0,0,0
TM2:bin_000013,8.588,0,13.986,6.7,0,0,3.122,0,5.243,0,3.059,0,0,0,1.615,5.97,4.841,4.803,0,3.726,3.61,5.705,3.701,16.002,7.648,0,10.121,7.017,10.109,0,8.604,4.607,10.373,0,2.3,5.897,0,0,2.234,0,2.153,0
TM2:bin_000090,0,0,4.712,0,0,0,0,0,0,0,0,0,0,0,0,0,0,0,0,2.828,0,0,0,5.349,0,0,0,2.775,3.354,0,3.599,0,0,0,0,1.962,0,0,0,0,0,0
TM2:bin_000114,0,0,0,0,0,0,0,0,0,0,0,0,0,0,0,0,0,0,0,0,0,0,0,0,0,0,0,0,0,0,0,0,0,0,0,0,0,0,0,0,0,0
TM2:bin_000116,0,0,0,0,0,0,0,0,0,0,0,0,0,0,0,0,0,0,0,0,0,0,0,0,0,0,0,0,0,0,0,0,0,0,0,0,0,0,0,0,0,0
TM2:bin_000124,0,0,4.092,2.481,0,0,0.865,0,0,0,0,0,0,0,0,2.059,0,0,0,0,0,2.597,0,6.202,0,0,1.703,0,0,0,0,0,0,0,0,2.404,0,0,0,0,0,0
TM2:bin_000127,2.114,0,2.333,2.474,1.863,0,0,0,0,0,0,0,0,0,0,0,2.216,0,0,0,1.76,0,0,8.579,2.789,0,3.221,0,3.203,0,4.948,3.6,2.523,2.71,0,2.148,0,0,0,0,0,0
TM2:bin_000155,0,0,3.441,0,0,0,0,0,4.304,0,0,0,0,0,0,0,1.834,0,0,0,0,0,0,2.898,0,0,2.016,5.239,9.09,0,0,0,3.058,0,1.971,4.259,0,0,0,0,2.995,0
TM2:bin_000157,0,0,0,0,0,0,0,0,0,0,0,0,0,0,0,0,0,0,0,0,0,0,0,0,0,0,0,0,0,0,0,0,0,0,0,0,0,0,0,0,0,0
TM2:bin_000186,0,0,2.31,2.699,0,0,0,0,2.326,0,0,0,0,0,0,3.244,0,0,0,1.931,0,0,0,7.158,3.603,0,3.635,0,2.535,0,0,0,3.092,0,0,3.695,0,0,0,0,0,0
TM2:bin_000188,0,0,0,0,0,0,0,0,0,0,0,0,0,0,0,0,0,0,0,0,0,0,0,0,0,0,0,0,0,0,0,0,0,0,0,0,0,0,0,0,0,0
TM2:bin_000219,0,0,0,0,0,0,0,0,0,0,0,0,0,0,0,0,0,0,0,0,0,0,0,0,0,0,0,0,0,0,0,0,0,0,0,0,0,0,0,0,0,0
TM2:bin_000235,0,0,2.807,2.559,0,0,1.072,0,1.688,0,0,0,0,0,0,1.885,0,0,0,0,0,2.231,0,6.577,1.612,0,2.339,3.174,2.85,0,2.015,0,2.777,0,0,2.449,0,0,0,0,0,0
TM3:bin_000033,0,0,0,0,0,0,0,0,0,0,0,0,0,0,0,0,0,0,0,0,0,0,0,0,0,0,0,0,0,0,0,0,0,0,0,0,0,0,0,0,0,0
TM3:bin_000088,0,0,0,0,0,0,0,0,0,0,0,0,0,0,0,0,0,0,0,0,0,0,0,0,0,0,0,0,0,0,0,0,0,0,0,0,0,0,0,0,0,0
TM3:bin_000108,18.228,0,30.734,19.6,5.584,0,12.005,4.957,19.239,0,6.32,0,0,6.037,2.144,20.994,9.502,13.107,0,6.833,13.437,11.465,83.228,59.914,24.814,0,25.765,9.666,39.357,2.048,16.752,16.112,33.449,7.954,7.395,18.697,0,0,5.075,6.301,5.629,0
TM4:bin_000013,0,0,0,0,0,0,0,0,0,0,0,0,0,0,0,0,0,0,0,0,0,0,0,0,0,0,0,0,0,0,0,0,0,0,0,0,0,0,0,0,0,0
TM4:bin_000021,0,0,0,0,0,0,0,0,0,0,0,0,0,0,0,0,0,0,0,0,0,0,0,0,0,0,0,0,0,0,0,0,0,0,0,0,0,0,0,0,0,0
TM4:bin_000025,0,0,0,0,0,0,0,0,0,0,0,0,0,0,0,0,0,0,0,0,0,0,0,0,0,0,0,0,0,0,0,0,0,0,0,0,0,0,0,0,0,0
TM4:bin_000031,0,0,0,0,0,0,0,0,0,0,0,0,0,0,0,0,0,0,0,0,0,0,0,0,0,0,0,0,0,0,0,0,0,0,0,0,0,0,0,0,0,0
TM4:bin_000034,0,0,8.673,4.48,5.365,0,2.008,0,1.813,0,0,0,0,0,0,0,0,0,0,0,0,1.857,0,14.572,0,0,5.986,8.465,19.742,0,7.289,3.648,3.467,4.567,0,9.24,0,0,0,0,0,0
TM4:bin_000036,0,0,0,0,0,0,0,0,0,0,0,0,0,0,0,0,0,0,0,0,0,0,0,0,0,0,0,0,0,0,0,0,0,0,0,0,0,0,0,0,0,0
TM4:bin_000037,0,0,0,0,0,0,0,0,0,0,0,0,0,0,0,0,0,0,0,0,0,0,0,0,0,0,0,0,0,0,0,0,0,0,0,0,0,0,0,0,0,0
TM4:bin_000038,0,0,1.648,0,0,0,0,0,0,0,0,0,0,0,0,0,0,0,0,0,0,0,0,1.885,0,0,0,0,2.026,0,0,0,1.863,0,0,0,0,0,0,0,0,0
TM4:bin_000039,2.205,0,3.176,2.046,1.97,0,1.365,0,0,0,0,0,0,0,0,2.375,0,1.814,0,0,0,0,0,7.359,3.969,0,1.687,2.923,4.79,0,2.432,0,3.201,0,0,3.597,0,0,0,0,0,0
TM4:bin_000041,0,0,0,0,0,0,0,0,0,0,0,0,0,0,0,0,0,0,0,0,0,0,0,0,0,0,0,0,1.718,0,0,0,0,0,0,0,0,0,0,0,0,0
TM4:bin_000045,0,0,0,0,0,0,0,0,0,0,0,0,0,0,0,0,0,0,0,0,0,0,0,0,0,0,0,0,0,0,0,0,0,0,0,0,0,0,0,0,0,0
TM4:bin_000048,0,0,0,0,0,0,0,0,0,0,0,0,0,0,0,0,0,0,0,0,0,0,0,0,0,0,0,0,0,0,0,0,0,0,0,0,0,0,0,0,0,0
TM4:bin_000064,0,0,0,0,0,0,0,0,0,0,0,0,0,0,0,0,0,0,0,0,0,0,0,0,0,0,0,0,0,0,0,0,0,0,0,0,0,0,0,0,0,0
TM4:bin_000079,0,0,0,0,0,0,0,0,0,0,0,0,0,0,0,0,0,0,0,0,0,0,0,0,0,0,0,0,0,0,0,0,0,0,0,0,0,0,0,0,0,0
TM4:bin_000088,0,0,0,0,0,0,0,0,0,0,0,0,0,0,0,0,0,0,0,0,0,0,0,0,0,0,0,0,0,0,0,0,0,0,0,0,0,0,0,0,0,0
TM4:bin_000093,0,0,0,0,0,0,0,0,0,0,0,0,0,0,0,0,0,0,0,0,0,0,0,0,0,0,3.265,0,0,0,0,0,0,0,0,0,0,0,0,0,0,0
TM4:bin_000095,0,0,0,0,0,0,0,0,0,0,0,0,0,0,0,0,0,0,0,0,0,0,0,0,0,0,0,0,0,0,0,0,0,0,0,0,0,0,0,0,0,0
TM4:bin_000097,0,0,0,0,0,0,0,0,0,0,0,0,0,0,0,0,0,0,0,0,0,0,0,0,0,0,0,0,0,0,0,0,0,0,0,0,0,0,0,0,0,0
TM4:bin_000099,0,0,0,0,0,0,0,0,0,0,0,0,0,0,0,0,0,0,0,0,0,0,0,0,0,0,0,0,0,0,0,0,0,0,0,0,0,0,0,0,0,0
TM4:bin_000106,0,0,0,0,0,0,0,0,0,0,0,0,0,0,0,0,0,0,0,0,0,0,0,0,0,0,0,0,0,0,0,0,0,0,0,0,0,0,0,0,0,0
TM4:bin_000115,0,0,0,0,0,0,0,0,0,0,0,0,0,0,0,0,0,0,0,0,0,0,0,0,0,0,0,0,0,0,0,0,0,0,0,0,0,0,0,0,0,0
TM4:bin_000133,0,0,0,0,0,0,0,0,0,0,0,0,0,0,0,0,0,0,0,0,0,0,0,0,0,0,0,0,0,0,0,0,0,0,0,0,0,0,0,0,0,0
TM4:bin_000144,0,0,0,0,0,0,0,0,0,0,0,0,0,0,0,0,0,0,0,0,0,0,0,0,0,0,0,0,0,0,0,0,0,0,0,0,0,0,0,0,0,0
TM4:bin_000166,3.974,0,7.463,6.678,0,0,2.835,0,0,0,0,0,0,0,0,4.962,0,2.101,0,5.197,3.146,0,2.738,8.705,4.033,0,5.106,5.542,10.438,0,6.295,3.224,8.315,0,2.669,5.381,0,0,0,0,2.875,0
TM4:bin_000184,0,0,1.753,0,0,0,0,0,0,0,0,0,0,0,0,0,0,0,0,0,0,1.732,0,0,0,0,0,1.83,0,0,0,0,0,0,0,0,0,0,0,0,0,0
TM4:bin_000189,0,0,0,0,0,0,0,0,0,0,0,0,0,0,0,0,0,0,0,0,0,0,0,0,0,0,0,0,0,0,0,0,0,0,0,0,0,0,0,0,0,0
TM4:bin_000200,0,0,0,0,0,0,0,0,0,0,0,0,0,0,0,0,0,0,0,0,0,0,0,0,0,0,0,0,0,0,0,0,0,0,0,0,0,0,0,0,0,0
TM4:bin_000204,15.814,0,25.425,13.983,8.17,0,8.081,3.288,29.445,0,4.876,0,2.64,4.407,1.293,15.76,8.536,8.503,0,9.783,6.143,6.588,6.457,47.535,20.469,0,7.925,16.873,34.125,0,16.707,13.341,31.123,4.4,3.605,11.741,0,0,4.891,5.066,3.96,0
TM4:bin_000209,0,0,0,0,0,0,0,0,0,0,0,0,0,0,0,0,0,0,0,0,0,0,0,0,0,0,0,0,0,0,0,0,0,0,0,0,0,0,0,0,0,0
TM4:bin_000211,0,0,0,0,0,0,0,0,0,0,0,0,0,0,0,0,0,0,0,0,0,0,0,0,0,0,0,0,0,0,0,0,0,0,0,0,0,0,0,0,0,0
TM4:bin_000216,0,0,0,0,0,0,0,0,0,0,0,0,0,0,0,0,0,0,0,0,0,0,0,0,0,0,0,0,0,0,0,0,0,0,0,0,0,0,0,0,0,0
TM4:bin_000248,0,0,1.584,0,0,0,0,0,0,0,0,0,0,0,0,4.445,0,0,0,0,0,0,0,4.142,2.084,0,2.53,0,3.068,0,0,2.248,2.107,0,2.466,0,0,0,0,0,0,0
TM4:bin_000249,2.061,0,2.496,3.052,0,0,1.102,0,3.023,0,0,0,0,0,0,2.708,0,2.717,0,0,3.621,2.48,0,15.583,0,0,0,2.97,6.192,0,3.618,0,3.642,0,0,2.923,0,0,0,0,3.431,0
TM4:bin_000259,0,0,0,0,0,0,0,0,0,0,0,0,0,0,0,0,0,0,0,0,0,0,0,0,0,0,0,0,0,0,0,0,0,0,0,0,0,0,0,0,0,0
TM4:bin_000261,0,0,0,0,0,0,0,0,0,0,0,0,0,0,0,0,0,0,0,0,0,0,0,0,0,0,0,0,0,0,0,0,0,0,0,0,0,0,0,0,0,0
TM4:bin_000267,0,0,0,0,0,0,0,0,0,0,0,0,0,0,0,0,0,0,0,0,0,0,0,0,0,0,0,0,1.963,0,0,0,0,0,0,0,0,0,0,0,0,0
TM4:bin_000275,0,0,0,0,0,0,0,0,0,0,0,0,0,0,0,0,0,0,0,0,0,0,0,0,0,0,0,0,0,0,0,0,0,0,0,0,0,0,0,0,0,0
TM4:bin_000278,0,0,0,0,0,0,0,0,0,0,0,0,0,0,0,0,0,0,0,0,0,0,0,0,0,0,0,0,0,0,0,0,0,0,0,0,0,0,0,0,0,0
TM4:bin_000285,0,0,0,0,0,0,0,0,0,0,0,0,0,0,0,0,0,0,0,0,0,0,0,0,0,0,0,0,0,0,0,0,0,0,0,0,0,0,0,0,0,0
TM4:bin_000286,0,0,0,0,0,0,0,0,0,0,0,0,0,0,0,0,0,0,0,0,0,0,0,0,0,0,0,0,0,0,0,0,0,0,0,0,0,0,0,0,0,0
TM4:bin_000287,0,0,0,0,0,0,0,0,0,0,0,0,0,0,0,0,0,0,0,0,0,0,0,0,0,0,0,0,0,0,0,0,0,0,0,0,0,0,0,0,0,0
TM4:bin_000305,0,0,0,0,0,0,0,0,0,0,0,0,0,0,0,0,0,0,0,0,0,0,0,0,0,0,0,0,0,0,0,0,0,0,0,0,0,0,0,0,0,0
TM4:bin_000312,0,0,0,0,0,0,0,0,0,0,0,0,0,0,0,0,0,0,0,0,0,0,0,0,0,0,0,0,0,0,0,0,0,0,0,0,0,0,0,0,0,0
TM4:bin_000316,0,0,0,0,0,0,1.772,0,0,0,0,0,0,0,0,0,0,2.171,0,0,0,0,0,6.278,3.252,0,1.688,0,3.258,0,0,1.688,2.201,0,0,0,0,0,0,0,0,0
