genome,M304800,M304804,M304824,M304818,M304799,M304826,M304797,M304830,M304793,M304831,M304829,M304795,M304823,M304832,M304794,M304827,M304796,M304788,M304798,M304835,M304792,M304812,M304810,M304822,M304813,M304821,M304809,M304803,M304814,M304807,M304833,M304817,M304819,M304825,M304802,M304828,M304808,M304811,M304790,M304791,M304815,M304805
00:bin_000002,2.737,1.631,5.017,0,4.344,0,0,0,27.025,0,0,6.621,7.667,0,1.885,0,4.984,5.839,3.11,11.43,2.392,0,3.104,4.99,24.51,0,0,19.14,3.991,0,14.86,6.142,0,0,7.997,0,2.974,17.861,8.713,8.25,2.57,2.855
00:bin_000004,2.286,3.506,0,0,15.824,2.274,0,0,17.16,0,0,23.268,8.243,0,2.15,0,4.212,5.993,8.25,7.057,0,3,3.321,4.105,20.492,14.934,0,4.725,8.496,3.463,3.84,27.634,0,0,6.933,0,3.975,10.244,13.299,16.673,0,2.358
00:bin_000007,0,0,0,0,0,0,0,0,2.045,0,0,3.964,0,0,0,0,0,0,0,2.193,0,0,0,0,2.092,0,0,0,0,0,0,0,0,0,0,0,0,0,0,0,0,0
00:bin_000010,0,0,0,0,0,0,0,0,0,0,0,0,0,0,0,0,0,0,0,0,0,0,0,0,0,0,0,0,0,0,0,0,0,0,0,0,0,0,0,0,0,0
00:bin_000015,0,0,0,0,0,0,0,0,0,0,0,0,0,0,0,0,0,0,0,0,0,0,0,0,0,0,0,0,0,0,0,0,0,0,0,0,0,0,0,0,0,0
00:bin_000024,0,0,0,0,2.774,0,0,0,3.283,0,0,2.855,0,0,0,0,0,0,0,4.149,0,0,0,0,4.996,0,0,0,0,2.156,0,0,0,0,2.213,0,2.364,5.044,2.841,0,0,2.752
00:bin_000030,0,0,0,0,0,0,0,0,0,0,0,0,0,0,0,0,0,0,0,0,0,0,0,0,0,0,0,0,0,0,0,0,0,0,0,0,0,0,0,0,0,0
00:bin_000037,0,0,3.59,0,0,0,0,0,12.447,0,0,0,4.316,0,0,0,0,0,0,0,0,0,0,0,6.027,0,0,0,0,0,0,0,0,0,3.365,0,0,4.434,8.326,2.322,0,0
00:bin_000040,0,0,0,0,8.181,0,0,0,7.596,0,0,7.328,2.393,0,0,0,0,4.145,4.075,3.343,0,0,0,0,9.891,0,0,0,0,2.249,3.852,2.297,0,0,6.522,0,0,0,18.844,0,2.255,3.193
00:bin_000043,0,0,0,0,0,0,0,0,0,0,0,0,0,0,0,0,0,0,0,0,0,0,0,0,0,0,0,0,0,0,0,0,0,0,0,0,0,0,0,0,0,0
00:bin_000048,0,0,0,0,0,0,0,0,0,0,0,0,0,0,0,0,0,0,0,0,0,0,0,0,0,0,0,0,0,0,0,0,0,0,0,0,0,0,0,0,0,0
00:bin_000049,0,0,0,0,0,0,0,0,0,0,0,0,0,0,0,0,0,0,0,0,0,0,0,0,0,0,0,0,0,0,0,0,0,0,0,0,0,0,0,0,0,0
00:bin_000052,0,0,0,0,0,0,0,0,0,0,0,0,0,0,0,0,0,0,0,0,0,0,0,0,0,0,0,0,0,0,0,0,0,0,0,0,0,0,0,0,0,0
00:bin_000054,0,0,0,0,0,0,0,0,0,0,0,0,0,0,0,0,0,0,0,0,0,0,0,0,0,0,0,0,0,0,0,0,0,0,0,0,0,0,0,0,0,0
00:bin_000057,0,0,0,0,0,0,0,0,3.136,0,0,0,0,0,0,0,0,0,0,0,0,0,0,0,2.908,0,0,0,0,0,2.511,0,0,0,0,0,0,0,2.384,0,0,2.75
00:bin_000065,0,0,0,0,0,0,0,0,0,0,0,0,0,0,0,0,0,0,0,0,0,0,0,0,0,0,0,0,0,0,0,0,0,0,0,0,0,0,0,0,0,0
00:bin_000067,0,0,0,0,0,0,0,0,2.754,0,0,0,2.286,0,0,0,0,0,0,2.002,0,0,0,0,3.468,0,0,0,0,0,0,0,0,0,2.108,0,0,0,2.208,0,0,1.444
00:bin_000077,0,0,0,0,0,0,0,0,0,0,0,0,0,0,0,0,0,0,0,0,0,0,0,0,0,0,0,0,0,0,0,0,0,0,0,0,0,0,0,0,0,0
00:bin_000098,0,0,0,0,0,0,0,0,0,0,0,0,0,0,0,0,0,0,0,0,0,0,0,0,0,0,0,0,0,0,0,0,0,0,0,0,0,0,0,0,0,0
00:bin_000105,0,0,0,0,0,0,0,0,0,0,0,0,0,0,0,0,0,0,0,0,0,0,0,0,0,0,0,0,0,0,0,0,0,0,0,0,0,0,0,0,0,0
00:bin_000114,0,0,0,0,0,0,0,0,0,0,0,0,0,0,0,0,0,0,0,0,0,0,0,0,0,0,0,0,0,0,0,0,0,0,0,0,0,0,0,0,0,0
00:bin_000122,0,0,0,0,0,0,0,0,0,0,0,0,0,0,0,0,0,0,0,0,0,0,0,0,0,0,0,0,0,0,0,0,0,0,0,0,0,0,3.669,0,0,0
00:bin_000123,0,0,0,0,0,0,0,0,0,0,0,0,0,0,0,0,0,0,0,0,0,0,0,0,0,0,0,0,0,0,0,0,0,0,0,0,0,0,0,0,0,0
00:bin_000129,0,0,0,0,0,0,0,0,0,0,0,0,0,0,0,0,0,0,0,0,0,0,0,0,0,0,0,0,0,0,0,0,0,0,0,0,0,0,0,0,0,0
00:bin_000144,0,0,0,0,0,0,0,0,0,0,0,0,0,0,0,0,0,0,0,0,0,0,0,0,0,0,0,0,0,0,0,0,0,0,0,0,0,0,0,0,0,0
00:bin_000146,0,0,0,0,0,0,0,0,0,0,0,0,0,0,0,0,0,0,0,0,0,0,0,0,0,0,0,0,0,0,0,0,0,0,0,0,0,0,0,0,0,0
00:bin_000151,0,0,0,0,0,0,0,0,0,0,0,0,0,0,0,0,0,0,0,0,0,0,0,0,0,0,0,0,0,0,0,0,0,0,0,0,0,0,0,0,0,0
00:bin_000159,0,0,0,0,0,0,0,0,0,0,0,0,0,0,0,0,0,0,0,0,0,0,0,0,0,0,0,0,0,0,0,0,0,0,0,0,0,0,0,0,0,0
00:bin_000162,2.433,2.429,10.168,0,7.003,0,2.504,0,19.564,0,0,24.659,11.222,0,3.419,0,3.567,3.271,3.029,13.199,1.324,4.284,0,7.909,31.47,7.561,0,11.533,10.09,4.633,13.268,6.439,0,0,6.503,0,1.687,5.69,13.437,8.108,2.275,10.355
00:bin_000163,0,0,0,0,0,0,0,0,0,0,0,0,0,0,0,0,0,0,0,0,0,0,0,0,0,0,0,0,0,0,0,0,0,0,0,0,0,0,0,0,0,0
00:bin_000167,0,0,0,0,0,0,0,0,2.633,0,0,0,0,0,0,0,0,0,0,0,0,0,0,0,0,0,0,0,0,0,0,0,0,0,0,0,0,0,0,0,0,0
00:bin_000171,0,2.649,2.797,0,20.045,0,0,0,15.663,0,0,19.01,5.625,0,1.678,0,3.665,8.333,8.199,12.146,1.44,2.08,1.661,2.907,47.504,4.08,0,5.804,3.703,5.261,12.114,6.469,0,0,4.732,0,0,16.27,25.189,4.486,4.058,8.026
00:bin_000175,0,0,0,0,0,0,0,0,0,0,0,0,0,0,0,0,0,0,0,0,0,0,0,0,0,0,0,0,0,0,0,0,0,0,0,0,0,0,0,0,0,0
00:bin_000181,0,0,0,0,0,0,0,0,0,0,0,0,0,0,0,0,0,0,0,0,0,0,0,0,0,0,0,0,0,0,0,0,0,0,0,0,0,0,0,0,0,0
00:bin_000184,0,0,0,0,0,0,0,0,0,0,0,0,0,0,0,0,0,0,0,0,0,0,0,0,0,0,0,0,0,0,0,0,0,0,0,0,0,0,0,0,0,0
00:bin_000194,0,0,0,0,0,0,0,0,0,0,0,0,0,0,0,0,0,0,0,0,0,0,0,0,0,0,0,0,0,0,0,0,0,0,0,0,0,0,0,0,0,0
00:bin_000198,0,0,0,0,0,0,0,0,0,0,0,0,0,0,0,0,0,0,0,0,0,0,0,0,0,0,0,0,0,0,0,0,0,0,0,0,0,0,0,0,0,0
00:bin_000200,0,0,0,0,5.955,0,0,0,3.738,0,0,5.897,0,0,0,0,1.829,0,2.266,3.138,0,2.522,0,0,6.873,2.086,0,0,0,0,0,7.374,0,0,0,0,0,5.199,9.221,13.094,0,1.937
00:bin_000204,0,0,0,0,0,0,0,0,0,0,0,0,0,0,0,0,0,0,0,0,0,0,0,0,0,0,0,0,0,0,0,0,0,0,0,0,0,0,0,0,0,0
00:bin_000205,0,0,0,0,0,0,0,0,0,0,0,0,0,0,0,0,0,0,0,0,0,0,0,0,0,0,0,0,0,0,0,0,0,0,0,0,0,0,0,0,0,0
00:bin_000212,0,0,0,0,0,0,0,0,0,0,0,0,0,0,0,0,0,0,0,0,0,0,0,0,0,0,0,0,0,0,0,0,0,0,0,0,0,0,0,0,0,0
00:bin_000217,0,0,0,0,0,0,0,0,7.32,0,0,2.997,0,0,0,0,0,0,0,2.864,0,0,0,0,4.72,0,0,0,0,0,0,0,0,0,0,0,0,0,2.466,3.478,0,0
00:bin_000221,0,0,0,0,0,0,0,0,0,0,0,0,0,0,0,0,0,0,0,0,0,0,0,0,0,0,0,0,0,0,0,0,0,0,0,0,0,0,0,0,0,0
00:bin_000228,0,0,0,0,0,0,0,0,0,0,0,0,0,0,0,0,0,0,0,0,0,0,0,0,0,0,0,0,0,0,0,0,0,0,0,0,0,0,0,0,0,0
00:bin_000232,0,0,0,0,0,0,0,0,0,0,0,0,3.165,0,0,0,0,0,2.847,0,0,0,0,0,6.56,0,0,0,2.764,0,0,0,0,0,5.178,0,4.08,0,0,2.459,0,0
00:bin_000238,0,0,0,0,2.658,0,0,0,2.754,0,0,3.138,1.828,0,0,0,0,0,0,0,0,0,0,0,7.607,1.963,0,2.954,0,0,2.948,0,0,0,2.878,0,0,0,0,0,0,1.322
00:bin_000241,0,1.62,2.54,0,0,0,0,0,23.698,0,0,5.719,4.847,0,0,0,2.415,5.817,0,12.518,2.289,0,0,5.438,32.921,0,0,5.61,2.66,0,19.018,0,0,0,2.696,0,0,7.55,3.104,3.749,1.76,1.767
00:bin_000243,0,0,0,0,0,0,0,0,0,0,0,0,0,0,0,0,0,0,0,0,0,0,0,0,0,0,0,0,0,0,0,0,0,0,0,0,0,0,0,0,0,0
00:bin_000285,0,0,0,0,0,0,0,0,0,0,0,0,0,0,0,0,0,0,0,0,0,0,0,0,0,0,0,0,0,0,0,0,0,0,0,0,0,0,0,0,0,0
00:bin_000287,0,0,0,0,0,0,0,0,0,0,0,0,0,0,0,0,0,0,0,0,0,0,0,0,0,0,0,0,0,0,0,0,0,0,0,0,0,0,0,0,0,0
00-TM1:bin_000014,12.649,11.416,39.457,12.494,36.317,7.137,9.836,0,150.972,0,0.569,90.522,80.882,0,11.516,0,25.461,49.117,19.459,50.201,8.532,3.63,30.968,45.522,191.708,30.735,0,41.38,38.512,7.746,127.181,71.473,0,0,54.287,0,8.064,76.05,144.057,40.649,10.517,55.928
00-TM1:bin_000022,9.994,10.662,36.124,4.432,23.67,2.851,6.225,0,99.549,0,0,58.067,35.991,0,3.557,0,12.11,26.158,11.048,41.408,11.587,10.097,14.939,17.713,134.668,28.973,0,37.463,30.664,19.135,61.397,21.713,0,0,43.27,0,5.276,58.76,60.724,25.955,11.945,12.349
00-TM1:bin_000047,0,0,0,0,0,0,0,0,0,0,0,0,0,0,0,0,0,0,0,0,0,0,0,0,0,0,0,0,0,0,0,0,0,0,0,0,0,0,0,0,0,0
00-TM1:bin_000048,0,0,0,0,0,0,0,0,0,0,0,0,0,0,0,0,0,0,0,0,0,0,0,0,0,0,0,0,0,0,0,0,0,0,0,0,0,0,0,0,0,0
00-TM1:bin_000056,0,0,0,0,0,0,0,0,0,0,0,0,0,0,0,0,0,0,0,0,0,0,0,0,0,0,0,0,0,0,0,0,0,0,0,0,0,0,0,0,0,0
00-TM1:bin_000074,0,0,0,0,0,0,0,0,0,0,0,0,0,0,0,0,0,0,0,0,0,0,0,0,0,0,0,0,0,0,0,0,0,0,0,0,0,0,0,0,0,0
00-TM1:bin_000078,0,0,0,0,0,0,0,0,0,0,0,0,0,0,0,0,0,0,0,0,0,0,0,0,11.906,0,0,0,0,0,0,0,0,0,0,0,0,0,0,0,0,0
00-TM1:bin_000084,0,0,2.992,0,0,0,0,0,11.325,0,0,3.168,3.12,0,0,0,0,0,0,3.301,0,0,2.369,3.219,13.148,0,0,5.711,0,0,5.265,2.972,0,0,2.818,0,0,6.788,0,0,0,0
00-TM1:bin_000088,0,0,5.511,0,8.713,0,0,0,4.652,0,0,2.643,1.925,0,0,0,0,0,0,5.826,0,0,0,0,18.826,1.879,0,3.667,0,0,4.29,0,0,0,5.081,0,0,0,2.517,2.049,0,1.325
00-TM1:bin_000099,0,0,0,0,0,0,0,0,0,0,0,0,0,0,0,0,0,0,0,0,0,0,0,0,0,0,0,0,0,0,0,0,0,0,0,0,0,0,0,0,0,0
00-TM1:bin_000117,0,0,0,0,0,0,0,0,0,0,0,0,0,0,0,0,0,0,0,0,0,0,0,0,7.135,0,0,0,0,0,0,0,0,0,0,0,0,0,0,0,0,0
00-TM1:bin_000135,0,0,0,0,0,0,0,0,5.953,0,0,5.368,2.122,0,0,0,0,0,0,3.23,0,0,0,0,8.66,0,0,3.118,2.619,0,4.427,2.102,0,0,2.435,0,0,3.286,3.621,0,0,1.779
00-TM2:bin_000005,0,0,0,0,0,0,0,0,0,0,0,0,0,0,0,0,0,0,0,0,0,0,0,0,0,0,0,0,0,0,0,0,0,0,0,0,0,0,0,0,0,0
00-TM2:bin_000007,15.235,10.802,47.259,6.681,41.101,5.706,11.403,0,141.385,0,0,85.726,37.974,0,9.19,0,16.163,24.904,13.631,73.345,13.811,24.092,18.827,32.432,207.593,46.37,0,53.318,41.763,11.342,63.405,32.056,0,0,80.528,0,23.043,55.533,99.816,54.542,19.912,38.342
00-TM2:bin_000016,0,0,0,0,0,0,0,0,0,0,0,0,0,0,0,0,0,0,0,0,0,0,0,0,0,0,0,0,0,0,0,0,0,0,0,0,0,0,0,0,0,0
00-TM2:bin_000034,0,0,0,0,0,0,0,0,0,0,0,0,0,0,0,0,0,0,0,0,0,0,0,0,0,0,0,0,0,2.37,0,0,0,0,0,0,2.342,0,0,0,0,0
00-TM2:bin_000054,0,0,0,0,0,0,0,0,0,0,0,0,0,0,0,0,0,0,0,0,0,0,0,0,0,0,0,0,0,0,0,0,0,0,0,0,0,0,0,0,0,0
00-TM2:bin_000080,0,0,3.167,0,0,0,0,0,13.019,0,0,6.829,4.262,0,0,0,0,0,0,3.055,0,4.218,1.598,0,9.297,0,0,4.52,6.979,4.278,7.376,0,0,0,3.155,0,3.61,0,3.001,0,0,3.449
00-TM2:bin_000086,0,0,0,0,0,0,0,0,0,0,0,0,0,0,0,0,0,0,0,0,0,0,0,0,0,0,0,0,0,0,0,0,0,0,0,0,0,0,0,0,0,0
00-TM2:bin_000116,0,0,0,0,3.358,0,1.458,0,3.113,0,0,0,0,0,0,0,0,0,0,1.953,0,2.687,0,0,4.543,0,0,0,2.335,2.951,0,0,0,0,0,0,2.1,2.609,2.127,2.612,0,2.963
00-TM3:bin_000043,0,0,0,0,0,0,0,0,0,0,0,0,0,0,0,0,0,0,0,0,0,0,0,0,0,0,0,0,0,0,0,0,0,0,0,0,0,0,0,0,0,0
00-TM3:bin_000053,0,0,0,0,0,0,0,0,0,0,0,0,0,0,0,0,0,0,0,0,0,0,0,0,0,0,0,0,0,0,0,0,0,0,0,0,0,0,0,0,0,0
00-TM3:bin_000079,2.215,0,9.258,0,15.079,0,0,0,15.851,0,0,9.835,8.035,0,0,0,0,4.16,0,5.308,0,0,4.347,0,9.076,0,0,0,0,1.814,18.413,0,0,0,10.34,0,0,0,3.568,0,1.579,32.673
00-TM4:bin_000006,0,0,0,0,0,0,0,0,0,0,0,0,0,0,0,0,0,0,0,0,0,0,0,0,0,0,0,0,0,0,0,0,0,0,0,0,0,0,0,0,0,0
00-TM4:bin_000010,8.199,9.429,10.033,3.449,34.674,4.596,0,0,47.998,0,0,55.056,12.107,0,8.014,0,10.82,14.503,20.091,30.837,5.087,6.874,7.143,8.494,86.144,20.56,0,22.173,26.037,16.217,17.914,66.399,0,0,15.598,0,11.194,31.465,52.452,22.773,3.423,9.256
00-TM4:bin_000018,0,0,0,0,0,0,0,0,3.143,0,0,0,0,0,0,0,0,0,0,5.19,0,0,0,0,2.111,0,0,0,0,0,0,0,0,0,0,0,0,0,0,0,0,0
00-TM4:bin_000030,0,1.796,2.35,0,4.017,0,0,0,7.513,0,0,4.277,8.991,0,0,0,0,2.831,0,7.611,1.929,6.542,0,0,8.857,0,0,2.767,5.68,3.125,2.564,0,0,0,0,0,3.907,6.318,2.171,4.014,0,5.921
00-TM4:bin_000036,8.493,5.999,44.733,0,37.004,2.389,4.323,0,84.928,0,0,64.042,64.72,0,7.151,0,9.235,14.975,10.773,25.864,4.724,3.782,17.018,22.556,120.109,25.764,0,26.534,26.597,13.548,61.656,37.144,0,0,70.875,0,9.624,42.336,85.266,37.301,15.16,31.746
07:bin_000036,0,0,0,0,0,0,0,0,0,0,0,0,0,0,0,0,0,0,0,0,0,0,0,0,0,0,0,0,0,0,0,0,0,0,0,0,0,0,0,0,0,0
07:bin_000056,0,0,0,0,0,0,0,0,0,0,0,0,0,0,0,0,0,0,0,0,0,0,0,0,0,0,0,0,0,0,0,0,0,0,0,0,0,0,0,0,0,0
07:bin_000064,0,0,0,0,0,0,0,0,0,0,0,0,0,0,0,0,0,0,0,0,0,0,0,0,0,0,0,0,0,0,0,0,0,0,0,0,0,0,0,0,0,0
07:bin_000080,0,0,0,0,0,0,0,0,0,0,0,0,0,0,0,0,0,0,0,0,0,0,0,0,0,0,0,0,0,0,0,0,0,0,0,0,0,0,0,0,0,0
07:bin_000086,0,0,0,0,0,0,0,0,0,0,0,0,0,0,0,0,0,0,0,0,0,0,0,0,0,0,0,0,0,0,0,0,0,0,0,0,0,0,0,0,0,0
07:bin_000111,0,0,0,0,0,0,0,0,0,0,0,0,0,0,0,0,0,0,0,0,0,0,0,0,0,0,0,0,0,0,0,0,0,0,0,0,0,0,0,0,0,0
07:bin_000158,0,0,0,0,0,0,0,0,0,0,0,0,0,0,0,0,0,0,0,0,0,0,0,0,0,0,0,0,0,0,0,0,0,0,0,0,0,0,0,0,0,0
07:bin_000176,0,0,0,0,0,0,0,0,0,0,0,0,0,0,0,0,0,0,0,0,0,0,0,0,0,0,0,0,0,0,0,0,0,0,0,0,0,0,0,0,0,0
07-TM1:bin_000001,0,0,0,0,0,0,0,0,0,0,0,0,0,0,0,0,0,0,0,0,0,0,0,0,0,0,0,0,0,0,0,0,0,0,0,0,0,0,0,0,0,0
07-TM2:bin_000008,0,0,0,0,0,0,0,0,0,0,0,0,0,0,0,0,0,0,0,0,0,0,0,0,0,0,0,0,0,0,0,0,0,0,0,0,0,0,0,0,0,0
07-TM2:bin_000021,4.232,8.042,10.911,4.106,17.028,4.685,4.944,0,47.301,0,0,38.135,19.516,0,4.636,0,7.428,10.887,9.408,20.908,6.884,7.683,5.733,10.559,88.593,16.05,0,25.886,23.101,21.807,24.233,8.18,0,0,30.907,0,12.186,24.285,36.267,15.397,3.231,14.41
07-TM4:bin_000002,0,0,0,0,0,0,0,0,0,0,0,0,0,0,0,0,0,0,0,0,0,0,0,0,0,0,0,0,0,0,0,0,0,0,0,0,0,0,0,0,0,0
07-TM4:bin_000027,0,0,0,0,0,0,0,0,0,0,0,0,0,0,0,0,0,0,0,0,0,0,0,0,0,0,0,0,0,0,0,0,0,0,0,0,0,0,0,0,0,0
07-TM4:bin_000032,0,0,0,0,0,0,0,0,0,0,0,0,0,0,0,0,0,0,0,0,0,0,0,0,0,0,0,0,0,0,0,0,0,0,0,0,0,0,0,0,0,0
07-TM4:bin_000058,0,0,0,0,0,0,0,0,0,0,0,0,0,0,0,0,0,0,0,0,0,0,0,0,0,0,0,0,0,0,0,0,0,0,0,0,0,0,0,0,0,0
07-TM4:bin_000059,0,0,0,0,0,0,0,0,0,0,0,0,0,0,0,0,0,0,0,0,0,0,0,0,0,0,0,0,0,0,0,0,0,0,0,0,0,0,0,0,0,0
07-TM4:bin_000064,0,0,0,0,0,0,0,0,0,0,0,0,0,0,0,0,0,0,0,0,0,0,0,0,0,0,0,0,0,0,0,0,0,0,0,0,0,0,0,0,0,0
14:bin_000004,0,0,0,0,0,0,0,0,0,0,0,0,0,0,0,0,0,0,0,0,0,0,0,0,0,0,0,0,0,0,0,0,0,0,0,0,0,0,0,0,0,0
14:bin_000010,0,0,0,0,0,0,0,0,0,0,0,0,0,0,0,0,0,0,0,0,0,0,0,0,0,0,0,0,0,0,0,0,0,0,0,0,0,0,0,0,0,0
14:bin_000014,0,0,0,0,0,0,0,0,2.257,0,0,0,0,0,0,0,0,0,0,0,0,0,0,0,0,0,0,0,0,0,0,0,0,0,0,0,2.604,0,0,0,0,0
14:bin_000062,0,0,0,0,2.733,0,0,0,5.467,0,0,0,2.061,0,0,0,0,0,0,4.032,0,0,1.783,0,7.848,0,0,0,2.939,0,2.684,0,0,0,4.241,0,0,0,4.74,0,0,1.345
14:bin_000091,0,0,0,0,0,0,0,0,0,0,0,0,0,0,0,0,0,0,0,0,0,0,0,0,0,0,0,0,0,0,0,0,0,0,0,0,0,0,0,0,0,0
14:bin_000192,0,0,0,0,0,0,0,0,3.529,0,0,2.983,0,0,0,0,0,0,0,1.768,0,0,0,0,4.333,0,0,0,0,0,0,0,0,0,0,0,0,0,2.053,0,0,0
14-TM1:bin_000012,0,0,0,0,0,0,0,0,0,0,0,0,0,0,0,0,0,0,0,0,0,0,0,0,0,0,0,0,0,0,0,0,0,0,0,0,0,0,0,0,0,0
14-TM1:bin_000017,1.635,0,10.134,0,9.43,0,0,0,29.508,0,0,23.51,22.261,0,0,0,0,0,6.311,2.99,0,3.359,5.899,4.788,26.961,5.275,0,2.363,4.554,2.702,15.704,7.818,0,0,22.238,0,0,7.01,35.338,9.243,3.595,12.051
14-TM2:bin_000049,0,0,0,0,0,0,0,0,0,0,0,0,0,0,0,0,0,0,0,0,0,0,0,0,0,0,0,0,0,0,0,0,0,0,0,0,0,0,0,0,0,0
14-TM4:bin_000004,26.742,44.606,60.648,8.837,127.55,23.695,23.313,0.529,119.836,2.029,1.291,89.254,111.601,0,18.336,0,17.095,29.412,46.266,83.53,10.159,132.742,17.464,43.185,172.469,81.051,0,57.828,56.835,87.608,50.079,58.169,2.162,14.078,76.653,1.51,66.336,110.525,133.707,84.925,19.436,93.391
14-TM4:bin_000010,0,0,0,0,0,0,0,0,0,0,0,0,0,0,0,0,0,0,0,0,0,0,0,0,0,0,0,0,0,0,0,0,0,0,0,0,0,0,0,0,0,0
14-TM4:bin_000035,1.702,0,0,0,0,0,0,0,6.49,0,0,2.506,2.67,0,0,0,0,0,2.372,3.428,1.27,2.646,1.695,2.11,11.839,4.421,0,2.484,0,0,3.131,0,0,0,2.365,0,2.335,3.898,5.441,0,0,2.792
14-TM4:bin_000089,0,0,0,0,0,0,0,0,0,0,0,0,0,0,0,0,0,0,0,0,0,0,0,0,0,0,0,0,0,0,0,0,0,0,0,0,0,0,0,0,0,0
14-TM4:bin_000109,0,0,0,0,0,0,0,0,0,0,0,0,0,0,0,0,0,0,0,0,0,0,0,0,0,0,0,0,0,0,0,0,0,0,0,0,0,0,0,0,0,0
21:bin_000024,0,0,0,0,0,0,0,0,0,0,0,0,0,0,0,0,0,0,0,0,0,0,0,0,0,0,0,0,0,0,0,0,0,0,0,0,0,0,0,0,0,0
21:bin_000052,0,0,0,0,0,0,0,0,0,0,0,0,0,0,0,0,0,0,0,0,0,0,0,0,0,0,0,0,0,0,0,0,0,0,0,0,0,0,0,0,0,0
21:bin_000073,0,0,0,0,0,0,0,0,0,0,0,0,0,0,0,0,0,0,0,0,0,0,0,0,0,0,0,0,0,0,0,0,0,0,0,0,0,0,0,0,0,0
21:bin_000107,0,0,0,0,2.913,0,0,0,2.659,0,0,0,0,0,0,0,0,0,0,0,0,0,0,0,3.132,0,0,0,0,1.837,0,0,0,0,2.311,0,0,0,0,0,0,0
21:bin_000125,0,0,0,0,0,0,0,0,0,0,0,0,0,0,0,0,0,0,0,0,0,0,0,0,0,0,0,0,0,0,0,0,0,0,0,0,0,0,0,0,0,0
21:bin_000160,0,0,0,0,0,0,0,0,0,0,0,0,0,0,0,0,0,0,0,0,0,0,0,0,0,0,0,0,0,0,0,0,0,0,0,0,0,0,0,0,0,0
21:bin_000224,0,0,0,0,0,0,0,0,0,0,0,0,2.547,0,0,0,0,0,0,0,0,0,0,0,0,0,0,2.833,0,0,0,0,0,0,0,0,0,0,2.548,0,0,0
21-TM1:bin_000011,0,0,0,0,0,0,0,0,0,0,0,0,0,0,0,0,0,0,0,0,0,0,0,0,0,0,0,0,0,0,0,0,0,0,0,0,0,0,0,0,0,0
21-TM1:bin_000014,2.911,0,17.957,0,0,0,0,0,3.556,0,0,6.966,0,0,0,0,0,0,0,17.352,0,4.037,0,0,0,30.838,0,12.011,0,0,0,0,0,0,0,0,2.454,15.627,0,3.204,0,10.475
21-TM1:bin_000060,0,0,0,0,0,0,0,0,0,0,0,0,0,0,0,0,0,0,0,0,0,0,0,0,0,0,0,0,0,0,0,0,0,0,0,0,0,0,0,0,0,0
21-TM1:bin_000073,6.389,5.396,15.874,3.077,17.787,1.81,4.28,0,58.805,0,0,38.122,17.39,0,2.568,0,5.992,8.748,3.357,40.089,4.543,12.012,11.718,11.84,92.114,21.075,0,22.764,19.162,4.762,24.984,16.264,0,0,38.583,0,5.211,34.903,46.235,14.819,4.735,15.503
21-TM3:bin_000002,0,0,0,0,0,0,0,0,0,0,0,0,0,0,0,0,0,0,0,0,0,0,0,0,0,0,0,0,0,0,0,0,0,0,0,0,0,0,0,0,0,0
21-TM3:bin_000011,0,0,0,0,0,0,0,0,0,0,0,0,0,0,0,0,0,0,0,0,0,0,0,0,0,0,0,0,0,0,0,0,0,0,0,0,0,0,0,0,0,0
21-TM3:bin_000020,0,0,0,0,0,0,0,0,0,0,0,0,0,0,0,0,0,0,0,0,0,0,0,0,0,0,0,0,0,0,0,0,0,0,0,0,0,0,0,0,0,0
21-TM4:bin_000004,0,0,0,0,0,0,0,0,0,0,0,0,0,0,0,0,0,0,0,0,0,0,0,0,0,0,0,0,0,0,0,0,0,0,0,0,0,0,0,0,0,0
21-TM4:bin_000017,0,0,0,0,0,0,0,0,0,0,0,0,0,0,0,0,0,0,0,0,0,0,0,0,0,0,0,0,0,0,0,0,0,0,0,0,0,0,0,0,0,0
21-TM4:bin_000041,0,0,0,0,0,0,0,0,8.851,0,0,4.522,2.75,0,0,0,1.487,0,0,7.92,0,0,2.021,2.618,8.06,0,0,2.579,5.451,0,4.305,2.266,0,0,3.031,0,2.056,0,14.461,4.863,0,2.348
21-TM4:bin_000042,0,0,0,0,0,0,0,0,0,0,0,0,0,0,0,0,0,0,0,0,0,0,0,0,0,0,0,0,0,0,0,0,0,0,0,0,0,0,0,0,0,0
21-TM4:bin_000052,0,0,0,0,0,0,0,0,0,0,0,0,0,0,0,0,0,0,0,0,0,0,0,0,0,0,0,0,0,0,0,0,0,0,0,0,0,0,0,0,0,0
21-TM4:bin_000053,0,0,0,0,0,0,0,0,0,0,0,0,0,0,0,0,0,0,0,0,0,0,0,0,0,0,0,0,0,0,0,0,0,0,0,0,0,0,0,0,0,0
D300693:bin_000003,0,0,5.696,1.905,3.91,0,0,0,13.028,0,0,20.766,7.687,0,0,0,2.864,3.767,3.395,8.407,3.27,3.765,4.565,3.341,19.839,3.726,0,9.559,10.049,2.474,9.421,3.564,0,0,8.305,0,0,7.101,9.053,0,0,2.968
D300693:bin_000006,2.213,5.158,6.369,0,9.449,1.651,0,0,9.922,0,0,8.835,13.131,0,0,0,0,5.165,3.532,9.2,0,6.877,1.479,0,22.579,2.467,0,5.136,6.758,14.798,5.355,2.966,0,0,3.643,0,2.68,6.239,10.308,3.589,1.645,9.956
D300693:bin_000013,0,0,6.034,0,5.696,2.105,0,0,22.262,0,0,12.786,5.867,0,2.78,0,2.64,0,4.866,8.487,1.954,4.123,0,4.189,29.738,6.753,0,6.816,8.191,5.349,10.894,8.163,0,0,7.941,0,3.415,14.257,18.497,8.742,0,7.442
D300696:bin_000035,0,0,1.682,0,2.722,0,0,0,6.62,0,0,4.624,3.066,0,0,0,0,3.332,0,3.903,0,2.647,0,1.722,10.476,2.803,0,0,4.974,0,6.11,2.403,0,0,3.619,0,1.27,3.752,4.537,1.788,0,1.601
D300699:bin_000001,0,0,0,0,0,0,0,0,0,0,0,0,0,0,0,0,0,0,0,0,0,0,0,0,0,0,0,0,0,0,0,0,0,0,0,0,0,0,0,0,0,0
D300700:bin_000001,0,0,0,0,0,0,0,0,0,0,0,0,0,0,0,0,0,0,0,0,0,0,0,0,0,0,0,0,0,0,0,0,0,0,0,0,0,0,0,0,0,0
D300706:bin_000006,0,0,0,0,0,0,0,0,0,0,0,0,0,0,0,0,0,0,0,0,0,0,0,0,0,0,0,0,0,0,0,0,0,0,0,0,0,0,0,0,0,0
D300708:bin_000028,4.167,3.785,7.562,2.266,8.96,2.72,2.034,0,17.757,0,0,39.961,4.633,0,0,0,3.006,0,0,6.334,5.674,9.473,4.807,2.89,59.566,23.831,0,0,5.503,2.296,5.487,2.898,0,0,9.87,0,3.552,5.971,36.118,8.448,2.083,9.599
D300709:bin_000042,12.849,11.761,42.919,6.624,32.357,5.118,8.11,0,103.53,0,0,86.631,39.012,0,9.545,0,19.542,37.917,11.911,63.464,14.734,13.847,21.348,34.891,156.53,28.029,0,36.568,35.346,11.611,81.146,26.585,0,0,65.367,0,12.976,62.479,81.944,38.94,14.544,29.232
D300710:bin_000020,0,0,5.174,0,11.397,0,1.851,0,17.564,0,0,14.803,0,0,0,0,0,0,4.766,7.464,0,0,0,0,22.96,7.793,0,0,0,5.495,6.689,12.537,0,0,6.379,0,4.783,10.836,16.532,7.548,0,5.931
D300711:bin_000012,0,0,0,0,0,2.749,0,0,3.455,0,0,0,0,0,0,0,0,0,0,2.287,0,2.046,0,0,2.357,0,0,0,0,3.291,0,0,0,0,0,0,10.563,0,2.857,0,0,1.57
D300711:bin_000013,0,0,0,0,0,0,0,0,0,0,0,0,0,0,0,0,0,0,0,0,0,0,0,0,0,0,0,0,0,0,0,0,0,0,0,0,0,0,0,0,0,0
D300711:bin_000023,0,0,2.204,0,2.791,0,0,0,15.503,0,0,13.187,2.644,0,0,0,2.323,24.346,1.865,13.368,1.281,0,23.941,3.293,15.345,0,0,8.648,4.004,0,18.921,3.18,0,0,3.035,0,2.349,0,5.879,6.398,0,0
D300712:bin_000004,1.724,3.45,6.365,0,3.926,4.51,2.175,0,15.942,0,0,6.33,0,0,2.957,0,3.059,2.75,0,12.999,4.731,12.885,1.926,3.728,6.655,0,0,0,6.235,9.349,6.172,0,0,0,3.25,0,14.727,9.843,3.725,3.816,0,5.549
D300712:bin_000006,33.066,36.469,103.238,18.571,87.514,16.114,37.356,0.571,366.909,0,1.502,217.596,116.395,0,25.476,0,42.559,75.573,41.045,176.874,16.891,34.078,53.536,57.184,490.263,138.498,0,130.723,128.518,49.091,135.485,73.866,0,2.84,171.253,1.041,27.398,176.525,218.159,82.876,21.659,89.186
D300712:bin_000007,2.467,2.826,9.561,0,5.535,0,1.924,0,32.272,0,0,21.897,16.072,0,2.051,0,9.09,18.686,2.734,22.414,1.68,0,2.991,10.352,55.155,10.969,0,13.221,7.129,4.358,23.713,4.734,0,0,12.788,0,8.087,16.503,23.642,11.56,4.206,5.436
D300712:bin_000016,3.003,1.721,17.301,5.16,21.97,0,3.326,0,57.188,0,0,26.815,23.232,0,2.875,0,6.331,21.12,5.091,25.084,7.772,0,7.014,17.792,76.872,14.883,0,22.667,6.029,3.117,29.9,10.778,0,0,10.837,0,5.729,21.075,26.981,18.301,6.601,16.974
D300713:bin_000003,0,0,0,0,0,0,0,0,0,0,0,0,0,0,0,0,0,0,0,0,0,0,0,0,0,0,0,0,0,0,0,0,0,0,0,0,0,0,0,0,0,0
D300713:bin_000009,2.407,0,3.423,0,4.569,0,0,0,10.502,0,0,5.592,7.045,0,0,0,0,0,3.63,5.543,1.139,8.147,1.345,0,12.393,2.831,0,3.097,3.235,7.096,2.213,2.704,0,0,3.094,0,2.521,4.917,4.209,0,0,6.783
D300714:bin_000008,4.528,3.353,9.05,0,11.943,1.903,2.142,0,30.036,0,0,26.347,7.768,0,4.193,0,3.897,6.406,4.809,21.881,3.299,4.699,3.248,5.445,44.295,4.667,0,22.147,17.731,3.088,12.692,3.17,0,0,9.826,0,3.261,20.202,25.66,5.688,3.374,6.294
D300719:bin_000003,0,0,0,0,0,2.14,0,0,3.629,0,0,3.326,0,0,0,0,1.793,5.472,2.065,2.376,0,2.764,0,0,0,5.179,0,0,4.722,0,1.92,0,0,0,0,0,0,3.259,3.346,0,0,0
D300719:bin_000008,0,0,0,0,0,0,0,0,0,0,0,0,0,0,0,0,0,0,0,0,0,0,0,0,0,0,0,0,0,0,0,0,0,0,0,0,0,0,0,0,0,0
D300720:bin_000001,0,0,0,0,0,0,0,0,0,0,0,0,0,0,0,0,0,0,0,0,0,0,0,0,0,0,0,0,0,0,0,0,0,0,0,0,0,0,0,0,0,0
D300723:bin_000001,0,0,0,0,0,0,0,0,0,0,0,0,0,0,0,0,0,0,0,0,0,0,0,0,0,0,0,0,0,0,0,0,0,0,0,0,0,0,0,0,0,0
D300723:bin_000008,3.87,5.873,14.614,0,10.688,2.821,0,0,32.482,0,0,8.748,5.225,0,0,0,4.555,9.575,3.516,18.57,4.106,17.808,4.622,4.466,46.283,9.666,0,11.737,11.279,3.846,15.612,5.644,0,0,11.742,0,2.691,7.148,18.3,5.449,2.235,3.82
D300729:bin_000019,0,0,9.366,0,9.422,0,0,0,25.272,0,0,17.154,12.597,0,0,0,0,4.749,3.266,10.343,0,0,4.282,4.839,34.282,8.081,0,8.577,8.399,4.298,13.643,8.075,0,0,14.664,0,3.007,12.065,19.895,8.148,0,8.156
D300742:bin_000002,2.995,3.099,5.646,0,5.557,2.433,0,0,16.618,0,0,3.849,7.149,0,0,0,1.642,3.174,0,10.174,1.515,8.902,0,0,20.225,4.771,0,4.105,7.211,17.626,7.347,0,0,0,3.726,0,8.809,6.428,7.735,2.697,0,10.049
D300748:bin_000014,0,0,2.237,0,9.374,0,0,0,11.142,0,0,6.136,10.095,0,0,0,1.644,2.507,0,5.5,1.6,7.864,1.373,0,11.836,3.797,0,0,4.255,7.647,5.193,0,0,0,5.617,0,8.265,10.43,9.512,0,0,8.149
D300750:bin_000009,0,0,0,0,0,0,0,0,0,0,0,0,0,0,0,0,0,0,0,0,0,0,0,0,0,0,0,0,0,0,0,0,0,0,0,0,0,0,0,0,0,0
D300751:bin_000024,0,0,0,0,0,0,0,0,0,0,0,0,0,0,0,0,0,0,0,0,0,0,0,0,0,0,0,0,0,0,0,0,0,0,0,0,0,0,0,0,0,0
D300751:bin_000031,0,0,0,0,0,0,0,0,0,0,0,0,0,0,0,0,0,0,0,0,0,0,0,0,0,0,0,0,0,0,0,0,0,0,0,0,0,0,0,0,0,0
D300754:bin_000002,0,0,0,0,0,0,0,0,0,0,0,0,0,0,0,0,0,0,0,0,0,0,0,0,0,0,0,0,0,0,0,0,0,0,0,0,0,0,0,0,0,0
D300754:bin_000004,0,0,0,0,0,0,0,0,0,0,0,0,0,0,0,0,0,0,0,0,0,0,0,0,0,0,0,0,0,0,0,0,0,0,0,0,0,0,0,0,0,0
D300755:bin_000017,0,0,0,0,0,0,0,0,0,0,0,0,0,0,0,0,0,0,0,0,0,0,0,0,0,0,0,0,0,0,0,0,0,0,0,0,0,0,0,0,0,0
D300757:bin_000005,0,0,0,0,0,0,0,0,0,0,0,0,0,0,0,0,0,0,0,0,0,0,0,0,0,0,0,0,0,0,0,0,0,0,0,0,0,0,0,0,0,0
D300759:bin_000011,0,0,0,0,0,0,0,0,0,0,0,0,0,0,0,0,0,0,0,2.098,0,0,0,0,2.748,0,0,0,0,1.898,0,0,0,0,0,0,0,0,0,2.321,0,0
D300759:bin_000036,0,0,0,0,0,0,0,0,0,0,0,0,0,0,0,0,0,0,0,0,0,0,0,0,0,0,0,0,0,0,0,0,0,0,0,0,0,0,0,0,0,0
D300760:bin_000013,0,0,0,0,0,0,0,0,0,0,0,0,0,0,0,0,0,0,0,0,0,0,0,0,0,0,0,0,0,0,0,0,0,0,0,0,0,0,0,0,0,0
D300763:bin_000009,0,0,0,0,0,0,0,0,0,0,0,0,0,0,0,0,0,0,0,0,0,0,0,0,0,0,0,0,0,0,0,0,0,0,0,0,0,0,0,0,0,0
D300763:bin_000013,0,0,0,0,0,0,0,0,0,0,0,0,0,0,0,0,0,0,0,0,0,0,0,0,0,0,0,0,0,0,0,0,0,0,0,0,0,0,0,0,0,0
D300763:bin_000022,8.081,10.743,22.238,2.631,41.034,6.7,6.171,0,65.487,0,0,55.592,26.744,0,7.655,0,9.722,15.938,17.289,36.335,12.336,40.241,9.245,9.933,111.167,29.309,0,17.085,36.188,27.145,27.853,21.606,0,0,35.512,0,27.999,40.425,59.448,26.77,9.669,29.964
D300763:bin_000032,0,0,0,0,0,0,0,0,0,0,0,0,0,0,0,0,0,0,0,0,0,0,0,0,0,0,0,0,0,0,0,0,0,0,0,0,0,0,0,0,0,0
D300764:bin_000008,13.371,14.12,13.018,5.978,52.541,6.424,3.707,0,88.443,0,0,80.662,17.723,0,11.8,0,10.072,12.183,20.013,28.129,10.18,7.125,7.349,13.903,98.789,40.859,0,19.265,29.424,23.742,28.242,75.163,0,0,19.441,0,22.268,49.893,77.625,32.516,3.808,14.966
D300764:bin_000013,0,0,0,0,0,0,0,0,0,0,0,0,0,0,0,0,0,0,0,0,0,0,0,0,0,0,0,0,0,0,0,0,0,0,0,0,0,0,0,0,0,0
D300766:bin_000008,0,0,0,0,0,0,0,0,0,0,0,0,0,0,0,0,0,0,0,0,0,0,0,0,0,0,0,0,0,0,0,0,0,0,0,0,0,0,0,0,0,0
D300766:bin_000009,0,0,0,0,0,0,0,0,0,0,0,0,0,0,0,0,0,0,0,0,0,0,0,0,0,0,0,0,0,0,0,0,0,0,0,0,0,0,0,0,0,0
MPB:bin_000002,0,0,0,0,0,0,0,0,0,0,0,0,0,0,0,0,0,0,0,0,0,0,0,0,0,0,0,0,0,0,0,0,0,0,0,0,0,0,0,0,0,0
MPB:bin_000004,0,0,0,0,0,0,0,0,0,0,0,0,0,0,0,0,0,0,0,0,0,0,0,0,0,0,0,0,0,0,0,0,0,0,0,0,0,0,0,0,0,0
MPB:bin_000005,0,0,0,0,4.235,0,0,0,4.206,0,0,0,0,0,0,0,0,0,0,0,0,0,0,0,6.069,0,0,0,0,0,0,0,0,0,0,0,1.725,0,5.712,0,0,0
MPB:bin_000006,0,0,0,0,1.982,0,0,0,2.553,0,0,0,3.589,0,0,0,0,0,1.511,2.668,0,4.084,0,0,3.664,0,0,2.438,0,1.935,0,0,0,0,2.401,0,2.876,2.83,3.265,2.302,0,1.576
MPB:bin_000007,0,0,0,0,0,0,0,0,0,0,0,0,0,0,0,0,0,0,0,0,0,0,0,0,0,0,0,0,0,0,0,0,0,0,0,0,0,0,0,0,0,0
MPB:bin_000009,0,0,0,0,0,0,0,0,0,0,0,0,0,0,0,0,0,0,0,0,0,0,0,0,0,0,0,0,0,0,0,0,0,0,0,0,0,0,0,0,0,0
MPB:bin_000010,0,0,0,0,0,0,0,0,0,0,0,0,0,0,0,0,0,0,0,0,0,0,0,0,0,0,0,0,0,0,0,0,0,0,0,0,0,0,0,0,0,0
MPB:bin_000011,0,0,0,0,0,0,0,0,0,0,0,0,0,0,0,0,0,0,0,0,0,0,0,0,0,0,0,0,0,0,0,0,0,0,0,0,0,0,0,0,0,0
MPB:bin_000016,0,0,2.314,2.22,8.889,0,0,0,13.295,0,0,3.898,0,0,0,0,2.664,2.456,0,4.077,0,0,2.811,4.399,7.541,0,0,0,0,0,5.72,0,0,0,6.825,0,3.112,6.16,7.841,2.684,0,4.171
MPB:bin_000017,0,0,0,0,0,0,0,0,0,0,0,0,0,0,0,0,0,0,0,0,0,0,0,0,0,0,0,0,0,0,0,0,0,0,0,0,0,0,0,0,0,0
MPB:bin_000019,0,0,0,0,0,0,0,0,0,0,0,0,0,0,0,0,0,0,0,0,0,0,0,0,0,0,0,0,0,0,0,0,0,0,0,0,0,0,0,0,0,0
MPB:bin_000021,0,0,0,0,0,0,0,0,0,0,0,0,0,0,0,0,0,0,0,0,0,0,0,0,0,0,0,0,0,0,0,0,0,0,0,0,0,0,0,0,0,0
MPB:bin_000022,0,0,0,0,0,0,0,0,0,0,0,0,0,0,0,0,0,0,0,0,0,0,0,0,0,0,0,0,0,0,0,0,0,0,0,0,0,0,0,0,0,0
MPB:bin_000023,0,0,0,0,0,0,0,0,0,0,0,0,0,0,0,0,0,0,0,0,0,0,0,0,0,0,0,0,0,0,0,0,0,0,0,0,0,0,0,0,0,0
MPB:bin_000026,0,0,0,0,0,0,0,0,0,0,0,0,0,0,0,0,0,0,0,0,0,0,0,0,0,0,0,0,0,0,0,0,0,0,0,0,0,0,0,0,0,0
MPB:bin_000030,0,0,0,0,0,0,0,0,0,0,0,0,0,0,0,0,0,0,0,0,0,0,0,0,0,0,0,0,0,0,0,0,0,0,0,0,0,0,0,0,0,0
MPB:bin_000034,0,0,0,0,0,0,0,0,0,0,0,0,0,0,0,0,0,0,0,0,0,0,0,0,0,0,0,0,0,0,0,0,0,0,0,0,0,0,0,0,0,0
MPB:bin_000035,0,0,0,0,0,0,0,0,0,0,0,0,0,0,0,0,0,0,0,0,0,0,0,0,0,0,0,0,0,0,0,0,0,0,0,0,0,0,0,0,0,0
MPB:bin_000037,0,0,0,0,0,0,0,0,0,0,0,0,0,0,0,0,0,0,0,0,0,0,0,0,0,0,0,0,0,0,0,0,0,0,0,0,0,0,0,0,0,0
MPB:bin_000040,0,0,0,0,0,0,0,0,0,0,0,0,0,0,0,0,0,0,0,0,0,0,0,0,0,0,0,0,0,0,0,0,0,0,0,0,0,0,0,0,0,0
MPB:bin_000041,0,0,0,0,0,0,0,0,0,0,0,0,0,0,0,0,0,0,0,0,0,0,0,0,0,0,0,0,0,0,0,0,0,0,0,0,0,0,0,0,0,0
MPB:bin_000042,0,7.987,11.393,2.283,62.866,0,2.193,0,45.06,0,0.505,61.83,11.517,0,4.462,0,6.833,30.881,21.046,67.516,8.233,0,25.011,25.443,150.274,11.939,0,20.91,38.364,14.164,44.644,20.187,0,0,22.986,0,0,30.924,117.998,6.265,18.952,67.571
MPB:bin_000044,0,0,0,0,0,0,0,0,0,0,0,0,0,0,0,0,0,0,0,0,0,0,0,0,0,0,0,0,0,0,0,0,0,0,0,0,0,0,0,0,0,0
MPB:bin_000047,0,0,0,0,0,0,0,0,0,0,0,0,0,0,0,0,0,0,0,0,0,0,0,0,0,0,0,0,0,0,0,0,0,0,0,0,0,0,0,0,0,0
MPB:bin_000048,0,0,0,0,0,0,0,0,0,0,0,0,0,0,0,0,0,0,0,0,0,0,0,0,0,0,0,0,0,0,0,0,0,0,0,0,0,0,0,0,0,0
MPB:bin_000049,0,0,0,0,0,0,0,0,0,0,0,0,0,0,0,0,0,0,0,0,0,0,0,0,0,0,0,0,0,0,0,0,0,0,0,0,0,0,0,0,0,0
MPB:bin_000050,0,0,0,0,0,0,0,0,0,0,0,0,0,0,0,0,0,0,0,0,0,0,0,0,0,0,0,0,0,0,0,0,0,0,0,0,0,0,0,0,0,0
MPB:bin_000051,0,0,0,0,0,0,0,0,0,0,0,0,0,0,0,0,0,0,0,0,0,0,0,0,0,0,0,0,0,0,0,0,0,0,0,0,0,0,0,0,0,0
MPB:bin_000052,0,4.21,6.553,0,3.628,3.015,2.981,0,18.352,0,0,11.257,6.443,0,0,0,0,5.123,0,8.201,5.323,10.844,0,4.269,13.579,3.77,0,6.267,6.868,6.864,8.089,3.16,0,0,8.118,0,7.737,17.425,8.686,6.903,2.269,7.883
MPB:bin_000053,0,0,0,0,0,0,0,0,0,0,0,0,0,0,0,0,0,0,0,0,0,0,0,0,0,0,0,0,0,0,0,0,0,0,0,0,0,0,0,0,0,0
MPB:bin_000055,0,0,0,0,0,0,0,0,0,0,0,0,0,0,0,0,0,0,0,0,0,0,0,0,0,0,0,0,0,0,0,0,0,0,0,0,0,0,0,0,0,0
MPB:bin_000057,0,0,0,0,0,0,0,0,0,0,0,0,0,0,0,0,0,0,0,0,0,0,0,0,0,0,0,0,0,0,0,0,0,0,0,0,0,0,0,0,0,0
MPB:bin_000059,0,0,0,0,0,0,0,0,0,0,0,0,0,0,0,0,0,0,0,0,0,0,0,0,0,0,0,0,0,0,0,0,0,0,0,0,0,0,0,0,0,0
MPB:bin_000061,0,0,0,0,0,0,0,0,0,0,0,0,0,0,0,0,0,0,0,0,0,0,0,0,0,0,0,0,0,0,0,0,0,0,0,0,0,0,0,0,0,0
MPB:bin_000062,0,0,0,0,0,0,0,0,0,0,0,0,0,0,0,0,0,0,0,0,0,0,0,0,0,0,0,0,0,0,0,0,0,0,0,0,0,0,0,0,0,0
MPB:bin_000063,0,0,2.04,0,0,0,0,0,7.933,0,0,5.238,3.738,0,0,0,0,0,0,4.702,0,0,1.354,2.511,10.349,0,0,0,0,0,2.765,0,0,0,3.878,0,1.42,5.108,4.659,0,0,0
MPB:bin_000064,0,0,0,0,0,0,0,0,0,0,0,0,0,0,0,0,0,0,0,0,0,0,0,0,5.006,0,0,0,0,0,3.428,0,0,0,3.529,0,0,0,0,0,0,0
MPB:bin_000065,12.085,9.397,26.405,7.753,34.672,4.288,9.87,0,103.595,0,0,82.913,50.518,0,8.797,0,11.119,34.006,12.107,41.812,9.45,9.796,17.486,20.657,172.59,36.275,0,42.413,37.587,17.793,47.646,34.984,0,0,62.869,0,14.246,50.028,75.39,30.947,11.727,31.708
MPB:bin_000066,0,0,0,0,0,0,0,0,6.631,0,0,4.96,2.103,0,0,0,0,0,0,0,1.048,2.665,0,5.454,5.325,0,0,2.72,0,2.755,2.073,0,0,0,0,0,1.801,4.006,4.442,2.096,0,1.225
MPB:bin_000069,0,3.209,4.011,0,11.452,2.046,0,0,19.384,0,0,16.643,8.624,0,2.656,0,2.544,3.765,0,12.79,2.665,3.197,1.957,6.115,25.802,6.56,0,9.484,10.502,6.829,8.25,11.639,0,0,5.105,0,4.013,7.497,13.898,7.189,2.088,5.304
MPB:bin_000070,0,0,0,0,0,0,0,0,0,0,0,0,0,0,0,0,0,0,0,0,0,0,0,0,0,0,0,0,0,0,0,0,0,0,0,0,0,0,0,0,0,0
MPB:bin_000072,0,0,0,0,0,0,0,0,0,0,0,0,0,0,0,0,0,0,0,0,0,0,0,0,0,0,0,0,0,0,0,0,0,0,0,0,0,0,0,0,0,0
MPB:bin_000073,0,0,0,0,0,0,0,0,0,0,0,0,0,0,0,0,0,0,0,0,0,0,0,0,0,0,0,0,0,0,0,0,0,0,0,0,0,0,0,0,0,0
MPB:bin_000074,0,0,0,0,0,0,0,0,0,0,0,0,0,0,0,0,0,0,0,0,0,0,0,0,0,0,0,0,0,0,0,0,0,0,0,0,0,0,0,0,0,0
MPB:bin_000075,0,0,0,0,0,0,0,0,0,0,0,0,0,0,0,0,0,0,0,0,0,0,0,0,0,0,0,0,0,0,0,0,0,0,0,0,0,0,0,0,0,0
MPB:bin_000076,0,0,0,0,0,0,0,0,0,0,0,0,0,0,0,0,0,0,0,0,0,0,0,0,0,0,0,0,0,0,0,0,0,0,0,0,0,0,0,0,0,0
MPB:bin_000079,0,0,0,0,0,0,0,0,0,0,0,0,0,0,0,0,0,0,0,0,0,0,0,0,0,0,0,0,0,0,0,0,0,0,0,0,0,0,0,0,0,0
MPB:bin_000080,0,0,0,0,0,0,0,0,0,0,0,0,0,0,0,0,0,0,0,0,0,0,0,0,0,0,0,0,0,0,0,0,0,0,0,0,0,0,0,0,0,0
MPB:bin_000081,0,0,0,0,0,0,0,0,0,0,0,0,0,0,0,0,0,0,0,0,0,0,0,0,0,0,0,0,0,0,0,0,0,0,0,0,0,0,0,0,0,0
MPB:bin_000082,0,0,0,0,0,0,0,0,0,0,0,0,0,0,0,0,0,0,0,0,0,0,0,0,0,0,0,0,0,0,0,0,0,0,0,0,0,0,0,0,0,0
MPB:bin_000083,0,0,0,0,0,0,0,0,0,0,0,0,0,0,0,0,0,0,0,0,0,0,0,0,0,0,0,0,0,0,0,0,0,0,0,0,0,0,0,0,0,0
MPB:bin_000085,0,0,0,0,0,0,0,0,0,0,0,0,0,0,0,0,0,0,0,0,0,0,0,0,0,0,0,0,0,0,0,0,0,0,0,0,0,0,0,0,0,0
MPB:bin_000087,0,0,0,0,0,0,0,0,0,0,0,0,0,0,0,0,0,0,0,0,0,0,0,0,0,0,0,0,0,0,0,0,0,0,0,0,0,0,0,0,0,0
MPB:bin_000088,0,0,0,0,0,0,0,0,0,0,0,0,0,0,0,0,0,0,0,0,0,0,0,0,0,0,0,0,0,0,0,0,0,0,0,0,0,0,0,0,0,0
MPB:bin_000090,0,0,0,0,0,0,0,0,0,0,0,0,0,0,0,0,0,0,0,0,0,0,0,0,0,0,0,0,0,0,0,0,0,0,0,0,0,0,0,0,0,0
MPB:bin_000091,0,0,0,0,0,0,0,0,0,0,0,0,0,0,0,0,0,0,0,0,0,0,0,0,0,0,0,0,0,0,0,0,0,0,0,0,0,0,0,0,0,0
MPB:bin_000092,0,0,0,0,0,0,0,0,0,0,0,0,0,0,0,0,0,0,0,0,0,0,0,0,0,0,0,0,0,0,0,0,0,0,0,0,0,0,0,0,0,0
MPB:bin_000093,0,0,0,0,0,0,0,0,5.623,0,0,5.711,2.856,0,0,0,0,0,0,4.438,0,0,4.579,2.802,7.586,2.499,0,3.508,3.143,0,3.417,0,0,0,0,0,0,4.219,0,0,0,0
MPB:bin_000094,3.116,2.248,7.761,1.814,6.276,0,0,0,24.129,0,0,8.817,12.662,0,1.99,0,4.695,4.316,2.936,11.532,2.307,0,3.755,4.717,35.482,3.788,0,9.502,12.375,0,7.944,0,0,0,7.212,0,0,17.446,11.112,8.102,0,6.742
MPB:bin_000095,0,0,0,0,0,0,0,0,0,0,0,0,0,0,0,0,0,0,0,0,0,0,0,0,0,0,0,0,0,0,0,0,0,0,0,0,0,0,0,0,0,0
MPB:bin_000097,0,0,0,0,0,0,0,0,0,0,0,0,0,0,0,0,0,0,0,0,0,0,0,0,0,0,0,0,0,0,0,0,0,0,0,0,0,0,0,0,0,0
MPB:bin_000100,0,0,0,0,0,0,0,0,20.609,0,0,0,0,0,0,0,0,0,3.701,0,0,0,0,0,26.464,0,0,0,0,0,0,0,0,0,0,0,0,0,0,0,0,0
MPB:bin_000103,0,0,0,0,0,0,0,0,0,0,0,0,0,0,0,0,0,0,0,0,0,0,0,0,0,0,0,0,0,0,0,0,0,0,0,0,0,0,0,0,0,0
MPB:bin_000105,0,0,0,0,5.048,0,0,0,1.892,0,0,2.814,0,0,0,0,0,0,0,0,0,2.882,0,0,2.494,0,0,0,0,0,0,3.487,0,0,0,0,0,0,4.206,0,0,0
MPB:bin_000106,0,0,0,0,0,0,0,0,0,0,0,0,0,0,0,0,0,0,0,0,0,0,0,0,0,0,0,0,0,0,0,0,0,0,0,0,0,0,0,0,0,0
MPB:bin_000107,0,0,0,0,0,0,0,0,0,0,0,0,0,0,0,0,0,0,0,0,0,0,0,0,0,0,0,0,0,0,0,0,0,0,0,0,0,0,0,0,0,0
MPB:bin_000108,0,0,0,0,0,0,0,0,0,0,0,0,0,0,0,0,0,0,0,0,0,0,0,0,0,0,0,0,0,0,0,0,0,0,0,0,0,0,0,0,0,0
MPB:bin_000109,0,0,2.34,0,3.292,0,0,0,6.929,0,0,7.498,5.273,0,0,0,0,0,0,0,0,0,0,0,8.431,2.434,0,0,0,0,6.642,0,0,0,3.53,0,0,0,0,0,0,2.508
MPB:bin_000110,0,0,2.463,0,2.691,0,0,0,15.179,0,0,8.619,2.704,0,1.873,0,0,3.042,1.951,12.363,2.738,0,0,4.645,14.451,3.728,0,7.875,7.258,0,8.315,4.647,0,0,11.733,0,6.057,10.387,8.881,8.102,0,2.172
MPB:bin_000111,0,0,0,0,0,0,0,0,0,0,0,0,0,0,0,0,0,0,0,0,0,0,0,0,0,0,0,0,0,0,0,0,0,0,0,0,0,0,0,0,0,0
MPB:bin_000113,0,0,0,0,0,0,0,0,1.857,0,0,0,0,0,0,0,0,2.745,0,0,0,0,0,0,2.998,0,0,0,0,0,0,0,0,0,0,0,0,0,0,0,0,0
MPB:bin_000114,0,0,0,0,0,0,0,0,0,0,0,0,0,0,0,0,0,0,0,0,0,0,0,0,0,0,0,0,0,0,0,0,0,0,0,0,0,0,0,0,0,0
MPB:bin_000115,0,0,0,0,0,0,0,0,0,0,0,0,0,0,0,0,0,0,0,0,0,0,0,0,0,0,0,0,0,0,0,0,0,0,0,0,0,0,0,0,0,0
MPB:bin_000116,0,0,0,0,0,0,0,0,0,0,0,0,0,0,0,0,0,0,0,0,0,0,0,0,0,0,0,0,0,0,0,0,0,0,0,0,0,0,0,0,0,0
MPB:bin_000120,0,0,0,0,0,0,0,0,0,0,0,0,0,0,0,0,0,0,0,0,0,0,0,0,0,0,0,0,0,0,0,0,0,0,0,0,0,0,0,0,0,0
MPB:bin_000122,0,0,0,0,0,0,0,0,0,0,0,0,0,0,0,0,0,0,0,0,0,0,0,0,0,0,0,0,0,0,0,0,0,0,0,0,0,0,0,0,0,0
MPB:bin_000123,0,0,0,0,0,0,0,0,0,0,0,0,0,0,0,0,0,0,0,0,0,0,0,0,0,0,0,0,0,0,0,0,0,0,0,0,0,0,0,0,0,0
MPB:bin_000125,0,0,10.387,0,13.423,0,0,0,33.905,0,0,19.99,16.89,0,2.402,0,3.851,7.503,2.055,15.6,3.478,0,3.457,8.832,70.708,6.506,0,14.051,9.693,1.98,11.999,7.663,0,0,12.098,0,0,24.455,10.905,5.482,3.58,6.913
MPB:bin_000127,0,0,0,0,0,0,0,0,0,0,0,0,0,0,0,0,0,0,0,0,0,0,0,0,0,0,0,0,0,0,0,0,0,0,0,0,0,0,0,0,0,0
MPB:bin_000129,0,0,0,0,0,0,0,0,0,0,0,0,0,0,0,0,0,0,0,0,0,0,0,0,0,0,0,0,0,0,0,0,0,0,0,0,0,0,0,0,0,0
MPB:bin_000130,0,0,0,0,0,0,0,0,0,0,0,0,0,0,0,0,0,0,0,0,0,0,0,0,0,0,0,0,0,0,0,0,0,0,0,0,0,0,0,0,0,0
MPB:bin_000131,0,0,0,0,0,0,0,0,2.318,0,0,0,0,0,0,0,0,0,0,0,0,0,0,0,0,0,0,0,0,0,0,0,0,0,0,0,0,0,0,0,0,0
MPB:bin_000132,2.09,0,1.954,0,0,6.001,2.041,0,6.039,0,0,3.926,0,0,0,0,2.871,7.87,0,5.821,1.369,0,0,2.782,4.233,0,0,0,2.665,3.945,2.798,2.159,0,0,2.426,0,10.387,3.445,6.631,3.909,0,1.516
MPB:bin_000133,0,0,0,0,0,0,0,0,4.07,0,0,0,3.142,0,0,0,0,0,0,3.27,0,2.063,0,0,5.405,0,0,0,0,2.504,0,0,0,0,0,0,0,0,3.92,0,0,0
MPB:bin_000135,0,0,0,0,0,0,0,0,0,0,0,0,0,0,0,0,0,0,0,0,0,0,0,0,0,0,0,0,0,0,0,0,0,0,0,0,0,0,0,0,0,0
MPB:bin_000136,0,0,0,0,0,0,0,0,0,0,0,0,0,0,0,0,0,0,0,0,0,0,0,0,0,0,0,0,0,0,0,0,0,0,0,0,0,0,0,0,0,0
MPB:bin_000137,0,0,0,0,0,0,0,0,0,0,0,0,0,0,0,0,0,0,0,0,0,0,0,0,0,0,0,0,0,0,0,0,0,0,0,0,0,0,0,0,0,0
MPB:bin_000138,0,0,0,0,0,0,0,0,3.994,0,0,0,0,0,0,0,0,0,0,4.447,0,4.274,0,3.436,5.583,2.39,0,0,0,0,0,0,0,0,2.792,0,2.942,0,0,0,0,1.998
MPB:bin_000140,0,0,0,0,0,0,0,0,0,0,0,0,0,0,0,0,0,0,0,0,0,0,0,0,0,0,0,0,0,0,0,0,0,0,0,0,0,0,0,0,0,0
MPB:bin_000141,0,0,0,0,0,0,0,0,0,0,0,0,0,0,0,0,0,0,0,0,0,0,0,0,0,0,0,0,0,0,0,0,0,0,0,0,0,0,0,0,0,0
MPB:bin_000143,0,0,0,0,0,0,0,0,0,0,0,0,0,0,0,0,0,0,0,0,0,0,0,0,0,0,0,0,0,0,0,0,0,0,0,0,0,0,0,0,0,0
MPB:bin_000144,0,0,0,0,0,0,0,0,0,0,0,0,0,0,0,0,0,0,0,0,0,0,0,0,0,0,0,0,0,0,0,0,0,0,0,0,0,0,0,0,0,0
MPB:bin_000145,0,0,0,0,0,0,0,0,0,0,0,0,0,0,0,0,0,0,0,0,0,0,0,0,0,0,0,0,0,0,0,0,0,0,0,0,0,0,0,0,0,0
MPB:bin_000146,0,0,0,0,0,0,0,0,0,0,0,0,0,0,0,0,0,0,0,0,0,0,0,0,0,0,0,0,0,0,0,0,0,0,0,0,0,0,0,0,0,0
MPB:bin_000147,0,0,0,0,0,0,0,0,0,0,0,0,0,0,0,0,0,0,0,0,0,0,0,0,0,0,0,0,0,0,0,0,0,0,0,0,0,0,0,0,0,0
MPB:bin_000148,0,0,0,0,0,0,0,0,0,0,0,0,0,0,0,0,0,0,0,0,0,0,0,0,0,0,0,0,0,0,0,0,0,0,0,0,0,0,0,0,0,0
MPB:bin_000149,0,0,0,0,0,0,0,0,0,0,0,0,0,0,0,0,0,0,0,0,0,0,0,0,0,0,0,0,0,0,0,0,0,0,0,0,0,0,0,0,0,0
MPB:bin_000150,0,0,0,0,0,0,0,0,0,0,0,0,0,0,0,0,0,0,0,0,0,0,0,0,0,0,0,0,0,0,0,0,0,0,0,0,0,0,0,0,0,0
MPB:bin_000152,0,0,0,0,0,0,0,0,10.97,0,0,5.697,2.744,0,0,0,0,2.519,1.747,4.47,0,0,0,0,11.878,2.304,0,0,2.885,0,4.789,0,0,0,3.882,0,0,3.817,7.701,0,0,2.684
MPB:bin_000153,3.18,2.009,12.416,0,3.673,2.188,0,0,32.071,0,0,15.848,11.77,0,3.145,0,6.769,0,0,21.568,1.952,0,3.034,13.224,49.42,6.139,0,6.567,13.079,7.302,25.132,5.312,0,0,23.609,0,1.778,8.9,19.208,5.895,0,4.2
MPB:bin_000155,0,0,0,0,0,0,0,0,0,0,0,0,0,0,0,0,0,0,0,0,0,0,0,0,0,0,0,0,0,0,0,0,0,0,0,0,0,0,0,0,0,0
MPB:bin_000156,0,0,0,0,0,0,0,0,0,0,0,0,0,0,0,0,0,0,0,0,0,0,0,0,0,0,0,0,0,0,0,0,0,0,0,0,0,0,0,0,0,0
MPB:bin_000158,0,0,0,0,0,0,0,0,0,0,0,0,0,0,0,0,0,0,0,0,0,0,0,0,0,0,0,0,0,0,0,0,0,0,0,0,0,0,0,0,0,0
MPB:bin_000160,0,0,0,0,0,0,0,0,0,0,0,0,0,0,0,0,0,0,0,0,0,0,0,0,0,0,0,0,0,0,0,0,0,0,0,0,0,0,0,0,0,0
MPB:bin_000162,0,0,0,0,0,0,0,0,0,0,0,0,0,0,0,0,0,0,0,0,0,0,0,0,0,0,0,0,0,0,0,0,0,0,0,0,0,0,0,0,0,0
MPB:bin_000163,0,0,0,0,0,0,0,0,0,0,0,0,0,0,0,0,0,0,0,0,0,0,0,0,0,0,0,0,0,0,0,0,0,0,0,0,0,0,0,0,0,0
MPB:bin_000165,0,0,0,0,0,0,0,0,0,0,0,0,0,0,0,0,0,0,0,0,0,0,0,0,0,0,0,0,0,0,0,0,0,0,0,0,0,0,0,0,0,0
MPB:bin_000167,0,0,0,0,0,0,0,0,0,0,0,0,0,0,0,0,0,0,0,0,0,0,0,0,0,0,0,0,0,0,0,0,0,0,0,0,0,0,0,0,0,0
MPB:bin_000168,0,0,0,0,0,0,0,0,0,0,0,0,0,0,0,0,0,0,0,0,0,0,0,0,0,0,0,0,0,0,0,0,0,0,0,0,0,0,0,0,0,0
MPB:bin_000169,0,0,0,0,0,0,0,0,0,0,0,0,0,0,0,0,0,0,0,0,0,0,0,0,0,0,0,0,0,0,0,0,0,0,0,0,0,0,0,0,0,0
MPB:bin_000170,0,0,0,0,0,0,0,0,0,0,0,0,0,0,0,0,0,0,0,0,0,0,0,0,0,0,0,0,0,0,0,0,0,0,0,0,0,0,0,0,0,0
MPB:bin_000173,2.881,2.598,4.909,1.908,7.756,0,1.466,0,14.892,0,0,8.792,5.506,0,0,0,2.472,8.199,2.485,8.092,0,2.174,2.243,3.725,20.441,2.859,0,0,5.501,3.015,18.303,4.566,0,0,6.36,0,4.74,7.896,8.913,6.934,1.685,3.248
MPB:bin_000174,0,0,0,0,0,0,0,0,0,0,0,0,0,0,0,0,0,0,0,0,0,0,0,0,0,0,0,0,0,0,0,0,0,0,0,0,0,0,0,0,0,0
MPB:bin_000177,0,0,2.781,0,0,0,0,0,3.935,0,0,0,0,0,0,0,0,0,0,0,0,0,0,0,6.089,0,0,3.899,0,0,0,0,0,0,0,0,0,0,4.683,2.839,0,0
MPB:bin_000185,0,0,0,0,0,0,0,0,0,0,0,0,0,0,0,0,0,0,0,0,0,0,0,0,0,0,0,0,0,0,0,0,0,0,0,0,0,0,0,0,0,0
MPB:bin_000187,0,0,0,0,0,0,0,0,0,0,0,0,0,0,0,0,0,0,0,0,0,0,0,0,0,0,0,0,0,0,0,0,0,0,0,0,0,0,0,0,0,0
MPB:bin_000190,8.086,3.154,15.404,0,17.03,3.413,11.13,0,74.434,0,0,44.555,17.076,0,3.301,0,4.315,11.117,5.834,29.506,4.632,0,19.21,14.651,59.103,11.831,0,17.058,14.513,5.889,33.935,16.524,0,0,10.777,0,3.62,32.713,30.156,12.329,6.669,10.391
MPB:bin_000191,4.766,6.14,15.951,2.81,6.96,3.368,3.047,0,50.569,0,0.959,65.623,17.523,0,2.092,0,7.424,69.263,4.982,82.454,3.566,0,18.067,18.149,61.156,6.289,0,24.152,17.862,3.933,49.882,9.281,0,0,20.199,0.714,11.205,28.143,46.301,18.923,6.171,9.165
MPB:bin_000193,0,0,0,0,0,0,0,0,0,0,0,0,0,0,0,0,0,0,0,0,0,0,0,0,0,0,0,0,0,0,0,0,0,0,0,0,0,0,0,0,0,0
MPB:bin_000194,0,0,0,0,0,0,0,0,0,0,0,0,0,0,0,0,0,0,0,0,0,0,0,0,0,0,0,0,0,0,0,0,0,0,0,0,0,0,0,0,0,0
MPB:bin_000195,0,0,0,0,0,0,0,0,0,0,0,0,0,0,0,0,0,0,0,0,0,0,0,0,0,0,0,0,0,0,0,0,0,0,0,0,0,0,0,0,0,0
MPB:bin_000196,0,0,0,0,0,0,0,0,0,0,0,0,0,0,0,0,0,0,0,0,0,0,0,0,0,0,0,0,0,0,0,0,0,0,0,0,0,0,0,0,0,0
MPB:bin_000198,0,0,0,0,0,0,0,0,0,0,0,0,0,0,0,0,0,0,0,0,0,0,0,0,0,0,0,0,0,0,0,0,0,0,0,0,0,0,0,0,0,0
MPB:bin_000201,0,0,0,0,0,0,0,0,0,0,0,0,0,0,0,0,0,0,0,0,0,0,0,0,0,0,0,0,0,0,0,0,0,0,0,0,0,0,0,0,0,0
MPB:bin_000203,0,0,0,0,0,0,0,0,0,0,0,0,0,0,0,0,0,0,0,0,0,0,0,0,0,0,0,0,0,0,0,0,0,0,0,0,0,0,0,0,0,0
MPB:bin_000204,0,0,0,0,0,0,0,0,0,0,0,0,0,0,0,0,0,0,0,0,0,0,0,0,0,0,0,0,0,0,0,0,0,0,0,0,0,0,0,0,0,0
MPB:bin_000209,0,0,0,0,0,0,0,0,0,0,0,0,0,0,0,0,0,0,0,0,0,0,0,0,0,0,0,0,0,0,0,0,0,0,0,0,0,0,0,0,0,0
MPB:bin_000212,0,0,0,0,0,0,0,0,0,0,0,0,0,0,0,0,0,0,0,0,0,0,0,0,0,0,0,0,0,0,0,0,0,0,0,0,0,0,0,0,0,0
MPB:bin_000213,0,0,0,0,0,0,0,0,0,0,0,0,0,0,0,0,0,0,0,0,0,0,0,0,0,0,0,0,0,0,0,0,0,0,0,0,0,0,0,0,0,0
MPB:bin_000214,0,0,0,0,0,0,0,0,2.447,0,0,0,0,0,0,0,0,0,0,0,0,0,0,0,3.167,0,0,0,0,0,0,0,0,0,0,0,0,0,0,0,0,0
MPB:bin_000216,0,0,0,0,0,0,0,0,0,0,0,0,0,0,0,0,0,0,0,0,0,0,0,0,0,0,0,0,0,0,0,0,0,0,0,0,0,0,0,0,0,0
MPB:bin_000217,0,0,0,0,0,0,0,0,0,0,0,0,0,0,0,0,0,0,0,0,0,0,0,0,0,0,0,0,0,0,0,0,0,0,0,0,0,0,0,0,0,0
MPB:bin_000220,0,0,0,0,0,0,0,0,2.582,0,0,0,0,0,0,0,0,3.009,0,0,0,0,0,0,2.032,0,0,0,0,0,0,0,0,0,0,0,2.672,0,2.966,0,0,0
MPB:bin_000221,0,0,0,0,0,0,0,0,0,0,0,0,0,0,0,0,0,0,0,0,0,0,0,0,0,0,0,0,0,0,0,0,0,0,0,0,0,0,0,0,0,0
MPB:bin_000223,0,0,0,0,0,0,0,0,0,0,0,0,0,0,0,0,0,0,0,0,0,0,0,0,0,0,0,0,0,0,0,0,0,0,0,0,0,0,0,0,0,0
MPB:bin_000225,0,0,0,0,0,0,0,0,0,0,0,0,0,0,0,0,0,0,0,0,0,0,0,0,0,0,0,0,0,0,0,0,0,0,0,0,0,0,0,0,0,0
MPB:bin_000227,0,0,0,0,0,0,0,0,0,0,0,0,0,0,0,0,0,0,0,0,0,0,0,0,0,0,0,0,0,0,0,0,0,0,0,0,0,0,0,0,0,0
MPB:bin_000228,0,0,0,0,0,0,0,0,0,0,0,0,0,0,0,0,0,0,0,0,0,0,0,0,0,0,0,0,0,0,0,0,0,0,0,0,0,0,0,0,0,0
MPB:bin_000230,0,0,0,0,0,0,0,0,0,0,0,0,0,0,0,0,0,0,0,0,0,0,0,0,0,0,0,0,0,0,0,0,0,0,0,0,0,0,0,0,0,0
MPB:bin_000231,0,0,3.086,0,4.649,0,0,0,7.634,0,0,4.148,4.955,0,0,0,0,0,0,6.132,0,2.873,0,0,8.655,0,0,0,6.196,2.183,2.696,5.733,0,0,0,0,3.235,3.641,4.886,0,0,3.52
MPB:bin_000232,0,0,0,0,0,0,0,0,0,0,0,0,0,0,0,0,0,0,0,0,0,0,0,0,0,0,0,0,0,0,0,0,0,0,0,0,0,0,0,0,0,0
MPB:bin_000233,0,0,0,0,0,0,0,0,0,0,0,0,0,0,0,0,0,0,0,0,0,0,0,0,0,0,0,0,0,0,0,0,0,0,0,0,0,0,0,0,0,0
MPB:bin_000236,0,0,0,0,0,0,0,0,0,0,0,0,0,0,0,0,0,0,0,0,0,0,0,0,0,0,0,0,0,0,0,0,0,0,0,0,0,0,0,0,0,0
MPB:bin_000237,19.813,33.228,44.411,7.632,30.635,39.15,14.033,0,95.593,0,0.629,48.966,47.108,0,7.727,2.925,18.73,23.467,13.473,120.025,38.404,72.365,9.203,13.905,105.359,21.923,0,13.04,58.788,74.124,54.653,8.649,6.807,4.673,32.686,0,96.02,103.921,56.149,36.122,6.168,41.508
MPB:bin_000238,0,0,0,0,0,0,0,0,0,0,0,0,0,0,0,0,0,0,0,0,0,0,0,0,0,0,0,0,0,0,0,0,0,0,0,0,0,0,0,0,0,0
MPB:bin_000243,0,0,0,0,0,0,0,0,0,0,0,0,0,0,0,0,0,0,0,0,0,0,0,0,0,0,0,0,0,0,0,0,0,0,0,0,0,0,0,0,0,0
MPB:bin_000246,0,0,0,0,0,0,0,0,0,0,0,0,0,0,0,0,0,0,0,0,0,0,0,0,0,0,0,0,0,0,0,0,0,0,0,0,0,0,0,0,0,0
MPB:bin_000248,0,0,0,0,0,0,0,0,0,0,0,0,0,0,0,0,0,0,0,0,0,0,0,0,0,0,0,0,0,0,0,0,0,0,0,0,0,0,0,0,0,0
MPB:bin_000254,0,0,0,0,0,0,0,0,0,0,0,0,0,0,0,0,0,0,0,0,0,0,0,0,0,0,0,0,0,0,0,0,0,0,0,0,0,0,0,0,0,0
MPB:bin_000264,0,0,0,0,0,0,0,0,0,0,0,0,0,0,0,0,0,0,0,0,0,0,0,0,0,0,0,0,0,0,0,0,0,0,0,0,0,0,0,0,0,0
MPB:bin_000266,0,0,0,0,0,0,0,0,0,0,0,0,0,0,0,0,0,0,0,0,0,0,0,0,0,0,0,0,0,0,0,0,0,0,0,0,0,0,0,0,0,0
MPB:bin_000268,0,0,0,0,0,0,0,0,0,0,0,0,0,0,0,0,0,0,0,0,0,0,0,0,0,0,0,0,0,0,0,0,0,0,0,0,0,0,0,0,0,0
MPB:bin_000269,0,0,0,0,0,0,0,0,0,0,0,0,0,0,0,0,0,0,0,0,0,0,0,0,0,0,0,0,0,0,0,0,0,0,0,0,0,0,0,0,0,0
MPB:bin_000271,0,0,0,0,0,0,0,0,0,0,0,0,0,0,0,0,0,0,0,0,0,0,0,0,0,0,0,0,0,0,0,0,0,0,0,0,0,0,0,0,0,0
MPB:bin_000272,0,0,0,0,0,0,0,0,0,0,0,0,0,0,0,0,0,0,0,0,0,0,0,0,0,0,0,0,0,0,0,0,0,0,0,0,0,0,0,0,0,0
MPB:bin_000275,0,0,0,0,0,0,0,0,0,0,0,0,0,0,0,0,0,0,0,0,0,0,0,0,0,0,0,0,0,0,0,0,0,0,0,0,0,0,0,0,0,0
MPB:bin_000279,0,0,0,0,0,0,0,0,4.322,0,0,4.187,0,0,0,0,0,0,0,7.856,0,3.132,0,0,6.345,0,0,0,0,0,3.938,0,0,0,0,0,3.162,0,0,0,0,0
MPB:bin_000284,0,0,0,0,0,0,0,0,0,0,0,0,3.131,0,0,0,0,0,0,0,0,0,0,0,0,0,0,0,0,0,0,0,0,0,0,0,0,5.331,0,0,0,0
MPB:bin_000288,0,0,0,0,0,0,0,0,0,0,0,0,0,0,0,0,0,0,0,0,0,0,0,0,0,0,0,0,0,0,0,0,0,0,0,0,0,0,0,0,0,0
MPB:bin_000289,0,0,0,0,0,0,0,0,7.208,0,0,8.451,0,0,0,0,0,0,1.762,3.487,0,0,0,0,11.552,0,0,6.59,2.747,0,4.737,3.408,0,0,2.834,0,1.954,4.519,4.499,0,0,2.681
MPB:bin_000292,4.714,5.146,7.303,0,8.208,3.165,4.427,0,16.738,0,0,11.028,10.586,0,0,0,4.859,7.384,4.588,12.97,3.71,19.815,2.59,7.098,18.141,6.514,0,0,7.214,7.796,6.075,4.428,0,0,5.849,0,14.449,12.714,21.742,7.221,2.551,11.364
MPB:bin_000298,0,0,0,0,0,0,0,0,0,0,0,0,0,0,0,0,0,0,0,0,0,2.185,0,0,0,0,0,0,0,0,0,0,0,0,0,0,0,0,0,0,0,0
MPB:bin_000303,0,0,0,0,0,0,0,0,0,0,0,0,0,0,0,0,0,0,0,0,0,0,0,0,0,0,0,0,0,0,0,0,0,0,0,0,0,0,0,0,0,0
MPB:bin_000307,0,0,0,0,0,0,0,0,0,0,0,0,0,0,0,0,0,0,0,0,0,0,0,0,0,0,0,0,0,0,0,0,0,0,0,0,0,0,0,0,0,0
MPB:bin_000310,0,0,0,0,0,0,0,0,0,0,0,0,0,0,0,0,0,0,0,0,0,0,0,0,0,0,0,0,0,0,0,0,0,0,0,0,0,0,0,0,0,0
MPB:bin_000314,0,0,0,0,0,0,0,0,0,0,0,0,0,0,0,0,0,0,0,0,0,0,0,0,0,0,0,0,0,0,0,0,0,0,0,0,0,0,0,0,0,0
MPB:bin_000315,0,0,0,0,0,0,0,0,0,0,0,0,0,0,0,0,0,0,0,0,0,0,0,0,0,0,0,0,0,0,0,0,0,0,0,0,0,0,0,0,0,0
MPB:bin_000316,0,0,0,0,0,0,0,0,0,0,0,0,0,0,0,0,0,0,0,0,0,0,0,0,0,0,0,0,0,0,0,0,0,0,0,0,0,0,0,0,0,0
MPB:bin_000319,0,0,0,0,0,0,0,0,0,0,0,0,0,0,0,0,0,0,0,0,0,0,0,0,0,0,0,0,0,0,0,0,0,0,0,0,0,0,0,0,0,0
MPB:bin_000322,4.555,5.556,14.014,0,10.472,4.012,3.109,0,38.21,0,0,28.855,12.351,0,3.755,0,8.523,15.089,3.774,30.251,4.458,2.486,6.034,12.793,61.291,9.033,0,18.692,19.649,7.057,38.208,9.441,0,0,17.541,0,4.775,23.641,25.386,14.95,4.164,11.127
MPB:bin_000324,0,0,0,0,0,0,0,0,0,0,0,0,0,0,0,0,0,0,0,0,0,0,0,0,0,0,0,0,0,0,0,0,0,0,0,0,0,0,0,0,0,0
MPB:bin_000325,0,0,0,0,0,0,0,0,0,0,0,0,0,0,0,0,0,0,0,0,0,0,0,0,8.11,0,0,0,0,0,0,0,0,0,0,0,0,0,0,0,0,0
MPB:bin_000328,0,0,0,0,0,0,0,0,0,0,0,0,0,0,0,0,0,0,0,0,0,0,0,0,0,0,0,0,0,0,0,0,0,0,0,0,0,0,0,0,0,0
MPB:bin_000330,0,0,0,0,0,0,0,0,0,0,0,0,0,0,0,0,0,0,0,0,0,0,0,0,0,0,0,0,0,0,0,0,0,0,0,0,0,0,0,0,0,0
MPB:bin_000332,0,0,0,0,0,0,0,0,0,0,0,0,0,0,0,0,0,0,0,0,0,0,0,0,0,0,0,0,0,0,0,0,0,0,0,0,0,0,0,0,0,0
MPB:bin_000336,0,0,0,0,0,0,0,0,0,0,0,0,0,0,0,0,0,0,0,0,0,0,0,0,0,0,0,0,0,0,0,0,0,0,0,0,0,0,0,0,0,0
MPB:bin_000340,0,0,0,0,0,0,0,0,0,0,0,0,0,0,0,0,0,0,0,0,2.168,0,0,0,20.602,0,0,6.972,0,0,7.623,0,0,0,0,0,0,10.439,0,0,0,0
MPB:bin_000341,0,0,0,0,0,0,0,0,0,0,0,0,0,0,0,0,0,0,0,0,0,0,0,0,0,0,0,0,0,0,0,0,0,0,0,0,0,0,0,0,0,0
MPB:bin_000347,0,0,0,0,0,0,0,0,0,0,0,0,0,0,0,0,0,0,0,0,0,0,0,0,0,0,0,0,0,0,0,0,0,0,0,0,0,0,0,0,0,0
MPB:bin_000350,0,0,0,0,0,0,0,0,0,0,0,0,0,0,0,0,0,0,0,0,0,0,0,0,0,0,0,0,0,0,0,0,0,0,0,0,0,0,0,0,0,0
MPB:bin_000354,0,0,0,0,0,0,0,0,0,0,0,0,0,0,0,0,0,0,0,0,0,0,0,0,0,0,0,0,0,0,0,0,0,0,0,0,0,0,0,0,0,0
MPB:bin_000358,0,0,0,0,0,0,0,0,0,0,0,0,0,0,0,0,0,0,0,0,0,0,0,0,0,0,0,0,0,0,0,0,0,0,0,0,0,0,0,0,0,0
MPB:bin_000364,0,0,0,0,0,0,0,0,0,0,0,0,0,0,0,0,0,0,0,0,0,0,0,0,0,0,0,0,0,0,0,0,0,0,0,0,0,0,0,0,0,0
MPB:bin_000365,0,0,0,0,0,0,0,0,0,0,0,0,0,0,0,0,0,0,0,0,0,0,0,0,0,0,0,0,0,0,0,0,0,0,0,0,0,0,0,0,0,0
MPB:bin_000373,0,0,0,0,0,0,0,0,0,0,0,0,0,0,0,0,0,0,0,0,0,0,0,0,0,0,0,0,0,0,0,0,0,0,0,0,0,0,0,0,0,0
MPB:bin_000375,0,0,0,0,0,0,0,0,0,0,0,0,0,0,0,0,0,0,0,0,0,0,0,0,0,0,0,0,0,0,0,0,0,0,0,0,0,0,0,0,0,0
MPB:bin_000378,0,0,0,0,0,0,0,0,0,0,0,0,0,0,0,0,0,0,0,0,0,0,0,0,0,0,0,0,0,0,0,0,0,0,0,0,0,0,0,0,0,0
MPB:bin_000379,0,0,0,0,0,0,0,0,0,0,0,0,0,0,0,0,0,0,0,0,0,0,0,0,0,0,0,0,0,0,0,0,0,0,0,0,0,0,0,0,0,0
MPB:bin_000380,0,0,0,0,0,0,0,0,0,0,0,0,0,0,0,0,0,0,0,0,0,0,0,0,0,0,0,0,0,0,0,0,0,0,0,0,0,0,0,0,0,0
MPB:bin_000382,0,0,0,0,0,0,0,0,0,0,0,0,0,0,0,0,0,0,0,0,0,0,0,0,0,0,0,0,0,0,0,0,0,0,0,0,0,0,0,0,0,0
MPB:bin_000383,0,0,0,0,0,0,0,0,0,0,0,0,0,0,0,0,0,0,0,0,0,0,0,0,0,0,0,0,0,0,0,0,0,0,0,0,0,0,0,0,0,0
MPB:bin_000385,0,0,0,0,0,0,0,0,0,0,0,0,0,0,0,0,0,0,0,0,0,0,0,0,0,0,0,0,0,0,0,0,0,0,0,0,0,0,0,0,0,0
MPB:bin_000387,25.934,22.252,87.922,14.757,67.608,7.666,16.076,0,205.094,0,0.773,176.344,82.863,0,18.932,0,38.54,71.2,25.321,114.13,31.736,32.178,45.093,72.773,307.737,58.095,0,65.627,59.898,19.927,150.294,55.694,0,0,143.206,0.558,26.386,126.231,172.011,76.56,30.831,57.48
MPB:bin_000390,0,0,0,0,0,0,0,0,0,0,0,0,0,0,0,0,0,0,0,0,0,0,0,0,0,0,0,0,0,0,0,0,0,0,0,0,0,0,0,0,0,0
MPB:bin_000393,0,0,0,0,0,0,0,0,0,0,0,0,0,0,0,0,0,0,0,0,0,0,0,0,0,0,0,0,0,0,0,0,0,0,0,0,0,0,0,0,0,0
MPB:bin_000394,0,0,0,0,0,0,0,0,0,0,0,0,0,0,0,0,0,0,0,0,0,0,0,0,0,0,0,0,0,0,0,0,0,0,0,0,0,0,0,0,0,0
MPB:bin_000395,0,0,0,0,0,0,0,0,0,0,0,0,0,0,0,0,0,0,0,0,0,0,0,0,0,0,0,0,0,0,0,0,0,0,0,0,0,0,0,0,0,0
MPB:bin_000396,0,0,0,0,0,0,0,0,0,0,0,0,0,0,0,0,0,0,2.445,0,0,0,0,0,4.224,1.817,0,0,0,0,0,0,0,0,0,0,0,0,2.032,0,0,0
MPB:bin_000397,0,0,0,0,0,0,0,0,0,0,0,0,0,0,0,0,0,0,0,0,0,0,0,0,0,0,0,0,0,0,0,0,0,0,0,0,0,0,0,0,0,0
MPB:bin_000398,0,0,0,0,0,0,0,0,0,0,0,0,0,0,0,0,0,0,0,0,0,0,0,0,0,0,0,0,0,0,0,0,0,0,0,0,0,0,0,0,0,0
MPB:bin_000399,0,0,0,0,0,0,0,0,0,0,0,0,0,0,0,0,0,0,0,0,0,0,0,0,0,0,0,0,0,0,0,0,0,0,0,0,0,0,0,0,0,0
MPB:bin_000400,1.839,1.428,1.602,0,6.408,0,0,0,5.755,0,0,2.14,4.929,0,0,0,0,4.149,2.196,5.566,0,1.959,0,2.094,13.259,1.697,0,2.917,0,0,3.895,3.146,0,0,3.136,0,2.618,3.901,4.597,0,0,3.842
MPB:bin_000402,0,0,0,0,0,0,0,0,9.998,0,0,0,3.251,0,0,0,0,0,0,3.698,0,0,2.912,0,11.813,0,0,3.823,0,0,3.365,0,0,0,0,0,0,0,7.069,0,0,0
MPB:bin_000403,0,0,0,0,0,0,0,0,0,0,0,0,0,0,0,0,0,0,0,0,0,0,0,0,0,0,0,0,0,0,0,0,0,0,0,0,0,0,0,0,0,0
MPB:bin_000405,0,0,0,0,0,0,0,0,0,0,0,0,0,0,0,0,0,0,0,0,0,0,0,0,0,0,0,0,0,0,0,0,0,0,0,0,0,0,0,0,0,0
MPB:bin_000407,0,0,0,0,0,0,0,0,0,0,0,0,0,0,0,0,0,0,0,0,0,0,0,0,0,0,0,0,0,0,0,0,0,0,0,0,0,0,0,0,0,0
MPB:bin_000408,0,0,0,0,0,0,0,0,0,0,0,0,0,0,0,0,0,0,0,0,0,0,0,0,0,0,0,0,0,0,0,0,0,0,0,0,0,0,0,0,0,0
MPB:bin_000409,0,0,0,0,0,0,0,0,0,0,0,0,0,0,0,0,0,0,0,0,0,0,0,0,0,0,0,0,0,0,0,0,0,0,0,0,0,0,0,0,0,0
MPB:bin_000410,0,0,0,0,0,0,0,0,0,0,0,0,0,0,0,0,0,0,0,0,0,0,0,0,0,0,0,0,0,0,0,0,0,0,0,0,0,0,0,0,0,0
MPB:bin_000411,0,0,0,0,0,0,0,0,0,0,0,0,0,0,0,0,0,0,0,0,0,0,0,0,0,0,0,0,0,0,0,0,0,0,0,0,0,0,0,0,0,0
MPB:bin_000413,0,0,0,0,0,0,0,0,0,0,0,0,0,0,0,0,0,0,0,0,0,0,0,0,0,0,0,0,0,0,0,0,0,0,0,0,0,0,0,0,0,0
MPB:bin_000414,0,0,0,0,0,0,0,0,0,0,0,0,0,0,0,0,0,0,0,0,0,0,0,0,0,0,0,0,0,0,0,0,0,0,0,0,0,0,0,0,0,0
MPB:bin_000416,0,0,0,0,0,0,0,0,0,0,0,0,0,0,0,0,0,0,0,0,0,0,0,0,0,0,0,0,0,0,0,0,0,0,0,0,0,0,0,0,0,0
MPB:bin_000418,0,0,0,0,0,0,0,0,0,0,0,0,0,0,0,0,0,0,0,0,0,0,0,0,0,0,0,0,0,0,0,0,0,0,0,0,0,0,0,0,0,0
MPB:bin_000419,0,0,0,0,0,0,0,0,0,0,0,0,0,0,0,0,0,0,0,0,0,0,0,0,0,0,0,0,0,0,0,0,0,0,0,0,0,0,0,0,0,0
MPB:bin_000421,0,0,0,0,0,0,0,0,0,0,0,0,2.027,0,0,0,0,0,0,0,0,0,0,0,0,0,0,0,0,0,0,0,0,0,0,0,0,0,2.3,0,0,0
MPB:bin_000424,0,0,0,0,0,0,0,0,0,0,0,0,0,0,0,0,0,0,0,0,0,0,0,0,0,0,0,0,0,0,0,0,0,0,0,0,0,0,0,0,0,0
MPB:bin_000425,0,0,0,0,0,0,0,0,0,0,0,0,0,0,0,0,0,0,0,0,0,0,0,0,0,0,0,0,0,0,0,0,0,0,0,0,0,0,0,0,0,0
MPB:bin_000426,0,0,0,0,0,0,0,0,5.085,0,0,3.85,0,0,0,0,0,0,0,0,0,0,0,0,9.425,5.314,0,0,0,0,0,0,0,0,0,0,0,0,0,2.67,0,0
MPB:bin_000427,0,0,0,0,0,0,0,0,0,0,0,0,0,0,0,0,0,0,0,0,0,0,0,0,0,0,0,0,0,0,0,0,0,0,0,0,0,0,0,0,0,0
MPB:bin_000430,0,0,0,0,0,0,0,0,0,0,0,0,0,0,0,0,0,0,0,0,0,0,0,0,0,0,0,0,0,0,0,0,0,0,0,0,0,0,0,0,0,0
MPB:bin_000433,0,0,0,0,0,0,0,0,0,0,0,0,0,0,0,0,0,0,0,0,0,0,0,0,0,0,0,0,0,0,0,0,0,0,0,0,0,0,0,0,0,0
MPB:bin_000435,0,0,0,0,0,0,0,0,6.698,0,0,0,3.844,0,0,0,0,0,0,0,0,0,0,0,10.966,0,0,0,0,2.462,0,0,0,0,0,0,0,0,5.28,0,0,2.5
MPB:bin_000437,0,0,0,0,0,0,0,0,0,0,0,0,0,0,0,0,0,0,0,0,0,0,0,0,0,0,0,0,0,0,0,0,0,0,0,0,0,0,0,0,0,0
MPB:bin_000438,0,0,0,0,0,0,0,0,0,0,0,0,0,0,0,0,0,0,0,0,0,0,0,0,0,0,0,0,0,0,0,0,0,0,0,0,0,0,0,0,0,0
MPB:bin_000440,0,0,0,0,0,0,0,0,6.644,0,0,0,0,0,0,0,0,0,0,0,0,0,0,0,9.062,0,0,0,0,0,0,0,0,0,0,0,0,0,0,0,0,0
MPB:bin_000442,0,0,0,0,0,0,0,0,0,0,0,0,0,0,0,0,0,0,0,0,0,0,0,0,0,0,0,0,0,0,0,0,0,0,0,0,0,0,0,0,0,0
MPB:bin_000445,0,0,0,0,0,0,0,0,0,0,0,4.816,0,0,0,0,0,0,0,0,0,2.576,0,0,9.128,0,0,0,0,0,0,0,0,0,0,0,0,0,0,0,0,0
MPB:bin_000446,0,0,0,0,0,0,0,0,0,0,0,0,0,0,0,0,0,0,0,0,0,0,0,0,0,0,0,0,0,0,0,0,0,0,0,0,0,0,0,0,0,0
MPB:bin_000447,0,0,0,0,0,0,0,0,0,0,0,0,0,0,0,0,0,0,0,0,0,0,0,0,0,0,0,0,0,0,0,0,0,0,0,0,0,0,0,0,0,0
MPB:bin_000449,0,0,0,0,0,0,0,0,0,0,0,0,0,0,0,0,0,0,0,0,0,0,0,0,0,0,0,0,0,0,0,0,0,0,0,0,0,0,0,0,0,0
MPB:bin_000450,0,0,0,0,0,0,0,0,2.924,0,0,0,0,0,0,0,0,0,0,1.667,0,5.277,0,0,7.016,0,0,0,0,0,0,2.341,0,0,0,0,0,0,3.511,0,0,2.554
MPB:bin_000451,0,0,0,0,0,0,0,0,0,0,0,0,0,0,0,0,0,0,0,0,0,0,0,0,0,0,0,0,0,0,0,0,0,0,0,0,0,0,0,0,0,0
MPB:bin_000452,0,0,0,0,0,0,0,0,0,0,0,0,0,0,0,0,0,0,0,0,0,0,0,0,0,0,0,0,0,0,0,0,0,0,0,0,0,0,0,0,0,0
MPB:bin_000453,0,0,0,0,0,0,0,0,0,0,0,0,0,0,0,0,0,0,0,0,0,0,0,0,0,0,0,0,0,0,0,0,0,0,0,0,0,0,0,0,0,0
MPB:bin_000455,0,0,0,0,0,0,0,0,0,0,0,0,0,0,0,0,0,0,0,0,0,0,0,0,0,0,0,0,0,0,0,0,0,0,0,0,0,0,0,0,0,0
MPB:bin_000456,0,0,0,0,0,0,0,0,0,0,0,0,0,0,0,0,0,0,0,0,0,0,0,0,0,0,0,0,0,0,0,0,0,0,0,0,0,0,0,0,0,0
MPB:bin_000457,0,0,0,0,0,0,0,0,0,0,0,0,0,0,0,0,0,0,0,0,0,0,0,0,0,0,0,0,0,0,0,0,0,0,0,0,0,0,0,0,0,0
MPB:bin_000458,0,0,0,0,0,0,0,0,0,0,0,0,0,0,0,0,0,0,0,0,0,0,0,0,0,0,0,0,0,0,0,0,0,0,0,0,0,0,0,0,0,0
MPB:bin_000459,0,0,0,0,0,0,0,0,0,0,0,0,0,0,0,0,0,0,0,0,0,0,0,0,0,0,0,0,0,0,0,0,0,0,0,0,0,0,0,0,0,0
MPB:bin_000460,0,0,0,0,0,0,0,0,0,0,0,0,0,0,0,0,0,0,0,0,0,0,0,0,0,0,0,0,0,0,0,0,0,0,0,0,0,0,0,0,0,0
MPB:bin_000461,0,0,0,0,0,0,0,0,0,0,0,0,0,0,0,0,0,0,0,0,0,0,0,0,0,0,0,0,0,0,0,0,0,0,0,0,0,0,0,0,0,0
MPB:bin_000465,0,0,0,0,0,0,0,0,0,0,0,0,0,0,0,0,0,0,0,0,0,0,0,0,0,0,0,0,0,0,0,0,0,0,0,0,0,0,0,0,0,0
MPB:bin_000466,0,0,0,0,0,0,0,0,0,0,0,0,0,0,0,0,0,0,0,0,0,0,0,0,0,0,0,0,0,0,0,0,0,0,0,0,0,0,0,0,0,0
MPB:bin_000470,0,0,0,0,0,0,0,0,0,0,0,0,0,0,0,0,0,0,0,0,0,0,0,0,0,0,0,0,0,0,0,0,0,0,0,0,0,0,0,0,0,0
MPB:bin_000472,0,0,0,0,0,0,0,0,0,0,0,0,0,0,0,0,0,0,0,0,0,0,0,0,0,0,0,0,0,0,0,0,0,0,0,0,0,0,0,0,0,0
MPB:bin_000473,0,0,0,0,0,0,0,0,0,0,0,0,0,0,0,0,0,0,0,0,0,0,0,0,6.032,0,0,0,0,0,0,0,0,0,0,0,0,0,0,0,0,0
MPB:bin_000476,0,0,0,0,0,0,0,0,0,0,0,0,0,0,0,0,0,0,0,0,0,0,0,0,0,0,0,0,0,0,0,0,0,0,0,0,0,0,0,0,0,0
MPB:bin_000477,0,0,0,0,0,0,0,0,0,0,0,0,0,0,0,0,0,0,0,0,0,2.275,0,0,5.836,0,0,0,0,2.123,0,0,0,0,0,0,0,0,0,0,0,0
MPB:bin_000479,0,0,0,0,0,0,0,0,0,0,0,0,0,0,0,0,0,0,0,0,0,0,0,0,0,0,0,0,0,0,0,0,0,0,0,0,0,0,0,0,0,0
MPB:bin_000491,0,0,0,0,0,0,0,0,2.386,0,0,0,0,0,0,0,0,0,0,0,0,0,0,0,0,0,0,0,0,0,0,0,0,0,0,0,0,0,0,0,0,0
MPB:bin_000499,0,0,0,0,0,0,0,0,0,0,0,0,0,0,0,0,0,0,0,6.557,0,0,0,0,0,0,0,0,0,0,0,0,0,0,0,0,0,0,0,0,0,0
MPB:bin_000538,0,0,0,0,0,0,0,0,0,0,0,0,0,0,0,0,0,0,0,0,0,0,0,0,0,0,0,0,0,0,0,0,0,0,0,0,0,0,0,0,0,0
MPB:bin_000554,0,0,0,0,0,0,0,0,0,0,0,0,0,0,0,0,0,0,0,0,0,2.555,0,0,14.109,0,0,0,0,0,5.01,0,0,0,4.296,0,2.179,6.478,5.976,0,0,3.196
MPB:bin_000559,0,0,0,0,0,0,0,0,0,0,0,0,0,0,0,0,0,0,0,0,0,0,0,0,0,0,0,0,0,0,0,0,0,0,0,0,0,0,0,0,0,0
MPB:bin_000571,0,0,0,0,0,0,0,0,0,0,0,0,0,0,0,0,0,0,0,0,0,0,0,0,0,0,0,0,0,0,0,0,0,0,0,0,0,0,0,0,0,0
MPB:bin_000576,0,0,0,0,0,0,0,0,0,0,0,0,0,0,0,0,0,0,0,0,0,0,0,0,0,0,0,0,0,0,0,0,0,0,0,0,0,0,0,0,0,0
MPB:bin_000579,0,0,0,0,0,0,0,0,0,0,0,0,0,0,0,0,0,0,0,0,0,0,0,0,0,0,0,0,0,0,0,0,0,0,0,0,0,0,0,0,0,0
MPB:bin_000581,5.507,0,0,0,0,0,0,0,12.29,0,0,4.288,3.493,0,0,0,0,3.602,13.006,8.284,1.695,0,0,0,31.045,0,0,6.042,3.849,0,3.242,0,0,0,0,0,0,6.101,8.839,3.153,0,0
MPB:bin_000584,0,0,0,0,0,0,0,0,0,0,0,0,0,0,0,0,0,0,0,0,0,0,0,0,0,0,0,0,0,0,0,0,0,0,0,0,0,0,0,0,0,0
MPB:bin_000588,0,0,0,0,0,0,0,0,0,0,0,0,0,0,0,0,0,0,0,0,0,0,0,0,0,0,0,0,0,0,0,0,0,0,0,0,0,0,0,0,0,0
MPB:bin_000590,0,0,0,0,0,0,0,0,0,0,0,0,0,0,0,0,0,0,0,0,0,0,0,0,0,0,0,0,0,0,0,0,0,0,0,0,0,0,0,0,0,0
MPB:bin_000593,0,0,0,0,0,0,0,0,0,0,0,0,0,0,0,0,0,0,0,0,0,0,0,0,0,0,0,0,0,0,0,0,0,0,0,0,0,0,0,0,0,0
MPB:bin_000594,0,0,0,0,0,0,0,0,0,0,0,0,0,0,0,0,0,0,0,0,0,0,0,0,0,0,0,0,0,0,0,0,0,0,0,0,0,0,0,0,0,0
MPB:bin_000596,0,0,0,0,0,0,0,0,0,0,0,0,0,0,0,0,0,0,0,0,0,0,0,0,0,0,0,0,0,0,0,0,0,0,0,0,0,0,0,0,0,0
MPB:bin_000597,0,0,0,0,0,0,0,0,0,0,0,0,0,0,0,0,0,0,0,0,0,0,0,0,0,0,0,0,0,0,0,0,0,0,0,0,0,0,0,0,0,0
MPB:bin_000598,0,0,0,0,0,0,0,0,0,0,0,0,0,0,0,0,0,0,0,0,0,0,0,0,0,0,0,0,0,0,0,0,0,0,0,0,0,0,0,0,0,0
MPB:bin_000599,0,0,0,0,0,0,0,0,0,0,0,0,0,0,0,0,0,0,0,0,0,0,0,0,0,0,0,0,0,0,0,0,0,0,0,0,0,0,0,0,0,0
MPB:bin_000600,0,0,0,0,0,0,0,0,0,0,0,0,0,0,0,0,0,0,0,0,0,0,0,0,0,0,0,0,0,0,0,0,0,0,0,0,0,0,0,0,0,0
MPB:bin_000601,0,0,0,0,0,0,0,0,0,0,0,0,0,0,0,0,0,0,0,0,0,0,0,0,0,0,0,0,0,0,0,0,0,0,0,0,0,0,0,0,0,0
MPB:bin_000604,0,0,0,0,0,0,0,0,0,0,0,0,0,0,0,0,0,0,0,0,0,0,0,0,0,0,0,0,0,0,0,0,0,0,0,0,0,0,0,0,0,0
MPB:bin_000605,0,0,0,0,0,0,0,0,0,0,0,0,0,0,0,0,0,0,0,0,0,0,0,0,0,0,0,0,0,0,0,0,0,0,0,0,0,0,0,0,0,0
MPB:bin_000606,0,0,4.033,0,0,0,0,0,7.969,0,0,3.335,2.77,0,0,0,0,0,0,2.745,0,0,0,0,11.425,8.952,0,5.732,3.051,0,5.552,2.429,0,0,4.525,0,0,3.689,6.494,2.751,0,3.898
MPB:bin_000609,0,0,0,0,0,0,0,0,0,0,0,0,0,0,0,0,0,0,0,0,0,0,0,0,0,0,0,0,0,0,0,0,0,0,0,0,0,0,0,0,0,0
MPB:bin_000615,0,0,0,0,0,0,0,0,0,0,0,0,0,0,0,0,0,0,0,0,0,0,0,0,0,0,0,0,0,0,0,0,0,0,0,0,0,0,0,0,0,0
MPB:bin_000617,0,0,0,0,0,0,0,0,0,0,0,0,4.836,0,0,0,0,0,2.815,0,0,0,0,0,11.879,0,0,0,0,0,0,0,0,0,0,0,0,0,0,0,0,0
MPB:bin_000618,0,0,0,0,0,0,0,0,0,0,0,0,0,0,0,0,0,0,0,0,0,0,0,0,0,0,0,0,0,0,0,0,0,0,0,0,0,0,0,0,0,0
MPB:bin_000619,0,0,0,0,0,0,0,0,0,0,0,0,3.161,0,0,0,0,0,0,0,0,1.821,0,0,0,0,0,0,0,0,0,0,0,0,2.1,0,0,0,2.21,0,0,0
MPB:bin_000622,0,0,0,0,0,0,0,0,0,0,0,0,0,0,0,0,0,0,0,0,0,0,0,0,0,0,0,0,0,0,0,0,0,0,0,0,0,0,0,0,0,0
TM1:bin_000010,0,0,0,0,0,0,0,0,2.519,0,0,0,2.266,0,0,0,0,0,0,0,0,0,0,0,7.299,0,0,0,0,0,0,0,0,0,0,0,0,0,0,0,0,1.822
TM1:bin_000024,0,0,0,0,0,0,0,0,0,0,0,0,0,0,0,0,0,0,0,0,0,0,0,0,0,0,0,0,0,0,0,0,0,0,0,0,0,0,0,0,0,0
TM1:bin_000025,0,0,1.844,0,6.175,0,0,0,8.418,0,0,6.584,3.835,0,0,0,0,4.097,0,2.196,0,1.992,0,2.617,11.122,2.397,0,4.978,0,3.302,6.141,3.02,0,0,4.65,0,0,0,0,0,0,3.495
TM1:bin_000027,0,0,0,0,0,0,0,0,0,0,0,0,0,0,0,0,0,2.64,0,0,0,0,0,0,2.522,0,0,0,0,0,0,0,0,0,2.461,0,0,0,2.448,0,0,0
TM1:bin_000031,0,2.507,4.057,0,6.083,0,5.464,0,81.477,0,0,12.189,15.285,0,0,0,1.816,20.665,6.405,16.655,2.065,0,3.462,7.308,54.039,2.354,0,21.71,6.038,0,28.524,2.162,0,0,2.196,0,0,5.905,7.547,3.902,0,0
TM1:bin_000049,0,0,0,0,0,0,0,0,0,0,0,0,0,0,0,0,0,0,1.674,0,0,0,0,0,0,0,0,0,2.752,0,0,0,0,0,0,0,0,0,0,0,0,0
TM1:bin_000080,0,0,0,0,0,0,0,0,0,0,0,8.193,0,0,0,0,0,0,0,0,0,0,0,0,7.517,0,0,0,0,0,0,0,0,0,0,0,0,0,0,0,0,0
TM1:bin_000119,0,0,0,0,0,0,0,0,3.203,0,0,0,0,0,0,0,0,0,0,1.969,0,0,0,0,3.69,0,0,0,0,0,0,0,0,0,0,0,0,0,2.474,0,0,0
TM1:bin_000126,0,2.594,4.067,1.705,5.499,0,0,0,10.405,0,0,4.711,4.444,0,0,0,1.881,0,0,11.705,0,0,2.532,3.446,20.133,3.408,0,0,4.068,2.805,8.18,6.961,0,0,4.722,0,1.665,6.171,11.404,2.472,1.683,6.578
TM1:bin_000144,0,0,0,0,0,0,0,0,3.211,0,0,0,0,0,0,0,0,0,0,0,0,0,0,0,0,0,0,0,0,0,0,0,0,0,0,0,0,0,0,0,0,0
TM1:bin_000152,0,0,0,0,0,0,0,0,0,0,0,0,0,0,0,0,0,0,0,0,0,0,0,0,0,0,0,0,0,0,0,0,0,0,0,0,0,0,0,0,0,0
TM1:bin_000153,0,0,0,0,0,0,0,0,0,0,0,0,0,0,0,0,0,0,0,0,0,0,0,0,0,0,0,0,0,0,0,0,0,0,0,0,0,0,0,0,0,0
TM1:bin_000177,0,0,0,0,0,0,0,0,2.496,0,0,0,0,0,0,0,0,0,0,0,0,0,0,0,2.868,0,0,0,0,0,0,0,0,0,0,0,0,0,2.873,0,0,0
TM2:bin_000005,0,0,0,0,0,0,0,0,0,0,0,0,0,0,0,0,0,0,0,0,0,0,0,0,0,0,0,0,0,0,0,0,0,0,0,0,0,0,0,0,0,0
TM2:bin_000013,0,1.755,2.598,0,4.808,0,0,0,14.734,0,0,8.355,3.923,0,0,0,0,5.508,0,4.015,0,0,2.641,0,20.359,0,0,7.944,5.09,0,7.226,6.038,0,0,5.437,0,0,5.607,9.791,2.944,0,0
TM2:bin_000090,0,0,0,0,0,0,0,0,0,0,0,0,0,0,0,0,0,0,0,0,0,0,0,0,0,0,0,0,0,0,0,0,0,0,0,0,0,0,0,0,0,0
TM2:bin_000114,0,0,0,0,0,0,0,0,0,0,0,0,0,0,0,0,0,0,0,0,0,0,0,0,0,0,0,0,0,0,0,0,0,0,0,0,0,0,0,0,0,0
TM2:bin_000116,0,0,0,0,0,0,0,0,0,0,0,0,0,0,0,0,0,0,0,0,0,0,0,0,0,0,0,0,0,0,0,0,0,0,0,0,0,0,0,0,0,0
TM2:bin_000124,0,0,0,0,5.238,0,0,0,5.169,0,0,0,0,0,0,0,0,0,0,2.201,0,0,2.896,0,7.645,0,0,0,0,0,4.366,0,0,0,4.035,0,0,0,0,3.267,0,0
TM2:bin_000127,0,0,0,0,0,0,0,0,1.75,0,0,7.32,0,0,0,0,0,0,2.068,7.086,0,0,1.582,2.147,25.889,0,0,6.483,2.21,3.609,2.383,2.215,0,0,0,0,0,4.492,11.025,0,0,8.519
TM2:bin_000155,0,1.834,0,0,7.209,0,0,0,4.893,0,0,4.365,0,0,0,0,0,0,0,0,0,0,0,4.968,5.475,0,0,0,0,0,0,0,0,0,0,0,0,0,3.368,0,0,0
TM2:bin_000157,0,0,0,0,0,0,0,0,0,0,0,0,0,0,0,0,0,0,0,0,0,0,0,0,0,0,0,0,0,0,0,0,0,0,0,0,0,0,0,0,0,0
TM2:bin_000186,0,0,0,0,0,0,0,0,4.206,0,0,3.18,0,0,0,0,0,0,0,2.851,0,0,0,0,4.709,0,0,0,0,0,2.541,0,0,0,3.492,0,0,0,0,0,0,5.049
TM2:bin_000188,0,0,0,0,0,0,0,0,0,0,0,0,0,0,0,0,0,0,0,0,0,0,0,0,0,0,0,0,0,0,0,0,0,0,0,0,0,0,0,0,0,0
TM2:bin_000219,0,0,0,0,0,0,0,0,0,0,0,0,0,0,0,0,0,0,0,0,0,0,0,0,0,0,0,0,0,0,0,0,0,0,0,0,0,0,0,0,0,0
TM2:bin_000235,0,0,0,0,0,0,0,0,4.071,0,0,3.291,0,0,0,0,0,0,0,2.03,0,0,0,0,5.361,0,0,0,0,0,1.801,0,0,0,0,0,0,0,2.56,0,0,0
TM3:bin_000033,0,0,0,0,0,0,0,0,0,0,0,0,0,0,0,0,0,0,0,0,0,0,0,0,0,0,0,0,0,0,0,0,0,0,0,0,0,0,0,0,0,0
TM3:bin_000088,0,0,0,0,0,0,0,0,0,0,0,0,0,0,0,0,0,0,0,0,0,0,0,0,0,0,0,0,0,0,0,0,0,0,0,0,0,0,0,0,0,0
TM3:bin_000108,4.312,4.607,10.285,0,20.938,0,2.349,0,32.532,0,0,29.341,10.591,0,5.409,0,4.017,7.454,15.128,25.904,4.059,10.19,5.762,6.101,82.297,18.584,0,14.262,11.366,7.805,17.72,10.809,0,0,28.673,0,7.96,27.238,32.862,7.914,5.009,21.3
TM4:bin_000013,0,0,0,0,0,0,0,0,0,0,0,0,0,0,0,0,0,0,0,0,0,0,0,0,0,0,0,0,0,0,0,0,0,0,0,0,0,0,0,0,0,0
TM4:bin_000021,0,0,0,0,0,0,0,0,0,0,0,0,0,0,0,0,0,0,0,0,0,0,0,0,0,0,0,0,0,0,0,0,0,0,0,0,0,0,0,0,0,0
TM4:bin_000025,0,0,0,0,0,0,0,0,0,0,0,0,0,0,0,0,0,0,0,0,0,0,0,0,0,0,0,0,0,0,0,0,0,0,0,0,0,0,0,0,0,0
TM4:bin_000031,0,0,0,0,0,0,0,0,0,0,0,0,0,0,0,0,0,0,0,0,0,0,0,0,0,0,0,0,0,0,0,0,0,0,0,0,0,0,0,0,0,0
TM4:bin_000034,0,1.605,0,0,0,0,0,0,11.997,0,0,7.932,0,0,0,0,0,0,1.866,0,0,0,0,2.279,6.457,0,0,0,0,0,6.978,0,0,0,0,0,0,6.718,9.533,0,0,0
TM4:bin_000036,0,0,0,0,0,0,0,0,0,0,0,0,0,0,0,0,0,0,0,0,0,0,0,0,0,0,0,0,0,0,0,0,0,0,0,0,0,0,0,0,0,0
TM4:bin_000037,0,0,0,0,0,0,0,0,0,0,0,0,0,0,0,0,0,0,0,0,0,0,0,0,0,0,0,0,0,0,0,0,0,0,0,0,0,0,0,0,0,0
TM4:bin_000038,0,0,0,0,0,0,0,0,3.611,0,0,0,0,0,0,0,0,0,0,0,0,0,0,0,3.128,0,0,0,0,0,0,0,0,0,0,0,1.671,0,1.968,0,0,0
TM4:bin_000039,0,0,0,0,3.623,0,0,0,2.525,0,0,0,0,0,0,0,0,0,0,0,0,2.386,0,0,4.129,0,0,5.173,0,3.258,0,0,0,0,0,0,2.126,0,3.254,0,0,4.019
TM4:bin_000041,0,0,0,0,0,0,0,0,0,0,0,0,0,0,0,0,0,0,0,0,0,0,0,0,0,0,0,0,0,0,0,0,0,0,0,0,0,0,0,0,0,0
TM4:bin_000045,0,0,0,0,0,0,0,0,0,0,0,0,0,0,0,0,0,0,0,0,0,0,0,0,0,0,0,0,0,0,0,0,0,0,0,0,0,0,0,0,0,0
TM4:bin_000048,0,0,0,0,0,0,0,0,0,0,0,0,0,0,0,0,0,0,0,0,0,0,0,0,0,0,0,0,0,0,0,0,0,0,0,0,0,0,0,0,0,0
TM4:bin_000064,0,0,0,0,0,0,0,0,0,0,0,0,0,0,0,0,0,0,0,0,0,0,0,0,0,0,0,0,0,0,0,0,0,0,0,0,0,0,0,0,0,0
TM4:bin_000079,0,0,0,0,0,0,0,0,0,0,0,0,0,0,0,0,0,0,0,0,0,0,0,0,0,0,0,0,0,0,0,0,0,0,0,0,0,0,0,0,0,0
TM4:bin_000088,0,0,0,0,0,0,0,0,0,0,0,0,0,0,0,0,0,0,0,0,0,0,0,0,0,0,0,0,0,0,0,0,0,0,0,0,0,0,0,0,0,0
TM4:bin_000093,0,0,0,0,0,0,0,0,0,0,0,2.137,0,0,0,0,0,0,0,0,0,0,0,0,2.6,0,0,0,0,0,0,0,0,0,0,0,0,0,0,0,0,0
TM4:bin_000095,0,0,0,0,0,0,0,0,0,0,0,0,0,0,0,0,0,0,0,0,0,0,0,0,0,0,0,0,0,0,0,0,0,0,0,0,0,0,0,0,0,0
TM4:bin_000097,0,0,0,0,0,0,0,0,0,0,0,0,0,0,0,0,0,0,0,0,0,0,0,0,0,0,0,0,0,0,0,0,0,0,0,0,0,0,0,0,0,0
TM4:bin_000099,0,0,0,0,0,0,0,0,0,0,0,0,0,0,0,0,0,0,0,0,0,0,0,0,0,0,0,0,0,0,0,0,0,0,0,0,0,0,0,0,0,0
TM4:bin_000106,0,0,0,0,0,0,0,0,0,0,0,0,0,0,0,0,0,0,0,0,0,0,0,0,0,0,0,0,0,0,0,0,0,0,0,0,0,0,0,0,0,0
TM4:bin_000115,0,0,0,0,0,0,0,0,0,0,0,0,0,0,0,0,0,0,0,0,0,0,0,0,0,0,0,0,0,0,0,0,0,0,0,0,0,0,0,0,0,0
TM4:bin_000133,0,0,0,0,0,0,0,0,0,0,0,0,0,0,0,0,0,0,0,0,0,0,0,0,0,0,0,0,0,0,0,0,0,0,0,0,0,0,0,0,0,0
TM4:bin_000144,0,0,0,0,0,0,0,0,0,0,0,0,0,0,0,0,0,0,0,0,0,0,0,0,0,0,0,0,0,0,0,0,0,0,0,0,0,0,0,0,0,0
TM4:bin_000166,0,0,0,0,3.997,0,0,0,5.419,0,0,4.751,3.511,0,0,0,0,0,0,4.865,0,4.355,0,0,7.288,0,0,0,0,0,0,0,0,0,4.023,0,2.623,6.759,3.339,5.085,0,7.373
TM4:bin_000184,0,0,0,0,0,0,0,0,0,0,0,0,0,0,0,0,0,0,0,0,0,0,0,0,3.637,0,0,0,0,0,0,0,0,0,0,0,0,0,0,0,0,0
TM4:bin_000189,0,0,0,0,0,0,0,0,0,0,0,0,0,0,0,0,0,0,0,0,0,0,0,0,0,0,0,0,0,0,0,0,0,0,0,0,0,0,0,0,0,0
TM4:bin_000200,0,0,0,0,0,0,0,0,0,0,0,0,0,0,0,0,0,0,0,0,0,0,0,0,0,0,0,0,0,0,0,0,0,0,0,0,0,0,0,0,0,0
TM4:bin_000204,4.212,8.278,8.694,2.361,18.357,4.163,2.711,0,31.417,0,0,9.978,20.349,0,2.302,0,3.058,5.358,3.611,20.53,4.636,23.17,3.249,2.62,29.081,7.344,0,8.076,13.33,9.668,8.942,5.089,0,0,9.813,0,9.977,23.829,21.806,16.48,3.388,16.86
TM4:bin_000209,0,0,0,0,0,0,0,0,0,0,0,0,0,0,0,0,0,0,0,0,0,0,0,0,0,0,0,0,0,0,0,0,0,0,0,0,0,0,0,0,0,0
TM4:bin_000211,0,0,0,0,0,0,0,0,0,0,0,0,0,0,0,0,0,0,0,0,0,0,0,0,0,0,0,0,0,0,0,0,0,0,0,0,0,0,0,0,0,0
TM4:bin_000216,0,0,0,0,0,0,0,0,0,0,0,0,0,0,0,0,0,0,0,0,0,0,0,0,0,0,0,0,0,0,0,0,0,0,0,0,0,0,0,0,0,0
TM4:bin_000248,0,0,0,0,12.343,0,0,0,4.76,0,0,0,0,0,0,0,0,0,0,3.769,0,0,0,0,4.906,1.846,0,0,0,1.961,3.855,0,0,0,0,0,0,0,8.772,0,0,2.616
TM4:bin_000249,0,0,2.902,0,0,0,0,0,14.179,0,0,4.173,0,0,0,0,0,0,1.953,2.607,0,0,0,0,5.575,0,0,2.476,0,3.676,9.145,0,0,0,3.492,0,0,3.009,3.671,0,0,0
TM4:bin_000259,0,0,0,0,0,0,0,0,0,0,0,0,0,0,0,0,0,0,0,0,0,0,0,0,0,0,0,0,0,0,0,0,0,0,0,0,0,0,0,0,0,0
TM4:bin_000261,0,0,0,0,0,0,0,0,0,0,0,0,0,0,0,0,0,0,0,0,0,0,0,0,0,0,0,0,0,0,0,0,0,0,0,0,0,0,0,0,0,0
TM4:bin_000267,0,0,0,0,0,0,0,0,0,0,0,0,0,0,0,0,0,0,0,0,0,0,0,0,3.2,0,0,0,0,0,0,0,0,0,0,0,0,0,0,0,0,0
TM4:bin_000275,0,0,0,0,0,0,0,0,0,0,0,0,0,0,0,0,0,0,0,0,0,0,0,0,0,0,0,0,0,0,0,0,0,0,0,0,0,0,0,0,0,0
TM4:bin_000278,0,0,0,0,0,0,0,0,0,0,0,0,0,0,0,0,0,0,0,0,0,0,0,0,0,0,0,0,0,0,0,0,0,0,0,0,0,0,0,0,0,0
TM4:bin_000285,0,0,0,0,0,0,0,0,0,0,0,0,0,0,0,0,0,0,0,0,0,0,0,0,0,0,0,0,0,0,0,0,0,0,0,0,0,0,0,0,0,0
TM4:bin_000286,0,0,0,0,0,0,0,0,0,0,0,0,0,0,0,0,0,0,0,0,0,0,0,0,0,0,0,0,0,0,0,0,0,0,0,0,0,0,0,0,0,0
TM4:bin_000287,0,0,0,0,0,0,0,0,0,0,0,0,0,0,0,0,0,0,0,0,0,0,0,0,0,0,0,0,0,0,0,0,0,0,0,0,0,0,0,0,0,0
TM4:bin_000305,0,0,0,0,0,0,0,0,0,0,0,0,0,0,0,0,0,0,0,0,0,0,0,0,0,0,0,0,0,0,0,0,0,0,0,0,0,0,0,0,0,0
TM4:bin_000312,0,0,0,0,0,0,0,0,0,0,0,0,0,0,0,0,0,0,0,0,0,0,0,0,0,0,0,0,0,0,0,0,0,0,0,0,0,0,0,0,0,0
TM4:bin_000316,0,0,0,0,0,0,0,0,5.493,0,0,4.248,2.045,0,0,0,0,0,0,0,0,0,0,0,4.494,0,0,0,0,0,4.928,2.465,0,0,0,0,0,0,4.627,0,0,0
