accession,name,level,parent_sample
SAMEA123916957,F001aB,macrosample,SAMEA120632660
SAMEA123916958,F002aB,macrosample,SAMEA120632661
SAMEA123916959,F003aB,macrosample,SAMEA120632662
SAMEA123916960,F004aB,macrosample,SAMEA120632663
SAMEA123916961,F005aB,macrosample,SAMEA120632664
SAMEA123916962,F006bB,macrosample,SAMEA120632665
SAMEA123916963,F007bB,macrosample,SAMEA120632666
SAMEA123916964,F008bB,macrosample,SAMEA120632667
SAMEA123916965,F009bB,macrosample,SAMEA120632668
SAMEA123916966,F010bB,macrosample,SAMEA120632669
SAMEA123916967,F011cB,macrosample,SAMEA120632670
SAMEA123916968,F012cB,macrosample,SAMEA120632671
SAMEA123916969,F013cB,macrosample,SAMEA120632672
SAMEA123916970,F014cB,macrosample,SAMEA120632673
SAMEA123916971,F015cB,macrosample,SAMEA120632674
SAMEA123916972,F016dA,macrosample,SAMEA120632675
SAMEA123916973,F016dB,macrosample,SAMEA120632675
SAMEA123916974,F017dA,macrosample,SAMEA120632676
SAMEA123916975,F017dB,macrosample,SAMEA120632676
SAMEA123916976,F018dB,macrosample,SAMEA120632677
SAMEA123916977,F019dB,macrosample,SAMEA120632678
SAMEA123916978,F020dB,macrosample,SAMEA120632679
SAMEA123916979,F021eB,macrosample,SAMEA120632680
SAMEA123916980,F022eB,macrosample,SAMEA120632681
SAMEA123916981,F023eB,macrosample,SAMEA120632682
SAMEA123916982,F024eB,macrosample,SAMEA120632683
SAMEA123916983,F025eB,macrosample,SAMEA120632684
SAMEA123916984,F026aB,macrosample,SAMEA120632685
SAMEA123916985,F027aB,macrosample,SAMEA120632686
SAMEA123916986,F028aB,macrosample,SAMEA120632687
SAMEA123916987,F029aB,macrosample,SAMEA120632688
SAMEA123916988,F030aB,macrosample,SAMEA120632689
SAMEA123916989,F031bB,macrosample,SAMEA120632690
SAMEA123916990,F032bB,macrosample,SAMEA120632691
SAMEA123916991,F033bB,macrosample,SAMEA120632692
SAMEA123916992,F034bB,macrosample,SAMEA120632693
SAMEA123916993,F035bB,macrosample,SAMEA120632694
SAMEA123916994,F036cB,macrosample,SAMEA120632695
SAMEA123916995,F037cB,macrosample,SAMEA120632696
SAMEA123916996,F038cB,macrosample,SAMEA120632697
SAMEA123916997,F039cB,macrosample,SAMEA120632698
SAMEA123916998,F040cB,macrosample,SAMEA120632699
SAMEA123916999,F041dB,macrosample,SAMEA120632700
SAMEA123917000,F042dB,macrosample,SAMEA120632701
SAMEA123917001,F043dA,macrosample,SAMEA120632702
SAMEA123917002,F043dB,macrosample,SAMEA120632702
SAMEA123917003,F044dB,macrosample,SAMEA120632703
SAMEA123917004,F045dA,macrosample,SAMEA120632704
SAMEA123917005,F045dB,macrosample,SAMEA120632704
SAMEA123917006,F046eB,macrosample,SAMEA120632705
SAMEA123917007,F047eB,macrosample,SAMEA120632706
SAMEA123917008,F048eB,macrosample,SAMEA120632707
SAMEA123917009,F049eB,macrosample,SAMEA120632708
SAMEA123917010,F050eB,macrosample,SAMEA120632709
SAMEA123917011,F051aB,macrosample,SAMEA120632710
SAMEA123917012,F052aB,macrosample,SAMEA120632711
SAMEA123917013,F053aB,macrosample,SAMEA120632712
SAMEA123917014,F054aB,macrosample,SAMEA120632713
SAMEA123917015,F055aB,macrosample,SAMEA120632714
SAMEA123917016,F056bB,macrosample,SAMEA120632715
SAMEA123917017,F057bB,macrosample,SAMEA120632716
SAMEA123917018,F058bB,macrosample,SAMEA120632717
SAMEA123917019,F059bB,macrosample,SAMEA120632718
SAMEA123917020,F060bB,macrosample,SAMEA120632719
SAMEA123917021,F061cB,macrosample,SAMEA120632720
SAMEA123917022,F062cB,macrosample,SAMEA120632721
SAMEA123917023,F063cB,macrosample,SAMEA120632722
SAMEA123917024,F064cB,macrosample,SAMEA120632723
SAMEA123917025,F065cB,macrosample,SAMEA120632724
SAMEA123917026,F066dA,macrosample,SAMEA120632725
SAMEA123917027,F066dB,macrosample,SAMEA120632725
SAMEA123917028,F067dB,macrosample,SAMEA120632726
SAMEA123917029,F068dA,macrosample,SAMEA120632727
SAMEA123917030,F068dB,macrosample,SAMEA120632727
SAMEA123917031,F069dB,macrosample,SAMEA120632728
SAMEA123917032,F070dB,macrosample,SAMEA120632729
SAMEA123917033,F071eB,macrosample,SAMEA120632730
SAMEA123917034,F072eB,macrosample,SAMEA120632731
SAMEA123917035,F073eB,macrosample,SAMEA120632732
SAMEA123917036,F074eB,macrosample,SAMEA120632733
SAMEA123917037,F075eB,macrosample,SAMEA120632734
SAMEA123917038,F076aB,macrosample,SAMEA120632735
SAMEA123917039,F077aB,macrosample,SAMEA120632736
SAMEA123917040,F078aB,macrosample,SAMEA120632737
SAMEA123917041,F079aB,macrosample,SAMEA120632738
SAMEA123917042,F080aB,macrosample,SAMEA120632739
SAMEA123917043,F081bB,macrosample,SAMEA120632740
SAMEA123917044,F082bB,macrosample,SAMEA120632741
SAMEA123917045,F083bB,macrosample,SAMEA120632742
SAMEA123917046,F084bB,macrosample,SAMEA120632743
SAMEA123917047,F085bB,macrosample,SAMEA120632744
SAMEA123917048,F086cB,macrosample,SAMEA120632745
SAMEA123917049,F087cB,macrosample,SAMEA120632746
SAMEA123917050,F088cB,macrosample,SAMEA120632747
SAMEA123917051,F089cB,macrosample,SAMEA120632748
SAMEA123917052,F090cB,macrosample,SAMEA120632749
SAMEA123917053,F091dB,macrosample,SAMEA120632750
SAMEA123917054,F092dB,macrosample,SAMEA120632751
SAMEA123917055,F093dB,macrosample,SAMEA120632752
SAMEA123917056,F094dB,macrosample,SAMEA120632753
SAMEA123917057,F095dB,macrosample,SAMEA120632754
SAMEA123917058,F096eB,macrosample,SAMEA120632755
SAMEA123917059,F097eB,macrosample,SAMEA120632756
SAMEA123917060,F098eB,macrosample,SAMEA120632757
SAMEA123917061,F101aB,macrosample,SAMEA120632760
SAMEA123917062,F102aB,macrosample,SAMEA120632761
SAMEA123917063,F103aB,macrosample,SAMEA120632762
SAMEA123917064,F104aB,macrosample,SAMEA120632763
SAMEA123917065,F105aB,macrosample,SAMEA120632764
SAMEA123917066,F106bB,macrosample,SAMEA120632765
SAMEA123917067,F107bB,macrosample,SAMEA120632766
SAMEA123917068,F108bB,macrosample,SAMEA120632767
SAMEA123917069,F109bB,macrosample,SAMEA120632768
SAMEA123917070,F110bB,macrosample,SAMEA120632769
SAMEA123917071,F111cB,macrosample,SAMEA120632770
SAMEA123917072,F112cB,macrosample,SAMEA120632771
SAMEA123917073,F113cB,macrosample,SAMEA120632772
SAMEA123917074,F114cB,macrosample,SAMEA120632773
SAMEA123917075,F115cB,macrosample,SAMEA120632774
SAMEA123917076,F116dB,macrosample,SAMEA120632775
SAMEA123917077,F117dB,macrosample,SAMEA120632776
SAMEA123917078,F118dB,macrosample,SAMEA120632777
SAMEA123917079,F119dB,macrosample,SAMEA120632778
SAMEA123917080,F120dB,macrosample,SAMEA120632779
SAMEA123917081,F121eB,macrosample,SAMEA120632780
SAMEA123917082,F122eB,macrosample,SAMEA120632781
SAMEA123917083,F123eB,macrosample,SAMEA120632782
SAMEA123917084,F126aB,macrosample,SAMEA120632785
SAMEA123917085,F127aB,macrosample,SAMEA120632786
SAMEA123917086,F128aB,macrosample,SAMEA120632787
SAMEA123917087,F129aB,macrosample,SAMEA120632788
SAMEA123917088,F130aB,macrosample,SAMEA120632789
SAMEA123917089,F131bB,macrosample,SAMEA120632790
SAMEA123917090,F132bB,macrosample,SAMEA120632791
SAMEA123917091,F133bB,macrosample,SAMEA120632792
SAMEA123917092,F134bB,macrosample,SAMEA120632793
SAMEA123917093,F135bB,macrosample,SAMEA120632794
SAMEA123917094,F136cB,macrosample,SAMEA120632795
SAMEA123917095,F137cB,macrosample,SAMEA120632796
SAMEA123917096,F138cB,macrosample,SAMEA120632797
SAMEA123917097,F139cB,macrosample,SAMEA120632798
SAMEA123917098,F140cB,macrosample,SAMEA120632799
SAMEA123917099,F141dB,macrosample,SAMEA120632800
SAMEA123917100,F142dB,macrosample,SAMEA120632801
SAMEA123917101,F143dB,macrosample,SAMEA120632802
SAMEA123917102,F144dB,macrosample,SAMEA120632803
SAMEA123917103,F145dB,macrosample,SAMEA120632804
SAMEA123917104,F146eB,macrosample,SAMEA120632805
SAMEA123917105,F147eB,macrosample,SAMEA120632806
SAMEA123917106,F148eB,macrosample,SAMEA120632807
