name,release,webinSubmissionAccountId,taxId,characteristics@organism,characteristics@level,accession
F001aB,2025-11-01T00:00:00.000Z,Webin-69627,9031,Gallus gallus,macrosample,SAMEA123916957
F002aB,2025-11-01T00:00:00.000Z,Webin-69627,9031,Gallus gallus,macrosample,SAMEA123916958
F003aB,2025-11-01T00:00:00.000Z,Webin-69627,9031,Gallus gallus,macrosample,SAMEA123916959
F004aB,2025-11-01T00:00:00.000Z,Webin-69627,9031,Gallus gallus,macrosample,SAMEA123916960
F005aB,2025-11-01T00:00:00.000Z,Webin-69627,9031,Gallus gallus,macrosample,SAMEA123916961
F006bB,2025-11-01T00:00:00.000Z,Webin-69627,9031,Gallus gallus,macrosample,SAMEA123916962
F007bB,2025-11-01T00:00:00.000Z,Webin-69627,9031,Gallus gallus,macrosample,SAMEA123916963
F008bB,2025-11-01T00:00:00.000Z,Webin-69627,9031,Gallus gallus,macrosample,SAMEA123916964
F009bB,2025-11-01T00:00:00.000Z,Webin-69627,9031,Gallus gallus,macrosample,SAMEA123916965
F010bB,2025-11-01T00:00:00.000Z,Webin-69627,9031,Gallus gallus,macrosample,SAMEA123916966
F011cB,2025-11-01T00:00:00.000Z,Webin-69627,9031,Gallus gallus,macrosample,SAMEA123916967
F012cB,2025-11-01T00:00:00.000Z,Webin-69627,9031,Gallus gallus,macrosample,SAMEA123916968
F013cB,2025-11-01T00:00:00.000Z,Webin-69627,9031,Gallus gallus,macrosample,SAMEA123916969
F014cB,2025-11-01T00:00:00.000Z,Webin-69627,9031,Gallus gallus,macrosample,SAMEA123916970
F015cB,2025-11-01T00:00:00.000Z,Webin-69627,9031,Gallus gallus,macrosample,SAMEA123916971
F016dA,2025-11-01T00:00:00.000Z,Webin-69627,9031,Gallus gallus,macrosample,SAMEA123916972
F016dB,2025-11-01T00:00:00.000Z,Webin-69627,9031,Gallus gallus,macrosample,SAMEA123916973
F017dA,2025-11-01T00:00:00.000Z,Webin-69627,9031,Gallus gallus,macrosample,SAMEA123916974
F017dB,2025-11-01T00:00:00.000Z,Webin-69627,9031,Gallus gallus,macrosample,SAMEA123916975
F018dB,2025-11-01T00:00:00.000Z,Webin-69627,9031,Gallus gallus,macrosample,SAMEA123916976
F019dB,2025-11-01T00:00:00.000Z,Webin-69627,9031,Gallus gallus,macrosample,SAMEA123916977
F020dB,2025-11-01T00:00:00.000Z,Webin-69627,9031,Gallus gallus,macrosample,SAMEA123916978
F021eB,2025-11-01T00:00:00.000Z,Webin-69627,9031,Gallus gallus,macrosample,SAMEA123916979
F022eB,2025-11-01T00:00:00.000Z,Webin-69627,9031,Gallus gallus,macrosample,SAMEA123916980
F023eB,2025-11-01T00:00:00.000Z,Webin-69627,9031,Gallus gallus,macrosample,SAMEA123916981
F024eB,2025-11-01T00:00:00.000Z,Webin-69627,9031,Gallus gallus,macrosample,SAMEA123916982
F025eB,2025-11-01T00:00:00.000Z,Webin-69627,9031,Gallus gallus,macrosample,SAMEA123916983
F026aB,2025-11-01T00:00:00.000Z,Webin-69627,9031,Gallus gallus,macrosample,SAMEA123916984
F027aB,2025-11-01T00:00:00.000Z,Webin-69627,9031,Gallus gallus,macrosample,SAMEA123916985
F028aB,2025-11-01T00:00:00.000Z,Webin-69627,9031,Gallus gallus,macrosample,SAMEA123916986
F029aB,2025-11-01T00:00:00.000Z,Webin-69627,9031,Gallus gallus,macrosample,SAMEA123916987
F030aB,2025-11-01T00:00:00.000Z,Webin-69627,9031,Gallus gallus,macrosample,SAMEA123916988
F031bB,2025-11-01T00:00:00.000Z,Webin-69627,9031,Gallus gallus,macrosample,SAMEA123916989
F032bB,2025-11-01T00:00:00.000Z,Webin-69627,9031,Gallus gallus,macrosample,SAMEA123916990
F033bB,2025-11-01T00:00:00.000Z,Webin-69627,9031,Gallus gallus,macrosample,SAMEA123916991
F034bB,2025-11-01T00:00:00.000Z,Webin-69627,9031,Gallus gallus,macrosample,SAMEA123916992
F035bB,2025-11-01T00:00:00.000Z,Webin-69627,9031,Gallus gallus,macrosample,SAMEA123916993
F036cB,2025-11-01T00:00:00.000Z,Webin-69627,9031,Gallus gallus,macrosample,SAMEA123916994
F037cB,2025-11-01T00:00:00.000Z,Webin-69627,9031,Gallus gallus,macrosample,SAMEA123916995
F038cB,2025-11-01T00:00:00.000Z,Webin-69627,9031,Gallus gallus,macrosample,SAMEA123916996
F039cB,2025-11-01T00:00:00.000Z,Webin-69627,9031,Gallus gallus,macrosample,SAMEA123916997
F040cB,2025-11-01T00:00:00.000Z,Webin-69627,9031,Gallus gallus,macrosample,SAMEA123916998
F041dB,2025-11-01T00:00:00.000Z,Webin-69627,9031,Gallus gallus,macrosample,SAMEA123916999
F042dB,2025-11-01T00:00:00.000Z,Webin-69627,9031,Gallus gallus,macrosample,SAMEA123917000
F043dA,2025-11-01T00:00:00.000Z,Webin-69627,9031,Gallus gallus,macrosample,SAMEA123917001
F043dB,2025-11-01T00:00:00.000Z,Webin-69627,9031,Gallus gallus,macrosample,SAMEA123917002
F044dB,2025-11-01T00:00:00.000Z,Webin-69627,9031,Gallus gallus,macrosample,SAMEA123917003
F045dA,2025-11-01T00:00:00.000Z,Webin-69627,9031,Gallus gallus,macrosample,SAMEA123917004
F045dB,2025-11-01T00:00:00.000Z,Webin-69627,9031,Gallus gallus,macrosample,SAMEA123917005
F046eB,2025-11-01T00:00:00.000Z,Webin-69627,9031,Gallus gallus,macrosample,SAMEA123917006
F047eB,2025-11-01T00:00:00.000Z,Webin-69627,9031,Gallus gallus,macrosample,SAMEA123917007
F048eB,2025-11-01T00:00:00.000Z,Webin-69627,9031,Gallus gallus,macrosample,SAMEA123917008
F049eB,2025-11-01T00:00:00.000Z,Webin-69627,9031,Gallus gallus,macrosample,SAMEA123917009
F050eB,2025-11-01T00:00:00.000Z,Webin-69627,9031,Gallus gallus,macrosample,SAMEA123917010
F051aB,2025-11-01T00:00:00.000Z,Webin-69627,9031,Gallus gallus,macrosample,SAMEA123917011
F052aB,2025-11-01T00:00:00.000Z,Webin-69627,9031,Gallus gallus,macrosample,SAMEA123917012
F053aB,2025-11-01T00:00:00.000Z,Webin-69627,9031,Gallus gallus,macrosample,SAMEA123917013
F054aB,2025-11-01T00:00:00.000Z,Webin-69627,9031,Gallus gallus,macrosample,SAMEA123917014
F055aB,2025-11-01T00:00:00.000Z,Webin-69627,9031,Gallus gallus,macrosample,SAMEA123917015
F056bB,2025-11-01T00:00:00.000Z,Webin-69627,9031,Gallus gallus,macrosample,SAMEA123917016
F057bB,2025-11-01T00:00:00.000Z,Webin-69627,9031,Gallus gallus,macrosample,SAMEA123917017
F058bB,2025-11-01T00:00:00.000Z,Webin-69627,9031,Gallus gallus,macrosample,SAMEA123917018
F059bB,2025-11-01T00:00:00.000Z,Webin-69627,9031,Gallus gallus,macrosample,SAMEA123917019
F060bB,2025-11-01T00:00:00.000Z,Webin-69627,9031,Gallus gallus,macrosample,SAMEA123917020
F061cB,2025-11-01T00:00:00.000Z,Webin-69627,9031,Gallus gallus,macrosample,SAMEA123917021
F062cB,2025-11-01T00:00:00.000Z,Webin-69627,9031,Gallus gallus,macrosample,SAMEA123917022
F063cB,2025-11-01T00:00:00.000Z,Webin-69627,9031,Gallus gallus,macrosample,SAMEA123917023
F064cB,2025-11-01T00:00:00.000Z,Webin-69627,9031,Gallus gallus,macrosample,SAMEA123917024
F065cB,2025-11-01T00:00:00.000Z,Webin-69627,9031,Gallus gallus,macrosample,SAMEA123917025
F066dA,2025-11-01T00:00:00.000Z,Webin-69627,9031,Gallus gallus,macrosample,SAMEA123917026
F066dB,2025-11-01T00:00:00.000Z,Webin-69627,9031,Gallus gallus,macrosample,SAMEA123917027
F067dB,2025-11-01T00:00:00.000Z,Webin-69627,9031,Gallus gallus,macrosample,SAMEA123917028
F068dA,2025-11-01T00:00:00.000Z,Webin-69627,9031,Gallus gallus,macrosample,SAMEA123917029
F068dB,2025-11-01T00:00:00.000Z,Webin-69627,9031,Gallus gallus,macrosample,SAMEA123917030
F069dB,2025-11-01T00:00:00.000Z,Webin-69627,9031,Gallus gallus,macrosample,SAMEA123917031
F070dB,2025-11-01T00:00:00.000Z,Webin-69627,9031,Gallus gallus,macrosample,SAMEA123917032
F071eB,2025-11-01T00:00:00.000Z,Webin-69627,9031,Gallus gallus,macrosample,SAMEA123917033
F072eB,2025-11-01T00:00:00.000Z,Webin-69627,9031,Gallus gallus,macrosample,SAMEA123917034
F073eB,2025-11-01T00:00:00.000Z,Webin-69627,9031,Gallus gallus,macrosample,SAMEA123917035
F074eB,2025-11-01T00:00:00.000Z,Webin-69627,9031,Gallus gallus,macrosample,SAMEA123917036
F075eB,2025-11-01T00:00:00.000Z,Webin-69627,9031,Gallus gallus,macrosample,SAMEA123917037
F076aB,2025-11-01T00:00:00.000Z,Webin-69627,9031,Gallus gallus,macrosample,SAMEA123917038
F077aB,2025-11-01T00:00:00.000Z,Webin-69627,9031,Gallus gallus,macrosample,SAMEA123917039
F078aB,2025-11-01T00:00:00.000Z,Webin-69627,9031,Gallus gallus,macrosample,SAMEA123917040
F079aB,2025-11-01T00:00:00.000Z,Webin-69627,9031,Gallus gallus,macrosample,SAMEA123917041
F080aB,2025-11-01T00:00:00.000Z,Webin-69627,9031,Gallus gallus,macrosample,SAMEA123917042
F081bB,2025-11-01T00:00:00.000Z,Webin-69627,9031,Gallus gallus,macrosample,SAMEA123917043
F082bB,2025-11-01T00:00:00.000Z,Webin-69627,9031,Gallus gallus,macrosample,SAMEA123917044
F083bB,2025-11-01T00:00:00.000Z,Webin-69627,9031,Gallus gallus,macrosample,SAMEA123917045
F084bB,2025-11-01T00:00:00.000Z,Webin-69627,9031,Gallus gallus,macrosample,SAMEA123917046
F085bB,2025-11-01T00:00:00.000Z,Webin-69627,9031,Gallus gallus,macrosample,SAMEA123917047
F086cB,2025-11-01T00:00:00.000Z,Webin-69627,9031,Gallus gallus,macrosample,SAMEA123917048
F087cB,2025-11-01T00:00:00.000Z,Webin-69627,9031,Gallus gallus,macrosample,SAMEA123917049
F088cB,2025-11-01T00:00:00.000Z,Webin-69627,9031,Gallus gallus,macrosample,SAMEA123917050
F089cB,2025-11-01T00:00:00.000Z,Webin-69627,9031,Gallus gallus,macrosample,SAMEA123917051
F090cB,2025-11-01T00:00:00.000Z,Webin-69627,9031,Gallus gallus,macrosample,SAMEA123917052
F091dB,2025-11-01T00:00:00.000Z,Webin-69627,9031,Gallus gallus,macrosample,SAMEA123917053
F092dB,2025-11-01T00:00:00.000Z,Webin-69627,9031,Gallus gallus,macrosample,SAMEA123917054
F093dB,2025-11-01T00:00:00.000Z,Webin-69627,9031,Gallus gallus,macrosample,SAMEA123917055
F094dB,2025-11-01T00:00:00.000Z,Webin-69627,9031,Gallus gallus,macrosample,SAMEA123917056
F095dB,2025-11-01T00:00:00.000Z,Webin-69627,9031,Gallus gallus,macrosample,SAMEA123917057
F096eB,2025-11-01T00:00:00.000Z,Webin-69627,9031,Gallus gallus,macrosample,SAMEA123917058
F097eB,2025-11-01T00:00:00.000Z,Webin-69627,9031,Gallus gallus,macrosample,SAMEA123917059
F098eB,2025-11-01T00:00:00.000Z,Webin-69627,9031,Gallus gallus,macrosample,SAMEA123917060
F101aB,2025-11-01T00:00:00.000Z,Webin-69627,9031,Gallus gallus,macrosample,SAMEA123917061
F102aB,2025-11-01T00:00:00.000Z,Webin-69627,9031,Gallus gallus,macrosample,SAMEA123917062
F103aB,2025-11-01T00:00:00.000Z,Webin-69627,9031,Gallus gallus,macrosample,SAMEA123917063
F104aB,2025-11-01T00:00:00.000Z,Webin-69627,9031,Gallus gallus,macrosample,SAMEA123917064
F105aB,2025-11-01T00:00:00.000Z,Webin-69627,9031,Gallus gallus,macrosample,SAMEA123917065
F106bB,2025-11-01T00:00:00.000Z,Webin-69627,9031,Gallus gallus,macrosample,SAMEA123917066
F107bB,2025-11-01T00:00:00.000Z,Webin-69627,9031,Gallus gallus,macrosample,SAMEA123917067
F108bB,2025-11-01T00:00:00.000Z,Webin-69627,9031,Gallus gallus,macrosample,SAMEA123917068
F109bB,2025-11-01T00:00:00.000Z,Webin-69627,9031,Gallus gallus,macrosample,SAMEA123917069
F110bB,2025-11-01T00:00:00.000Z,Webin-69627,9031,Gallus gallus,macrosample,SAMEA123917070
F111cB,2025-11-01T00:00:00.000Z,Webin-69627,9031,Gallus gallus,macrosample,SAMEA123917071
F112cB,2025-11-01T00:00:00.000Z,Webin-69627,9031,Gallus gallus,macrosample,SAMEA123917072
F113cB,2025-11-01T00:00:00.000Z,Webin-69627,9031,Gallus gallus,macrosample,SAMEA123917073
F114cB,2025-11-01T00:00:00.000Z,Webin-69627,9031,Gallus gallus,macrosample,SAMEA123917074
F115cB,2025-11-01T00:00:00.000Z,Webin-69627,9031,Gallus gallus,macrosample,SAMEA123917075
F116dB,2025-11-01T00:00:00.000Z,Webin-69627,9031,Gallus gallus,macrosample,SAMEA123917076
F117dB,2025-11-01T00:00:00.000Z,Webin-69627,9031,Gallus gallus,macrosample,SAMEA123917077
F118dB,2025-11-01T00:00:00.000Z,Webin-69627,9031,Gallus gallus,macrosample,SAMEA123917078
F119dB,2025-11-01T00:00:00.000Z,Webin-69627,9031,Gallus gallus,macrosample,SAMEA123917079
F120dB,2025-11-01T00:00:00.000Z,Webin-69627,9031,Gallus gallus,macrosample,SAMEA123917080
F121eB,2025-11-01T00:00:00.000Z,Webin-69627,9031,Gallus gallus,macrosample,SAMEA123917081
F122eB,2025-11-01T00:00:00.000Z,Webin-69627,9031,Gallus gallus,macrosample,SAMEA123917082
F123eB,2025-11-01T00:00:00.000Z,Webin-69627,9031,Gallus gallus,macrosample,SAMEA123917083
F126aB,2025-11-01T00:00:00.000Z,Webin-69627,9031,Gallus gallus,macrosample,SAMEA123917084
F127aB,2025-11-01T00:00:00.000Z,Webin-69627,9031,Gallus gallus,macrosample,SAMEA123917085
F128aB,2025-11-01T00:00:00.000Z,Webin-69627,9031,Gallus gallus,macrosample,SAMEA123917086
F129aB,2025-11-01T00:00:00.000Z,Webin-69627,9031,Gallus gallus,macrosample,SAMEA123917087
F130aB,2025-11-01T00:00:00.000Z,Webin-69627,9031,Gallus gallus,macrosample,SAMEA123917088
F131bB,2025-11-01T00:00:00.000Z,Webin-69627,9031,Gallus gallus,macrosample,SAMEA123917089
F132bB,2025-11-01T00:00:00.000Z,Webin-69627,9031,Gallus gallus,macrosample,SAMEA123917090
F133bB,2025-11-01T00:00:00.000Z,Webin-69627,9031,Gallus gallus,macrosample,SAMEA123917091
F134bB,2025-11-01T00:00:00.000Z,Webin-69627,9031,Gallus gallus,macrosample,SAMEA123917092
F135bB,2025-11-01T00:00:00.000Z,Webin-69627,9031,Gallus gallus,macrosample,SAMEA123917093
F136cB,2025-11-01T00:00:00.000Z,Webin-69627,9031,Gallus gallus,macrosample,SAMEA123917094
F137cB,2025-11-01T00:00:00.000Z,Webin-69627,9031,Gallus gallus,macrosample,SAMEA123917095
F138cB,2025-11-01T00:00:00.000Z,Webin-69627,9031,Gallus gallus,macrosample,SAMEA123917096
F139cB,2025-11-01T00:00:00.000Z,Webin-69627,9031,Gallus gallus,macrosample,SAMEA123917097
F140cB,2025-11-01T00:00:00.000Z,Webin-69627,9031,Gallus gallus,macrosample,SAMEA123917098
F141dB,2025-11-01T00:00:00.000Z,Webin-69627,9031,Gallus gallus,macrosample,SAMEA123917099
F142dB,2025-11-01T00:00:00.000Z,Webin-69627,9031,Gallus gallus,macrosample,SAMEA123917100
F143dB,2025-11-01T00:00:00.000Z,Webin-69627,9031,Gallus gallus,macrosample,SAMEA123917101
F144dB,2025-11-01T00:00:00.000Z,Webin-69627,9031,Gallus gallus,macrosample,SAMEA123917102
F145dB,2025-11-01T00:00:00.000Z,Webin-69627,9031,Gallus gallus,macrosample,SAMEA123917103
F146eB,2025-11-01T00:00:00.000Z,Webin-69627,9031,Gallus gallus,macrosample,SAMEA123917104
F147eB,2025-11-01T00:00:00.000Z,Webin-69627,9031,Gallus gallus,macrosample,SAMEA123917105
F148eB,2025-11-01T00:00:00.000Z,Webin-69627,9031,Gallus gallus,macrosample,SAMEA123917106
