name,specimen_id,parent_biosample,child_biosample_accession,portal_airtable_record_id,submission_airtable_record_id,previous_airtable_accession
F001aB,F001,SAMEA120632660,SAMEA123916957,reclgF6CdSbKDJd8k,recuhBJoM4fbil147,
F002aB,F002,SAMEA120632661,SAMEA123916958,reca8yUUQHnoje5TY,rec3gTHJSmEsuIHLP,
F003aB,F003,SAMEA120632662,SAMEA123916959,recJ9ko5pJFHnT6mh,recfNvjzTm62PBCbk,
F004aB,F004,SAMEA120632663,SAMEA123916960,recq4gXCIBzyzOXha,rec6UkdNVLEVIt36P,
F005aB,F005,SAMEA120632664,SAMEA123916961,recgzpRDoIhIejIxz,recYYzhkviaSeoHyH,
F006bB,F006,SAMEA120632665,SAMEA123916962,recvaNIHMRWTb4xzy,recZzZI5HX3WunfZI,
F007bB,F007,SAMEA120632666,SAMEA123916963,rece4PrKNtvtTARmk,receEyGTJcOygbjXx,
F008bB,F008,SAMEA120632667,SAMEA123916964,receUHmJvrvDaonoU,recMip2aM8g9hJ6g4,
F009bB,F009,SAMEA120632668,SAMEA123916965,recaXPOLWEqsryhjv,rec8VTCh7oBnyUteG,
F010bB,F010,SAMEA120632669,SAMEA123916966,rec489MT383QjvbsJ,recLp3pEYa0S8OnkY,
F011cB,F011,SAMEA120632670,SAMEA123916967,recKa16kMT1iOvhpa,recxLBEH9EJHCk32D,
F012cB,F012,SAMEA120632671,SAMEA123916968,recM8KMlsBEzhkZfK,rec6wBEZyylYnb7Au,
F013cB,F013,SAMEA120632672,SAMEA123916969,recbz13GhYyuPXdbA,recyUreDRQZMxIBqv,
F014cB,F014,SAMEA120632673,SAMEA123916970,rec1t2XIl8fjjAJiO,recU2fYsyfPswqjvi,
F015cB,F015,SAMEA120632674,SAMEA123916971,recquD7quMGJzRrEe,rec9ohp3KHkpH9r7r,
F016dA,F016,SAMEA120632675,SAMEA123916972,recEQgYpkL0OedR8j,receCYIyTlMridFEY,
F016dB,F016,SAMEA120632675,SAMEA123916973,recxQQ8hpmT5gTVPD,rect5JV8sFzWrgKX8,
F017dA,F017,SAMEA120632676,SAMEA123916974,recd4fkfVxerTfh55,reccXIYxQF9lCcWJs,
F017dB,F017,SAMEA120632676,SAMEA123916975,recH3D4RGTsThyWtE,recx4UnD1wnGgVr4K,
F018dB,F018,SAMEA120632677,SAMEA123916976,recw3vOMerPP6Y9V9,rec02fcVhai56OXLQ,
F019dB,F019,SAMEA120632678,SAMEA123916977,rec44PjiSoqDnnj03,rec1wHkmG7B42gZxy,
F020dB,F020,SAMEA120632679,SAMEA123916978,reczO8fOsnRuBbQLX,recdqKFppAqEYicjd,
F021eB,F021,SAMEA120632680,SAMEA123916979,recCY6SyYqHO6EwPy,rec2WbdXqKi7EjGOb,
F022eB,F022,SAMEA120632681,SAMEA123916980,rec2cwlArnzN3zP2W,recPCHg6piWXbZoLX,
F023eB,F023,SAMEA120632682,SAMEA123916981,recOvCKug7EP0Xn45,recwY2GLQn0E4Mkpz,
F024eB,F024,SAMEA120632683,SAMEA123916982,recg8TPewly2IP1K0,recZWl6eaNFCWblqA,
F025eB,F025,SAMEA120632684,SAMEA123916983,recP4ui8Ws3dKlpDC,recRamxSp1OwiehB8,
F026aB,F026,SAMEA120632685,SAMEA123916984,recluBdYMrp4HYgjA,recZfs6oyZ4VyX9lm,
F027aB,F027,SAMEA120632686,SAMEA123916985,rectZVet66KWVeZEf,recZhmY3Zeba2pYQA,
F028aB,F028,SAMEA120632687,SAMEA123916986,rec4wW31Y0DOtWqrd,recjGls1OjNXFFTZk,
F029aB,F029,SAMEA120632688,SAMEA123916987,reca8R6sIEHWA7prR,recJjn90jKwhjEvkp,
F030aB,F030,SAMEA120632689,SAMEA123916988,rec2LMlH6QP2KIjUh,recMq14NkPDVznefo,
F031bB,F031,SAMEA120632690,SAMEA123916989,recyPITI726YohF1U,recqkzN4Uisg2bGg5,
F032bB,F032,SAMEA120632691,SAMEA123916990,reciD0D0PI5XEzPOj,recCfirKjbyaRbztF,
F033bB,F033,SAMEA120632692,SAMEA123916991,reclmbcxcstTMfj7B,recCHwGcnOL14t5fc,
F034bB,F034,SAMEA120632693,SAMEA123916992,rec8GBk6s5CAGhG0S,recgcKY05iTiuNLoW,
F035bB,F035,SAMEA120632694,SAMEA123916993,recfAa6jZL8ccb7tV,rec4Xhlt027KNSrWG,
F036cB,F036,SAMEA120632695,SAMEA123916994,recMyxcKBjFAPtLfP,recHf7H2KYawQsY1D,
F037cB,F037,SAMEA120632696,SAMEA123916995,rec00isNPeCdA3XrS,recxpbKRtrMfkukg2,
F038cB,F038,SAMEA120632697,SAMEA123916996,rec0AsRSI4YQ2CGG7,rec7fAPqYgC0zfg3H,
F039cB,F039,SAMEA120632698,SAMEA123916997,receJKQew39tucHbs,recRIslJlaoodhEyZ,
F040cB,F040,SAMEA120632699,SAMEA123916998,recqhMzbU9rgEwC34,recHB0DuSoQLr6guh,
F041dB,F041,SAMEA120632700,SAMEA123916999,recGcFzALtYZt3BmR,recSMRXKjhiQeQUiE,
F042dB,F042,SAMEA120632701,SAMEA123917000,recRvb1CLMyMV9W2v,recPBcwgOebc1fiik,
F043dA,F043,SAMEA120632702,SAMEA123917001,recc4PYF5igT9XOwq,recKoanzYL1tF8A8p,
F043dB,F043,SAMEA120632702,SAMEA123917002,recgonCfD8pKkrORF,recHfzofaN9AOHQ1U,
F044dB,F044,SAMEA120632703,SAMEA123917003,reco0nzQxvYsHHxg5,recM9ry72EI1shh4V,
F045dA,F045,SAMEA120632704,SAMEA123917004,recPFaTA4nM0HwFnK,recnLC5YnVSFHYH7N,
F045dB,F045,SAMEA120632704,SAMEA123917005,recA18Y2lXJKDlv8b,rec1Cb4ONgVZ5lwFb,
F046eB,F046,SAMEA120632705,SAMEA123917006,rectInSrfdE7IfjwC,reck3FVXjWshXHlgI,
F047eB,F047,SAMEA120632706,SAMEA123917007,recVtOwGrzZcarycH,recPm7C4MpV9Yw8z8,
F048eB,F048,SAMEA120632707,SAMEA123917008,recPjHACv7dhAa912,recakqDtUuqtxMC6Y,
F049eB,F049,SAMEA120632708,SAMEA123917009,recurKeKilkjrchfS,rechNIzgQ2om5woEW,
F050eB,F050,SAMEA120632709,SAMEA123917010,recGvAD9LlmwbZ0VC,recyqJzmgb5HCCDXm,
F051aB,F051,SAMEA120632710,SAMEA123917011,recX175Uz7slGoiRj,recuxt5m0QyXa8Co3,
F052aB,F052,SAMEA120632711,SAMEA123917012,recaSM1VEWK3L4U4R,recWXMbeOHI7hCEfm,
F053aB,F053,SAMEA120632712,SAMEA123917013,recwIqAbnKNvyrWWd,rec4ggMYUboDKVy1z,
F054aB,F054,SAMEA120632713,SAMEA123917014,recwnIsAms0OGXmgk,recY9a7lrw10IDt2p,
F055aB,F055,SAMEA120632714,SAMEA123917015,recDsawxh6tlmRJzK,rec8p20R5HacGr21A,
F056bB,F056,SAMEA120632715,SAMEA123917016,recW1rHWGJExvK4HZ,rec1fBPIOTS4nFvcu,
F057bB,F057,SAMEA120632716,SAMEA123917017,recKE0CRq0JWj0xtF,reckwKWTCRYx1Bx44,
F058bB,F058,SAMEA120632717,SAMEA123917018,recs821fqBCY2bJlh,recmf4SsyiOolJXia,
F059bB,F059,SAMEA120632718,SAMEA123917019,recRAngJ9fnaKaJnU,recmjnRAhmQjzfDwS,
F060bB,F060,SAMEA120632719,SAMEA123917020,rec1yKXySWWHEziUd,rece1sxfNwQXgtWl1,
F061cB,F061,SAMEA120632720,SAMEA123917021,recaIOFSrqemGtxhK,rec3Wvisfxy8DCaix,
F062cB,F062,SAMEA120632721,SAMEA123917022,recYEVpcmyoArN970,recdVk14NC9MVEOZA,
F063cB,F063,SAMEA120632722,SAMEA123917023,recVsuw6R7zDowva1,recACge5zi16lAI03,
F064cB,F064,SAMEA120632723,SAMEA123917024,recfOz9m3XpRp0ZfV,recWmbttOuzkhRb23,
F065cB,F065,SAMEA120632724,SAMEA123917025,recmtMp9HBlfI5vCu,recGy2lNtibqTjTkZ,
F066dA,F066,SAMEA120632725,SAMEA123917026,recpIBk59WiYPVxBq,recw40SQpJthgwJq9,
F066dB,F066,SAMEA120632725,SAMEA123917027,rec1UzbGttEzwzU5K,recbnFhzH1opYBkdm,
F067dB,F067,SAMEA120632726,SAMEA123917028,rec7sKj62ZBZlmUUs,recIpO1DOeQ1dozKw,
F068dA,F068,SAMEA120632727,SAMEA123917029,recdPLGTw5D7ZzICM,rec7T166OVNTDnNwf,
F068dB,F068,SAMEA120632727,SAMEA123917030,recLegVVsb5PG9IEy,recrHr753JNRDp6BO,
F069dB,F069,SAMEA120632728,SAMEA123917031,rec2HHo15KzyqnGtl,recDBLBlPmsnIip2y,
F070dB,F070,SAMEA120632729,SAMEA123917032,recczuIV7UTBI3phx,recC7rPDc88Bc1wGt,
F071eB,F071,SAMEA120632730,SAMEA123917033,recaUEUhvNC6n6XHx,recoEPbwU04Ikoki3,
F072eB,F072,SAMEA120632731,SAMEA123917034,recxnKTq0iJ2umV1u,rec5tm5WZtgNfdQ7f,
F073eB,F073,SAMEA120632732,SAMEA123917035,recbdRkswd6Jwj75y,recJBSO4L7xo43hWy,
F074eB,F074,SAMEA120632733,SAMEA123917036,recbMS8L1tkyN2PqC,recRbEK0sOJDOEDMz,
F075eB,F075,SAMEA120632734,SAMEA123917037,rec3H01nuJ4W4tisw,recKjMoMNMd0IJEaO,
F076aB,F076,SAMEA120632735,SAMEA123917038,recjtFpnGRAdYDqXj,recehGmEVdcYicnco,
F077aB,F077,SAMEA120632736,SAMEA123917039,recUMam0mEFOmN7J9,recJceli5pxP6J6LB,
F078aB,F078,SAMEA120632737,SAMEA123917040,recruGSxmeloVso0B,recD80d4INwiwrU9h,
F079aB,F079,SAMEA120632738,SAMEA123917041,recJPr8ekmHnCJ7a8,recJmw2mZbUwmogxC,
F080aB,F080,SAMEA120632739,SAMEA123917042,recUJ345Qjh64GP1G,recYwr8ZLNN60AigX,
F081bB,F081,SAMEA120632740,SAMEA123917043,recfg8hKdoDVhBRvR,rec7WiuzDgGF6niUq,
F082bB,F082,SAMEA120632741,SAMEA123917044,recYRdVWXXZvYq6HO,rec8Fm6EGhyPUFNjr,
F083bB,F083,SAMEA120632742,SAMEA123917045,rec4MWSU8VuzqPKmM,recAVYWWtfFSqbxNm,
F084bB,F084,SAMEA120632743,SAMEA123917046,rec8tCAMQymSuTYLx,recCqACOBMNWtM7tz,
F085bB,F085,SAMEA120632744,SAMEA123917047,recwEBc2peATGNX8M,recH7g3YXVvu4Ddb9,
F086cB,F086,SAMEA120632745,SAMEA123917048,recipvLuI3jqIxAf6,recM9ag1DRnUnRRpp,
F087cB,F087,SAMEA120632746,SAMEA123917049,rec2BFbRRfUAGt7M8,recIWpLWGquCYWCPC,
F088cB,F088,SAMEA120632747,SAMEA123917050,recXaEqqbusWOtt0N,recL7zZdB134w7Mky,
F089cB,F089,SAMEA120632748,SAMEA123917051,recNqQWjpbrNo4EGo,reclVVFHWJ4v8hKw3,
F090cB,F090,SAMEA120632749,SAMEA123917052,recDPkqUO1tsICrTA,recPwDddOub9i2lWc,
F091dB,F091,SAMEA120632750,SAMEA123917053,recF9Gp95wJ83hjEy,rec7j8Sim5dGulvpQ,
F092dB,F092,SAMEA120632751,SAMEA123917054,recmLrmTwDtbAtCXi,recRPkAwH7QRyW3bg,
F093dB,F093,SAMEA120632752,SAMEA123917055,recMzgqPZZspCJwbV,recz6JkkZFbLDoSWu,
F094dB,F094,SAMEA120632753,SAMEA123917056,recNJ3kfxmhsJ2cL7,recBs1ZeoqdTnHige,
F095dB,F095,SAMEA120632754,SAMEA123917057,rec6eBHBaaylJQcRP,recd0SrQTNAxHeCl5,
F096eB,F096,SAMEA120632755,SAMEA123917058,rec2GAc16gk187bFk,rec0lWAsT1Ublfsjy,
F097eB,F097,SAMEA120632756,SAMEA123917059,recYGPrrzFZm7ML71,recltXrtYcTs5WTzO,
F098eB,F098,SAMEA120632757,SAMEA123917060,rec3gRNEbZ29ERE7n,recIMTYa0g96KOcH3,
F101aB,F101,SAMEA120632760,SAMEA123917061,recpIgzVNsJOYMJrT,recmkCv18VVulau5I,
F102aB,F102,SAMEA120632761,SAMEA123917062,recb7F0a3jTjwWp2K,recn0CJSsWxdl2qtV,
F103aB,F103,SAMEA120632762,SAMEA123917063,recQW1Zia137e6gbz,rec2wa5jOq6ZlmSo4,
F104aB,F104,SAMEA120632763,SAMEA123917064,recKLFlMhbZ9e2w79,recWcerKLM6kjPYjC,
F105aB,F105,SAMEA120632764,SAMEA123917065,rec9jKguxXSFXzU7R,rechTbOWUrPycWEfP,
F106bB,F106,SAMEA120632765,SAMEA123917066,reczkSfQRn0FexBYB,rec4FCut5h7DGKDta,
F107bB,F107,SAMEA120632766,SAMEA123917067,recrkXiJD0R3PP8C9,recxikc3dgKI7HUS0,
F108bB,F108,SAMEA120632767,SAMEA123917068,recfaTyMG9JTNqPoe,recwhi94XJSU17mFU,
F109bB,F109,SAMEA120632768,SAMEA123917069,reckX6CSUHtYQagb3,rec6zHDAmUXrMjgxv,
F110bB,F110,SAMEA120632769,SAMEA123917070,recEN3rBdhMEsz97R,recQG7Hey9pJ1s0hp,
F111cB,F111,SAMEA120632770,SAMEA123917071,recqx4yw0Kp78VDco,recg2eJMdpcQL3axG,
F112cB,F112,SAMEA120632771,SAMEA123917072,recndgu2hjH1fJVnn,recw2orX68u38TDQh,
F113cB,F113,SAMEA120632772,SAMEA123917073,recce8EVjakHnKRb3,reczRDnokQgtyXt8y,
F114cB,F114,SAMEA120632773,SAMEA123917074,rec2h6LkfP2ZoKkoW,recOV123fMvfIGOLA,
F115cB,F115,SAMEA120632774,SAMEA123917075,recZC0lSk48Km5ire,recz7YI2QPOs1lbGz,
F116dB,F116,SAMEA120632775,SAMEA123917076,recAp8UWeB1MDgaPv,recemHha1OhPoJN3w,
F117dB,F117,SAMEA120632776,SAMEA123917077,recXXXbLPzYlPeHtd,reckKrEvqtGUyUvWw,
F118dB,F118,SAMEA120632777,SAMEA123917078,recDFdUJYp8kzYvsy,rect4MJpWSAcCknX3,
F119dB,F119,SAMEA120632778,SAMEA123917079,recOnW7KcwPY2pLGD,recEw9HCjFqpRLuFO,
F120dB,F120,SAMEA120632779,SAMEA123917080,recZpdzXjc44NxAZu,recmBqkeqAxqZB93H,
F121eB,F121,SAMEA120632780,SAMEA123917081,recS9tciJXzHyyUEB,recLLP3XvV9EJIm6v,
F122eB,F122,SAMEA120632781,SAMEA123917082,recNcpMFbxkOOYMVc,rec8yZtmVL8MlNqSM,
F123eB,F123,SAMEA120632782,SAMEA123917083,recsXrZC6s0pTlbkN,recMAxNIIU3eiE5Wc,
F126aB,F126,SAMEA120632785,SAMEA123917084,recXeylfbOu3LWSpe,rec8OOB5anPr8sPbL,
F127aB,F127,SAMEA120632786,SAMEA123917085,recfKTLzeI5QAmmFk,recgho2oePS0AkYWJ,
F128aB,F128,SAMEA120632787,SAMEA123917086,rec6tNsCrmu3hNpsU,recUAzuyetnk3tEbH,
F129aB,F129,SAMEA120632788,SAMEA123917087,recYmAKWBwxcN4KMP,recBDOct2QVwFyL7B,
F130aB,F130,SAMEA120632789,SAMEA123917088,recEsJkrtEnAxo841,recQXp1RpjLu8KwX5,
F131bB,F131,SAMEA120632790,SAMEA123917089,recUFpud3pgnLiIgH,recpb1ZP594hxFd6C,
F132bB,F132,SAMEA120632791,SAMEA123917090,recTtOnvNqi4svWUM,recBZAgdcGwukmtM7,
F133bB,F133,SAMEA120632792,SAMEA123917091,recARWyFFEQLkLN42,rec1OaN2hO86JeTQh,
F134bB,F134,SAMEA120632793,SAMEA123917092,recp4riFBtOt9WHoj,recAhpoqMoG8Udj4V,
F135bB,F135,SAMEA120632794,SAMEA123917093,recvlVOOhIHNlk8zF,recROHHN1WjePdQGd,
F136cB,F136,SAMEA120632795,SAMEA123917094,rec89RUazV87j5Uu8,rececxfVUGtguU3n5,
F137cB,F137,SAMEA120632796,SAMEA123917095,rectBbJIir2wzcG9G,recVIdHeR5o5yLmAH,
F138cB,F138,SAMEA120632797,SAMEA123917096,recP98BnC7ZbE2mKY,rec6o5QFxWRptLgcZ,
F139cB,F139,SAMEA120632798,SAMEA123917097,recXZTMG2RgiNyAsf,recdrlQC52loSC3X1,
F140cB,F140,SAMEA120632799,SAMEA123917098,rec0cD3fB0PKjkeMD,recquBl0GPzK9IMeX,
F141dB,F141,SAMEA120632800,SAMEA123917099,recSwPMe3rrmGQVN9,recDIRiNcnrp5vkZA,
F142dB,F142,SAMEA120632801,SAMEA123917100,recucHPK0ItOGFv5e,rec5PGHJYsFCX4ZND,
F143dB,F143,SAMEA120632802,SAMEA123917101,recfWE1j8e6LOOBQb,recRpYhJXSRazjlTG,
F144dB,F144,SAMEA120632803,SAMEA123917102,recqSCuWJOEvNxbgB,rechjK8WQ54z5GTXd,
F145dB,F145,SAMEA120632804,SAMEA123917103,recd2H5Ja0YMwRnss,rec3dBtLQfL0Lh7QI,
F146eB,F146,SAMEA120632805,SAMEA123917104,recsqmnBqFaBrHnP4,rec2CT2zElOZWfwOj,
F147eB,F147,SAMEA120632806,SAMEA123917105,recoL4O6iJIerdpEP,recovYQ4Gf3gkpVtL,
F148eB,F148,SAMEA120632807,SAMEA123917106,rectI3H2oIID8IhEm,reczF3JSey2EbJTC3,
