experiment,name,child_biosample_accession,parent_biosample_accession,level,release,taxId,structured_metrics
F,F001aB,SAMEA123916957,SAMEA120632660,macrosample,2025-11-01T00:00:00Z,9031,container=2 mL tube;intestinal section=Caecum right;preservative=DNA/RNA Shield;type=Digesta
F,F002aB,SAMEA123916958,SAMEA120632661,macrosample,2025-11-01T00:00:00Z,9031,container=2 mL tube;intestinal section=Caecum right;preservative=DNA/RNA Shield;type=Digesta
F,F003aB,SAMEA123916959,SAMEA120632662,macrosample,2025-11-01T00:00:00Z,9031,container=2 mL tube;intestinal section=Caecum right;preservative=DNA/RNA Shield;type=Digesta
F,F004aB,SAMEA123916960,SAMEA120632663,macrosample,2025-11-01T00:00:00Z,9031,container=2 mL tube;intestinal section=Caecum right;preservative=DNA/RNA Shield;type=Digesta
F,F005aB,SAMEA123916961,SAMEA120632664,macrosample,2025-11-01T00:00:00Z,9031,container=2 mL tube;intestinal section=Caecum right;preservative=DNA/RNA Shield;type=Digesta
F,F006bB,SAMEA123916962,SAMEA120632665,macrosample,2025-11-01T00:00:00Z,9031,container=2 mL tube;intestinal section=Caecum right;preservative=DNA/RNA Shield;type=Digesta
F,F007bB,SAMEA123916963,SAMEA120632666,macrosample,2025-11-01T00:00:00Z,9031,container=2 mL tube;intestinal section=Caecum right;preservative=DNA/RNA Shield;type=Digesta
F,F008bB,SAMEA123916964,SAMEA120632667,macrosample,2025-11-01T00:00:00Z,9031,container=2 mL tube;intestinal section=Caecum right;preservative=DNA/RNA Shield;type=Digesta
F,F009bB,SAMEA123916965,SAMEA120632668,macrosample,2025-11-01T00:00:00Z,9031,container=2 mL tube;intestinal section=Caecum right;preservative=DNA/RNA Shield;type=Digesta
F,F010bB,SAMEA123916966,SAMEA120632669,macrosample,2025-11-01T00:00:00Z,9031,container=2 mL tube;intestinal section=Caecum right;preservative=DNA/RNA Shield;type=Digesta
F,F011cB,SAMEA123916967,SAMEA120632670,macrosample,2025-11-01T00:00:00Z,9031,container=2 mL tube;intestinal section=Caecum right;preservative=DNA/RNA Shield;type=Digesta
F,F012cB,SAMEA123916968,SAMEA120632671,macrosample,2025-11-01T00:00:00Z,9031,container=2 mL tube;intestinal section=Caecum right;preservative=DNA/RNA Shield;type=Digesta
F,F013cB,SAMEA123916969,SAMEA120632672,macrosample,2025-11-01T00:00:00Z,9031,container=2 mL tube;intestinal section=Caecum right;preservative=DNA/RNA Shield;type=Digesta
F,F014cB,SAMEA123916970,SAMEA120632673,macrosample,2025-11-01T00:00:00Z,9031,container=2 mL tube;intestinal section=Caecum right;preservative=DNA/RNA Shield;type=Digesta
F,F015cB,SAMEA123916971,SAMEA120632674,macrosample,2025-11-01T00:00:00Z,9031,container=2 mL tube;intestinal section=Caecum right;preservative=DNA/RNA Shield;type=Digesta
F,F016dA,SAMEA123916972,SAMEA120632675,macrosample,2025-11-01T00:00:00Z,9031,container=Super Mega Tissue cassette;intestinal section=Caecum right;preservative=Glycerol;type=Entire section with content
F,F016dB,SAMEA123916973,SAMEA120632675,macrosample,2025-11-01T00:00:00Z,9031,container=2 mL tube;intestinal section=Caecum right;preservative=DNA/RNA Shield;type=Digesta
F,F017dA,SAMEA123916974,SAMEA120632676,macrosample,2025-11-01T00:00:00Z,9031,container=Super Mega Tissue cassette;intestinal section=Caecum right;preservative=Glycerol;type=Entire section with content
F,F017dB,SAMEA123916975,SAMEA120632676,macrosample,2025-11-01T00:00:00Z,9031,container=2 mL tube;intestinal section=Caecum right;preservative=DNA/RNA Shield;type=Digesta
F,F018dB,SAMEA123916976,SAMEA120632677,macrosample,2025-11-01T00:00:00Z,9031,container=2 mL tube;intestinal section=Caecum right;preservative=DNA/RNA Shield;type=Digesta
F,F019dB,SAMEA123916977,SAMEA120632678,macrosample,2025-11-01T00:00:00Z,9031,container=2 mL tube;intestinal section=Caecum right;preservative=DNA/RNA Shield;type=Digesta
F,F020dB,SAMEA123916978,SAMEA120632679,macrosample,2025-11-01T00:00:00Z,9031,container=2 mL tube;intestinal section=Caecum right;preservative=DNA/RNA Shield;type=Digesta
F,F021eB,SAMEA123916979,SAMEA120632680,macrosample,2025-11-01T00:00:00Z,9031,container=2 mL tube;intestinal section=Caecum right;preservative=DNA/RNA Shield;type=Digesta
F,F022eB,SAMEA123916980,SAMEA120632681,macrosample,2025-11-01T00:00:00Z,9031,container=2 mL tube;intestinal section=Caecum right;preservative=DNA/RNA Shield;type=Digesta
F,F023eB,SAMEA123916981,SAMEA120632682,macrosample,2025-11-01T00:00:00Z,9031,container=2 mL tube;intestinal section=Caecum right;preservative=DNA/RNA Shield;type=Digesta
F,F024eB,SAMEA123916982,SAMEA120632683,macrosample,2025-11-01T00:00:00Z,9031,container=2 mL tube;intestinal section=Caecum right;preservative=DNA/RNA Shield;type=Digesta
F,F025eB,SAMEA123916983,SAMEA120632684,macrosample,2025-11-01T00:00:00Z,9031,container=2 mL tube;intestinal section=Caecum right;preservative=DNA/RNA Shield;type=Digesta
F,F026aB,SAMEA123916984,SAMEA120632685,macrosample,2025-11-01T00:00:00Z,9031,container=2 mL tube;intestinal section=Caecum right;preservative=DNA/RNA Shield;type=Digesta
F,F027aB,SAMEA123916985,SAMEA120632686,macrosample,2025-11-01T00:00:00Z,9031,container=2 mL tube;intestinal section=Caecum right;preservative=DNA/RNA Shield;type=Digesta
F,F028aB,SAMEA123916986,SAMEA120632687,macrosample,2025-11-01T00:00:00Z,9031,container=2 mL tube;intestinal section=Caecum right;preservative=DNA/RNA Shield;type=Digesta
F,F029aB,SAMEA123916987,SAMEA120632688,macrosample,2025-11-01T00:00:00Z,9031,container=2 mL tube;intestinal section=Caecum right;preservative=DNA/RNA Shield;type=Digesta
F,F030aB,SAMEA123916988,SAMEA120632689,macrosample,2025-11-01T00:00:00Z,9031,container=2 mL tube;intestinal section=Caecum right;preservative=DNA/RNA Shield;type=Digesta
F,F031bB,SAMEA123916989,SAMEA120632690,macrosample,2025-11-01T00:00:00Z,9031,container=2 mL tube;intestinal section=Caecum right;preservative=DNA/RNA Shield;type=Digesta
F,F032bB,SAMEA123916990,SAMEA120632691,macrosample,2025-11-01T00:00:00Z,9031,container=2 mL tube;intestinal section=Caecum right;preservative=DNA/RNA Shield;type=Digesta
F,F033bB,SAMEA123916991,SAMEA120632692,macrosample,2025-11-01T00:00:00Z,9031,container=2 mL tube;intestinal section=Caecum right;preservative=DNA/RNA Shield;type=Digesta
F,F034bB,SAMEA123916992,SAMEA120632693,macrosample,2025-11-01T00:00:00Z,9031,container=2 mL tube;intestinal section=Caecum right;preservative=DNA/RNA Shield;type=Digesta
F,F035bB,SAMEA123916993,SAMEA120632694,macrosample,2025-11-01T00:00:00Z,9031,container=2 mL tube;intestinal section=Caecum right;preservative=DNA/RNA Shield;type=Digesta
F,F036cB,SAMEA123916994,SAMEA120632695,macrosample,2025-11-01T00:00:00Z,9031,container=2 mL tube;intestinal section=Caecum right;preservative=DNA/RNA Shield;type=Digesta
F,F037cB,SAMEA123916995,SAMEA120632696,macrosample,2025-11-01T00:00:00Z,9031,container=2 mL tube;intestinal section=Caecum right;preservative=DNA/RNA Shield;type=Digesta
F,F038cB,SAMEA123916996,SAMEA120632697,macrosample,2025-11-01T00:00:00Z,9031,container=2 mL tube;intestinal section=Caecum right;preservative=DNA/RNA Shield;type=Digesta
F,F039cB,SAMEA123916997,SAMEA120632698,macrosample,2025-11-01T00:00:00Z,9031,container=2 mL tube;intestinal section=Caecum right;preservative=DNA/RNA Shield;type=Digesta
F,F040cB,SAMEA123916998,SAMEA120632699,macrosample,2025-11-01T00:00:00Z,9031,container=2 mL tube;intestinal section=Caecum right;preservative=DNA/RNA Shield;type=Digesta
F,F041dB,SAMEA123916999,SAMEA120632700,macrosample,2025-11-01T00:00:00Z,9031,container=2 mL tube;intestinal section=Caecum right;preservative=DNA/RNA Shield;type=Digesta
F,F042dB,SAMEA123917000,SAMEA120632701,macrosample,2025-11-01T00:00:00Z,9031,container=2 mL tube;intestinal section=Caecum right;preservative=DNA/RNA Shield;type=Digesta
F,F043dA,SAMEA123917001,SAMEA120632702,macrosample,2025-11-01T00:00:00Z,9031,container=Super Mega Tissue cassette;intestinal section=Caecum right;preservative=Glycerol;type=Entire section with content
F,F043dB,SAMEA123917002,SAMEA120632702,macrosample,2025-11-01T00:00:00Z,9031,container=2 mL tube;intestinal section=Caecum right;preservative=DNA/RNA Shield;type=Digesta
F,F044dB,SAMEA123917003,SAMEA120632703,macrosample,2025-11-01T00:00:00Z,9031,container=2 mL tube;intestinal section=Caecum right;preservative=DNA/RNA Shield;type=Digesta
F,F045dA,SAMEA123917004,SAMEA120632704,macrosample,2025-11-01T00:00:00Z,9031,container=Super Mega Tissue cassette;intestinal section=Caecum right;preservative=Glycerol;type=Entire section with content
F,F045dB,SAMEA123917005,SAMEA120632704,macrosample,2025-11-01T00:00:00Z,9031,container=2 mL tube;intestinal section=Caecum right;preservative=DNA/RNA Shield;type=Digesta
F,F046eB,SAMEA123917006,SAMEA120632705,macrosample,2025-11-01T00:00:00Z,9031,container=2 mL tube;intestinal section=Caecum right;preservative=DNA/RNA Shield;type=Digesta
F,F047eB,SAMEA123917007,SAMEA120632706,macrosample,2025-11-01T00:00:00Z,9031,container=2 mL tube;intestinal section=Caecum right;preservative=DNA/RNA Shield;type=Digesta
F,F048eB,SAMEA123917008,SAMEA120632707,macrosample,2025-11-01T00:00:00Z,9031,container=2 mL tube;intestinal section=Caecum right;preservative=DNA/RNA Shield;type=Digesta
F,F049eB,SAMEA123917009,SAMEA120632708,macrosample,2025-11-01T00:00:00Z,9031,container=2 mL tube;intestinal section=Caecum right;preservative=DNA/RNA Shield;type=Digesta
F,F050eB,SAMEA123917010,SAMEA120632709,macrosample,2025-11-01T00:00:00Z,9031,container=2 mL tube;intestinal section=Caecum right;preservative=DNA/RNA Shield;type=Digesta
F,F051aB,SAMEA123917011,SAMEA120632710,macrosample,2025-11-01T00:00:00Z,9031,container=2 mL tube;intestinal section=Caecum right;preservative=DNA/RNA Shield;type=Digesta
F,F052aB,SAMEA123917012,SAMEA120632711,macrosample,2025-11-01T00:00:00Z,9031,container=2 mL tube;intestinal section=Caecum right;preservative=DNA/RNA Shield;type=Digesta
F,F053aB,SAMEA123917013,SAMEA120632712,macrosample,2025-11-01T00:00:00Z,9031,container=2 mL tube;intestinal section=Caecum right;preservative=DNA/RNA Shield;type=Digesta
F,F054aB,SAMEA123917014,SAMEA120632713,macrosample,2025-11-01T00:00:00Z,9031,container=2 mL tube;intestinal section=Caecum right;preservative=DNA/RNA Shield;type=Digesta
F,F055aB,SAMEA123917015,SAMEA120632714,macrosample,2025-11-01T00:00:00Z,9031,container=2 mL tube;intestinal section=Caecum right;preservative=DNA/RNA Shield;type=Digesta
F,F056bB,SAMEA123917016,SAMEA120632715,macrosample,2025-11-01T00:00:00Z,9031,container=2 mL tube;intestinal section=Caecum right;preservative=DNA/RNA Shield;type=Digesta
F,F057bB,SAMEA123917017,SAMEA120632716,macrosample,2025-11-01T00:00:00Z,9031,container=2 mL tube;intestinal section=Caecum right;preservative=DNA/RNA Shield;type=Digesta
F,F058bB,SAMEA123917018,SAMEA120632717,macrosample,2025-11-01T00:00:00Z,9031,container=2 mL tube;intestinal section=Caecum right;preservative=DNA/RNA Shield;type=Digesta
F,F059bB,SAMEA123917019,SAMEA120632718,macrosample,2025-11-01T00:00:00Z,9031,container=2 mL tube;intestinal section=Caecum right;preservative=DNA/RNA Shield;type=Digesta
F,F060bB,SAMEA123917020,SAMEA120632719,macrosample,2025-11-01T00:00:00Z,9031,container=2 mL tube;intestinal section=Caecum right;preservative=DNA/RNA Shield;type=Digesta
F,F061cB,SAMEA123917021,SAMEA120632720,macrosample,2025-11-01T00:00:00Z,9031,container=2 mL tube;intestinal section=Caecum right;preservative=DNA/RNA Shield;type=Digesta
F,F062cB,SAMEA123917022,SAMEA120632721,macrosample,2025-11-01T00:00:00Z,9031,container=2 mL tube;intestinal section=Caecum right;preservative=DNA/RNA Shield;type=Digesta
F,F063cB,SAMEA123917023,SAMEA120632722,macrosample,2025-11-01T00:00:00Z,9031,container=2 mL tube;intestinal section=Caecum right;preservative=DNA/RNA Shield;type=Digesta
F,F064cB,SAMEA123917024,SAMEA120632723,macrosample,2025-11-01T00:00:00Z,9031,container=2 mL tube;intestinal section=Caecum right;preservative=DNA/RNA Shield;type=Digesta
F,F065cB,SAMEA123917025,SAMEA120632724,macrosample,2025-11-01T00:00:00Z,9031,container=2 mL tube;intestinal section=Caecum right;preservative=DNA/RNA Shield;type=Digesta
F,F066dA,SAMEA123917026,SAMEA120632725,macrosample,2025-11-01T00:00:00Z,9031,container=Super Mega Tissue cassette;intestinal section=Caecum right;preservative=Glycerol;type=Entire section with content
F,F066dB,SAMEA123917027,SAMEA120632725,macrosample,2025-11-01T00:00:00Z,9031,container=2 mL tube;intestinal section=Caecum right;preservative=DNA/RNA Shield;type=Digesta
F,F067dB,SAMEA123917028,SAMEA120632726,macrosample,2025-11-01T00:00:00Z,9031,container=2 mL tube;intestinal section=Caecum right;preservative=DNA/RNA Shield;type=Digesta
F,F068dA,SAMEA123917029,SAMEA120632727,macrosample,2025-11-01T00:00:00Z,9031,container=Super Mega Tissue cassette;intestinal section=Caecum right;preservative=Glycerol;type=Entire section with content
F,F068dB,SAMEA123917030,SAMEA120632727,macrosample,2025-11-01T00:00:00Z,9031,container=2 mL tube;intestinal section=Caecum right;preservative=DNA/RNA Shield;type=Digesta
F,F069dB,SAMEA123917031,SAMEA120632728,macrosample,2025-11-01T00:00:00Z,9031,container=2 mL tube;intestinal section=Caecum right;preservative=DNA/RNA Shield;type=Digesta
F,F070dB,SAMEA123917032,SAMEA120632729,macrosample,2025-11-01T00:00:00Z,9031,container=2 mL tube;intestinal section=Caecum right;preservative=DNA/RNA Shield;type=Digesta
F,F071eB,SAMEA123917033,SAMEA120632730,macrosample,2025-11-01T00:00:00Z,9031,container=2 mL tube;intestinal section=Caecum right;preservative=DNA/RNA Shield;type=Digesta
F,F072eB,SAMEA123917034,SAMEA120632731,macrosample,2025-11-01T00:00:00Z,9031,container=2 mL tube;intestinal section=Caecum right;preservative=DNA/RNA Shield;type=Digesta
F,F073eB,SAMEA123917035,SAMEA120632732,macrosample,2025-11-01T00:00:00Z,9031,container=2 mL tube;intestinal section=Caecum right;preservative=DNA/RNA Shield;type=Digesta
F,F074eB,SAMEA123917036,SAMEA120632733,macrosample,2025-11-01T00:00:00Z,9031,container=2 mL tube;intestinal section=Caecum right;preservative=DNA/RNA Shield;type=Digesta
F,F075eB,SAMEA123917037,SAMEA120632734,macrosample,2025-11-01T00:00:00Z,9031,container=2 mL tube;intestinal section=Caecum right;preservative=DNA/RNA Shield;type=Digesta
F,F076aB,SAMEA123917038,SAMEA120632735,macrosample,2025-11-01T00:00:00Z,9031,container=2 mL tube;intestinal section=Caecum right;preservative=DNA/RNA Shield;type=Digesta
F,F077aB,SAMEA123917039,SAMEA120632736,macrosample,2025-11-01T00:00:00Z,9031,container=2 mL tube;intestinal section=Caecum right;preservative=DNA/RNA Shield;type=Digesta
F,F078aB,SAMEA123917040,SAMEA120632737,macrosample,2025-11-01T00:00:00Z,9031,container=2 mL tube;intestinal section=Caecum right;preservative=DNA/RNA Shield;type=Digesta
F,F079aB,SAMEA123917041,SAMEA120632738,macrosample,2025-11-01T00:00:00Z,9031,container=2 mL tube;intestinal section=Caecum right;preservative=DNA/RNA Shield;type=Digesta
F,F080aB,SAMEA123917042,SAMEA120632739,macrosample,2025-11-01T00:00:00Z,9031,container=2 mL tube;intestinal section=Caecum right;preservative=DNA/RNA Shield;type=Digesta
F,F081bB,SAMEA123917043,SAMEA120632740,macrosample,2025-11-01T00:00:00Z,9031,container=2 mL tube;intestinal section=Caecum right;preservative=DNA/RNA Shield;type=Digesta
F,F082bB,SAMEA123917044,SAMEA120632741,macrosample,2025-11-01T00:00:00Z,9031,container=2 mL tube;intestinal section=Caecum right;preservative=DNA/RNA Shield;type=Digesta
F,F083bB,SAMEA123917045,SAMEA120632742,macrosample,2025-11-01T00:00:00Z,9031,container=2 mL tube;intestinal section=Caecum right;preservative=DNA/RNA Shield;type=Digesta
F,F084bB,SAMEA123917046,SAMEA120632743,macrosample,2025-11-01T00:00:00Z,9031,container=2 mL tube;intestinal section=Caecum right;preservative=DNA/RNA Shield;type=Digesta
F,F085bB,SAMEA123917047,SAMEA120632744,macrosample,2025-11-01T00:00:00Z,9031,container=2 mL tube;intestinal section=Caecum right;preservative=DNA/RNA Shield;type=Digesta
F,F086cB,SAMEA123917048,SAMEA120632745,macrosample,2025-11-01T00:00:00Z,9031,container=2 mL tube;intestinal section=Caecum right;preservative=DNA/RNA Shield;type=Digesta
F,F087cB,SAMEA123917049,SAMEA120632746,macrosample,2025-11-01T00:00:00Z,9031,container=2 mL tube;intestinal section=Caecum right;preservative=DNA/RNA Shield;type=Digesta
F,F088cB,SAMEA123917050,SAMEA120632747,macrosample,2025-11-01T00:00:00Z,9031,container=2 mL tube;intestinal section=Caecum right;preservative=DNA/RNA Shield;type=Digesta
F,F089cB,SAMEA123917051,SAMEA120632748,macrosample,2025-11-01T00:00:00Z,9031,container=2 mL tube;intestinal section=Caecum right;preservative=DNA/RNA Shield;type=Digesta
F,F090cB,SAMEA123917052,SAMEA120632749,macrosample,2025-11-01T00:00:00Z,9031,container=2 mL tube;intestinal section=Caecum right;preservative=DNA/RNA Shield;type=Digesta
F,F091dB,SAMEA123917053,SAMEA120632750,macrosample,2025-11-01T00:00:00Z,9031,container=2 mL tube;intestinal section=Caecum right;preservative=DNA/RNA Shield;type=Digesta
F,F092dB,SAMEA123917054,SAMEA120632751,macrosample,2025-11-01T00:00:00Z,9031,container=2 mL tube;intestinal section=Caecum right;preservative=DNA/RNA Shield;type=Digesta
F,F093dB,SAMEA123917055,SAMEA120632752,macrosample,2025-11-01T00:00:00Z,9031,container=2 mL tube;intestinal section=Caecum right;preservative=DNA/RNA Shield;type=Digesta
F,F094dB,SAMEA123917056,SAMEA120632753,macrosample,2025-11-01T00:00:00Z,9031,container=2 mL tube;intestinal section=Caecum right;preservative=DNA/RNA Shield;type=Digesta
F,F095dB,SAMEA123917057,SAMEA120632754,macrosample,2025-11-01T00:00:00Z,9031,container=2 mL tube;intestinal section=Caecum right;preservative=DNA/RNA Shield;type=Digesta
F,F096eB,SAMEA123917058,SAMEA120632755,macrosample,2025-11-01T00:00:00Z,9031,container=2 mL tube;intestinal section=Caecum right;preservative=DNA/RNA Shield;type=Digesta
F,F097eB,SAMEA123917059,SAMEA120632756,macrosample,2025-11-01T00:00:00Z,9031,container=2 mL tube;intestinal section=Caecum right;preservative=DNA/RNA Shield;type=Digesta
F,F098eB,SAMEA123917060,SAMEA120632757,macrosample,2025-11-01T00:00:00Z,9031,container=2 mL tube;intestinal section=Caecum right;preservative=DNA/RNA Shield;type=Digesta
F,F101aB,SAMEA123917061,SAMEA120632760,macrosample,2025-11-01T00:00:00Z,9031,container=2 mL tube;intestinal section=Caecum right;preservative=DNA/RNA Shield;type=Digesta
F,F102aB,SAMEA123917062,SAMEA120632761,macrosample,2025-11-01T00:00:00Z,9031,container=2 mL tube;intestinal section=Caecum right;preservative=DNA/RNA Shield;type=Digesta
F,F103aB,SAMEA123917063,SAMEA120632762,macrosample,2025-11-01T00:00:00Z,9031,container=2 mL tube;intestinal section=Caecum right;preservative=DNA/RNA Shield;type=Digesta
F,F104aB,SAMEA123917064,SAMEA120632763,macrosample,2025-11-01T00:00:00Z,9031,container=2 mL tube;intestinal section=Caecum right;preservative=DNA/RNA Shield;type=Digesta
F,F105aB,SAMEA123917065,SAMEA120632764,macrosample,2025-11-01T00:00:00Z,9031,container=2 mL tube;intestinal section=Caecum right;preservative=DNA/RNA Shield;type=Digesta
F,F106bB,SAMEA123917066,SAMEA120632765,macrosample,2025-11-01T00:00:00Z,9031,container=2 mL tube;intestinal section=Caecum right;preservative=DNA/RNA Shield;type=Digesta
F,F107bB,SAMEA123917067,SAMEA120632766,macrosample,2025-11-01T00:00:00Z,9031,container=2 mL tube;intestinal section=Caecum right;preservative=DNA/RNA Shield;type=Digesta
F,F108bB,SAMEA123917068,SAMEA120632767,macrosample,2025-11-01T00:00:00Z,9031,container=2 mL tube;intestinal section=Caecum right;preservative=DNA/RNA Shield;type=Digesta
F,F109bB,SAMEA123917069,SAMEA120632768,macrosample,2025-11-01T00:00:00Z,9031,container=2 mL tube;intestinal section=Caecum right;preservative=DNA/RNA Shield;type=Digesta
F,F110bB,SAMEA123917070,SAMEA120632769,macrosample,2025-11-01T00:00:00Z,9031,container=2 mL tube;intestinal section=Caecum right;preservative=DNA/RNA Shield;type=Digesta
F,F111cB,SAMEA123917071,SAMEA120632770,macrosample,2025-11-01T00:00:00Z,9031,container=2 mL tube;intestinal section=Caecum right;preservative=DNA/RNA Shield;type=Digesta
F,F112cB,SAMEA123917072,SAMEA120632771,macrosample,2025-11-01T00:00:00Z,9031,container=2 mL tube;intestinal section=Caecum right;preservative=DNA/RNA Shield;type=Digesta
F,F113cB,SAMEA123917073,SAMEA120632772,macrosample,2025-11-01T00:00:00Z,9031,container=2 mL tube;intestinal section=Caecum right;preservative=DNA/RNA Shield;type=Digesta
F,F114cB,SAMEA123917074,SAMEA120632773,macrosample,2025-11-01T00:00:00Z,9031,container=2 mL tube;intestinal section=Caecum right;preservative=DNA/RNA Shield;type=Digesta
F,F115cB,SAMEA123917075,SAMEA120632774,macrosample,2025-11-01T00:00:00Z,9031,container=2 mL tube;intestinal section=Caecum right;preservative=DNA/RNA Shield;type=Digesta
F,F116dB,SAMEA123917076,SAMEA120632775,macrosample,2025-11-01T00:00:00Z,9031,container=2 mL tube;intestinal section=Caecum right;preservative=DNA/RNA Shield;type=Digesta
F,F117dB,SAMEA123917077,SAMEA120632776,macrosample,2025-11-01T00:00:00Z,9031,container=2 mL tube;intestinal section=Caecum right;preservative=DNA/RNA Shield;type=Digesta
F,F118dB,SAMEA123917078,SAMEA120632777,macrosample,2025-11-01T00:00:00Z,9031,container=2 mL tube;intestinal section=Caecum right;preservative=DNA/RNA Shield;type=Digesta
F,F119dB,SAMEA123917079,SAMEA120632778,macrosample,2025-11-01T00:00:00Z,9031,container=2 mL tube;intestinal section=Caecum right;preservative=DNA/RNA Shield;type=Digesta
F,F120dB,SAMEA123917080,SAMEA120632779,macrosample,2025-11-01T00:00:00Z,9031,container=2 mL tube;intestinal section=Caecum right;preservative=DNA/RNA Shield;type=Digesta
F,F121eB,SAMEA123917081,SAMEA120632780,macrosample,2025-11-01T00:00:00Z,9031,container=2 mL tube;intestinal section=Caecum right;preservative=DNA/RNA Shield;type=Digesta
F,F122eB,SAMEA123917082,SAMEA120632781,macrosample,2025-11-01T00:00:00Z,9031,container=2 mL tube;intestinal section=Caecum right;preservative=DNA/RNA Shield;type=Digesta
F,F123eB,SAMEA123917083,SAMEA120632782,macrosample,2025-11-01T00:00:00Z,9031,container=2 mL tube;intestinal section=Caecum right;preservative=DNA/RNA Shield;type=Digesta
F,F126aB,SAMEA123917084,SAMEA120632785,macrosample,2025-11-01T00:00:00Z,9031,container=2 mL tube;intestinal section=Caecum right;preservative=DNA/RNA Shield;type=Digesta
F,F127aB,SAMEA123917085,SAMEA120632786,macrosample,2025-11-01T00:00:00Z,9031,container=2 mL tube;intestinal section=Caecum right;preservative=DNA/RNA Shield;type=Digesta
F,F128aB,SAMEA123917086,SAMEA120632787,macrosample,2025-11-01T00:00:00Z,9031,container=2 mL tube;intestinal section=Caecum right;preservative=DNA/RNA Shield;type=Digesta
F,F129aB,SAMEA123917087,SAMEA120632788,macrosample,2025-11-01T00:00:00Z,9031,container=2 mL tube;intestinal section=Caecum right;preservative=DNA/RNA Shield;type=Digesta
F,F130aB,SAMEA123917088,SAMEA120632789,macrosample,2025-11-01T00:00:00Z,9031,container=2 mL tube;intestinal section=Caecum right;preservative=DNA/RNA Shield;type=Digesta
F,F131bB,SAMEA123917089,SAMEA120632790,macrosample,2025-11-01T00:00:00Z,9031,container=2 mL tube;intestinal section=Caecum right;preservative=DNA/RNA Shield;type=Digesta
F,F132bB,SAMEA123917090,SAMEA120632791,macrosample,2025-11-01T00:00:00Z,9031,container=2 mL tube;intestinal section=Caecum right;preservative=DNA/RNA Shield;type=Digesta
F,F133bB,SAMEA123917091,SAMEA120632792,macrosample,2025-11-01T00:00:00Z,9031,container=2 mL tube;intestinal section=Caecum right;preservative=DNA/RNA Shield;type=Digesta
F,F134bB,SAMEA123917092,SAMEA120632793,macrosample,2025-11-01T00:00:00Z,9031,container=2 mL tube;intestinal section=Caecum right;preservative=DNA/RNA Shield;type=Digesta
F,F135bB,SAMEA123917093,SAMEA120632794,macrosample,2025-11-01T00:00:00Z,9031,container=2 mL tube;intestinal section=Caecum right;preservative=DNA/RNA Shield;type=Digesta
F,F136cB,SAMEA123917094,SAMEA120632795,macrosample,2025-11-01T00:00:00Z,9031,container=2 mL tube;intestinal section=Caecum right;preservative=DNA/RNA Shield;type=Digesta
F,F137cB,SAMEA123917095,SAMEA120632796,macrosample,2025-11-01T00:00:00Z,9031,container=2 mL tube;intestinal section=Caecum right;preservative=DNA/RNA Shield;type=Digesta
F,F138cB,SAMEA123917096,SAMEA120632797,macrosample,2025-11-01T00:00:00Z,9031,container=2 mL tube;intestinal section=Caecum right;preservative=DNA/RNA Shield;type=Digesta
F,F139cB,SAMEA123917097,SAMEA120632798,macrosample,2025-11-01T00:00:00Z,9031,container=2 mL tube;intestinal section=Caecum right;preservative=DNA/RNA Shield;type=Digesta
F,F140cB,SAMEA123917098,SAMEA120632799,macrosample,2025-11-01T00:00:00Z,9031,container=2 mL tube;intestinal section=Caecum right;preservative=DNA/RNA Shield;type=Digesta
F,F141dB,SAMEA123917099,SAMEA120632800,macrosample,2025-11-01T00:00:00Z,9031,container=2 mL tube;intestinal section=Caecum right;preservative=DNA/RNA Shield;type=Digesta
F,F142dB,SAMEA123917100,SAMEA120632801,macrosample,2025-11-01T00:00:00Z,9031,container=2 mL tube;intestinal section=Caecum right;preservative=DNA/RNA Shield;type=Digesta
F,F143dB,SAMEA123917101,SAMEA120632802,macrosample,2025-11-01T00:00:00Z,9031,container=2 mL tube;intestinal section=Caecum right;preservative=DNA/RNA Shield;type=Digesta
F,F144dB,SAMEA123917102,SAMEA120632803,macrosample,2025-11-01T00:00:00Z,9031,container=2 mL tube;intestinal section=Caecum right;preservative=DNA/RNA Shield;type=Digesta
F,F145dB,SAMEA123917103,SAMEA120632804,macrosample,2025-11-01T00:00:00Z,9031,container=2 mL tube;intestinal section=Caecum right;preservative=DNA/RNA Shield;type=Digesta
F,F146eB,SAMEA123917104,SAMEA120632805,macrosample,2025-11-01T00:00:00Z,9031,container=2 mL tube;intestinal section=Caecum right;preservative=DNA/RNA Shield;type=Digesta
F,F147eB,SAMEA123917105,SAMEA120632806,macrosample,2025-11-01T00:00:00Z,9031,container=2 mL tube;intestinal section=Caecum right;preservative=DNA/RNA Shield;type=Digesta
F,F148eB,SAMEA123917106,SAMEA120632807,macrosample,2025-11-01T00:00:00Z,9031,container=2 mL tube;intestinal section=Caecum right;preservative=DNA/RNA Shield;type=Digesta
