airtable_submission_record_id,portal_airtable_record_id,name,specimen_id,parent_sample,release,webinSubmissionAccountId,taxId,organism,level,intestinal_section,type,preservative,container,ena_sequencing_biosample_accession,run_accession
recuhBJoM4fbil147,reclgF6CdSbKDJd8k,F001aB,F001,SAMEA120632660,2025-11-01T00:00:00.000Z,Webin-69627,9031,Gallus gallus,macrosample,Caecum right,Digesta,DNA/RNA Shield,2 mL tube,SAMEA120561002,ERR15887320
rec3gTHJSmEsuIHLP,reca8yUUQHnoje5TY,F002aB,F002,SAMEA120632661,2025-11-01T00:00:00.000Z,Webin-69627,9031,Gallus gallus,macrosample,Caecum right,Digesta,DNA/RNA Shield,2 mL tube,SAMEA120560973,ERR15887290
recfNvjzTm62PBCbk,recJ9ko5pJFHnT6mh,F003aB,F003,SAMEA120632662,2025-11-01T00:00:00.000Z,Webin-69627,9031,Gallus gallus,macrosample,Caecum right,Digesta,DNA/RNA Shield,2 mL tube,SAMEA120561077,ERR15887396
rec6UkdNVLEVIt36P,recq4gXCIBzyzOXha,F004aB,F004,SAMEA120632663,2025-11-01T00:00:00.000Z,Webin-69627,9031,Gallus gallus,macrosample,Caecum right,Digesta,DNA/RNA Shield,2 mL tube,SAMEA120561030,ERR15887348
recYYzhkviaSeoHyH,recgzpRDoIhIejIxz,F005aB,F005,SAMEA120632664,2025-11-01T00:00:00.000Z,Webin-69627,9031,Gallus gallus,macrosample,Caecum right,Digesta,DNA/RNA Shield,2 mL tube,SAMEA120561012,ERR15887330
recZzZI5HX3WunfZI,recvaNIHMRWTb4xzy,F006bB,F006,SAMEA120632665,2025-11-01T00:00:00.000Z,Webin-69627,9031,Gallus gallus,macrosample,Caecum right,Digesta,DNA/RNA Shield,2 mL tube,SAMEA120561037,ERR15887355
receEyGTJcOygbjXx,rece4PrKNtvtTARmk,F007bB,F007,SAMEA120632666,2025-11-01T00:00:00.000Z,Webin-69627,9031,Gallus gallus,macrosample,Caecum right,Digesta,DNA/RNA Shield,2 mL tube,SAMEA120561028,ERR15887346
recMip2aM8g9hJ6g4,receUHmJvrvDaonoU,F008bB,F008,SAMEA120632667,2025-11-01T00:00:00.000Z,Webin-69627,9031,Gallus gallus,macrosample,Caecum right,Digesta,DNA/RNA Shield,2 mL tube,SAMEA120560952,ERR15887268
rec8VTCh7oBnyUteG,recaXPOLWEqsryhjv,F009bB,F009,SAMEA120632668,2025-11-01T00:00:00.000Z,Webin-69627,9031,Gallus gallus,macrosample,Caecum right,Digesta,DNA/RNA Shield,2 mL tube,SAMEA120560969,ERR15887286
recLp3pEYa0S8OnkY,rec489MT383QjvbsJ,F010bB,F010,SAMEA120632669,2025-11-01T00:00:00.000Z,Webin-69627,9031,Gallus gallus,macrosample,Caecum right,Digesta,DNA/RNA Shield,2 mL tube,SAMEA120560985,ERR15887302
recxLBEH9EJHCk32D,recKa16kMT1iOvhpa,F011cB,F011,SAMEA120632670,2025-11-01T00:00:00.000Z,Webin-69627,9031,Gallus gallus,macrosample,Caecum right,Digesta,DNA/RNA Shield,2 mL tube,SAMEA120560953,ERR15887269
rec6wBEZyylYnb7Au,recM8KMlsBEzhkZfK,F012cB,F012,SAMEA120632671,2025-11-01T00:00:00.000Z,Webin-69627,9031,Gallus gallus,macrosample,Caecum right,Digesta,DNA/RNA Shield,2 mL tube,SAMEA120561086,ERR15887406
recyUreDRQZMxIBqv,recbz13GhYyuPXdbA,F013cB,F013,SAMEA120632672,2025-11-01T00:00:00.000Z,Webin-69627,9031,Gallus gallus,macrosample,Caecum right,Digesta,DNA/RNA Shield,2 mL tube,SAMEA120561040,ERR15887359
recU2fYsyfPswqjvi,rec1t2XIl8fjjAJiO,F014cB,F014,SAMEA120632673,2025-11-01T00:00:00.000Z,Webin-69627,9031,Gallus gallus,macrosample,Caecum right,Digesta,DNA/RNA Shield,2 mL tube,SAMEA120560975,ERR15887292
rec9ohp3KHkpH9r7r,recquD7quMGJzRrEe,F015cB,F015,SAMEA120632674,2025-11-01T00:00:00.000Z,Webin-69627,9031,Gallus gallus,macrosample,Caecum right,Digesta,DNA/RNA Shield,2 mL tube,SAMEA120561033,ERR15887351
receCYIyTlMridFEY,recEQgYpkL0OedR8j,F016dA,F016,SAMEA120632675,2025-11-01T00:00:00.000Z,Webin-69627,9031,Gallus gallus,macrosample,Caecum right,Entire section with content,Glycerol,Super Mega Tissue cassette,,
rect5JV8sFzWrgKX8,recxQQ8hpmT5gTVPD,F016dB,F016,SAMEA120632675,2025-11-01T00:00:00.000Z,Webin-69627,9031,Gallus gallus,macrosample,Caecum right,Digesta,DNA/RNA Shield,2 mL tube,SAMEA120561081,ERR15887400
reccXIYxQF9lCcWJs,recd4fkfVxerTfh55,F017dA,F017,SAMEA120632676,2025-11-01T00:00:00.000Z,Webin-69627,9031,Gallus gallus,macrosample,Caecum right,Entire section with content,Glycerol,Super Mega Tissue cassette,,
recx4UnD1wnGgVr4K,recH3D4RGTsThyWtE,F017dB,F017,SAMEA120632676,2025-11-01T00:00:00.000Z,Webin-69627,9031,Gallus gallus,macrosample,Caecum right,Digesta,DNA/RNA Shield,2 mL tube,SAMEA120561074,ERR15887393
rec02fcVhai56OXLQ,recw3vOMerPP6Y9V9,F018dB,F018,SAMEA120632677,2025-11-01T00:00:00.000Z,Webin-69627,9031,Gallus gallus,macrosample,Caecum right,Digesta,DNA/RNA Shield,2 mL tube,SAMEA120561064,ERR15887383
rec1wHkmG7B42gZxy,rec44PjiSoqDnnj03,F019dB,F019,SAMEA120632678,2025-11-01T00:00:00.000Z,Webin-69627,9031,Gallus gallus,macrosample,Caecum right,Digesta,DNA/RNA Shield,2 mL tube,SAMEA120560979,ERR15887296
recdqKFppAqEYicjd,reczO8fOsnRuBbQLX,F020dB,F020,SAMEA120632679,2025-11-01T00:00:00.000Z,Webin-69627,9031,Gallus gallus,macrosample,Caecum right,Digesta,DNA/RNA Shield,2 mL tube,SAMEA120561085,ERR15887405
rec2WbdXqKi7EjGOb,recCY6SyYqHO6EwPy,F021eB,F021,SAMEA120632680,2025-11-01T00:00:00.000Z,Webin-69627,9031,Gallus gallus,macrosample,Caecum right,Digesta,DNA/RNA Shield,2 mL tube,SAMEA120561016,ERR15887334
recPCHg6piWXbZoLX,rec2cwlArnzN3zP2W,F022eB,F022,SAMEA120632681,2025-11-01T00:00:00.000Z,Webin-69627,9031,Gallus gallus,macrosample,Caecum right,Digesta,DNA/RNA Shield,2 mL tube,SAMEA120560954,ERR15887270
recwY2GLQn0E4Mkpz,recOvCKug7EP0Xn45,F023eB,F023,SAMEA120632682,2025-11-01T00:00:00.000Z,Webin-69627,9031,Gallus gallus,macrosample,Caecum right,Digesta,DNA/RNA Shield,2 mL tube,SAMEA120561041,ERR15887360
recZWl6eaNFCWblqA,recg8TPewly2IP1K0,F024eB,F024,SAMEA120632683,2025-11-01T00:00:00.000Z,Webin-69627,9031,Gallus gallus,macrosample,Caecum right,Digesta,DNA/RNA Shield,2 mL tube,SAMEA120560991,ERR15887309
recRamxSp1OwiehB8,recP4ui8Ws3dKlpDC,F025eB,F025,SAMEA120632684,2025-11-01T00:00:00.000Z,Webin-69627,9031,Gallus gallus,macrosample,Caecum right,Digesta,DNA/RNA Shield,2 mL tube,SAMEA120560968,ERR15887285
recZfs6oyZ4VyX9lm,recluBdYMrp4HYgjA,F026aB,F026,SAMEA120632685,2025-11-01T00:00:00.000Z,Webin-69627,9031,Gallus gallus,macrosample,Caecum right,Digesta,DNA/RNA Shield,2 mL tube,SAMEA120560992,ERR15887310
recZhmY3Zeba2pYQA,rectZVet66KWVeZEf,F027aB,F027,SAMEA120632686,2025-11-01T00:00:00.000Z,Webin-69627,9031,Gallus gallus,macrosample,Caecum right,Digesta,DNA/RNA Shield,2 mL tube,SAMEA120561082,ERR15887401
recjGls1OjNXFFTZk,rec4wW31Y0DOtWqrd,F028aB,F028,SAMEA120632687,2025-11-01T00:00:00.000Z,Webin-69627,9031,Gallus gallus,macrosample,Caecum right,Digesta,DNA/RNA Shield,2 mL tube,SAMEA120561052,ERR15887371
recJjn90jKwhjEvkp,reca8R6sIEHWA7prR,F029aB,F029,SAMEA120632688,2025-11-01T00:00:00.000Z,Webin-69627,9031,Gallus gallus,macrosample,Caecum right,Digesta,DNA/RNA Shield,2 mL tube,SAMEA120561020,ERR15887338
recMq14NkPDVznefo,rec2LMlH6QP2KIjUh,F030aB,F030,SAMEA120632689,2025-11-01T00:00:00.000Z,Webin-69627,9031,Gallus gallus,macrosample,Caecum right,Digesta,DNA/RNA Shield,2 mL tube,SAMEA120561039,ERR15887358
recqkzN4Uisg2bGg5,recyPITI726YohF1U,F031bB,F031,SAMEA120632690,2025-11-01T00:00:00.000Z,Webin-69627,9031,Gallus gallus,macrosample,Caecum right,Digesta,DNA/RNA Shield,2 mL tube,SAMEA120560956,ERR15887272
recCfirKjbyaRbztF,reciD0D0PI5XEzPOj,F032bB,F032,SAMEA120632691,2025-11-01T00:00:00.000Z,Webin-69627,9031,Gallus gallus,macrosample,Caecum right,Digesta,DNA/RNA Shield,2 mL tube,SAMEA120561063,ERR15887382
recCHwGcnOL14t5fc,reclmbcxcstTMfj7B,F033bB,F033,SAMEA120632692,2025-11-01T00:00:00.000Z,Webin-69627,9031,Gallus gallus,macrosample,Caecum right,Digesta,DNA/RNA Shield,2 mL tube,SAMEA120560998,ERR15887316
recgcKY05iTiuNLoW,rec8GBk6s5CAGhG0S,F034bB,F034,SAMEA120632693,2025-11-01T00:00:00.000Z,Webin-69627,9031,Gallus gallus,macrosample,Caecum right,Digesta,DNA/RNA Shield,2 mL tube,SAMEA120561047,ERR15887366
rec4Xhlt027KNSrWG,recfAa6jZL8ccb7tV,F035bB,F035,SAMEA120632694,2025-11-01T00:00:00.000Z,Webin-69627,9031,Gallus gallus,macrosample,Caecum right,Digesta,DNA/RNA Shield,2 mL tube,SAMEA120561023,ERR15887341
recHf7H2KYawQsY1D,recMyxcKBjFAPtLfP,F036cB,F036,SAMEA120632695,2025-11-01T00:00:00.000Z,Webin-69627,9031,Gallus gallus,macrosample,Caecum right,Digesta,DNA/RNA Shield,2 mL tube,SAMEA120561053,ERR15887372
recxpbKRtrMfkukg2,rec00isNPeCdA3XrS,F037cB,F037,SAMEA120632696,2025-11-01T00:00:00.000Z,Webin-69627,9031,Gallus gallus,macrosample,Caecum right,Digesta,DNA/RNA Shield,2 mL tube,SAMEA120560976,ERR15887293
rec7fAPqYgC0zfg3H,rec0AsRSI4YQ2CGG7,F038cB,F038,SAMEA120632697,2025-11-01T00:00:00.000Z,Webin-69627,9031,Gallus gallus,macrosample,Caecum right,Digesta,DNA/RNA Shield,2 mL tube,SAMEA120561068,ERR15887387
recRIslJlaoodhEyZ,receJKQew39tucHbs,F039cB,F039,SAMEA120632698,2025-11-01T00:00:00.000Z,Webin-69627,9031,Gallus gallus,macrosample,Caecum right,Digesta,DNA/RNA Shield,2 mL tube,SAMEA120561005,ERR15887323
recHB0DuSoQLr6guh,recqhMzbU9rgEwC34,F040cB,F040,SAMEA120632699,2025-11-01T00:00:00.000Z,Webin-69627,9031,Gallus gallus,macrosample,Caecum right,Digesta,DNA/RNA Shield,2 mL tube,SAMEA120561010,ERR15887328
recSMRXKjhiQeQUiE,recGcFzALtYZt3BmR,F041dB,F041,SAMEA120632700,2025-11-01T00:00:00.000Z,Webin-69627,9031,Gallus gallus,macrosample,Caecum right,Digesta,DNA/RNA Shield,2 mL tube,SAMEA120561057,ERR15887376
recPBcwgOebc1fiik,recRvb1CLMyMV9W2v,F042dB,F042,SAMEA120632701,2025-11-01T00:00:00.000Z,Webin-69627,9031,Gallus gallus,macrosample,Caecum right,Digesta,DNA/RNA Shield,2 mL tube,SAMEA120560986,ERR15887303
recKoanzYL1tF8A8p,recc4PYF5igT9XOwq,F043dA,F043,SAMEA120632702,2025-11-01T00:00:00.000Z,Webin-69627,9031,Gallus gallus,macrosample,Caecum right,Entire section with content,Glycerol,Super Mega Tissue cassette,,
recHfzofaN9AOHQ1U,recgonCfD8pKkrORF,F043dB,F043,SAMEA120632702,2025-11-01T00:00:00.000Z,Webin-69627,9031,Gallus gallus,macrosample,Caecum right,Digesta,DNA/RNA Shield,2 mL tube,SAMEA120561083,ERR15887402
recM9ry72EI1shh4V,reco0nzQxvYsHHxg5,F044dB,F044,SAMEA120632703,2025-11-01T00:00:00.000Z,Webin-69627,9031,Gallus gallus,macrosample,Caecum right,Digesta,DNA/RNA Shield,2 mL tube,SAMEA120561029,ERR15887347
recnLC5YnVSFHYH7N,recPFaTA4nM0HwFnK,F045dA,F045,SAMEA120632704,2025-11-01T00:00:00.000Z,Webin-69627,9031,Gallus gallus,macrosample,Caecum right,Entire section with content,Glycerol,Super Mega Tissue cassette,,
rec1Cb4ONgVZ5lwFb,recA18Y2lXJKDlv8b,F045dB,F045,SAMEA120632704,2025-11-01T00:00:00.000Z,Webin-69627,9031,Gallus gallus,macrosample,Caecum right,Digesta,DNA/RNA Shield,2 mL tube,SAMEA120560958,ERR15887274
reck3FVXjWshXHlgI,rectInSrfdE7IfjwC,F046eB,F046,SAMEA120632705,2025-11-01T00:00:00.000Z,Webin-69627,9031,Gallus gallus,macrosample,Caecum right,Digesta,DNA/RNA Shield,2 mL tube,SAMEA120560962,ERR15887278
recPm7C4MpV9Yw8z8,recVtOwGrzZcarycH,F047eB,F047,SAMEA120632706,2025-11-01T00:00:00.000Z,Webin-69627,9031,Gallus gallus,macrosample,Caecum right,Digesta,DNA/RNA Shield,2 mL tube,SAMEA120560988,ERR15887305
recakqDtUuqtxMC6Y,recPjHACv7dhAa912,F048eB,F048,SAMEA120632707,2025-11-01T00:00:00.000Z,Webin-69627,9031,Gallus gallus,macrosample,Caecum right,Digesta,DNA/RNA Shield,2 mL tube,SAMEA120561000,ERR15887318
rechNIzgQ2om5woEW,recurKeKilkjrchfS,F049eB,F049,SAMEA120632708,2025-11-01T00:00:00.000Z,Webin-69627,9031,Gallus gallus,macrosample,Caecum right,Digesta,DNA/RNA Shield,2 mL tube,SAMEA120560987,ERR15887304
recyqJzmgb5HCCDXm,recGvAD9LlmwbZ0VC,F050eB,F050,SAMEA120632709,2025-11-01T00:00:00.000Z,Webin-69627,9031,Gallus gallus,macrosample,Caecum right,Digesta,DNA/RNA Shield,2 mL tube,SAMEA120561031,ERR15887349
recuxt5m0QyXa8Co3,recX175Uz7slGoiRj,F051aB,F051,SAMEA120632710,2025-11-01T00:00:00.000Z,Webin-69627,9031,Gallus gallus,macrosample,Caecum right,Digesta,DNA/RNA Shield,2 mL tube,SAMEA120560989,ERR15887306
recWXMbeOHI7hCEfm,recaSM1VEWK3L4U4R,F052aB,F052,SAMEA120632711,2025-11-01T00:00:00.000Z,Webin-69627,9031,Gallus gallus,macrosample,Caecum right,Digesta,DNA/RNA Shield,2 mL tube,SAMEA120561045,ERR15887364
rec4ggMYUboDKVy1z,recwIqAbnKNvyrWWd,F053aB,F053,SAMEA120632712,2025-11-01T00:00:00.000Z,Webin-69627,9031,Gallus gallus,macrosample,Caecum right,Digesta,DNA/RNA Shield,2 mL tube,SAMEA120561050,ERR15887369
recY9a7lrw10IDt2p,recwnIsAms0OGXmgk,F054aB,F054,SAMEA120632713,2025-11-01T00:00:00.000Z,Webin-69627,9031,Gallus gallus,macrosample,Caecum right,Digesta,DNA/RNA Shield,2 mL tube,SAMEA120560957,ERR15887273
rec8p20R5HacGr21A,recDsawxh6tlmRJzK,F055aB,F055,SAMEA120632714,2025-11-01T00:00:00.000Z,Webin-69627,9031,Gallus gallus,macrosample,Caecum right,Digesta,DNA/RNA Shield,2 mL tube,SAMEA120561079,ERR15887398
rec1fBPIOTS4nFvcu,recW1rHWGJExvK4HZ,F056bB,F056,SAMEA120632715,2025-11-01T00:00:00.000Z,Webin-69627,9031,Gallus gallus,macrosample,Caecum right,Digesta,DNA/RNA Shield,2 mL tube,SAMEA120560984,ERR15887301
reckwKWTCRYx1Bx44,recKE0CRq0JWj0xtF,F057bB,F057,SAMEA120632716,2025-11-01T00:00:00.000Z,Webin-69627,9031,Gallus gallus,macrosample,Caecum right,Digesta,DNA/RNA Shield,2 mL tube,SAMEA120560972,ERR15887289
recmf4SsyiOolJXia,recs821fqBCY2bJlh,F058bB,F058,SAMEA120632717,2025-11-01T00:00:00.000Z,Webin-69627,9031,Gallus gallus,macrosample,Caecum right,Digesta,DNA/RNA Shield,2 mL tube,SAMEA120561022,ERR15887340
recmjnRAhmQjzfDwS,recRAngJ9fnaKaJnU,F059bB,F059,SAMEA120632718,2025-11-01T00:00:00.000Z,Webin-69627,9031,Gallus gallus,macrosample,Caecum right,Digesta,DNA/RNA Shield,2 mL tube,SAMEA120560944,ERR15887259
rece1sxfNwQXgtWl1,rec1yKXySWWHEziUd,F060bB,F060,SAMEA120632719,2025-11-01T00:00:00.000Z,Webin-69627,9031,Gallus gallus,macrosample,Caecum right,Digesta,DNA/RNA Shield,2 mL tube,SAMEA120560978,ERR15887294
rec3Wvisfxy8DCaix,recaIOFSrqemGtxhK,F061cB,F061,SAMEA120632720,2025-11-01T00:00:00.000Z,Webin-69627,9031,Gallus gallus,macrosample,Caecum right,Digesta,DNA/RNA Shield,2 mL tube,SAMEA120561066,ERR15887385
recdVk14NC9MVEOZA,recYEVpcmyoArN970,F062cB,F062,SAMEA120632721,2025-11-01T00:00:00.000Z,Webin-69627,9031,Gallus gallus,macrosample,Caecum right,Digesta,DNA/RNA Shield,2 mL tube,SAMEA120561069,ERR15887388
recACge5zi16lAI03,recVsuw6R7zDowva1,F063cB,F063,SAMEA120632722,2025-11-01T00:00:00.000Z,Webin-69627,9031,Gallus gallus,macrosample,Caecum right,Digesta,DNA/RNA Shield,2 mL tube,SAMEA120561058,ERR15887377
recWmbttOuzkhRb23,recfOz9m3XpRp0ZfV,F064cB,F064,SAMEA120632723,2025-11-01T00:00:00.000Z,Webin-69627,9031,Gallus gallus,macrosample,Caecum right,Digesta,DNA/RNA Shield,2 mL tube,SAMEA120561056,ERR15887375
recGy2lNtibqTjTkZ,recmtMp9HBlfI5vCu,F065cB,F065,SAMEA120632724,2025-11-01T00:00:00.000Z,Webin-69627,9031,Gallus gallus,macrosample,Caecum right,Digesta,DNA/RNA Shield,2 mL tube,SAMEA120561013,ERR15887331
recw40SQpJthgwJq9,recpIBk59WiYPVxBq,F066dA,F066,SAMEA120632725,2025-11-01T00:00:00.000Z,Webin-69627,9031,Gallus gallus,macrosample,Caecum right,Entire section with content,Glycerol,Super Mega Tissue cassette,,
recbnFhzH1opYBkdm,rec1UzbGttEzwzU5K,F066dB,F066,SAMEA120632725,2025-11-01T00:00:00.000Z,Webin-69627,9031,Gallus gallus,macrosample,Caecum right,Digesta,DNA/RNA Shield,2 mL tube,SAMEA120561051,ERR15887370
recIpO1DOeQ1dozKw,rec7sKj62ZBZlmUUs,F067dB,F067,SAMEA120632726,2025-11-01T00:00:00.000Z,Webin-69627,9031,Gallus gallus,macrosample,Caecum right,Digesta,DNA/RNA Shield,2 mL tube,SAMEA120561032,ERR15887350
rec7T166OVNTDnNwf,recdPLGTw5D7ZzICM,F068dA,F068,SAMEA120632727,2025-11-01T00:00:00.000Z,Webin-69627,9031,Gallus gallus,macrosample,Caecum right,Entire section with content,Glycerol,Super Mega Tissue cassette,,
recrHr753JNRDp6BO,recLegVVsb5PG9IEy,F068dB,F068,SAMEA120632727,2025-11-01T00:00:00.000Z,Webin-69627,9031,Gallus gallus,macrosample,Caecum right,Digesta,DNA/RNA Shield,2 mL tube,SAMEA120560950,ERR15887266
recDBLBlPmsnIip2y,rec2HHo15KzyqnGtl,F069dB,F069,SAMEA120632728,2025-11-01T00:00:00.000Z,Webin-69627,9031,Gallus gallus,macrosample,Caecum right,Digesta,DNA/RNA Shield,2 mL tube,SAMEA120560960,ERR15887276
recC7rPDc88Bc1wGt,recczuIV7UTBI3phx,F070dB,F070,SAMEA120632729,2025-11-01T00:00:00.000Z,Webin-69627,9031,Gallus gallus,macrosample,Caecum right,Digesta,DNA/RNA Shield,2 mL tube,SAMEA120560983,ERR15887300
recoEPbwU04Ikoki3,recaUEUhvNC6n6XHx,F071eB,F071,SAMEA120632730,2025-11-01T00:00:00.000Z,Webin-69627,9031,Gallus gallus,macrosample,Caecum right,Digesta,DNA/RNA Shield,2 mL tube,SAMEA120560996,ERR15887314
rec5tm5WZtgNfdQ7f,recxnKTq0iJ2umV1u,F072eB,F072,SAMEA120632731,2025-11-01T00:00:00.000Z,Webin-69627,9031,Gallus gallus,macrosample,Caecum right,Digesta,DNA/RNA Shield,2 mL tube,SAMEA120560982,ERR15887299
recJBSO4L7xo43hWy,recbdRkswd6Jwj75y,F073eB,F073,SAMEA120632732,2025-11-01T00:00:00.000Z,Webin-69627,9031,Gallus gallus,macrosample,Caecum right,Digesta,DNA/RNA Shield,2 mL tube,SAMEA120561072,ERR15887391
recRbEK0sOJDOEDMz,recbMS8L1tkyN2PqC,F074eB,F074,SAMEA120632733,2025-11-01T00:00:00.000Z,Webin-69627,9031,Gallus gallus,macrosample,Caecum right,Digesta,DNA/RNA Shield,2 mL tube,SAMEA120561036,ERR15887354
recKjMoMNMd0IJEaO,rec3H01nuJ4W4tisw,F075eB,F075,SAMEA120632734,2025-11-01T00:00:00.000Z,Webin-69627,9031,Gallus gallus,macrosample,Caecum right,Digesta,DNA/RNA Shield,2 mL tube,SAMEA120561035,ERR15887353
recehGmEVdcYicnco,recjtFpnGRAdYDqXj,F076aB,F076,SAMEA120632735,2025-11-01T00:00:00.000Z,Webin-69627,9031,Gallus gallus,macrosample,Caecum right,Digesta,DNA/RNA Shield,2 mL tube,SAMEA120561078,ERR15887397
recJceli5pxP6J6LB,recUMam0mEFOmN7J9,F077aB,F077,SAMEA120632736,2025-11-01T00:00:00.000Z,Webin-69627,9031,Gallus gallus,macrosample,Caecum right,Digesta,DNA/RNA Shield,2 mL tube,SAMEA120561019,ERR15887337
recD80d4INwiwrU9h,recruGSxmeloVso0B,F078aB,F078,SAMEA120632737,2025-11-01T00:00:00.000Z,Webin-69627,9031,Gallus gallus,macrosample,Caecum right,Digesta,DNA/RNA Shield,2 mL tube,SAMEA120561061,ERR15887380
recJmw2mZbUwmogxC,recJPr8ekmHnCJ7a8,F079aB,F079,SAMEA120632738,2025-11-01T00:00:00.000Z,Webin-69627,9031,Gallus gallus,macrosample,Caecum right,Digesta,DNA/RNA Shield,2 mL tube,SAMEA120560994,ERR15887312
recYwr8ZLNN60AigX,recUJ345Qjh64GP1G,F080aB,F080,SAMEA120632739,2025-11-01T00:00:00.000Z,Webin-69627,9031,Gallus gallus,macrosample,Caecum right,Digesta,DNA/RNA Shield,2 mL tube,SAMEA120561049,ERR15887368
rec7WiuzDgGF6niUq,recfg8hKdoDVhBRvR,F081bB,F081,SAMEA120632740,2025-11-01T00:00:00.000Z,Webin-69627,9031,Gallus gallus,macrosample,Caecum right,Digesta,DNA/RNA Shield,2 mL tube,SAMEA120561055,ERR15887374
rec8Fm6EGhyPUFNjr,recYRdVWXXZvYq6HO,F082bB,F082,SAMEA120632741,2025-11-01T00:00:00.000Z,Webin-69627,9031,Gallus gallus,macrosample,Caecum right,Digesta,DNA/RNA Shield,2 mL tube,SAMEA120560946,ERR15887261
recAVYWWtfFSqbxNm,rec4MWSU8VuzqPKmM,F083bB,F083,SAMEA120632742,2025-11-01T00:00:00.000Z,Webin-69627,9031,Gallus gallus,macrosample,Caecum right,Digesta,DNA/RNA Shield,2 mL tube,SAMEA120561017,ERR15887335
recCqACOBMNWtM7tz,rec8tCAMQymSuTYLx,F084bB,F084,SAMEA120632743,2025-11-01T00:00:00.000Z,Webin-69627,9031,Gallus gallus,macrosample,Caecum right,Digesta,DNA/RNA Shield,2 mL tube,SAMEA120561004,ERR15887322
recH7g3YXVvu4Ddb9,recwEBc2peATGNX8M,F085bB,F085,SAMEA120632744,2025-11-01T00:00:00.000Z,Webin-69627,9031,Gallus gallus,macrosample,Caecum right,Digesta,DNA/RNA Shield,2 mL tube,SAMEA120561021,ERR15887339
recM9ag1DRnUnRRpp,recipvLuI3jqIxAf6,F086cB,F086,SAMEA120632745,2025-11-01T00:00:00.000Z,Webin-69627,9031,Gallus gallus,macrosample,Caecum right,Digesta,DNA/RNA Shield,2 mL tube,SAMEA120561071,ERR15887390
recIWpLWGquCYWCPC,rec2BFbRRfUAGt7M8,F087cB,F087,SAMEA120632746,2025-11-01T00:00:00.000Z,Webin-69627,9031,Gallus gallus,macrosample,Caecum right,Digesta,DNA/RNA Shield,2 mL tube,SAMEA120561043,ERR15887362
recL7zZdB134w7Mky,recXaEqqbusWOtt0N,F088cB,F088,SAMEA120632747,2025-11-01T00:00:00.000Z,Webin-69627,9031,Gallus gallus,macrosample,Caecum right,Digesta,DNA/RNA Shield,2 mL tube,SAMEA120561007,ERR15887325
reclVVFHWJ4v8hKw3,recNqQWjpbrNo4EGo,F089cB,F089,SAMEA120632748,2025-11-01T00:00:00.000Z,Webin-69627,9031,Gallus gallus,macrosample,Caecum right,Digesta,DNA/RNA Shield,2 mL tube,SAMEA120561011,ERR15887329
recPwDddOub9i2lWc,recDPkqUO1tsICrTA,F090cB,F090,SAMEA120632749,2025-11-01T00:00:00.000Z,Webin-69627,9031,Gallus gallus,macrosample,Caecum right,Digesta,DNA/RNA Shield,2 mL tube,SAMEA120561034,ERR15887352
rec7j8Sim5dGulvpQ,recF9Gp95wJ83hjEy,F091dB,F091,SAMEA120632750,2025-11-01T00:00:00.000Z,Webin-69627,9031,Gallus gallus,macrosample,Caecum right,Digesta,DNA/RNA Shield,2 mL tube,SAMEA120560943,ERR15887258
recRPkAwH7QRyW3bg,recmLrmTwDtbAtCXi,F092dB,F092,SAMEA120632751,2025-11-01T00:00:00.000Z,Webin-69627,9031,Gallus gallus,macrosample,Caecum right,Digesta,DNA/RNA Shield,2 mL tube,SAMEA120560966,ERR15887283
recz6JkkZFbLDoSWu,recMzgqPZZspCJwbV,F093dB,F093,SAMEA120632752,2025-11-01T00:00:00.000Z,Webin-69627,9031,Gallus gallus,macrosample,Caecum right,Digesta,DNA/RNA Shield,2 mL tube,SAMEA120560977,ERR15887295
recBs1ZeoqdTnHige,recNJ3kfxmhsJ2cL7,F094dB,F094,SAMEA120632753,2025-11-01T00:00:00.000Z,Webin-69627,9031,Gallus gallus,macrosample,Caecum right,Digesta,DNA/RNA Shield,2 mL tube,SAMEA120561067,ERR15887386
recd0SrQTNAxHeCl5,rec6eBHBaaylJQcRP,F095dB,F095,SAMEA120632754,2025-11-01T00:00:00.000Z,Webin-69627,9031,Gallus gallus,macrosample,Caecum right,Digesta,DNA/RNA Shield,2 mL tube,SAMEA120561048,ERR15887367
rec0lWAsT1Ublfsjy,rec2GAc16gk187bFk,F096eB,F096,SAMEA120632755,2025-11-01T00:00:00.000Z,Webin-69627,9031,Gallus gallus,macrosample,Caecum right,Digesta,DNA/RNA Shield,2 mL tube,SAMEA120560948,ERR15887263
recltXrtYcTs5WTzO,recYGPrrzFZm7ML71,F097eB,F097,SAMEA120632756,2025-11-01T00:00:00.000Z,Webin-69627,9031,Gallus gallus,macrosample,Caecum right,Digesta,DNA/RNA Shield,2 mL tube,SAMEA120560970,ERR15887287
recIMTYa0g96KOcH3,rec3gRNEbZ29ERE7n,F098eB,F098,SAMEA120632757,2025-11-01T00:00:00.000Z,Webin-69627,9031,Gallus gallus,macrosample,Caecum right,Digesta,DNA/RNA Shield,2 mL tube,SAMEA120561008,ERR15887326
recmkCv18VVulau5I,recpIgzVNsJOYMJrT,F101aB,F101,SAMEA120632760,2025-11-01T00:00:00.000Z,Webin-69627,9031,Gallus gallus,macrosample,Caecum right,Digesta,DNA/RNA Shield,2 mL tube,SAMEA120560959,ERR15887275
recn0CJSsWxdl2qtV,recb7F0a3jTjwWp2K,F102aB,F102,SAMEA120632761,2025-11-01T00:00:00.000Z,Webin-69627,9031,Gallus gallus,macrosample,Caecum right,Digesta,DNA/RNA Shield,2 mL tube,SAMEA120561073,ERR15887392
rec2wa5jOq6ZlmSo4,recQW1Zia137e6gbz,F103aB,F103,SAMEA120632762,2025-11-01T00:00:00.000Z,Webin-69627,9031,Gallus gallus,macrosample,Caecum right,Digesta,DNA/RNA Shield,2 mL tube,SAMEA120561059,ERR15887378
recWcerKLM6kjPYjC,recKLFlMhbZ9e2w79,F104aB,F104,SAMEA120632763,2025-11-01T00:00:00.000Z,Webin-69627,9031,Gallus gallus,macrosample,Caecum right,Digesta,DNA/RNA Shield,2 mL tube,SAMEA120561006,ERR15887324
rechTbOWUrPycWEfP,rec9jKguxXSFXzU7R,F105aB,F105,SAMEA120632764,2025-11-01T00:00:00.000Z,Webin-69627,9031,Gallus gallus,macrosample,Caecum right,Digesta,DNA/RNA Shield,2 mL tube,SAMEA120561026,ERR15887344
rec4FCut5h7DGKDta,reczkSfQRn0FexBYB,F106bB,F106,SAMEA120632765,2025-11-01T00:00:00.000Z,Webin-69627,9031,Gallus gallus,macrosample,Caecum right,Digesta,DNA/RNA Shield,2 mL tube,SAMEA120561025,ERR15887343
recxikc3dgKI7HUS0,recrkXiJD0R3PP8C9,F107bB,F107,SAMEA120632766,2025-11-01T00:00:00.000Z,Webin-69627,9031,Gallus gallus,macrosample,Caecum right,Digesta,DNA/RNA Shield,2 mL tube,SAMEA120560949,ERR15887264
recwhi94XJSU17mFU,recfaTyMG9JTNqPoe,F108bB,F108,SAMEA120632767,2025-11-01T00:00:00.000Z,Webin-69627,9031,Gallus gallus,macrosample,Caecum right,Digesta,DNA/RNA Shield,2 mL tube,SAMEA120561015,ERR15887333
rec6zHDAmUXrMjgxv,reckX6CSUHtYQagb3,F109bB,F109,SAMEA120632768,2025-11-01T00:00:00.000Z,Webin-69627,9031,Gallus gallus,macrosample,Caecum right,Digesta,DNA/RNA Shield,2 mL tube,SAMEA120560997,ERR15887315
recQG7Hey9pJ1s0hp,recEN3rBdhMEsz97R,F110bB,F110,SAMEA120632769,2025-11-01T00:00:00.000Z,Webin-69627,9031,Gallus gallus,macrosample,Caecum right,Digesta,DNA/RNA Shield,2 mL tube,SAMEA120560964,ERR15887280
recg2eJMdpcQL3axG,recqx4yw0Kp78VDco,F111cB,F111,SAMEA120632770,2025-11-01T00:00:00.000Z,Webin-69627,9031,Gallus gallus,macrosample,Caecum right,Digesta,DNA/RNA Shield,2 mL tube,SAMEA120561075,ERR15887394
recw2orX68u38TDQh,recndgu2hjH1fJVnn,F112cB,F112,SAMEA120632771,2025-11-01T00:00:00.000Z,Webin-69627,9031,Gallus gallus,macrosample,Caecum right,Digesta,DNA/RNA Shield,2 mL tube,SAMEA120561044,ERR15887363
reczRDnokQgtyXt8y,recce8EVjakHnKRb3,F113cB,F113,SAMEA120632772,2025-11-01T00:00:00.000Z,Webin-69627,9031,Gallus gallus,macrosample,Caecum right,Digesta,DNA/RNA Shield,2 mL tube,SAMEA120560993,ERR15887311
recOV123fMvfIGOLA,rec2h6LkfP2ZoKkoW,F114cB,F114,SAMEA120632773,2025-11-01T00:00:00.000Z,Webin-69627,9031,Gallus gallus,macrosample,Caecum right,Digesta,DNA/RNA Shield,2 mL tube,SAMEA120561038,ERR15887356
recz7YI2QPOs1lbGz,recZC0lSk48Km5ire,F115cB,F115,SAMEA120632774,2025-11-01T00:00:00.000Z,Webin-69627,9031,Gallus gallus,macrosample,Caecum right,Digesta,DNA/RNA Shield,2 mL tube,SAMEA120561065,ERR15887384
recemHha1OhPoJN3w,recAp8UWeB1MDgaPv,F116dB,F116,SAMEA120632775,2025-11-01T00:00:00.000Z,Webin-69627,9031,Gallus gallus,macrosample,Caecum right,Digesta,DNA/RNA Shield,2 mL tube,SAMEA120560945,ERR15887260
reckKrEvqtGUyUvWw,recXXXbLPzYlPeHtd,F117dB,F117,SAMEA120632776,2025-11-01T00:00:00.000Z,Webin-69627,9031,Gallus gallus,macrosample,Caecum right,Digesta,DNA/RNA Shield,2 mL tube,SAMEA120561080,ERR15887399
rect4MJpWSAcCknX3,recDFdUJYp8kzYvsy,F118dB,F118,SAMEA120632777,2025-11-01T00:00:00.000Z,Webin-69627,9031,Gallus gallus,macrosample,Caecum right,Digesta,DNA/RNA Shield,2 mL tube,SAMEA120561001,ERR15887319
recEw9HCjFqpRLuFO,recOnW7KcwPY2pLGD,F119dB,F119,SAMEA120632778,2025-11-01T00:00:00.000Z,Webin-69627,9031,Gallus gallus,macrosample,Caecum right,Digesta,DNA/RNA Shield,2 mL tube,SAMEA120561060,ERR15887379
recmBqkeqAxqZB93H,recZpdzXjc44NxAZu,F120dB,F120,SAMEA120632779,2025-11-01T00:00:00.000Z,Webin-69627,9031,Gallus gallus,macrosample,Caecum right,Digesta,DNA/RNA Shield,2 mL tube,SAMEA120561014,ERR15887332
recLLP3XvV9EJIm6v,recS9tciJXzHyyUEB,F121eB,F121,SAMEA120632780,2025-11-01T00:00:00.000Z,Webin-69627,9031,Gallus gallus,macrosample,Caecum right,Digesta,DNA/RNA Shield,2 mL tube,SAMEA120560951,ERR15887267
rec8yZtmVL8MlNqSM,recNcpMFbxkOOYMVc,F122eB,F122,SAMEA120632781,2025-11-01T00:00:00.000Z,Webin-69627,9031,Gallus gallus,macrosample,Caecum right,Digesta,DNA/RNA Shield,2 mL tube,SAMEA120560965,ERR15887282
recMAxNIIU3eiE5Wc,recsXrZC6s0pTlbkN,F123eB,F123,SAMEA120632782,2025-11-01T00:00:00.000Z,Webin-69627,9031,Gallus gallus,macrosample,Caecum right,Digesta,DNA/RNA Shield,2 mL tube,SAMEA120560999,ERR15887317
rec8OOB5anPr8sPbL,recXeylfbOu3LWSpe,F126aB,F126,SAMEA120632785,2025-11-01T00:00:00.000Z,Webin-69627,9031,Gallus gallus,macrosample,Caecum right,Digesta,DNA/RNA Shield,2 mL tube,SAMEA120561076,ERR15887395
recgho2oePS0AkYWJ,recfKTLzeI5QAmmFk,F127aB,F127,SAMEA120632786,2025-11-01T00:00:00.000Z,Webin-69627,9031,Gallus gallus,macrosample,Caecum right,Digesta,DNA/RNA Shield,2 mL tube,SAMEA120561084,ERR15887403
recUAzuyetnk3tEbH,rec6tNsCrmu3hNpsU,F128aB,F128,SAMEA120632787,2025-11-01T00:00:00.000Z,Webin-69627,9031,Gallus gallus,macrosample,Caecum right,Digesta,DNA/RNA Shield,2 mL tube,SAMEA120560971,ERR15887288
recBDOct2QVwFyL7B,recYmAKWBwxcN4KMP,F129aB,F129,SAMEA120632788,2025-11-01T00:00:00.000Z,Webin-69627,9031,Gallus gallus,macrosample,Caecum right,Digesta,DNA/RNA Shield,2 mL tube,SAMEA120560980,ERR15887297
recQXp1RpjLu8KwX5,recEsJkrtEnAxo841,F130aB,F130,SAMEA120632789,2025-11-01T00:00:00.000Z,Webin-69627,9031,Gallus gallus,macrosample,Caecum right,Digesta,DNA/RNA Shield,2 mL tube,SAMEA120561042,ERR15887361
recpb1ZP594hxFd6C,recUFpud3pgnLiIgH,F131bB,F131,SAMEA120632790,2025-11-01T00:00:00.000Z,Webin-69627,9031,Gallus gallus,macrosample,Caecum right,Digesta,DNA/RNA Shield,2 mL tube,SAMEA120561027,ERR15887345
recBZAgdcGwukmtM7,recTtOnvNqi4svWUM,F132bB,F132,SAMEA120632791,2025-11-01T00:00:00.000Z,Webin-69627,9031,Gallus gallus,macrosample,Caecum right,Digesta,DNA/RNA Shield,2 mL tube,SAMEA120560955,ERR15887271
rec1OaN2hO86JeTQh,recARWyFFEQLkLN42,F133bB,F133,SAMEA120632792,2025-11-01T00:00:00.000Z,Webin-69627,9031,Gallus gallus,macrosample,Caecum right,Digesta,DNA/RNA Shield,2 mL tube,SAMEA120560967,ERR15887284
recAhpoqMoG8Udj4V,recp4riFBtOt9WHoj,F134bB,F134,SAMEA120632793,2025-11-01T00:00:00.000Z,Webin-69627,9031,Gallus gallus,macrosample,Caecum right,Digesta,DNA/RNA Shield,2 mL tube,SAMEA120560990,ERR15887307
recROHHN1WjePdQGd,recvlVOOhIHNlk8zF,F135bB,F135,SAMEA120632794,2025-11-01T00:00:00.000Z,Webin-69627,9031,Gallus gallus,macrosample,Caecum right,Digesta,DNA/RNA Shield,2 mL tube,SAMEA120561003,ERR15887321
rececxfVUGtguU3n5,rec89RUazV87j5Uu8,F136cB,F136,SAMEA120632795,2025-11-01T00:00:00.000Z,Webin-69627,9031,Gallus gallus,macrosample,Caecum right,Digesta,DNA/RNA Shield,2 mL tube,SAMEA120560981,ERR15887298
recVIdHeR5o5yLmAH,rectBbJIir2wzcG9G,F137cB,F137,SAMEA120632796,2025-11-01T00:00:00.000Z,Webin-69627,9031,Gallus gallus,macrosample,Caecum right,Digesta,DNA/RNA Shield,2 mL tube,SAMEA120561054,ERR15887373
rec6o5QFxWRptLgcZ,recP98BnC7ZbE2mKY,F138cB,F138,SAMEA120632797,2025-11-01T00:00:00.000Z,Webin-69627,9031,Gallus gallus,macrosample,Caecum right,Digesta,DNA/RNA Shield,2 mL tube,SAMEA120560974,ERR15887291
recdrlQC52loSC3X1,recXZTMG2RgiNyAsf,F139cB,F139,SAMEA120632798,2025-11-01T00:00:00.000Z,Webin-69627,9031,Gallus gallus,macrosample,Caecum right,Digesta,DNA/RNA Shield,2 mL tube,SAMEA120561024,ERR15887342
recquBl0GPzK9IMeX,rec0cD3fB0PKjkeMD,F140cB,F140,SAMEA120632799,2025-11-01T00:00:00.000Z,Webin-69627,9031,Gallus gallus,macrosample,Caecum right,Digesta,DNA/RNA Shield,2 mL tube,SAMEA120560963,ERR15887279
recDIRiNcnrp5vkZA,recSwPMe3rrmGQVN9,F141dB,F141,SAMEA120632800,2025-11-01T00:00:00.000Z,Webin-69627,9031,Gallus gallus,macrosample,Caecum right,Digesta,DNA/RNA Shield,2 mL tube,SAMEA120561070,ERR15887389
rec5PGHJYsFCX4ZND,recucHPK0ItOGFv5e,F142dB,F142,SAMEA120632801,2025-11-01T00:00:00.000Z,Webin-69627,9031,Gallus gallus,macrosample,Caecum right,Digesta,DNA/RNA Shield,2 mL tube,SAMEA120561062,ERR15887381
recRpYhJXSRazjlTG,recfWE1j8e6LOOBQb,F143dB,F143,SAMEA120632802,2025-11-01T00:00:00.000Z,Webin-69627,9031,Gallus gallus,macrosample,Caecum right,Digesta,DNA/RNA Shield,2 mL tube,SAMEA120561009,ERR15887327
rechjK8WQ54z5GTXd,recqSCuWJOEvNxbgB,F144dB,F144,SAMEA120632803,2025-11-01T00:00:00.000Z,Webin-69627,9031,Gallus gallus,macrosample,Caecum right,Digesta,DNA/RNA Shield,2 mL tube,SAMEA120561046,ERR15887365
rec3dBtLQfL0Lh7QI,recd2H5Ja0YMwRnss,F145dB,F145,SAMEA120632804,2025-11-01T00:00:00.000Z,Webin-69627,9031,Gallus gallus,macrosample,Caecum right,Digesta,DNA/RNA Shield,2 mL tube,SAMEA120561018,ERR15887336
rec2CT2zElOZWfwOj,recsqmnBqFaBrHnP4,F146eB,F146,SAMEA120632805,2025-11-01T00:00:00.000Z,Webin-69627,9031,Gallus gallus,macrosample,Caecum right,Digesta,DNA/RNA Shield,2 mL tube,SAMEA120560947,ERR15887262
recovYQ4Gf3gkpVtL,recoL4O6iJIerdpEP,F147eB,F147,SAMEA120632806,2025-11-01T00:00:00.000Z,Webin-69627,9031,Gallus gallus,macrosample,Caecum right,Digesta,DNA/RNA Shield,2 mL tube,SAMEA120560961,ERR15887277
reczF3JSey2EbJTC3,rectI3H2oIID8IhEm,F148eB,F148,SAMEA120632807,2025-11-01T00:00:00.000Z,Webin-69627,9031,Gallus gallus,macrosample,Caecum right,Digesta,DNA/RNA Shield,2 mL tube,SAMEA120560995,ERR15887313
