specimen_id,macrosample_id,airtable_record_id,sample_type,description,container,preservative,parent_biosample,data_release,accession,ena_accession
F099,F099eA,recQ0oImRYQfJijCN,Caecum right,Entire section with content,Super Mega Tissue cassette,Glycerol,SAMEA120632758,,,
F099,F099eB,recJF4USfIHODaiMe,Caecum right,Digesta,2 mL tube,DNA/RNA Shield,SAMEA120632758,,,
F099,F099eC,reccNwoidY1vgCQsK,Caecum right,Tissue,2 mL tube,DNA/RNA Shield,SAMEA120632758,,,
F099,F099eD,rec5y3teKIwvVkdv5,Caecum right,Digesta,5 mL tube,None,SAMEA120632758,,,
F099,F099eE,receysINIxKfV6HdK,Caecum right,Tissue,5 mL tube,None,SAMEA120632758,,,
F100,F100eA,recUSPbCu5fToBAcb,Caecum right,Entire section with content,Super Mega Tissue cassette,Glycerol,SAMEA120632759,,,
F100,F100eB,recHanFHABqj7Kz5S,Caecum right,Digesta,2 mL tube,DNA/RNA Shield,SAMEA120632759,,,
F100,F100eC,recsn37mPqIGkz39C,Caecum right,Tissue,2 mL tube,DNA/RNA Shield,SAMEA120632759,,,
F100,F100eD,recY4MCm6Vn6MEWLa,Caecum right,Digesta,5 mL tube,None,SAMEA120632759,,,
F100,F100eE,rececjE2cWdDUdrUB,Caecum right,Tissue,5 mL tube,None,SAMEA120632759,,,
F124,F124eA,recpxkJ5sx6f7AJsx,Caecum right,Entire section with content,Super Mega Tissue cassette,Glycerol,SAMEA120632783,,,
F124,F124eB,recxMpiNMrlhZ7lnJ,Caecum right,Digesta,2 mL tube,DNA/RNA Shield,SAMEA120632783,,,
F124,F124eC,recSmtbinV0nohOxo,Caecum right,Tissue,2 mL tube,DNA/RNA Shield,SAMEA120632783,,,
F124,F124eD,recixRrquOrUOXM7s,Caecum right,Digesta,5 mL tube,None,SAMEA120632783,,,
F124,F124eE,recFJcJttMzksRtX1,Caecum right,Tissue,5 mL tube,None,SAMEA120632783,,,
F125,F125eA,recg28arbPHTlDQ9h,Caecum right,Entire section with content,Super Mega Tissue cassette,Glycerol,SAMEA120632784,,,
F125,F125eB,rec9tgCKK3XRThbY7,Caecum right,Digesta,2 mL tube,DNA/RNA Shield,SAMEA120632784,,,
F125,F125eC,rec2aQ7Pm4QfkTh3A,Caecum right,Tissue,2 mL tube,DNA/RNA Shield,SAMEA120632784,,,
F125,F125eD,recnzKCUa8Wfg7Yj1,Caecum right,Digesta,5 mL tube,None,SAMEA120632784,,,
F125,F125eE,recYJuupT3JNRTdUK,Caecum right,Tissue,5 mL tube,None,SAMEA120632784,,,
