submission_airtable_record_id,portal_airtable_record_id,created_time,name,release,webinSubmissionAccountId,taxId,organism,species,level,parent_sample,origin,type,container,preservative,storage,metabolights_accession
rech6aQpxYsNachJp,recik17ODvhrd056W,2026-10-09T02:56:41.000Z,F001aD,2025-06-01T00:00:00.000Z,Webin-69627,9031,Gallus gallus,chicken,macrosample,SAMEA120632660,Caecum right,Digesta,5 mL tube,None,-70 ºC,
recttU56cuOygmXAl,recHDD2jFyCcEaIiF,2026-10-09T02:56:41.000Z,F001aE,2025-06-01T00:00:00.000Z,Webin-69627,9031,Gallus gallus,chicken,macrosample,SAMEA120632660,Caecum right,Tissue,5 mL tube,None,-70 ºC,
recwBFRCsNukROTX8,recrukADUOGLo6LOf,2026-10-09T02:56:41.000Z,F002aD,2025-06-01T00:00:00.000Z,Webin-69627,9031,Gallus gallus,chicken,macrosample,SAMEA120632661,Caecum right,Digesta,5 mL tube,None,-70 ºC,
recRFqPcQ3ghru8NH,rechXUlRw7NRhHzhv,2026-10-09T02:56:41.000Z,F002aE,2025-06-01T00:00:00.000Z,Webin-69627,9031,Gallus gallus,chicken,macrosample,SAMEA120632661,Caecum right,Tissue,5 mL tube,None,-70 ºC,
rec2Im1SfoCtpKKlr,rec1SycVRnusdMrQy,2026-10-09T02:56:41.000Z,F003aD,2025-06-01T00:00:00.000Z,Webin-69627,9031,Gallus gallus,chicken,macrosample,SAMEA120632662,Caecum right,Digesta,5 mL tube,None,-70 ºC,
recFSTNXzKGhjUcf4,recTFL9EalRaoy3sK,2026-10-09T02:56:41.000Z,F003aE,2025-06-01T00:00:00.000Z,Webin-69627,9031,Gallus gallus,chicken,macrosample,SAMEA120632662,Caecum right,Tissue,5 mL tube,None,-70 ºC,
recPucjomi9GABVwz,recC2tRcgBNEUgSOT,2026-10-09T02:56:41.000Z,F004aD,2025-06-01T00:00:00.000Z,Webin-69627,9031,Gallus gallus,chicken,macrosample,SAMEA120632663,Caecum right,Digesta,5 mL tube,None,-70 ºC,
recWiyIn4OIN6JRU8,recvQbYb7DpywhoUU,2026-10-09T02:56:41.000Z,F004aE,2025-06-01T00:00:00.000Z,Webin-69627,9031,Gallus gallus,chicken,macrosample,SAMEA120632663,Caecum right,Tissue,5 mL tube,None,-70 ºC,
rect8Ja6Xr2kDKPOF,recQfOEk5sLHi1rzg,2026-10-09T02:56:41.000Z,F005aD,2025-06-01T00:00:00.000Z,Webin-69627,9031,Gallus gallus,chicken,macrosample,SAMEA120632664,Caecum right,Digesta,5 mL tube,None,-70 ºC,
recR8VdObbJl646Pk,recQNgHGLIOFOFSY8,2026-10-09T02:56:41.000Z,F005aE,2025-06-01T00:00:00.000Z,Webin-69627,9031,Gallus gallus,chicken,macrosample,SAMEA120632664,Caecum right,Tissue,5 mL tube,None,-70 ºC,
recgG9hKSLNNC4VSZ,recREa6PhHBDLD3ro,2026-10-09T02:56:41.000Z,F006bD,2025-06-01T00:00:00.000Z,Webin-69627,9031,Gallus gallus,chicken,macrosample,SAMEA120632665,Caecum right,Digesta,5 mL tube,None,-70 ºC,
recRrhqZXFgxALZLU,recVyK0kiiZCwf9ah,2026-10-09T02:56:41.000Z,F006bE,2025-06-01T00:00:00.000Z,Webin-69627,9031,Gallus gallus,chicken,macrosample,SAMEA120632665,Caecum right,Tissue,5 mL tube,None,-70 ºC,
recR4iQ9mziG91qIW,recZowWFFV3dmn2wU,2026-10-09T02:56:41.000Z,F007bD,2025-06-01T00:00:00.000Z,Webin-69627,9031,Gallus gallus,chicken,macrosample,SAMEA120632666,Caecum right,Digesta,5 mL tube,None,-70 ºC,
recppgAPH4vYb0Rxx,recxObIDjpmL2Xa3y,2026-10-09T02:56:41.000Z,F007bE,2025-06-01T00:00:00.000Z,Webin-69627,9031,Gallus gallus,chicken,macrosample,SAMEA120632666,Caecum right,Tissue,5 mL tube,None,-70 ºC,
reckdWVjrmxw2EEHC,receIcggsXUuv03uQ,2026-10-09T02:56:41.000Z,F008bD,2025-06-01T00:00:00.000Z,Webin-69627,9031,Gallus gallus,chicken,macrosample,SAMEA120632667,Caecum right,Digesta,5 mL tube,None,-70 ºC,
rec31ENv5wsueLza4,recsBfzhWXOHwVVir,2026-10-09T02:56:41.000Z,F008bE,2025-06-01T00:00:00.000Z,Webin-69627,9031,Gallus gallus,chicken,macrosample,SAMEA120632667,Caecum right,Tissue,5 mL tube,None,-70 ºC,
recTTjFifWLUJhseG,recA0WVeFdqElxhg7,2026-10-09T02:56:41.000Z,F009bD,2025-06-01T00:00:00.000Z,Webin-69627,9031,Gallus gallus,chicken,macrosample,SAMEA120632668,Caecum right,Digesta,5 mL tube,None,-70 ºC,
recVFMFKQrujEWCEZ,recZiV1gQCZWyp7Bh,2026-10-09T02:56:41.000Z,F009bE,2025-06-01T00:00:00.000Z,Webin-69627,9031,Gallus gallus,chicken,macrosample,SAMEA120632668,Caecum right,Tissue,5 mL tube,None,-70 ºC,
recwe7jHWC0tJznpS,rec3DnDZIQHaWg7Wi,2026-10-09T02:56:41.000Z,F010bD,2025-06-01T00:00:00.000Z,Webin-69627,9031,Gallus gallus,chicken,macrosample,SAMEA120632669,Caecum right,Digesta,5 mL tube,None,-70 ºC,
reccj1eWIqKuKvaXP,recT32N7a1AP6R18u,2026-10-09T02:56:41.000Z,F010bE,2025-06-01T00:00:00.000Z,Webin-69627,9031,Gallus gallus,chicken,macrosample,SAMEA120632669,Caecum right,Tissue,5 mL tube,None,-70 ºC,
rec0NqTeqnnuBz34E,rechX2T03YUycB1sx,2026-10-09T02:56:41.000Z,F011cD,2025-06-01T00:00:00.000Z,Webin-69627,9031,Gallus gallus,chicken,macrosample,SAMEA120632670,Caecum right,Digesta,5 mL tube,None,-70 ºC,
recUkuzqAmPWElPyk,recLyCoPflVZGhtbu,2026-10-09T02:56:41.000Z,F011cE,2025-06-01T00:00:00.000Z,Webin-69627,9031,Gallus gallus,chicken,macrosample,SAMEA120632670,Caecum right,Tissue,5 mL tube,None,-70 ºC,
recI15fpSG2ahRZ63,recCyip81qu2HRdKt,2026-10-09T02:56:41.000Z,F012cD,2025-06-01T00:00:00.000Z,Webin-69627,9031,Gallus gallus,chicken,macrosample,SAMEA120632671,Caecum right,Digesta,5 mL tube,None,-70 ºC,
rechGR1rE0KfzegaE,recJVMoTo2QwfBgvx,2026-10-09T02:56:41.000Z,F012cE,2025-06-01T00:00:00.000Z,Webin-69627,9031,Gallus gallus,chicken,macrosample,SAMEA120632671,Caecum right,Tissue,5 mL tube,None,-70 ºC,
recDak9MYR6gzorgK,rec4OIpZoN5UeSlpS,2026-10-09T02:56:41.000Z,F013cD,2025-06-01T00:00:00.000Z,Webin-69627,9031,Gallus gallus,chicken,macrosample,SAMEA120632672,Caecum right,Digesta,5 mL tube,None,-70 ºC,
recmlgobojm9mm7eM,recYmaHQG3hYHUiEN,2026-10-09T02:56:41.000Z,F013cE,2025-06-01T00:00:00.000Z,Webin-69627,9031,Gallus gallus,chicken,macrosample,SAMEA120632672,Caecum right,Tissue,5 mL tube,None,-70 ºC,
recxSwUaBGqIxJ6oa,recZMHdKRVdATqZhh,2026-10-09T02:56:41.000Z,F014cD,2025-06-01T00:00:00.000Z,Webin-69627,9031,Gallus gallus,chicken,macrosample,SAMEA120632673,Caecum right,Digesta,5 mL tube,None,-70 ºC,
recjzo9ZxrBvFdV5Z,rec4eblniBdzscZzs,2026-10-09T02:56:41.000Z,F014cE,2025-06-01T00:00:00.000Z,Webin-69627,9031,Gallus gallus,chicken,macrosample,SAMEA120632673,Caecum right,Tissue,5 mL tube,None,-70 ºC,
rec0HGoXqPogGTvhq,recdWUYhVERNAVshn,2026-10-09T02:56:41.000Z,F015cD,2025-06-01T00:00:00.000Z,Webin-69627,9031,Gallus gallus,chicken,macrosample,SAMEA120632674,Caecum right,Digesta,5 mL tube,None,-70 ºC,
recP5eXEBuLah3HSS,rec5lYIfh3TBrLz0h,2026-10-09T02:56:41.000Z,F015cE,2025-06-01T00:00:00.000Z,Webin-69627,9031,Gallus gallus,chicken,macrosample,SAMEA120632674,Caecum right,Tissue,5 mL tube,None,-70 ºC,
recpcUPlsBLVBDo4F,rec1jLYlDI0V5oaES,2026-10-09T02:56:41.000Z,F016dD,2025-06-01T00:00:00.000Z,Webin-69627,9031,Gallus gallus,chicken,macrosample,SAMEA120632675,Caecum right,Digesta,5 mL tube,None,-70 ºC,
recsw7FRg7XUrcXTi,recx014IldJnIXffB,2026-10-09T02:56:41.000Z,F016dE,2025-06-01T00:00:00.000Z,Webin-69627,9031,Gallus gallus,chicken,macrosample,SAMEA120632675,Caecum right,Tissue,5 mL tube,None,-70 ºC,
rectpLBdpGF6UpdsN,rec7yN25iD20onQGG,2026-10-09T02:56:41.000Z,F017dD,2025-06-01T00:00:00.000Z,Webin-69627,9031,Gallus gallus,chicken,macrosample,SAMEA120632676,Caecum right,Digesta,5 mL tube,None,-70 ºC,
rec6YHVqawA1lxXio,recSBLiBpS0hTKmhk,2026-10-09T02:56:41.000Z,F017dE,2025-06-01T00:00:00.000Z,Webin-69627,9031,Gallus gallus,chicken,macrosample,SAMEA120632676,Caecum right,Tissue,5 mL tube,None,-70 ºC,
recSwZEH6JJ3JBLd5,recbKjPZ9u2PrtBzH,2026-10-09T02:56:41.000Z,F018dD,2025-06-01T00:00:00.000Z,Webin-69627,9031,Gallus gallus,chicken,macrosample,SAMEA120632677,Caecum right,Digesta,5 mL tube,None,-70 ºC,
recxxe5himHvJrN1U,recJ2ati54hUIHuAh,2026-10-09T02:56:41.000Z,F018dE,2025-06-01T00:00:00.000Z,Webin-69627,9031,Gallus gallus,chicken,macrosample,SAMEA120632677,Caecum right,Tissue,5 mL tube,None,-70 ºC,
recOjVPlKiZHXfQMK,recZx2r4mBlSEE9xS,2026-10-09T02:56:41.000Z,F019dD,2025-06-01T00:00:00.000Z,Webin-69627,9031,Gallus gallus,chicken,macrosample,SAMEA120632678,Caecum right,Digesta,5 mL tube,None,-70 ºC,
rec7GPVEaCm0dVhsB,rec80SjKo79bvNNgE,2026-10-09T02:56:41.000Z,F019dE,2025-06-01T00:00:00.000Z,Webin-69627,9031,Gallus gallus,chicken,macrosample,SAMEA120632678,Caecum right,Tissue,5 mL tube,None,-70 ºC,
recVbqb3cbs4tcQ3T,recNyOquluCL8ENIV,2026-10-09T02:56:41.000Z,F020dD,2025-06-01T00:00:00.000Z,Webin-69627,9031,Gallus gallus,chicken,macrosample,SAMEA120632679,Caecum right,Digesta,5 mL tube,None,-70 ºC,
recXJPybiCcfXzGPr,recGwyQO7OC1AZXqH,2026-10-09T02:56:41.000Z,F020dE,2025-06-01T00:00:00.000Z,Webin-69627,9031,Gallus gallus,chicken,macrosample,SAMEA120632679,Caecum right,Tissue,5 mL tube,None,-70 ºC,
reczms5QsHQq1a5tN,recxElx1BLqvdBCGl,2026-10-09T02:56:41.000Z,F021eD,2025-06-01T00:00:00.000Z,Webin-69627,9031,Gallus gallus,chicken,macrosample,SAMEA120632680,Caecum right,Digesta,5 mL tube,None,-70 ºC,
recJEav3j3HluY6Zd,reccNzsIRPt82zHSc,2026-10-09T02:56:41.000Z,F021eE,2025-06-01T00:00:00.000Z,Webin-69627,9031,Gallus gallus,chicken,macrosample,SAMEA120632680,Caecum right,Tissue,5 mL tube,None,-70 ºC,
recbQwtQMZvvWquhp,recIYlIXZ4kOTXiq3,2026-10-09T02:56:41.000Z,F022eD,2025-06-01T00:00:00.000Z,Webin-69627,9031,Gallus gallus,chicken,macrosample,SAMEA120632681,Caecum right,Digesta,5 mL tube,None,-70 ºC,
recLZol6KFqQVl8eH,rec27uZjuEullHJOY,2026-10-09T02:56:41.000Z,F022eE,2025-06-01T00:00:00.000Z,Webin-69627,9031,Gallus gallus,chicken,macrosample,SAMEA120632681,Caecum right,Tissue,5 mL tube,None,-70 ºC,
recL9qT9g06auXLzF,recLsez1i3R8RtGyW,2026-10-09T02:56:41.000Z,F023eD,2025-06-01T00:00:00.000Z,Webin-69627,9031,Gallus gallus,chicken,macrosample,SAMEA120632682,Caecum right,Digesta,5 mL tube,None,-70 ºC,
recePLQkL4R3Zgpui,recpj7ZFKs8Vrmerq,2026-10-09T02:56:41.000Z,F023eE,2025-06-01T00:00:00.000Z,Webin-69627,9031,Gallus gallus,chicken,macrosample,SAMEA120632682,Caecum right,Tissue,5 mL tube,None,-70 ºC,
recH1A0dCfMyZDeOg,recnocHPhN1gSxF0K,2026-10-09T02:56:41.000Z,F024eD,2025-06-01T00:00:00.000Z,Webin-69627,9031,Gallus gallus,chicken,macrosample,SAMEA120632683,Caecum right,Digesta,5 mL tube,None,-70 ºC,
recsdNVM0FRwA1Glt,rec2Jn2VsyNJ7hHSg,2026-10-09T02:56:41.000Z,F024eE,2025-06-01T00:00:00.000Z,Webin-69627,9031,Gallus gallus,chicken,macrosample,SAMEA120632683,Caecum right,Tissue,5 mL tube,None,-70 ºC,
recjdGXJ1bOatNuJy,rec3XnW0TOZyiaZAl,2026-10-09T02:56:41.000Z,F025eD,2025-06-01T00:00:00.000Z,Webin-69627,9031,Gallus gallus,chicken,macrosample,SAMEA120632684,Caecum right,Digesta,5 mL tube,None,-70 ºC,
recDPGo8gLkp9zWF3,recG5S68PyEwPyZHw,2026-10-09T02:56:41.000Z,F025eE,2025-06-01T00:00:00.000Z,Webin-69627,9031,Gallus gallus,chicken,macrosample,SAMEA120632684,Caecum right,Tissue,5 mL tube,None,-70 ºC,
recrN6ZfkbrGdBESM,recGhAW1bwstaRKzy,2026-10-09T02:56:41.000Z,F026aD,2025-06-01T00:00:00.000Z,Webin-69627,9031,Gallus gallus,chicken,macrosample,SAMEA120632685,Caecum right,Digesta,5 mL tube,None,-70 ºC,
rec0o6x2OJ6kbbdDw,recUVVNxrxnbStxXv,2026-10-09T02:56:41.000Z,F026aE,2025-06-01T00:00:00.000Z,Webin-69627,9031,Gallus gallus,chicken,macrosample,SAMEA120632685,Caecum right,Tissue,5 mL tube,None,-70 ºC,
recEUXP88JmEftHav,recThK6rWFSNwXBIT,2026-10-09T02:56:41.000Z,F027aD,2025-06-01T00:00:00.000Z,Webin-69627,9031,Gallus gallus,chicken,macrosample,SAMEA120632686,Caecum right,Digesta,5 mL tube,None,-70 ºC,
recesKWB2OVGC7zXT,rec6sRrwtcxfjiCo4,2026-10-09T02:56:41.000Z,F027aE,2025-06-01T00:00:00.000Z,Webin-69627,9031,Gallus gallus,chicken,macrosample,SAMEA120632686,Caecum right,Tissue,5 mL tube,None,-70 ºC,
recxF0ZDY1lv0NbKz,recHDOCJZNMjV3VvM,2026-10-09T02:56:41.000Z,F028aD,2025-06-01T00:00:00.000Z,Webin-69627,9031,Gallus gallus,chicken,macrosample,SAMEA120632687,Caecum right,Digesta,5 mL tube,None,-70 ºC,
reczECmurmFsCwPtf,recWukjSiqfKd4klX,2026-10-09T02:56:41.000Z,F028aE,2025-06-01T00:00:00.000Z,Webin-69627,9031,Gallus gallus,chicken,macrosample,SAMEA120632687,Caecum right,Tissue,5 mL tube,None,-70 ºC,
recNNvCwnl3clEapV,recpissCn1GaqRt8L,2026-10-09T02:56:41.000Z,F029aD,2025-06-01T00:00:00.000Z,Webin-69627,9031,Gallus gallus,chicken,macrosample,SAMEA120632688,Caecum right,Digesta,5 mL tube,None,-70 ºC,
recFqGS2t9j0zt43h,recCYyciPHXno1PfD,2026-10-09T02:56:41.000Z,F029aE,2025-06-01T00:00:00.000Z,Webin-69627,9031,Gallus gallus,chicken,macrosample,SAMEA120632688,Caecum right,Tissue,5 mL tube,None,-70 ºC,
reckJOt2zmFiVBfYB,recqz8D61os5jhbRD,2026-10-09T02:56:41.000Z,F030aD,2025-06-01T00:00:00.000Z,Webin-69627,9031,Gallus gallus,chicken,macrosample,SAMEA120632689,Caecum right,Digesta,5 mL tube,None,-70 ºC,
recewDi0sXhbIWc4H,recFRb2Wl0LPRZtfz,2026-10-09T02:56:41.000Z,F030aE,2025-06-01T00:00:00.000Z,Webin-69627,9031,Gallus gallus,chicken,macrosample,SAMEA120632689,Caecum right,Tissue,5 mL tube,None,-70 ºC,
recyZpzKwsehaSFPL,recUTPTRIwVmdKDLX,2026-10-09T02:56:41.000Z,F031bD,2025-06-01T00:00:00.000Z,Webin-69627,9031,Gallus gallus,chicken,macrosample,SAMEA120632690,Caecum right,Digesta,5 mL tube,None,-70 ºC,
receGY8F3FMmoTc6F,recCSsxJJxV1w54Rs,2026-10-09T02:56:41.000Z,F031bE,2025-06-01T00:00:00.000Z,Webin-69627,9031,Gallus gallus,chicken,macrosample,SAMEA120632690,Caecum right,Tissue,5 mL tube,None,-70 ºC,
rechb1Y1qDfXMlmvx,recyBLKM5Q0PXzC6L,2026-10-09T02:56:41.000Z,F032bD,2025-06-01T00:00:00.000Z,Webin-69627,9031,Gallus gallus,chicken,macrosample,SAMEA120632691,Caecum right,Digesta,5 mL tube,None,-70 ºC,
recztYUUEfDUBH5AG,recV5n5YCSNurOino,2026-10-09T02:56:41.000Z,F032bE,2025-06-01T00:00:00.000Z,Webin-69627,9031,Gallus gallus,chicken,macrosample,SAMEA120632691,Caecum right,Tissue,5 mL tube,None,-70 ºC,
recTPzS0PVZrZnEVK,recnDB9A7xTdapuyJ,2026-10-09T02:56:41.000Z,F033bD,2025-06-01T00:00:00.000Z,Webin-69627,9031,Gallus gallus,chicken,macrosample,SAMEA120632692,Caecum right,Digesta,5 mL tube,None,-70 ºC,
rec1rAq676BoiwNAx,recr9HyyVezfGyj1z,2026-10-09T02:56:41.000Z,F033bE,2025-06-01T00:00:00.000Z,Webin-69627,9031,Gallus gallus,chicken,macrosample,SAMEA120632692,Caecum right,Tissue,5 mL tube,None,-70 ºC,
recnMuWE16g0JrfOW,rec12OdXVZMBENbos,2026-10-09T02:56:41.000Z,F034bD,2025-06-01T00:00:00.000Z,Webin-69627,9031,Gallus gallus,chicken,macrosample,SAMEA120632693,Caecum right,Digesta,5 mL tube,None,-70 ºC,
rech14HUCCxE55Qi9,rec76ksq13Jp7bJtm,2026-10-09T02:56:41.000Z,F034bE,2025-06-01T00:00:00.000Z,Webin-69627,9031,Gallus gallus,chicken,macrosample,SAMEA120632693,Caecum right,Tissue,5 mL tube,None,-70 ºC,
recMWropkhjD0G5R9,recjlJ1TsnQ6Kef3C,2026-10-09T02:56:41.000Z,F035bD,2025-06-01T00:00:00.000Z,Webin-69627,9031,Gallus gallus,chicken,macrosample,SAMEA120632694,Caecum right,Digesta,5 mL tube,None,-70 ºC,
recWzfFddyaQGd6K5,recg1QLbssKaXtf5K,2026-10-09T02:56:41.000Z,F035bE,2025-06-01T00:00:00.000Z,Webin-69627,9031,Gallus gallus,chicken,macrosample,SAMEA120632694,Caecum right,Tissue,5 mL tube,None,-70 ºC,
recaOkUckPdLgTLS5,recHJ15wT9LQtCUrK,2026-10-09T02:56:41.000Z,F036cD,2025-06-01T00:00:00.000Z,Webin-69627,9031,Gallus gallus,chicken,macrosample,SAMEA120632695,Caecum right,Digesta,5 mL tube,None,-70 ºC,
recYSow6UGSA3B2P8,rec4Kv70Vj004fn95,2026-10-09T02:56:41.000Z,F036cE,2025-06-01T00:00:00.000Z,Webin-69627,9031,Gallus gallus,chicken,macrosample,SAMEA120632695,Caecum right,Tissue,5 mL tube,None,-70 ºC,
recCTTDQ2WoTCtNnS,recLPbRuxwBm5p4X2,2026-10-09T02:56:41.000Z,F037cD,2025-06-01T00:00:00.000Z,Webin-69627,9031,Gallus gallus,chicken,macrosample,SAMEA120632696,Caecum right,Digesta,5 mL tube,None,-70 ºC,
recxUoo4aTxymiX0k,recifr1FBuH3MEhus,2026-10-09T02:56:41.000Z,F037cE,2025-06-01T00:00:00.000Z,Webin-69627,9031,Gallus gallus,chicken,macrosample,SAMEA120632696,Caecum right,Tissue,5 mL tube,None,-70 ºC,
recWskoXUA46PRvMj,recS9xn4PRjzYF0Dy,2026-10-09T02:56:41.000Z,F038cD,2025-06-01T00:00:00.000Z,Webin-69627,9031,Gallus gallus,chicken,macrosample,SAMEA120632697,Caecum right,Digesta,5 mL tube,None,-70 ºC,
recwz2VrdabnJkMQc,recwdTfnY3SMxU7Go,2026-10-09T02:56:41.000Z,F038cE,2025-06-01T00:00:00.000Z,Webin-69627,9031,Gallus gallus,chicken,macrosample,SAMEA120632697,Caecum right,Tissue,5 mL tube,None,-70 ºC,
recD4H44AB5o13GLv,recfX5cEcXlYHgpbh,2026-10-09T02:56:41.000Z,F039cD,2025-06-01T00:00:00.000Z,Webin-69627,9031,Gallus gallus,chicken,macrosample,SAMEA120632698,Caecum right,Digesta,5 mL tube,None,-70 ºC,
recffZ37cJOinKvyX,recr9NVF1q6GIXI3R,2026-10-09T02:56:41.000Z,F039cE,2025-06-01T00:00:00.000Z,Webin-69627,9031,Gallus gallus,chicken,macrosample,SAMEA120632698,Caecum right,Tissue,5 mL tube,None,-70 ºC,
rec5CHDTJsT1Og7KV,recaFv9KORAXmTBh8,2026-10-09T02:56:41.000Z,F040cD,2025-06-01T00:00:00.000Z,Webin-69627,9031,Gallus gallus,chicken,macrosample,SAMEA120632699,Caecum right,Digesta,5 mL tube,None,-70 ºC,
reciWksCEQZemqshU,recCPfvljzyeJ5ILR,2026-10-09T02:56:41.000Z,F040cE,2025-06-01T00:00:00.000Z,Webin-69627,9031,Gallus gallus,chicken,macrosample,SAMEA120632699,Caecum right,Tissue,5 mL tube,None,-70 ºC,
recGUKkpf9jqvvQN8,recW8Tv5NES8NNcu0,2026-10-09T02:56:41.000Z,F041dD,2025-06-01T00:00:00.000Z,Webin-69627,9031,Gallus gallus,chicken,macrosample,SAMEA120632700,Caecum right,Digesta,5 mL tube,None,-70 ºC,
recc7l2OKSqD9m9XL,recWQPNnIx8XUQ1OC,2026-10-09T02:56:41.000Z,F041dE,2025-06-01T00:00:00.000Z,Webin-69627,9031,Gallus gallus,chicken,macrosample,SAMEA120632700,Caecum right,Tissue,5 mL tube,None,-70 ºC,
recK1Q3zyhIj7jgP3,recrC1OYbI2HqwGaP,2026-10-09T02:56:41.000Z,F042dD,2025-06-01T00:00:00.000Z,Webin-69627,9031,Gallus gallus,chicken,macrosample,SAMEA120632701,Caecum right,Digesta,5 mL tube,None,-70 ºC,
recnXaScL4A1aJp4L,recRzrjD1zUXt5XES,2026-10-09T02:56:41.000Z,F042dE,2025-06-01T00:00:00.000Z,Webin-69627,9031,Gallus gallus,chicken,macrosample,SAMEA120632701,Caecum right,Tissue,5 mL tube,None,-70 ºC,
reciPgXpXzsSzNM3w,recgq23q3zlh38DP1,2026-10-09T02:56:41.000Z,F043dD,2025-06-01T00:00:00.000Z,Webin-69627,9031,Gallus gallus,chicken,macrosample,SAMEA120632702,Caecum right,Digesta,5 mL tube,None,-70 ºC,
recUOg49j67Zz4pfq,recbVeWJ6naa2LDv7,2026-10-09T02:56:41.000Z,F043dE,2025-06-01T00:00:00.000Z,Webin-69627,9031,Gallus gallus,chicken,macrosample,SAMEA120632702,Caecum right,Tissue,5 mL tube,None,-70 ºC,
recoJkqhaZjxMMbVU,rec1RSuICmixykaKt,2026-10-09T02:56:41.000Z,F044dD,2025-06-01T00:00:00.000Z,Webin-69627,9031,Gallus gallus,chicken,macrosample,SAMEA120632703,Caecum right,Digesta,5 mL tube,None,-70 ºC,
recEXeKjonq3MqfqZ,recuLK2rO8GsZqorw,2026-10-09T02:56:41.000Z,F044dE,2025-06-01T00:00:00.000Z,Webin-69627,9031,Gallus gallus,chicken,macrosample,SAMEA120632703,Caecum right,Tissue,5 mL tube,None,-70 ºC,
recZmh3HaYF1nGxGU,reccorAzxWztGafRL,2026-10-09T02:56:41.000Z,F045dD,2025-06-01T00:00:00.000Z,Webin-69627,9031,Gallus gallus,chicken,macrosample,SAMEA120632704,Caecum right,Digesta,5 mL tube,None,-70 ºC,
rec6AwCjmyQFlSbaL,reclPDbOSYnoqHlbG,2026-10-09T02:56:41.000Z,F045dE,2025-06-01T00:00:00.000Z,Webin-69627,9031,Gallus gallus,chicken,macrosample,SAMEA120632704,Caecum right,Tissue,5 mL tube,None,-70 ºC,
recglmizCxCkkAE6g,recc5tyFwxb4PvsbD,2026-10-09T02:56:41.000Z,F046eD,2025-06-01T00:00:00.000Z,Webin-69627,9031,Gallus gallus,chicken,macrosample,SAMEA120632705,Caecum right,Digesta,5 mL tube,None,-70 ºC,
reckGtMP9P1E2d92I,reciSVGVRnP1xK2NE,2026-10-09T02:56:41.000Z,F046eE,2025-06-01T00:00:00.000Z,Webin-69627,9031,Gallus gallus,chicken,macrosample,SAMEA120632705,Caecum right,Tissue,5 mL tube,None,-70 ºC,
recvqnP0F6lGtfc2O,recfSKVwTHrhvVfZN,2026-10-09T02:56:41.000Z,F047eD,2025-06-01T00:00:00.000Z,Webin-69627,9031,Gallus gallus,chicken,macrosample,SAMEA120632706,Caecum right,Digesta,5 mL tube,None,-70 ºC,
reci3PdvnA2RWFXCR,recMTXEZsljFJi7ln,2026-10-09T02:56:41.000Z,F047eE,2025-06-01T00:00:00.000Z,Webin-69627,9031,Gallus gallus,chicken,macrosample,SAMEA120632706,Caecum right,Tissue,5 mL tube,None,-70 ºC,
recEk2J8eKaf1jbbO,recfZFXML7IG9qQAW,2026-10-09T02:56:41.000Z,F048eD,2025-06-01T00:00:00.000Z,Webin-69627,9031,Gallus gallus,chicken,macrosample,SAMEA120632707,Caecum right,Digesta,5 mL tube,None,-70 ºC,
recNCnwQFfgVdROUm,recGfREASRUjDNc86,2026-10-09T02:56:41.000Z,F048eE,2025-06-01T00:00:00.000Z,Webin-69627,9031,Gallus gallus,chicken,macrosample,SAMEA120632707,Caecum right,Tissue,5 mL tube,None,-70 ºC,
recgBW1PGdfcpT2WA,recwu1AYY2REcJ9IM,2026-10-09T02:56:41.000Z,F049eD,2025-06-01T00:00:00.000Z,Webin-69627,9031,Gallus gallus,chicken,macrosample,SAMEA120632708,Caecum right,Digesta,5 mL tube,None,-70 ºC,
recYfSvOOKo59BvtV,recReLryCFx8JDCjH,2026-10-09T02:56:41.000Z,F049eE,2025-06-01T00:00:00.000Z,Webin-69627,9031,Gallus gallus,chicken,macrosample,SAMEA120632708,Caecum right,Tissue,5 mL tube,None,-70 ºC,
reccOcS6UyGsCeqi8,rec3EQ4sglbYdf7Ao,2026-10-09T02:56:41.000Z,F050eD,2025-06-01T00:00:00.000Z,Webin-69627,9031,Gallus gallus,chicken,macrosample,SAMEA120632709,Caecum right,Digesta,5 mL tube,None,-70 ºC,
recCkSDFGcBGpuSxw,recchKv130dakU0M8,2026-10-09T02:56:41.000Z,F050eE,2025-06-01T00:00:00.000Z,Webin-69627,9031,Gallus gallus,chicken,macrosample,SAMEA120632709,Caecum right,Tissue,5 mL tube,None,-70 ºC,
recguL4k6EYpiWiHw,recJEfyfArphEPSfI,2026-10-09T02:56:41.000Z,F051aD,2025-06-01T00:00:00.000Z,Webin-69627,9031,Gallus gallus,chicken,macrosample,SAMEA120632710,Caecum right,Digesta,5 mL tube,None,-70 ºC,
recdzQw6cMD7oVgzh,reciKfAOL3BYz5NR5,2026-10-09T02:56:41.000Z,F051aE,2025-06-01T00:00:00.000Z,Webin-69627,9031,Gallus gallus,chicken,macrosample,SAMEA120632710,Caecum right,Tissue,5 mL tube,None,-70 ºC,
recTTezuZ9zvohyHu,recCqdhWzRztLYrHw,2026-10-09T02:56:41.000Z,F052aD,2025-06-01T00:00:00.000Z,Webin-69627,9031,Gallus gallus,chicken,macrosample,SAMEA120632711,Caecum right,Digesta,5 mL tube,None,-70 ºC,
recn5htOgEJIJMEAr,recNBGV40LJsmsHJ0,2026-10-09T02:56:41.000Z,F052aE,2025-06-01T00:00:00.000Z,Webin-69627,9031,Gallus gallus,chicken,macrosample,SAMEA120632711,Caecum right,Tissue,5 mL tube,None,-70 ºC,
rectj0y9z3kQEHzrk,recvmK60yzL8yuDXV,2026-10-09T02:56:41.000Z,F053aD,2025-06-01T00:00:00.000Z,Webin-69627,9031,Gallus gallus,chicken,macrosample,SAMEA120632712,Caecum right,Digesta,5 mL tube,None,-70 ºC,
rechZB7RH9r4PnHeu,rechG3MnWLHtCed9D,2026-10-09T02:56:41.000Z,F053aE,2025-06-01T00:00:00.000Z,Webin-69627,9031,Gallus gallus,chicken,macrosample,SAMEA120632712,Caecum right,Tissue,5 mL tube,None,-70 ºC,
recD1ZKeNu4q06ZVI,recCxvNeRrS9FxkDL,2026-10-09T02:56:41.000Z,F054aD,2025-06-01T00:00:00.000Z,Webin-69627,9031,Gallus gallus,chicken,macrosample,SAMEA120632713,Caecum right,Digesta,5 mL tube,None,-70 ºC,
recWwzJhSp4Xqp5w6,recCxNzCZYBF4dZ2k,2026-10-09T02:56:41.000Z,F054aE,2025-06-01T00:00:00.000Z,Webin-69627,9031,Gallus gallus,chicken,macrosample,SAMEA120632713,Caecum right,Tissue,5 mL tube,None,-70 ºC,
recAeskl4qduxAPlE,recBG15qKlLij2AVg,2026-10-09T02:56:41.000Z,F055aD,2025-06-01T00:00:00.000Z,Webin-69627,9031,Gallus gallus,chicken,macrosample,SAMEA120632714,Caecum right,Digesta,5 mL tube,None,-70 ºC,
recRAAEADvSHeiIA2,reccMbbvdsgsYbRup,2026-10-09T02:56:41.000Z,F055aE,2025-06-01T00:00:00.000Z,Webin-69627,9031,Gallus gallus,chicken,macrosample,SAMEA120632714,Caecum right,Tissue,5 mL tube,None,-70 ºC,
recHO66Vh5THkpCy9,recDESJR52HVh8oba,2026-10-09T02:56:41.000Z,F056bD,2025-06-01T00:00:00.000Z,Webin-69627,9031,Gallus gallus,chicken,macrosample,SAMEA120632715,Caecum right,Digesta,5 mL tube,None,-70 ºC,
recxbJeHPSf3B8Y1M,rec7EBo27HIRgLDTD,2026-10-09T02:56:41.000Z,F056bE,2025-06-01T00:00:00.000Z,Webin-69627,9031,Gallus gallus,chicken,macrosample,SAMEA120632715,Caecum right,Tissue,5 mL tube,None,-70 ºC,
recjOpyvUhHItuLa1,rec9WBTnNQjjGiELm,2026-10-09T02:56:41.000Z,F057bD,2025-06-01T00:00:00.000Z,Webin-69627,9031,Gallus gallus,chicken,macrosample,SAMEA120632716,Caecum right,Digesta,5 mL tube,None,-70 ºC,
reclwNRy5UGRVGbON,recifMaYhDgiR1LbW,2026-10-09T02:56:41.000Z,F057bE,2025-06-01T00:00:00.000Z,Webin-69627,9031,Gallus gallus,chicken,macrosample,SAMEA120632716,Caecum right,Tissue,5 mL tube,None,-70 ºC,
recijwDdrffAAyypz,recxFcoYIfVEjNpNJ,2026-10-09T02:56:41.000Z,F058bD,2025-06-01T00:00:00.000Z,Webin-69627,9031,Gallus gallus,chicken,macrosample,SAMEA120632717,Caecum right,Digesta,5 mL tube,None,-70 ºC,
rec753QNbBmK5K5K1,recmayVOT9cfvXFHO,2026-10-09T02:56:41.000Z,F058bE,2025-06-01T00:00:00.000Z,Webin-69627,9031,Gallus gallus,chicken,macrosample,SAMEA120632717,Caecum right,Tissue,5 mL tube,None,-70 ºC,
recGapVulgNvuaFyS,reckgY8AGks9aa28i,2026-10-09T02:56:41.000Z,F059bD,2025-06-01T00:00:00.000Z,Webin-69627,9031,Gallus gallus,chicken,macrosample,SAMEA120632718,Caecum right,Digesta,5 mL tube,None,-70 ºC,
rec117yWYgxcWhoWP,rec3jfFP96x1Coll1,2026-10-09T02:56:41.000Z,F059bE,2025-06-01T00:00:00.000Z,Webin-69627,9031,Gallus gallus,chicken,macrosample,SAMEA120632718,Caecum right,Tissue,5 mL tube,None,-70 ºC,
recajT8Y1TM2kgdJm,recpt6xQymbt2SS73,2026-10-09T02:56:41.000Z,F060bD,2025-06-01T00:00:00.000Z,Webin-69627,9031,Gallus gallus,chicken,macrosample,SAMEA120632719,Caecum right,Digesta,5 mL tube,None,-70 ºC,
rec0Xa0d6n47QirT1,recoixOWAvBOAh190,2026-10-09T02:56:41.000Z,F060bE,2025-06-01T00:00:00.000Z,Webin-69627,9031,Gallus gallus,chicken,macrosample,SAMEA120632719,Caecum right,Tissue,5 mL tube,None,-70 ºC,
recqpRLeKKju3H2oS,recd6la9qx1pvEoT8,2026-10-09T02:56:41.000Z,F061cD,2025-06-01T00:00:00.000Z,Webin-69627,9031,Gallus gallus,chicken,macrosample,SAMEA120632720,Caecum right,Digesta,5 mL tube,None,-70 ºC,
recNOaDMcuprhU9Xa,recvNS3jmeJAVrKjw,2026-10-09T02:56:41.000Z,F061cE,2025-06-01T00:00:00.000Z,Webin-69627,9031,Gallus gallus,chicken,macrosample,SAMEA120632720,Caecum right,Tissue,5 mL tube,None,-70 ºC,
recd9OVTu0ypCHjbr,recMVamGbY2o60nMW,2026-10-09T02:56:41.000Z,F062cD,2025-06-01T00:00:00.000Z,Webin-69627,9031,Gallus gallus,chicken,macrosample,SAMEA120632721,Caecum right,Digesta,5 mL tube,None,-70 ºC,
recdqqS0cwqUVIun4,recGpy1jGwLLLCWkk,2026-10-09T02:56:41.000Z,F062cE,2025-06-01T00:00:00.000Z,Webin-69627,9031,Gallus gallus,chicken,macrosample,SAMEA120632721,Caecum right,Tissue,5 mL tube,None,-70 ºC,
rectczCOqoom8E5v5,recLpZ89Ly8TJRu6P,2026-10-09T02:56:41.000Z,F063cD,2025-06-01T00:00:00.000Z,Webin-69627,9031,Gallus gallus,chicken,macrosample,SAMEA120632722,Caecum right,Digesta,5 mL tube,None,-70 ºC,
rec15bso035vDRn8s,recUEnFoUx6PabNvW,2026-10-09T02:56:41.000Z,F063cE,2025-06-01T00:00:00.000Z,Webin-69627,9031,Gallus gallus,chicken,macrosample,SAMEA120632722,Caecum right,Tissue,5 mL tube,None,-70 ºC,
recuHdTd5Wjl8upNx,rec6xScfYMyVJvzMj,2026-10-09T02:56:41.000Z,F064cD,2025-06-01T00:00:00.000Z,Webin-69627,9031,Gallus gallus,chicken,macrosample,SAMEA120632723,Caecum right,Digesta,5 mL tube,None,-70 ºC,
recGVt8xkCw47KoUZ,rec4CbzefqEuP58cQ,2026-10-09T02:56:41.000Z,F064cE,2025-06-01T00:00:00.000Z,Webin-69627,9031,Gallus gallus,chicken,macrosample,SAMEA120632723,Caecum right,Tissue,5 mL tube,None,-70 ºC,
rec3ZOqnx7HIHp5gE,recxEcYfOzhgYqLfi,2026-10-09T02:56:41.000Z,F065cD,2025-06-01T00:00:00.000Z,Webin-69627,9031,Gallus gallus,chicken,macrosample,SAMEA120632724,Caecum right,Digesta,5 mL tube,None,-70 ºC,
recU1P5z4RuNWNnpi,rec5isXD7dL2GtXNX,2026-10-09T02:56:41.000Z,F065cE,2025-06-01T00:00:00.000Z,Webin-69627,9031,Gallus gallus,chicken,macrosample,SAMEA120632724,Caecum right,Tissue,5 mL tube,None,-70 ºC,
recsE9dJHK0RrbcvY,recigseTnbM2Dsk8A,2026-10-09T02:56:41.000Z,F066dD,2025-06-01T00:00:00.000Z,Webin-69627,9031,Gallus gallus,chicken,macrosample,SAMEA120632725,Caecum right,Digesta,5 mL tube,None,-70 ºC,
rec0JuGGdtOR1DE0W,recWCgT3Z1v6bzFZ9,2026-10-09T02:56:41.000Z,F066dE,2025-06-01T00:00:00.000Z,Webin-69627,9031,Gallus gallus,chicken,macrosample,SAMEA120632725,Caecum right,Tissue,5 mL tube,None,-70 ºC,
recjLE2sHw95SjrJs,recpjc0BFHUO0nkB4,2026-10-09T02:56:41.000Z,F067dD,2025-06-01T00:00:00.000Z,Webin-69627,9031,Gallus gallus,chicken,macrosample,SAMEA120632726,Caecum right,Digesta,5 mL tube,None,-70 ºC,
rec1EbOAZsDyGDuTg,rechxGZkFIEHgtJ51,2026-10-09T02:56:41.000Z,F067dE,2025-06-01T00:00:00.000Z,Webin-69627,9031,Gallus gallus,chicken,macrosample,SAMEA120632726,Caecum right,Tissue,5 mL tube,None,-70 ºC,
recpVmDaRSKwpmxJu,rec3OMUrKGXHO3PEx,2026-10-09T02:56:41.000Z,F068dD,2025-06-01T00:00:00.000Z,Webin-69627,9031,Gallus gallus,chicken,macrosample,SAMEA120632727,Caecum right,Digesta,5 mL tube,None,-70 ºC,
recZJi4PK4NRVKd9C,reckq6E74fdeN5c7G,2026-10-09T02:56:41.000Z,F068dE,2025-06-01T00:00:00.000Z,Webin-69627,9031,Gallus gallus,chicken,macrosample,SAMEA120632727,Caecum right,Tissue,5 mL tube,None,-70 ºC,
recflftEZY9Pk1Lh8,recv8lHnztP05Sk0n,2026-10-09T02:56:41.000Z,F069dD,2025-06-01T00:00:00.000Z,Webin-69627,9031,Gallus gallus,chicken,macrosample,SAMEA120632728,Caecum right,Digesta,5 mL tube,None,-70 ºC,
recPc9fGMHSPExpRN,rece4OAIsHHrZNGdu,2026-10-09T02:56:41.000Z,F069dE,2025-06-01T00:00:00.000Z,Webin-69627,9031,Gallus gallus,chicken,macrosample,SAMEA120632728,Caecum right,Tissue,5 mL tube,None,-70 ºC,
recJDpff39AvyZv11,recmdGAiPr5298nKq,2026-10-09T02:56:41.000Z,F070dD,2025-06-01T00:00:00.000Z,Webin-69627,9031,Gallus gallus,chicken,macrosample,SAMEA120632729,Caecum right,Digesta,5 mL tube,None,-70 ºC,
recZ7qYRUWrb8GA18,recqHzOSoilGfeVgh,2026-10-09T02:56:41.000Z,F070dE,2025-06-01T00:00:00.000Z,Webin-69627,9031,Gallus gallus,chicken,macrosample,SAMEA120632729,Caecum right,Tissue,5 mL tube,None,-70 ºC,
recE6CUAgfXOWw7Ub,recMB18ZPXhXyhT65,2026-10-09T02:56:41.000Z,F071eD,2025-06-01T00:00:00.000Z,Webin-69627,9031,Gallus gallus,chicken,macrosample,SAMEA120632730,Caecum right,Digesta,5 mL tube,None,-70 ºC,
recOA6kYtAgqh6GWg,recdFG1trJ0JMbhtD,2026-10-09T02:56:41.000Z,F071eE,2025-06-01T00:00:00.000Z,Webin-69627,9031,Gallus gallus,chicken,macrosample,SAMEA120632730,Caecum right,Tissue,5 mL tube,None,-70 ºC,
rec3ncY4EDLu2nbEq,recwL5pUeWoMRZBti,2026-10-09T02:56:41.000Z,F072eD,2025-06-01T00:00:00.000Z,Webin-69627,9031,Gallus gallus,chicken,macrosample,SAMEA120632731,Caecum right,Digesta,5 mL tube,None,-70 ºC,
recWWTJVHbgI4n3nz,recrkI1jIGcbBaINx,2026-10-09T02:56:41.000Z,F072eE,2025-06-01T00:00:00.000Z,Webin-69627,9031,Gallus gallus,chicken,macrosample,SAMEA120632731,Caecum right,Tissue,5 mL tube,None,-70 ºC,
recAVsLzbljfXwlVj,recd3xe6vUhOyxpcp,2026-10-09T02:56:41.000Z,F073eD,2025-06-01T00:00:00.000Z,Webin-69627,9031,Gallus gallus,chicken,macrosample,SAMEA120632732,Caecum right,Digesta,5 mL tube,None,-70 ºC,
recg4bBmuaavN19Wz,rec7qacSGZqeAPm8G,2026-10-09T02:56:41.000Z,F073eE,2025-06-01T00:00:00.000Z,Webin-69627,9031,Gallus gallus,chicken,macrosample,SAMEA120632732,Caecum right,Tissue,5 mL tube,None,-70 ºC,
rec9aapZ3Ggrg7mdq,rec3yD5GIYwPSXv2M,2026-10-09T02:56:41.000Z,F074eD,2025-06-01T00:00:00.000Z,Webin-69627,9031,Gallus gallus,chicken,macrosample,SAMEA120632733,Caecum right,Digesta,5 mL tube,None,-70 ºC,
reco6xMr6fgYiiMzC,recQWUezEVKebnkef,2026-10-09T02:56:41.000Z,F074eE,2025-06-01T00:00:00.000Z,Webin-69627,9031,Gallus gallus,chicken,macrosample,SAMEA120632733,Caecum right,Tissue,5 mL tube,None,-70 ºC,
rec7mYgUakfXQoPIF,recIYng9Dk6BqXXom,2026-10-09T02:56:41.000Z,F075eD,2025-06-01T00:00:00.000Z,Webin-69627,9031,Gallus gallus,chicken,macrosample,SAMEA120632734,Caecum right,Digesta,5 mL tube,None,-70 ºC,
rectbovtHSneXCV8x,recEQqy7Wb5xtQRqY,2026-10-09T02:56:41.000Z,F075eE,2025-06-01T00:00:00.000Z,Webin-69627,9031,Gallus gallus,chicken,macrosample,SAMEA120632734,Caecum right,Tissue,5 mL tube,None,-70 ºC,
rec1RtUTHqIjG0ODa,recVzrLjCt8fEf5AZ,2026-10-09T02:56:41.000Z,F076aD,2025-06-01T00:00:00.000Z,Webin-69627,9031,Gallus gallus,chicken,macrosample,SAMEA120632735,Caecum right,Digesta,5 mL tube,None,-70 ºC,
recnHceZEvBIEpN9x,recPy4vkTDQfCZ7NX,2026-10-09T02:56:41.000Z,F076aE,2025-06-01T00:00:00.000Z,Webin-69627,9031,Gallus gallus,chicken,macrosample,SAMEA120632735,Caecum right,Tissue,5 mL tube,None,-70 ºC,
reck85swFDTJZaYAf,rec6tRfNG6wtfvsZg,2026-10-09T02:56:41.000Z,F077aD,2025-06-01T00:00:00.000Z,Webin-69627,9031,Gallus gallus,chicken,macrosample,SAMEA120632736,Caecum right,Digesta,5 mL tube,None,-70 ºC,
recietKvUkM2xVEiv,reczfDJSms6jIV8NZ,2026-10-09T02:56:41.000Z,F077aE,2025-06-01T00:00:00.000Z,Webin-69627,9031,Gallus gallus,chicken,macrosample,SAMEA120632736,Caecum right,Tissue,5 mL tube,None,-70 ºC,
rec1z233lczchBofA,recr6aCmvspSkkHrT,2026-10-09T02:56:41.000Z,F078aD,2025-06-01T00:00:00.000Z,Webin-69627,9031,Gallus gallus,chicken,macrosample,SAMEA120632737,Caecum right,Digesta,5 mL tube,None,-70 ºC,
recdPWnpoVw21iCtf,recLxXLgsOZ0os5ss,2026-10-09T02:56:41.000Z,F078aE,2025-06-01T00:00:00.000Z,Webin-69627,9031,Gallus gallus,chicken,macrosample,SAMEA120632737,Caecum right,Tissue,5 mL tube,None,-70 ºC,
rechQOOngrqdhYrwr,recZ4UibmGabZMhh9,2026-10-09T02:56:41.000Z,F079aD,2025-06-01T00:00:00.000Z,Webin-69627,9031,Gallus gallus,chicken,macrosample,SAMEA120632738,Caecum right,Digesta,5 mL tube,None,-70 ºC,
recEbVtyVyCUuIFso,recZoVvzdjBYPJ2m4,2026-10-09T02:56:41.000Z,F079aE,2025-06-01T00:00:00.000Z,Webin-69627,9031,Gallus gallus,chicken,macrosample,SAMEA120632738,Caecum right,Tissue,5 mL tube,None,-70 ºC,
recGNGrNHDvsn8OQj,recbmwZsXtwfIWNVr,2026-10-09T02:56:41.000Z,F080aD,2025-06-01T00:00:00.000Z,Webin-69627,9031,Gallus gallus,chicken,macrosample,SAMEA120632739,Caecum right,Digesta,5 mL tube,None,-70 ºC,
recBz5fNftkNczOMS,recWMRnyi2uYYH6pi,2026-10-09T02:56:41.000Z,F080aE,2025-06-01T00:00:00.000Z,Webin-69627,9031,Gallus gallus,chicken,macrosample,SAMEA120632739,Caecum right,Tissue,5 mL tube,None,-70 ºC,
recVB7xk0hmGXhdWv,recfozIUfaBVS6Gtx,2026-10-09T02:56:41.000Z,F081bD,2025-06-01T00:00:00.000Z,Webin-69627,9031,Gallus gallus,chicken,macrosample,SAMEA120632740,Caecum right,Digesta,5 mL tube,None,-70 ºC,
recrooPLAYAGLeOlY,recLRrl6yyZsslORN,2026-10-09T02:56:41.000Z,F081bE,2025-06-01T00:00:00.000Z,Webin-69627,9031,Gallus gallus,chicken,macrosample,SAMEA120632740,Caecum right,Tissue,5 mL tube,None,-70 ºC,
recrm0yT6NpBqx2ZJ,recJWStBOw2vLRhoB,2026-10-09T02:56:41.000Z,F082bD,2025-06-01T00:00:00.000Z,Webin-69627,9031,Gallus gallus,chicken,macrosample,SAMEA120632741,Caecum right,Digesta,5 mL tube,None,-70 ºC,
recvG2yLyL2WYiCku,recop8P5ChHYI4oX8,2026-10-09T02:56:41.000Z,F082bE,2025-06-01T00:00:00.000Z,Webin-69627,9031,Gallus gallus,chicken,macrosample,SAMEA120632741,Caecum right,Tissue,5 mL tube,None,-70 ºC,
recOHISzDokoGakJD,recgXbcrwq3fGsikK,2026-10-09T02:56:41.000Z,F083bD,2025-06-01T00:00:00.000Z,Webin-69627,9031,Gallus gallus,chicken,macrosample,SAMEA120632742,Caecum right,Digesta,5 mL tube,None,-70 ºC,
rec32QKZ0HoY5hAKE,recYjIq8CKQsm66Vm,2026-10-09T02:56:41.000Z,F083bE,2025-06-01T00:00:00.000Z,Webin-69627,9031,Gallus gallus,chicken,macrosample,SAMEA120632742,Caecum right,Tissue,5 mL tube,None,-70 ºC,
reci7yC01NwCDJQkV,recBTmtfv5wqI3iMx,2026-10-09T02:56:41.000Z,F084bD,2025-06-01T00:00:00.000Z,Webin-69627,9031,Gallus gallus,chicken,macrosample,SAMEA120632743,Caecum right,Digesta,5 mL tube,None,-70 ºC,
recAX2QHcgMoI6hX5,recODRJGVfXyxcJLs,2026-10-09T02:56:41.000Z,F084bE,2025-06-01T00:00:00.000Z,Webin-69627,9031,Gallus gallus,chicken,macrosample,SAMEA120632743,Caecum right,Tissue,5 mL tube,None,-70 ºC,
recaWIPhv9hiRYQBe,recqM1m76rYiTuNix,2026-10-09T02:56:41.000Z,F085bD,2025-06-01T00:00:00.000Z,Webin-69627,9031,Gallus gallus,chicken,macrosample,SAMEA120632744,Caecum right,Digesta,5 mL tube,None,-70 ºC,
recYiKpsAv75YjeSg,reccKaBiHhS5J6u80,2026-10-09T02:56:41.000Z,F085bE,2025-06-01T00:00:00.000Z,Webin-69627,9031,Gallus gallus,chicken,macrosample,SAMEA120632744,Caecum right,Tissue,5 mL tube,None,-70 ºC,
recVXFKIyIg7kWnww,recBiXYLQZYWqVliw,2026-10-09T02:56:41.000Z,F086cD,2025-06-01T00:00:00.000Z,Webin-69627,9031,Gallus gallus,chicken,macrosample,SAMEA120632745,Caecum right,Digesta,5 mL tube,None,-70 ºC,
recaDdU4NAHll2DUZ,recPCpzMG5E16dfOX,2026-10-09T02:56:41.000Z,F086cE,2025-06-01T00:00:00.000Z,Webin-69627,9031,Gallus gallus,chicken,macrosample,SAMEA120632745,Caecum right,Tissue,5 mL tube,None,-70 ºC,
reckAKd6qNb32RDU8,recsdNTmute2MYnZP,2026-10-09T02:56:41.000Z,F087cD,2025-06-01T00:00:00.000Z,Webin-69627,9031,Gallus gallus,chicken,macrosample,SAMEA120632746,Caecum right,Digesta,5 mL tube,None,-70 ºC,
recsfszS914jin5nO,recnmqVzU6Er0lflG,2026-10-09T02:56:41.000Z,F087cE,2025-06-01T00:00:00.000Z,Webin-69627,9031,Gallus gallus,chicken,macrosample,SAMEA120632746,Caecum right,Tissue,5 mL tube,None,-70 ºC,
recEgtKae6kA3tIp1,recraV0ERpc70HCmI,2026-10-09T02:56:41.000Z,F088cD,2025-06-01T00:00:00.000Z,Webin-69627,9031,Gallus gallus,chicken,macrosample,SAMEA120632747,Caecum right,Digesta,5 mL tube,None,-70 ºC,
rec4pM9JWau6hdleU,recJ912PD39IqwGTC,2026-10-09T02:56:41.000Z,F088cE,2025-06-01T00:00:00.000Z,Webin-69627,9031,Gallus gallus,chicken,macrosample,SAMEA120632747,Caecum right,Tissue,5 mL tube,None,-70 ºC,
rec89VzXLFHOFhLbS,rec2l6bwyfF2P1A3H,2026-10-09T02:56:41.000Z,F089cD,2025-06-01T00:00:00.000Z,Webin-69627,9031,Gallus gallus,chicken,macrosample,SAMEA120632748,Caecum right,Digesta,5 mL tube,None,-70 ºC,
rec6f2NuVMrGG31sH,recXUjppAGR2Q9ysC,2026-10-09T02:56:41.000Z,F089cE,2025-06-01T00:00:00.000Z,Webin-69627,9031,Gallus gallus,chicken,macrosample,SAMEA120632748,Caecum right,Tissue,5 mL tube,None,-70 ºC,
recdjVMHqQZH9tnuV,recxoHjwVBs3fjPbC,2026-10-09T02:56:41.000Z,F090cD,2025-06-01T00:00:00.000Z,Webin-69627,9031,Gallus gallus,chicken,macrosample,SAMEA120632749,Caecum right,Digesta,5 mL tube,None,-70 ºC,
recqLVCgYeER2zDAh,recwI8BS6WzXsNzg2,2026-10-09T02:56:41.000Z,F090cE,2025-06-01T00:00:00.000Z,Webin-69627,9031,Gallus gallus,chicken,macrosample,SAMEA120632749,Caecum right,Tissue,5 mL tube,None,-70 ºC,
rec4bdxIctbdpQYXG,recbW04zEkrB9Flwz,2026-10-09T02:56:41.000Z,F091dD,2025-06-01T00:00:00.000Z,Webin-69627,9031,Gallus gallus,chicken,macrosample,SAMEA120632750,Caecum right,Digesta,5 mL tube,None,-70 ºC,
recZAot0tY2QH1nj0,rec6o3TV3JArQ1EdW,2026-10-09T02:56:41.000Z,F091dE,2025-06-01T00:00:00.000Z,Webin-69627,9031,Gallus gallus,chicken,macrosample,SAMEA120632750,Caecum right,Tissue,5 mL tube,None,-70 ºC,
recu0VXWELlPyZjBY,rechcJtV5NO8C3x27,2026-10-09T02:56:41.000Z,F092dD,2025-06-01T00:00:00.000Z,Webin-69627,9031,Gallus gallus,chicken,macrosample,SAMEA120632751,Caecum right,Digesta,5 mL tube,None,-70 ºC,
rec93xeRF2WhU5hpV,recjjP1mv5w1nNQgd,2026-10-09T02:56:41.000Z,F092dE,2025-06-01T00:00:00.000Z,Webin-69627,9031,Gallus gallus,chicken,macrosample,SAMEA120632751,Caecum right,Tissue,5 mL tube,None,-70 ºC,
recrWVk3gbD9A0s8r,recHCR6bO3bczaDOI,2026-10-09T02:56:41.000Z,F093dD,2025-06-01T00:00:00.000Z,Webin-69627,9031,Gallus gallus,chicken,macrosample,SAMEA120632752,Caecum right,Digesta,5 mL tube,None,-70 ºC,
rechrW6QDteqxEUJw,recGcdCJAKrX181Wm,2026-10-09T02:56:41.000Z,F093dE,2025-06-01T00:00:00.000Z,Webin-69627,9031,Gallus gallus,chicken,macrosample,SAMEA120632752,Caecum right,Tissue,5 mL tube,None,-70 ºC,
recnpw3TpXWjvEa6B,recrCYjKl3zd1kFRD,2026-10-09T02:56:41.000Z,F094dD,2025-06-01T00:00:00.000Z,Webin-69627,9031,Gallus gallus,chicken,macrosample,SAMEA120632753,Caecum right,Digesta,5 mL tube,None,-70 ºC,
rec9vKvaFygFLakHa,reccmHNkHbkCkmd94,2026-10-09T02:56:41.000Z,F094dE,2025-06-01T00:00:00.000Z,Webin-69627,9031,Gallus gallus,chicken,macrosample,SAMEA120632753,Caecum right,Tissue,5 mL tube,None,-70 ºC,
recChBho03GuttzfR,rec3MJMzaCwIFbjau,2026-10-09T02:56:41.000Z,F095dD,2025-06-01T00:00:00.000Z,Webin-69627,9031,Gallus gallus,chicken,macrosample,SAMEA120632754,Caecum right,Digesta,5 mL tube,None,-70 ºC,
recmU5yHgyQTTs0CJ,reckP6IwtPxBrpLSF,2026-10-09T02:56:41.000Z,F095dE,2025-06-01T00:00:00.000Z,Webin-69627,9031,Gallus gallus,chicken,macrosample,SAMEA120632754,Caecum right,Tissue,5 mL tube,None,-70 ºC,
recfkIaDeRUpB3clC,recvWdpux3rFhoqJf,2026-10-09T02:56:41.000Z,F096eD,2025-06-01T00:00:00.000Z,Webin-69627,9031,Gallus gallus,chicken,macrosample,SAMEA120632755,Caecum right,Digesta,5 mL tube,None,-70 ºC,
recyvEDpdG4y0VyRL,recIqYo6O40gIaQiB,2026-10-09T02:56:41.000Z,F096eE,2025-06-01T00:00:00.000Z,Webin-69627,9031,Gallus gallus,chicken,macrosample,SAMEA120632755,Caecum right,Tissue,5 mL tube,None,-70 ºC,
rectK94xRQAr0G6Xq,recyL17xkz60oJNU2,2026-10-09T02:56:41.000Z,F097eD,2025-06-01T00:00:00.000Z,Webin-69627,9031,Gallus gallus,chicken,macrosample,SAMEA120632756,Caecum right,Digesta,5 mL tube,None,-70 ºC,
reciBjlNk5fz4lwGi,recccZk5tXMT7VpTu,2026-10-09T02:56:41.000Z,F097eE,2025-06-01T00:00:00.000Z,Webin-69627,9031,Gallus gallus,chicken,macrosample,SAMEA120632756,Caecum right,Tissue,5 mL tube,None,-70 ºC,
recfqVT4HwTKEALY2,recIeSKExihHbEM3b,2026-10-09T02:56:41.000Z,F098eD,2025-06-01T00:00:00.000Z,Webin-69627,9031,Gallus gallus,chicken,macrosample,SAMEA120632757,Caecum right,Digesta,5 mL tube,None,-70 ºC,
reciUzlfcewDNmfms,recuvWD7i2W0BkQZ1,2026-10-09T02:56:41.000Z,F098eE,2025-06-01T00:00:00.000Z,Webin-69627,9031,Gallus gallus,chicken,macrosample,SAMEA120632757,Caecum right,Tissue,5 mL tube,None,-70 ºC,
recyIrT8VyBrRJwWU,rec5y3teKIwvVkdv5,2026-10-09T02:56:41.000Z,F099eD,2025-06-01T00:00:00.000Z,Webin-69627,9031,Gallus gallus,chicken,macrosample,SAMEA120632758,Caecum right,Digesta,5 mL tube,None,-70 ºC,
recyUbbJ92pmW0Vmo,receysINIxKfV6HdK,2026-10-09T02:56:41.000Z,F099eE,2025-06-01T00:00:00.000Z,Webin-69627,9031,Gallus gallus,chicken,macrosample,SAMEA120632758,Caecum right,Tissue,5 mL tube,None,-70 ºC,
recHZTHvliac8UjNW,recY4MCm6Vn6MEWLa,2026-10-09T02:56:41.000Z,F100eD,2025-06-01T00:00:00.000Z,Webin-69627,9031,Gallus gallus,chicken,macrosample,SAMEA120632759,Caecum right,Digesta,5 mL tube,None,-70 ºC,
recbW7YHhF7CclPrT,rececjE2cWdDUdrUB,2026-10-09T02:56:41.000Z,F100eE,2025-06-01T00:00:00.000Z,Webin-69627,9031,Gallus gallus,chicken,macrosample,SAMEA120632759,Caecum right,Tissue,5 mL tube,None,-70 ºC,
reckEeQvIJBKeeBQn,recNL4GqjgQDqhJFQ,2026-10-09T02:56:41.000Z,F101aD,2025-06-01T00:00:00.000Z,Webin-69627,9031,Gallus gallus,chicken,macrosample,SAMEA120632760,Caecum right,Digesta,5 mL tube,None,-70 ºC,
recnYvC8sb6K7Cejv,recUKC9Zw2k0FVaqT,2026-10-09T02:56:41.000Z,F101aE,2025-06-01T00:00:00.000Z,Webin-69627,9031,Gallus gallus,chicken,macrosample,SAMEA120632760,Caecum right,Tissue,5 mL tube,None,-70 ºC,
recKXfsjwq5fv25NG,rec8TnHuPDXm22mvh,2026-10-09T02:56:41.000Z,F102aD,2025-06-01T00:00:00.000Z,Webin-69627,9031,Gallus gallus,chicken,macrosample,SAMEA120632761,Caecum right,Digesta,5 mL tube,None,-70 ºC,
recv1pxFRy6LS2vb8,recr5xzMW31iu9FmX,2026-10-09T02:56:41.000Z,F102aE,2025-06-01T00:00:00.000Z,Webin-69627,9031,Gallus gallus,chicken,macrosample,SAMEA120632761,Caecum right,Tissue,5 mL tube,None,-70 ºC,
recPSE425TwdFlMfy,recXdtQmsU5F955MJ,2026-10-09T02:56:41.000Z,F103aD,2025-06-01T00:00:00.000Z,Webin-69627,9031,Gallus gallus,chicken,macrosample,SAMEA120632762,Caecum right,Digesta,5 mL tube,None,-70 ºC,
recnBsKT5enmZJUti,recVveCPuLktxpEqF,2026-10-09T02:56:41.000Z,F103aE,2025-06-01T00:00:00.000Z,Webin-69627,9031,Gallus gallus,chicken,macrosample,SAMEA120632762,Caecum right,Tissue,5 mL tube,None,-70 ºC,
recQUqqVLruxgMhMx,recbodYuvLYMjF4M4,2026-10-09T02:56:41.000Z,F104aD,2025-06-01T00:00:00.000Z,Webin-69627,9031,Gallus gallus,chicken,macrosample,SAMEA120632763,Caecum right,Digesta,5 mL tube,None,-70 ºC,
recsilCcMNls5UQi2,recZzJo092HbrRMS5,2026-10-09T02:56:41.000Z,F104aE,2025-06-01T00:00:00.000Z,Webin-69627,9031,Gallus gallus,chicken,macrosample,SAMEA120632763,Caecum right,Tissue,5 mL tube,None,-70 ºC,
reco1NWDOSlSj5qZX,recekiA9p1WasBwSk,2026-10-09T02:56:41.000Z,F105aD,2025-06-01T00:00:00.000Z,Webin-69627,9031,Gallus gallus,chicken,macrosample,SAMEA120632764,Caecum right,Digesta,5 mL tube,None,-70 ºC,
recRx12ILtnI9qvHE,recQ5EvdfoFZhMEz3,2026-10-09T02:56:41.000Z,F105aE,2025-06-01T00:00:00.000Z,Webin-69627,9031,Gallus gallus,chicken,macrosample,SAMEA120632764,Caecum right,Tissue,5 mL tube,None,-70 ºC,
recrJ97ZpebbS0yZF,recHLWxfmnMlIvhQP,2026-10-09T02:56:41.000Z,F106bD,2025-06-01T00:00:00.000Z,Webin-69627,9031,Gallus gallus,chicken,macrosample,SAMEA120632765,Caecum right,Digesta,5 mL tube,None,-70 ºC,
recqjblm9uucxli6G,recox8s8obOvWNYZ3,2026-10-09T02:56:41.000Z,F106bE,2025-06-01T00:00:00.000Z,Webin-69627,9031,Gallus gallus,chicken,macrosample,SAMEA120632765,Caecum right,Tissue,5 mL tube,None,-70 ºC,
rec537TNxTfck1nCO,recLIRaQUbmG9RbTV,2026-10-09T02:56:41.000Z,F107bD,2025-06-01T00:00:00.000Z,Webin-69627,9031,Gallus gallus,chicken,macrosample,SAMEA120632766,Caecum right,Digesta,5 mL tube,None,-70 ºC,
recYH5chi3nDeBsA1,recKjY304LyRevaxw,2026-10-09T02:56:41.000Z,F107bE,2025-06-01T00:00:00.000Z,Webin-69627,9031,Gallus gallus,chicken,macrosample,SAMEA120632766,Caecum right,Tissue,5 mL tube,None,-70 ºC,
recbM7I66EUcADRWH,recqPz546SWq55ArF,2026-10-09T02:56:41.000Z,F108bD,2025-06-01T00:00:00.000Z,Webin-69627,9031,Gallus gallus,chicken,macrosample,SAMEA120632767,Caecum right,Digesta,5 mL tube,None,-70 ºC,
recKhu5Y3yYUKOvdE,recSDoDZgQ2KgYLXF,2026-10-09T02:56:41.000Z,F108bE,2025-06-01T00:00:00.000Z,Webin-69627,9031,Gallus gallus,chicken,macrosample,SAMEA120632767,Caecum right,Tissue,5 mL tube,None,-70 ºC,
recYi6c9gPZW6U70z,rec4vDS4TClsOB3Zh,2026-10-09T02:56:41.000Z,F109bD,2025-06-01T00:00:00.000Z,Webin-69627,9031,Gallus gallus,chicken,macrosample,SAMEA120632768,Caecum right,Digesta,5 mL tube,None,-70 ºC,
recxhLaCQwKXlv89K,rec0MGWdRrQiVW16H,2026-10-09T02:56:41.000Z,F109bE,2025-06-01T00:00:00.000Z,Webin-69627,9031,Gallus gallus,chicken,macrosample,SAMEA120632768,Caecum right,Tissue,5 mL tube,None,-70 ºC,
recMmKiZhapxAkZVZ,recNXPG2qRLoeCxFi,2026-10-09T02:56:41.000Z,F110bD,2025-06-01T00:00:00.000Z,Webin-69627,9031,Gallus gallus,chicken,macrosample,SAMEA120632769,Caecum right,Digesta,5 mL tube,None,-70 ºC,
rec0f3NcAsNFv4h2Q,recf9TyrpnMxZWFOP,2026-10-09T02:56:41.000Z,F110bE,2025-06-01T00:00:00.000Z,Webin-69627,9031,Gallus gallus,chicken,macrosample,SAMEA120632769,Caecum right,Tissue,5 mL tube,None,-70 ºC,
recacVasHwOdQOdvX,recEWkQusvHm2vBOz,2026-10-09T02:56:41.000Z,F111cD,2025-06-01T00:00:00.000Z,Webin-69627,9031,Gallus gallus,chicken,macrosample,SAMEA120632770,Caecum right,Digesta,5 mL tube,None,-70 ºC,
recI3p7yJREd6qHjP,recuEgbe3RWctugQY,2026-10-09T02:56:41.000Z,F111cE,2025-06-01T00:00:00.000Z,Webin-69627,9031,Gallus gallus,chicken,macrosample,SAMEA120632770,Caecum right,Tissue,5 mL tube,None,-70 ºC,
recmoMPUuriDY5zXr,recCZdouKj1PB9rlf,2026-10-09T02:56:41.000Z,F112cD,2025-06-01T00:00:00.000Z,Webin-69627,9031,Gallus gallus,chicken,macrosample,SAMEA120632771,Caecum right,Digesta,5 mL tube,None,-70 ºC,
recQemrW6bWk5XHsP,recmSEiII65dYqrNQ,2026-10-09T02:56:41.000Z,F112cE,2025-06-01T00:00:00.000Z,Webin-69627,9031,Gallus gallus,chicken,macrosample,SAMEA120632771,Caecum right,Tissue,5 mL tube,None,-70 ºC,
rec8e7AQwCRLRDHi9,recE7OXX1AzelQirb,2026-10-09T02:56:41.000Z,F113cD,2025-06-01T00:00:00.000Z,Webin-69627,9031,Gallus gallus,chicken,macrosample,SAMEA120632772,Caecum right,Digesta,5 mL tube,None,-70 ºC,
recl7ezaoFcJ8tNO1,recHGUhXY1ZAL1WcH,2026-10-09T02:56:41.000Z,F113cE,2025-06-01T00:00:00.000Z,Webin-69627,9031,Gallus gallus,chicken,macrosample,SAMEA120632772,Caecum right,Tissue,5 mL tube,None,-70 ºC,
recrjktuDmbAX0VuT,recEYKEQipewgcOKX,2026-10-09T02:56:41.000Z,F114cD,2025-06-01T00:00:00.000Z,Webin-69627,9031,Gallus gallus,chicken,macrosample,SAMEA120632773,Caecum right,Digesta,5 mL tube,None,-70 ºC,
rect32Uu2gIvm2T3G,rec7SAbNOt8ycbTJA,2026-10-09T02:56:41.000Z,F114cE,2025-06-01T00:00:00.000Z,Webin-69627,9031,Gallus gallus,chicken,macrosample,SAMEA120632773,Caecum right,Tissue,5 mL tube,None,-70 ºC,
recXtna55VeQKNSA3,recgPKD7Cs192Glt7,2026-10-09T02:56:41.000Z,F115cD,2025-06-01T00:00:00.000Z,Webin-69627,9031,Gallus gallus,chicken,macrosample,SAMEA120632774,Caecum right,Digesta,5 mL tube,None,-70 ºC,
recy0fizlUEwScs7w,rechBYgrdbPjeCkJp,2026-10-09T02:56:41.000Z,F115cE,2025-06-01T00:00:00.000Z,Webin-69627,9031,Gallus gallus,chicken,macrosample,SAMEA120632774,Caecum right,Tissue,5 mL tube,None,-70 ºC,
recSvIe26qM2FRk0D,recrpJxc0WNlSGqA7,2026-10-09T02:56:41.000Z,F116dD,2025-06-01T00:00:00.000Z,Webin-69627,9031,Gallus gallus,chicken,macrosample,SAMEA120632775,Caecum right,Digesta,5 mL tube,None,-70 ºC,
rec8AMJzcChk4bxRN,recoQX6gVOSLAYwt6,2026-10-09T02:56:41.000Z,F116dE,2025-06-01T00:00:00.000Z,Webin-69627,9031,Gallus gallus,chicken,macrosample,SAMEA120632775,Caecum right,Tissue,5 mL tube,None,-70 ºC,
recudvScO4djKMRqA,reciXG1NPWm7bfGCM,2026-10-09T02:56:41.000Z,F117dD,2025-06-01T00:00:00.000Z,Webin-69627,9031,Gallus gallus,chicken,macrosample,SAMEA120632776,Caecum right,Digesta,5 mL tube,None,-70 ºC,
recgslh1ttxvuBtWY,recFfU0hxrgth7dPX,2026-10-09T02:56:41.000Z,F117dE,2025-06-01T00:00:00.000Z,Webin-69627,9031,Gallus gallus,chicken,macrosample,SAMEA120632776,Caecum right,Tissue,5 mL tube,None,-70 ºC,
rec6z3T7mP6j6JKHl,recxAuzgpIc8R1WoJ,2026-10-09T02:56:41.000Z,F118dD,2025-06-01T00:00:00.000Z,Webin-69627,9031,Gallus gallus,chicken,macrosample,SAMEA120632777,Caecum right,Digesta,5 mL tube,None,-70 ºC,
recMUwlXOojDPFImw,recLniQsAeI7jNg4a,2026-10-09T02:56:41.000Z,F118dE,2025-06-01T00:00:00.000Z,Webin-69627,9031,Gallus gallus,chicken,macrosample,SAMEA120632777,Caecum right,Tissue,5 mL tube,None,-70 ºC,
rec6r6tOVrQ9iTOqs,recIIvnFcAIlvViYQ,2026-10-09T02:56:41.000Z,F119dD,2025-06-01T00:00:00.000Z,Webin-69627,9031,Gallus gallus,chicken,macrosample,SAMEA120632778,Caecum right,Digesta,5 mL tube,None,-70 ºC,
recNGFQFseOnKbYVk,recBn7Jgy7PrKsMvI,2026-10-09T02:56:41.000Z,F119dE,2025-06-01T00:00:00.000Z,Webin-69627,9031,Gallus gallus,chicken,macrosample,SAMEA120632778,Caecum right,Tissue,5 mL tube,None,-70 ºC,
recY3DSNvbdPNZkr0,recalI6VUBBSDDuZJ,2026-10-09T02:56:41.000Z,F120dD,2025-06-01T00:00:00.000Z,Webin-69627,9031,Gallus gallus,chicken,macrosample,SAMEA120632779,Caecum right,Digesta,5 mL tube,None,-70 ºC,
reczkefJxpBmLiTZb,rec7u7fsXeo3NH7Nk,2026-10-09T02:56:41.000Z,F120dE,2025-06-01T00:00:00.000Z,Webin-69627,9031,Gallus gallus,chicken,macrosample,SAMEA120632779,Caecum right,Tissue,5 mL tube,None,-70 ºC,
recVPGrgaShVqkKoP,rec6gONS9TWzssqVR,2026-10-09T02:56:41.000Z,F121eD,2025-06-01T00:00:00.000Z,Webin-69627,9031,Gallus gallus,chicken,macrosample,SAMEA120632780,Caecum right,Digesta,5 mL tube,None,-70 ºC,
recZNDpj3qM9g4CEj,rec0rlwly9zfjr9a2,2026-10-09T02:56:41.000Z,F121eE,2025-06-01T00:00:00.000Z,Webin-69627,9031,Gallus gallus,chicken,macrosample,SAMEA120632780,Caecum right,Tissue,5 mL tube,None,-70 ºC,
recPjSDugnvG87MQs,recc6Yg0UdR2gqPUC,2026-10-09T02:56:41.000Z,F122eD,2025-06-01T00:00:00.000Z,Webin-69627,9031,Gallus gallus,chicken,macrosample,SAMEA120632781,Caecum right,Digesta,5 mL tube,None,-70 ºC,
recpPhzzxJt4Ldm7a,recfM9NAeXVJsgJIk,2026-10-09T02:56:41.000Z,F122eE,2025-06-01T00:00:00.000Z,Webin-69627,9031,Gallus gallus,chicken,macrosample,SAMEA120632781,Caecum right,Tissue,5 mL tube,None,-70 ºC,
recKvRGTevidJ1ws0,recAktZVW5yhxv6cM,2026-10-09T02:56:41.000Z,F123eD,2025-06-01T00:00:00.000Z,Webin-69627,9031,Gallus gallus,chicken,macrosample,SAMEA120632782,Caecum right,Digesta,5 mL tube,None,-70 ºC,
recCHvgp0oIBIXS4Q,rec7KooJYpolTk9Tq,2026-10-09T02:56:41.000Z,F123eE,2025-06-01T00:00:00.000Z,Webin-69627,9031,Gallus gallus,chicken,macrosample,SAMEA120632782,Caecum right,Tissue,5 mL tube,None,-70 ºC,
rec24mNBM0peur0Yw,recixRrquOrUOXM7s,2026-10-09T02:56:41.000Z,F124eD,2025-06-01T00:00:00.000Z,Webin-69627,9031,Gallus gallus,chicken,macrosample,SAMEA120632783,Caecum right,Digesta,5 mL tube,None,-70 ºC,
rec5uB2uGX7E3TqT2,recFJcJttMzksRtX1,2026-10-09T02:56:41.000Z,F124eE,2025-06-01T00:00:00.000Z,Webin-69627,9031,Gallus gallus,chicken,macrosample,SAMEA120632783,Caecum right,Tissue,5 mL tube,None,-70 ºC,
rec12aXLXzk50ICME,recnzKCUa8Wfg7Yj1,2026-10-09T02:56:41.000Z,F125eD,2025-06-01T00:00:00.000Z,Webin-69627,9031,Gallus gallus,chicken,macrosample,SAMEA120632784,Caecum right,Digesta,5 mL tube,None,-70 ºC,
recnD28RSsmao8kYB,recYJuupT3JNRTdUK,2026-10-09T02:56:41.000Z,F125eE,2025-06-01T00:00:00.000Z,Webin-69627,9031,Gallus gallus,chicken,macrosample,SAMEA120632784,Caecum right,Tissue,5 mL tube,None,-70 ºC,
recIKC7WdjeJGu1eR,reccx1ZGnq7A2H4j5,2026-10-09T02:56:41.000Z,F126aD,2025-06-01T00:00:00.000Z,Webin-69627,9031,Gallus gallus,chicken,macrosample,SAMEA120632785,Caecum right,Digesta,5 mL tube,None,-70 ºC,
reclwaSOoDTmX3jss,recV95JHV1yqzrbB0,2026-10-09T02:56:41.000Z,F126aE,2025-06-01T00:00:00.000Z,Webin-69627,9031,Gallus gallus,chicken,macrosample,SAMEA120632785,Caecum right,Tissue,5 mL tube,None,-70 ºC,
recemwy9Lx15lpo1x,recVrPzg1A8kvGKTK,2026-10-09T02:56:41.000Z,F127aD,2025-06-01T00:00:00.000Z,Webin-69627,9031,Gallus gallus,chicken,macrosample,SAMEA120632786,Caecum right,Digesta,5 mL tube,None,-70 ºC,
recjfsXkG6YgU4RB2,rec0RXSgHE9570h4Y,2026-10-09T02:56:41.000Z,F127aE,2025-06-01T00:00:00.000Z,Webin-69627,9031,Gallus gallus,chicken,macrosample,SAMEA120632786,Caecum right,Tissue,5 mL tube,None,-70 ºC,
rec5JwjpAVYBJZzcz,recRDoZXFdCCLm0rO,2026-10-09T02:56:41.000Z,F128aD,2025-06-01T00:00:00.000Z,Webin-69627,9031,Gallus gallus,chicken,macrosample,SAMEA120632787,Caecum right,Digesta,5 mL tube,None,-70 ºC,
rec0f4WzldDGbm9zg,rec1yWbQ7rcAayBmO,2026-10-09T02:56:41.000Z,F128aE,2025-06-01T00:00:00.000Z,Webin-69627,9031,Gallus gallus,chicken,macrosample,SAMEA120632787,Caecum right,Tissue,5 mL tube,None,-70 ºC,
recK7BUsL6ptTqUJR,recsXzCpTevjNXyhZ,2026-10-09T02:56:41.000Z,F129aD,2025-06-01T00:00:00.000Z,Webin-69627,9031,Gallus gallus,chicken,macrosample,SAMEA120632788,Caecum right,Digesta,5 mL tube,None,-70 ºC,
recxhgBUqc4wBQGwM,receM19Tlug3Siw0Q,2026-10-09T02:56:41.000Z,F129aE,2025-06-01T00:00:00.000Z,Webin-69627,9031,Gallus gallus,chicken,macrosample,SAMEA120632788,Caecum right,Tissue,5 mL tube,None,-70 ºC,
rec65YU4IQIFBYW5Z,recNo58qwRB2RoQQT,2026-10-09T02:56:41.000Z,F130aD,2025-06-01T00:00:00.000Z,Webin-69627,9031,Gallus gallus,chicken,macrosample,SAMEA120632789,Caecum right,Digesta,5 mL tube,None,-70 ºC,
recA1KhrntQyyp8ek,recspiJ5xshHid8PN,2026-10-09T02:56:41.000Z,F130aE,2025-06-01T00:00:00.000Z,Webin-69627,9031,Gallus gallus,chicken,macrosample,SAMEA120632789,Caecum right,Tissue,5 mL tube,None,-70 ºC,
rec4SvxI85a4Ou4GM,recg37zJlaor6Yreb,2026-10-09T02:56:41.000Z,F131bD,2025-06-01T00:00:00.000Z,Webin-69627,9031,Gallus gallus,chicken,macrosample,SAMEA120632790,Caecum right,Digesta,5 mL tube,None,-70 ºC,
recNaOlKC4yjkl6xB,recA9QFkouHhonskJ,2026-10-09T02:56:41.000Z,F131bE,2025-06-01T00:00:00.000Z,Webin-69627,9031,Gallus gallus,chicken,macrosample,SAMEA120632790,Caecum right,Tissue,5 mL tube,None,-70 ºC,
recnox5TINFI5OuS1,recNk7epzUEAM3jiy,2026-10-09T02:56:41.000Z,F132bD,2025-06-01T00:00:00.000Z,Webin-69627,9031,Gallus gallus,chicken,macrosample,SAMEA120632791,Caecum right,Digesta,5 mL tube,None,-70 ºC,
reclULIPmdp2Er8GZ,recJSvc3CKbJJYeQ6,2026-10-09T02:56:41.000Z,F132bE,2025-06-01T00:00:00.000Z,Webin-69627,9031,Gallus gallus,chicken,macrosample,SAMEA120632791,Caecum right,Tissue,5 mL tube,None,-70 ºC,
recXfSWK6PTdHSDnc,recaD7IR3qSiHB198,2026-10-09T02:56:41.000Z,F133bD,2025-06-01T00:00:00.000Z,Webin-69627,9031,Gallus gallus,chicken,macrosample,SAMEA120632792,Caecum right,Digesta,5 mL tube,None,-70 ºC,
recSda4ptgHqn8eiI,recDfimeaah3L7teo,2026-10-09T02:56:41.000Z,F133bE,2025-06-01T00:00:00.000Z,Webin-69627,9031,Gallus gallus,chicken,macrosample,SAMEA120632792,Caecum right,Tissue,5 mL tube,None,-70 ºC,
recf9g5a4gJ7yLdhA,recj3eD8fhrlsPNW3,2026-10-09T02:56:41.000Z,F134bD,2025-06-01T00:00:00.000Z,Webin-69627,9031,Gallus gallus,chicken,macrosample,SAMEA120632793,Caecum right,Digesta,5 mL tube,None,-70 ºC,
recJSEQ9wTDcvc7bT,rec4bKBaXc3H6DTHB,2026-10-09T02:56:41.000Z,F134bE,2025-06-01T00:00:00.000Z,Webin-69627,9031,Gallus gallus,chicken,macrosample,SAMEA120632793,Caecum right,Tissue,5 mL tube,None,-70 ºC,
reclQv0RvF8jlerUt,rec8OsHCTLkx0DNDQ,2026-10-09T02:56:41.000Z,F135bD,2025-06-01T00:00:00.000Z,Webin-69627,9031,Gallus gallus,chicken,macrosample,SAMEA120632794,Caecum right,Digesta,5 mL tube,None,-70 ºC,
reczK1Gb7B1JIuoWT,recgVZNMEKt08SJ22,2026-10-09T02:56:41.000Z,F135bE,2025-06-01T00:00:00.000Z,Webin-69627,9031,Gallus gallus,chicken,macrosample,SAMEA120632794,Caecum right,Tissue,5 mL tube,None,-70 ºC,
recb7XxMr9WvjDriA,recKgyOzG5MCeLW5S,2026-10-09T02:56:41.000Z,F136cD,2025-06-01T00:00:00.000Z,Webin-69627,9031,Gallus gallus,chicken,macrosample,SAMEA120632795,Caecum right,Digesta,5 mL tube,None,-70 ºC,
recqFrKFMOYtvYzkr,recqTdYV6OFinUt9l,2026-10-09T02:56:41.000Z,F136cE,2025-06-01T00:00:00.000Z,Webin-69627,9031,Gallus gallus,chicken,macrosample,SAMEA120632795,Caecum right,Tissue,5 mL tube,None,-70 ºC,
recOyz7uyKIpXyZY5,recIqMuOU1ExeEKgb,2026-10-09T02:56:41.000Z,F137cD,2025-06-01T00:00:00.000Z,Webin-69627,9031,Gallus gallus,chicken,macrosample,SAMEA120632796,Caecum right,Digesta,5 mL tube,None,-70 ºC,
rec0CnFvQImzBt9HH,recvpGwVCMDXUY2BR,2026-10-09T02:56:41.000Z,F137cE,2025-06-01T00:00:00.000Z,Webin-69627,9031,Gallus gallus,chicken,macrosample,SAMEA120632796,Caecum right,Tissue,5 mL tube,None,-70 ºC,
recWME8dOlJ9hG9ae,recB7d83CvTxDB6db,2026-10-09T02:56:41.000Z,F138cD,2025-06-01T00:00:00.000Z,Webin-69627,9031,Gallus gallus,chicken,macrosample,SAMEA120632797,Caecum right,Digesta,5 mL tube,None,-70 ºC,
recOOmrleMzxQNE2O,recT0Gmjn0p6eqjV3,2026-10-09T02:56:41.000Z,F138cE,2025-06-01T00:00:00.000Z,Webin-69627,9031,Gallus gallus,chicken,macrosample,SAMEA120632797,Caecum right,Tissue,5 mL tube,None,-70 ºC,
recHfcBxJQ1ZseqjS,rec7ID0MOmu9x5RGy,2026-10-09T02:56:41.000Z,F139cD,2025-06-01T00:00:00.000Z,Webin-69627,9031,Gallus gallus,chicken,macrosample,SAMEA120632798,Caecum right,Digesta,5 mL tube,None,-70 ºC,
recfKcGibkyuAyGI1,recQ2JHyR8dcUKIom,2026-10-09T02:56:41.000Z,F139cE,2025-06-01T00:00:00.000Z,Webin-69627,9031,Gallus gallus,chicken,macrosample,SAMEA120632798,Caecum right,Tissue,5 mL tube,None,-70 ºC,
recFO9ATuxbCAx5Id,rec60epk2fVCWhT0q,2026-10-09T02:56:41.000Z,F140cD,2025-06-01T00:00:00.000Z,Webin-69627,9031,Gallus gallus,chicken,macrosample,SAMEA120632799,Caecum right,Digesta,5 mL tube,None,-70 ºC,
rec92UyeklO48xV8M,rec5NpxOUohEnBx2k,2026-10-09T02:56:41.000Z,F140cE,2025-06-01T00:00:00.000Z,Webin-69627,9031,Gallus gallus,chicken,macrosample,SAMEA120632799,Caecum right,Tissue,5 mL tube,None,-70 ºC,
recwuKMjDa0KBGjUI,recoytalffvASnzGl,2026-10-09T02:56:41.000Z,F141dD,2025-06-01T00:00:00.000Z,Webin-69627,9031,Gallus gallus,chicken,macrosample,SAMEA120632800,Caecum right,Digesta,5 mL tube,None,-70 ºC,
recI15QMSmDdVsQDa,recQkdGgCdUlQ4xGX,2026-10-09T02:56:41.000Z,F141dE,2025-06-01T00:00:00.000Z,Webin-69627,9031,Gallus gallus,chicken,macrosample,SAMEA120632800,Caecum right,Tissue,5 mL tube,None,-70 ºC,
recvH6Zf7BclZMhtv,recv1xrJEybE2uc5v,2026-10-09T02:56:41.000Z,F142dD,2025-06-01T00:00:00.000Z,Webin-69627,9031,Gallus gallus,chicken,macrosample,SAMEA120632801,Caecum right,Digesta,5 mL tube,None,-70 ºC,
recWMBlHd4kHORrHV,rece37zbOqfERAlll,2026-10-09T02:56:41.000Z,F142dE,2025-06-01T00:00:00.000Z,Webin-69627,9031,Gallus gallus,chicken,macrosample,SAMEA120632801,Caecum right,Tissue,5 mL tube,None,-70 ºC,
recK2KhK3mUDeQXOZ,recVlIIUXELC4A58n,2026-10-09T02:56:41.000Z,F143dD,2025-06-01T00:00:00.000Z,Webin-69627,9031,Gallus gallus,chicken,macrosample,SAMEA120632802,Caecum right,Digesta,5 mL tube,None,-70 ºC,
recrIrBiqI1aCibGM,recbh5nHGjKPLqdjC,2026-10-09T02:56:41.000Z,F143dE,2025-06-01T00:00:00.000Z,Webin-69627,9031,Gallus gallus,chicken,macrosample,SAMEA120632802,Caecum right,Tissue,5 mL tube,None,-70 ºC,
recEXkCK3d71LtqKa,reccj89SGPG2vlQpi,2026-10-09T02:56:41.000Z,F144dD,2025-06-01T00:00:00.000Z,Webin-69627,9031,Gallus gallus,chicken,macrosample,SAMEA120632803,Caecum right,Digesta,5 mL tube,None,-70 ºC,
reciTHumFYgjAnUbK,recmmU94gvzfZchQn,2026-10-09T02:56:41.000Z,F144dE,2025-06-01T00:00:00.000Z,Webin-69627,9031,Gallus gallus,chicken,macrosample,SAMEA120632803,Caecum right,Tissue,5 mL tube,None,-70 ºC,
recbGu91UY0LD96S1,recZoRTZ4LQuk5gOp,2026-10-09T02:56:41.000Z,F145dD,2025-06-01T00:00:00.000Z,Webin-69627,9031,Gallus gallus,chicken,macrosample,SAMEA120632804,Caecum right,Digesta,5 mL tube,None,-70 ºC,
recrWuIStc92i8lvl,recYpYVaXXTe3ewnh,2026-10-09T02:56:41.000Z,F145dE,2025-06-01T00:00:00.000Z,Webin-69627,9031,Gallus gallus,chicken,macrosample,SAMEA120632804,Caecum right,Tissue,5 mL tube,None,-70 ºC,
recN6ct6wg5pG2Pg3,recm08XSOngv7BYhz,2026-10-09T02:56:41.000Z,F146eD,2025-06-01T00:00:00.000Z,Webin-69627,9031,Gallus gallus,chicken,macrosample,SAMEA120632805,Caecum right,Digesta,5 mL tube,None,-70 ºC,
recTe7u5SpWRtafae,rec4B9VbaZ1OJOtXm,2026-10-09T02:56:41.000Z,F146eE,2025-06-01T00:00:00.000Z,Webin-69627,9031,Gallus gallus,chicken,macrosample,SAMEA120632805,Caecum right,Tissue,5 mL tube,None,-70 ºC,
recoZmQBCpBzRX4fN,recMDLc9xEFtIS3mn,2026-10-09T02:56:41.000Z,F147eD,2025-06-01T00:00:00.000Z,Webin-69627,9031,Gallus gallus,chicken,macrosample,SAMEA120632806,Caecum right,Digesta,5 mL tube,None,-70 ºC,
recIK91TF92ZpOT0J,recIo2MCzdknqlQRF,2026-10-09T02:56:41.000Z,F147eE,2025-06-01T00:00:00.000Z,Webin-69627,9031,Gallus gallus,chicken,macrosample,SAMEA120632806,Caecum right,Tissue,5 mL tube,None,-70 ºC,
recPVl4uMZsASilNq,recx1NyvdxbBlR13V,2026-10-09T02:56:41.000Z,F148eD,2025-06-01T00:00:00.000Z,Webin-69627,9031,Gallus gallus,chicken,macrosample,SAMEA120632807,Caecum right,Digesta,5 mL tube,None,-70 ºC,
reck9uvF3MFVO15HP,reco9yVUtbnHIt8Tq,2026-10-09T02:56:41.000Z,F148eE,2025-06-01T00:00:00.000Z,Webin-69627,9031,Gallus gallus,chicken,macrosample,SAMEA120632807,Caecum right,Tissue,5 mL tube,None,-70 ºC,
