name,child_biosample_accession,parent_biosample,portal_airtable_record_id,submission_airtable_record_id
F001aD,SAMEA123918107,SAMEA120632660,recik17ODvhrd056W,rech6aQpxYsNachJp
F001aE,SAMEA123918108,SAMEA120632660,recHDD2jFyCcEaIiF,recttU56cuOygmXAl
F002aD,SAMEA123918109,SAMEA120632661,recrukADUOGLo6LOf,recwBFRCsNukROTX8
F002aE,SAMEA123918110,SAMEA120632661,rechXUlRw7NRhHzhv,recRFqPcQ3ghru8NH
F003aD,SAMEA123918111,SAMEA120632662,rec1SycVRnusdMrQy,rec2Im1SfoCtpKKlr
F003aE,SAMEA123918112,SAMEA120632662,recTFL9EalRaoy3sK,recFSTNXzKGhjUcf4
F004aD,SAMEA123918113,SAMEA120632663,recC2tRcgBNEUgSOT,recPucjomi9GABVwz
F004aE,SAMEA123918114,SAMEA120632663,recvQbYb7DpywhoUU,recWiyIn4OIN6JRU8
F005aD,SAMEA123918115,SAMEA120632664,recQfOEk5sLHi1rzg,rect8Ja6Xr2kDKPOF
F005aE,SAMEA123918116,SAMEA120632664,recQNgHGLIOFOFSY8,recR8VdObbJl646Pk
F006bD,SAMEA123918117,SAMEA120632665,recREa6PhHBDLD3ro,recgG9hKSLNNC4VSZ
F006bE,SAMEA123918118,SAMEA120632665,recVyK0kiiZCwf9ah,recRrhqZXFgxALZLU
F007bD,SAMEA123918119,SAMEA120632666,recZowWFFV3dmn2wU,recR4iQ9mziG91qIW
F007bE,SAMEA123918120,SAMEA120632666,recxObIDjpmL2Xa3y,recppgAPH4vYb0Rxx
F008bD,SAMEA123918121,SAMEA120632667,receIcggsXUuv03uQ,reckdWVjrmxw2EEHC
F008bE,SAMEA123918122,SAMEA120632667,recsBfzhWXOHwVVir,rec31ENv5wsueLza4
F009bD,SAMEA123918123,SAMEA120632668,recA0WVeFdqElxhg7,recTTjFifWLUJhseG
F009bE,SAMEA123918124,SAMEA120632668,recZiV1gQCZWyp7Bh,recVFMFKQrujEWCEZ
F010bD,SAMEA123918125,SAMEA120632669,rec3DnDZIQHaWg7Wi,recwe7jHWC0tJznpS
F010bE,SAMEA123918126,SAMEA120632669,recT32N7a1AP6R18u,reccj1eWIqKuKvaXP
F011cD,SAMEA123918127,SAMEA120632670,rechX2T03YUycB1sx,rec0NqTeqnnuBz34E
F011cE,SAMEA123918128,SAMEA120632670,recLyCoPflVZGhtbu,recUkuzqAmPWElPyk
F012cD,SAMEA123918129,SAMEA120632671,recCyip81qu2HRdKt,recI15fpSG2ahRZ63
F012cE,SAMEA123918130,SAMEA120632671,recJVMoTo2QwfBgvx,rechGR1rE0KfzegaE
F013cD,SAMEA123918131,SAMEA120632672,rec4OIpZoN5UeSlpS,recDak9MYR6gzorgK
F013cE,SAMEA123918132,SAMEA120632672,recYmaHQG3hYHUiEN,recmlgobojm9mm7eM
F014cD,SAMEA123918133,SAMEA120632673,recZMHdKRVdATqZhh,recxSwUaBGqIxJ6oa
F014cE,SAMEA123918134,SAMEA120632673,rec4eblniBdzscZzs,recjzo9ZxrBvFdV5Z
F015cD,SAMEA123918135,SAMEA120632674,recdWUYhVERNAVshn,rec0HGoXqPogGTvhq
F015cE,SAMEA123918136,SAMEA120632674,rec5lYIfh3TBrLz0h,recP5eXEBuLah3HSS
F016dD,SAMEA123918137,SAMEA120632675,rec1jLYlDI0V5oaES,recpcUPlsBLVBDo4F
F016dE,SAMEA123918138,SAMEA120632675,recx014IldJnIXffB,recsw7FRg7XUrcXTi
F017dD,SAMEA123918139,SAMEA120632676,rec7yN25iD20onQGG,rectpLBdpGF6UpdsN
F017dE,SAMEA123918140,SAMEA120632676,recSBLiBpS0hTKmhk,rec6YHVqawA1lxXio
F018dD,SAMEA123918141,SAMEA120632677,recbKjPZ9u2PrtBzH,recSwZEH6JJ3JBLd5
F018dE,SAMEA123918142,SAMEA120632677,recJ2ati54hUIHuAh,recxxe5himHvJrN1U
F019dD,SAMEA123918143,SAMEA120632678,recZx2r4mBlSEE9xS,recOjVPlKiZHXfQMK
F019dE,SAMEA123918144,SAMEA120632678,rec80SjKo79bvNNgE,rec7GPVEaCm0dVhsB
F020dD,SAMEA123918145,SAMEA120632679,recNyOquluCL8ENIV,recVbqb3cbs4tcQ3T
F020dE,SAMEA123918146,SAMEA120632679,recGwyQO7OC1AZXqH,recXJPybiCcfXzGPr
F021eD,SAMEA123918147,SAMEA120632680,recxElx1BLqvdBCGl,reczms5QsHQq1a5tN
F021eE,SAMEA123918148,SAMEA120632680,reccNzsIRPt82zHSc,recJEav3j3HluY6Zd
F022eD,SAMEA123918149,SAMEA120632681,recIYlIXZ4kOTXiq3,recbQwtQMZvvWquhp
F022eE,SAMEA123918150,SAMEA120632681,rec27uZjuEullHJOY,recLZol6KFqQVl8eH
F023eD,SAMEA123918151,SAMEA120632682,recLsez1i3R8RtGyW,recL9qT9g06auXLzF
F023eE,SAMEA123918152,SAMEA120632682,recpj7ZFKs8Vrmerq,recePLQkL4R3Zgpui
F024eD,SAMEA123918153,SAMEA120632683,recnocHPhN1gSxF0K,recH1A0dCfMyZDeOg
F024eE,SAMEA123918154,SAMEA120632683,rec2Jn2VsyNJ7hHSg,recsdNVM0FRwA1Glt
F025eD,SAMEA123918155,SAMEA120632684,rec3XnW0TOZyiaZAl,recjdGXJ1bOatNuJy
F025eE,SAMEA123918156,SAMEA120632684,recG5S68PyEwPyZHw,recDPGo8gLkp9zWF3
F026aD,SAMEA123918157,SAMEA120632685,recGhAW1bwstaRKzy,recrN6ZfkbrGdBESM
F026aE,SAMEA123918158,SAMEA120632685,recUVVNxrxnbStxXv,rec0o6x2OJ6kbbdDw
F027aD,SAMEA123918159,SAMEA120632686,recThK6rWFSNwXBIT,recEUXP88JmEftHav
F027aE,SAMEA123918160,SAMEA120632686,rec6sRrwtcxfjiCo4,recesKWB2OVGC7zXT
F028aD,SAMEA123918161,SAMEA120632687,recHDOCJZNMjV3VvM,recxF0ZDY1lv0NbKz
F028aE,SAMEA123918162,SAMEA120632687,recWukjSiqfKd4klX,reczECmurmFsCwPtf
F029aD,SAMEA123918163,SAMEA120632688,recpissCn1GaqRt8L,recNNvCwnl3clEapV
F029aE,SAMEA123918164,SAMEA120632688,recCYyciPHXno1PfD,recFqGS2t9j0zt43h
F030aD,SAMEA123918165,SAMEA120632689,recqz8D61os5jhbRD,reckJOt2zmFiVBfYB
F030aE,SAMEA123918166,SAMEA120632689,recFRb2Wl0LPRZtfz,recewDi0sXhbIWc4H
F031bD,SAMEA123918167,SAMEA120632690,recUTPTRIwVmdKDLX,recyZpzKwsehaSFPL
F031bE,SAMEA123918168,SAMEA120632690,recCSsxJJxV1w54Rs,receGY8F3FMmoTc6F
F032bD,SAMEA123918169,SAMEA120632691,recyBLKM5Q0PXzC6L,rechb1Y1qDfXMlmvx
F032bE,SAMEA123918170,SAMEA120632691,recV5n5YCSNurOino,recztYUUEfDUBH5AG
F033bD,SAMEA123918171,SAMEA120632692,recnDB9A7xTdapuyJ,recTPzS0PVZrZnEVK
F033bE,SAMEA123918172,SAMEA120632692,recr9HyyVezfGyj1z,rec1rAq676BoiwNAx
F034bD,SAMEA123918173,SAMEA120632693,rec12OdXVZMBENbos,recnMuWE16g0JrfOW
F034bE,SAMEA123918174,SAMEA120632693,rec76ksq13Jp7bJtm,rech14HUCCxE55Qi9
F035bD,SAMEA123918175,SAMEA120632694,recjlJ1TsnQ6Kef3C,recMWropkhjD0G5R9
F035bE,SAMEA123918176,SAMEA120632694,recg1QLbssKaXtf5K,recWzfFddyaQGd6K5
F036cD,SAMEA123918177,SAMEA120632695,recHJ15wT9LQtCUrK,recaOkUckPdLgTLS5
F036cE,SAMEA123918178,SAMEA120632695,rec4Kv70Vj004fn95,recYSow6UGSA3B2P8
F037cD,SAMEA123918179,SAMEA120632696,recLPbRuxwBm5p4X2,recCTTDQ2WoTCtNnS
F037cE,SAMEA123918180,SAMEA120632696,recifr1FBuH3MEhus,recxUoo4aTxymiX0k
F038cD,SAMEA123918181,SAMEA120632697,recS9xn4PRjzYF0Dy,recWskoXUA46PRvMj
F038cE,SAMEA123918182,SAMEA120632697,recwdTfnY3SMxU7Go,recwz2VrdabnJkMQc
F039cD,SAMEA123918183,SAMEA120632698,recfX5cEcXlYHgpbh,recD4H44AB5o13GLv
F039cE,SAMEA123918184,SAMEA120632698,recr9NVF1q6GIXI3R,recffZ37cJOinKvyX
F040cD,SAMEA123918185,SAMEA120632699,recaFv9KORAXmTBh8,rec5CHDTJsT1Og7KV
F040cE,SAMEA123918186,SAMEA120632699,recCPfvljzyeJ5ILR,reciWksCEQZemqshU
F041dD,SAMEA123918187,SAMEA120632700,recW8Tv5NES8NNcu0,recGUKkpf9jqvvQN8
F041dE,SAMEA123918188,SAMEA120632700,recWQPNnIx8XUQ1OC,recc7l2OKSqD9m9XL
F042dD,SAMEA123918189,SAMEA120632701,recrC1OYbI2HqwGaP,recK1Q3zyhIj7jgP3
F042dE,SAMEA123918190,SAMEA120632701,recRzrjD1zUXt5XES,recnXaScL4A1aJp4L
F043dD,SAMEA123918191,SAMEA120632702,recgq23q3zlh38DP1,reciPgXpXzsSzNM3w
F043dE,SAMEA123918192,SAMEA120632702,recbVeWJ6naa2LDv7,recUOg49j67Zz4pfq
F044dD,SAMEA123918193,SAMEA120632703,rec1RSuICmixykaKt,recoJkqhaZjxMMbVU
F044dE,SAMEA123918194,SAMEA120632703,recuLK2rO8GsZqorw,recEXeKjonq3MqfqZ
F045dD,SAMEA123918195,SAMEA120632704,reccorAzxWztGafRL,recZmh3HaYF1nGxGU
F045dE,SAMEA123918196,SAMEA120632704,reclPDbOSYnoqHlbG,rec6AwCjmyQFlSbaL
F046eD,SAMEA123918197,SAMEA120632705,recc5tyFwxb4PvsbD,recglmizCxCkkAE6g
F046eE,SAMEA123918198,SAMEA120632705,reciSVGVRnP1xK2NE,reckGtMP9P1E2d92I
F047eD,SAMEA123918199,SAMEA120632706,recfSKVwTHrhvVfZN,recvqnP0F6lGtfc2O
F047eE,SAMEA123918200,SAMEA120632706,recMTXEZsljFJi7ln,reci3PdvnA2RWFXCR
F048eD,SAMEA123918201,SAMEA120632707,recfZFXML7IG9qQAW,recEk2J8eKaf1jbbO
F048eE,SAMEA123918202,SAMEA120632707,recGfREASRUjDNc86,recNCnwQFfgVdROUm
F049eD,SAMEA123918203,SAMEA120632708,recwu1AYY2REcJ9IM,recgBW1PGdfcpT2WA
F049eE,SAMEA123918204,SAMEA120632708,recReLryCFx8JDCjH,recYfSvOOKo59BvtV
F050eD,SAMEA123918205,SAMEA120632709,rec3EQ4sglbYdf7Ao,reccOcS6UyGsCeqi8
F050eE,SAMEA123918206,SAMEA120632709,recchKv130dakU0M8,recCkSDFGcBGpuSxw
F051aD,SAMEA123918207,SAMEA120632710,recJEfyfArphEPSfI,recguL4k6EYpiWiHw
F051aE,SAMEA123918208,SAMEA120632710,reciKfAOL3BYz5NR5,recdzQw6cMD7oVgzh
F052aD,SAMEA123918209,SAMEA120632711,recCqdhWzRztLYrHw,recTTezuZ9zvohyHu
F052aE,SAMEA123918210,SAMEA120632711,recNBGV40LJsmsHJ0,recn5htOgEJIJMEAr
F053aD,SAMEA123918211,SAMEA120632712,recvmK60yzL8yuDXV,rectj0y9z3kQEHzrk
F053aE,SAMEA123918212,SAMEA120632712,rechG3MnWLHtCed9D,rechZB7RH9r4PnHeu
F054aD,SAMEA123918213,SAMEA120632713,recCxvNeRrS9FxkDL,recD1ZKeNu4q06ZVI
F054aE,SAMEA123918214,SAMEA120632713,recCxNzCZYBF4dZ2k,recWwzJhSp4Xqp5w6
F055aD,SAMEA123918215,SAMEA120632714,recBG15qKlLij2AVg,recAeskl4qduxAPlE
F055aE,SAMEA123918216,SAMEA120632714,reccMbbvdsgsYbRup,recRAAEADvSHeiIA2
F056bD,SAMEA123918217,SAMEA120632715,recDESJR52HVh8oba,recHO66Vh5THkpCy9
F056bE,SAMEA123918218,SAMEA120632715,rec7EBo27HIRgLDTD,recxbJeHPSf3B8Y1M
F057bD,SAMEA123918219,SAMEA120632716,rec9WBTnNQjjGiELm,recjOpyvUhHItuLa1
F057bE,SAMEA123918220,SAMEA120632716,recifMaYhDgiR1LbW,reclwNRy5UGRVGbON
F058bD,SAMEA123918221,SAMEA120632717,recxFcoYIfVEjNpNJ,recijwDdrffAAyypz
F058bE,SAMEA123918222,SAMEA120632717,recmayVOT9cfvXFHO,rec753QNbBmK5K5K1
F059bD,SAMEA123918223,SAMEA120632718,reckgY8AGks9aa28i,recGapVulgNvuaFyS
F059bE,SAMEA123918224,SAMEA120632718,rec3jfFP96x1Coll1,rec117yWYgxcWhoWP
F060bD,SAMEA123918225,SAMEA120632719,recpt6xQymbt2SS73,recajT8Y1TM2kgdJm
F060bE,SAMEA123918226,SAMEA120632719,recoixOWAvBOAh190,rec0Xa0d6n47QirT1
F061cD,SAMEA123918227,SAMEA120632720,recd6la9qx1pvEoT8,recqpRLeKKju3H2oS
F061cE,SAMEA123918228,SAMEA120632720,recvNS3jmeJAVrKjw,recNOaDMcuprhU9Xa
F062cD,SAMEA123918229,SAMEA120632721,recMVamGbY2o60nMW,recd9OVTu0ypCHjbr
F062cE,SAMEA123918230,SAMEA120632721,recGpy1jGwLLLCWkk,recdqqS0cwqUVIun4
F063cD,SAMEA123918231,SAMEA120632722,recLpZ89Ly8TJRu6P,rectczCOqoom8E5v5
F063cE,SAMEA123918232,SAMEA120632722,recUEnFoUx6PabNvW,rec15bso035vDRn8s
F064cD,SAMEA123918233,SAMEA120632723,rec6xScfYMyVJvzMj,recuHdTd5Wjl8upNx
F064cE,SAMEA123918234,SAMEA120632723,rec4CbzefqEuP58cQ,recGVt8xkCw47KoUZ
F065cD,SAMEA123918235,SAMEA120632724,recxEcYfOzhgYqLfi,rec3ZOqnx7HIHp5gE
F065cE,SAMEA123918236,SAMEA120632724,rec5isXD7dL2GtXNX,recU1P5z4RuNWNnpi
F066dD,SAMEA123918237,SAMEA120632725,recigseTnbM2Dsk8A,recsE9dJHK0RrbcvY
F066dE,SAMEA123918238,SAMEA120632725,recWCgT3Z1v6bzFZ9,rec0JuGGdtOR1DE0W
F067dD,SAMEA123918239,SAMEA120632726,recpjc0BFHUO0nkB4,recjLE2sHw95SjrJs
F067dE,SAMEA123918240,SAMEA120632726,rechxGZkFIEHgtJ51,rec1EbOAZsDyGDuTg
F068dD,SAMEA123918241,SAMEA120632727,rec3OMUrKGXHO3PEx,recpVmDaRSKwpmxJu
F068dE,SAMEA123918242,SAMEA120632727,reckq6E74fdeN5c7G,recZJi4PK4NRVKd9C
F069dD,SAMEA123918243,SAMEA120632728,recv8lHnztP05Sk0n,recflftEZY9Pk1Lh8
F069dE,SAMEA123918244,SAMEA120632728,rece4OAIsHHrZNGdu,recPc9fGMHSPExpRN
F070dD,SAMEA123918245,SAMEA120632729,recmdGAiPr5298nKq,recJDpff39AvyZv11
F070dE,SAMEA123918246,SAMEA120632729,recqHzOSoilGfeVgh,recZ7qYRUWrb8GA18
F071eD,SAMEA123918247,SAMEA120632730,recMB18ZPXhXyhT65,recE6CUAgfXOWw7Ub
F071eE,SAMEA123918248,SAMEA120632730,recdFG1trJ0JMbhtD,recOA6kYtAgqh6GWg
F072eD,SAMEA123918249,SAMEA120632731,recwL5pUeWoMRZBti,rec3ncY4EDLu2nbEq
F072eE,SAMEA123918250,SAMEA120632731,recrkI1jIGcbBaINx,recWWTJVHbgI4n3nz
F073eD,SAMEA123918251,SAMEA120632732,recd3xe6vUhOyxpcp,recAVsLzbljfXwlVj
F073eE,SAMEA123918252,SAMEA120632732,rec7qacSGZqeAPm8G,recg4bBmuaavN19Wz
F074eD,SAMEA123918253,SAMEA120632733,rec3yD5GIYwPSXv2M,rec9aapZ3Ggrg7mdq
F074eE,SAMEA123918254,SAMEA120632733,recQWUezEVKebnkef,reco6xMr6fgYiiMzC
F075eD,SAMEA123918255,SAMEA120632734,recIYng9Dk6BqXXom,rec7mYgUakfXQoPIF
F075eE,SAMEA123918256,SAMEA120632734,recEQqy7Wb5xtQRqY,rectbovtHSneXCV8x
F076aD,SAMEA123918257,SAMEA120632735,recVzrLjCt8fEf5AZ,rec1RtUTHqIjG0ODa
F076aE,SAMEA123918258,SAMEA120632735,recPy4vkTDQfCZ7NX,recnHceZEvBIEpN9x
F077aD,SAMEA123918259,SAMEA120632736,rec6tRfNG6wtfvsZg,reck85swFDTJZaYAf
F077aE,SAMEA123918260,SAMEA120632736,reczfDJSms6jIV8NZ,recietKvUkM2xVEiv
F078aD,SAMEA123918261,SAMEA120632737,recr6aCmvspSkkHrT,rec1z233lczchBofA
F078aE,SAMEA123918262,SAMEA120632737,recLxXLgsOZ0os5ss,recdPWnpoVw21iCtf
F079aD,SAMEA123918263,SAMEA120632738,recZ4UibmGabZMhh9,rechQOOngrqdhYrwr
F079aE,SAMEA123918264,SAMEA120632738,recZoVvzdjBYPJ2m4,recEbVtyVyCUuIFso
F080aD,SAMEA123918265,SAMEA120632739,recbmwZsXtwfIWNVr,recGNGrNHDvsn8OQj
F080aE,SAMEA123918266,SAMEA120632739,recWMRnyi2uYYH6pi,recBz5fNftkNczOMS
F081bD,SAMEA123918267,SAMEA120632740,recfozIUfaBVS6Gtx,recVB7xk0hmGXhdWv
F081bE,SAMEA123918268,SAMEA120632740,recLRrl6yyZsslORN,recrooPLAYAGLeOlY
F082bD,SAMEA123918269,SAMEA120632741,recJWStBOw2vLRhoB,recrm0yT6NpBqx2ZJ
F082bE,SAMEA123918270,SAMEA120632741,recop8P5ChHYI4oX8,recvG2yLyL2WYiCku
F083bD,SAMEA123918271,SAMEA120632742,recgXbcrwq3fGsikK,recOHISzDokoGakJD
F083bE,SAMEA123918272,SAMEA120632742,recYjIq8CKQsm66Vm,rec32QKZ0HoY5hAKE
F084bD,SAMEA123918273,SAMEA120632743,recBTmtfv5wqI3iMx,reci7yC01NwCDJQkV
F084bE,SAMEA123918274,SAMEA120632743,recODRJGVfXyxcJLs,recAX2QHcgMoI6hX5
F085bD,SAMEA123918275,SAMEA120632744,recqM1m76rYiTuNix,recaWIPhv9hiRYQBe
F085bE,SAMEA123918276,SAMEA120632744,reccKaBiHhS5J6u80,recYiKpsAv75YjeSg
F086cD,SAMEA123918277,SAMEA120632745,recBiXYLQZYWqVliw,recVXFKIyIg7kWnww
F086cE,SAMEA123918278,SAMEA120632745,recPCpzMG5E16dfOX,recaDdU4NAHll2DUZ
F087cD,SAMEA123918279,SAMEA120632746,recsdNTmute2MYnZP,reckAKd6qNb32RDU8
F087cE,SAMEA123918280,SAMEA120632746,recnmqVzU6Er0lflG,recsfszS914jin5nO
F088cD,SAMEA123918281,SAMEA120632747,recraV0ERpc70HCmI,recEgtKae6kA3tIp1
F088cE,SAMEA123918282,SAMEA120632747,recJ912PD39IqwGTC,rec4pM9JWau6hdleU
F089cD,SAMEA123918283,SAMEA120632748,rec2l6bwyfF2P1A3H,rec89VzXLFHOFhLbS
F089cE,SAMEA123918284,SAMEA120632748,recXUjppAGR2Q9ysC,rec6f2NuVMrGG31sH
F090cD,SAMEA123918285,SAMEA120632749,recxoHjwVBs3fjPbC,recdjVMHqQZH9tnuV
F090cE,SAMEA123918286,SAMEA120632749,recwI8BS6WzXsNzg2,recqLVCgYeER2zDAh
F091dD,SAMEA123918287,SAMEA120632750,recbW04zEkrB9Flwz,rec4bdxIctbdpQYXG
F091dE,SAMEA123918288,SAMEA120632750,rec6o3TV3JArQ1EdW,recZAot0tY2QH1nj0
F092dD,SAMEA123918289,SAMEA120632751,rechcJtV5NO8C3x27,recu0VXWELlPyZjBY
F092dE,SAMEA123918290,SAMEA120632751,recjjP1mv5w1nNQgd,rec93xeRF2WhU5hpV
F093dD,SAMEA123918291,SAMEA120632752,recHCR6bO3bczaDOI,recrWVk3gbD9A0s8r
F093dE,SAMEA123918292,SAMEA120632752,recGcdCJAKrX181Wm,rechrW6QDteqxEUJw
F094dD,SAMEA123918293,SAMEA120632753,recrCYjKl3zd1kFRD,recnpw3TpXWjvEa6B
F094dE,SAMEA123918294,SAMEA120632753,reccmHNkHbkCkmd94,rec9vKvaFygFLakHa
F095dD,SAMEA123918295,SAMEA120632754,rec3MJMzaCwIFbjau,recChBho03GuttzfR
F095dE,SAMEA123918296,SAMEA120632754,reckP6IwtPxBrpLSF,recmU5yHgyQTTs0CJ
F096eD,SAMEA123918297,SAMEA120632755,recvWdpux3rFhoqJf,recfkIaDeRUpB3clC
F096eE,SAMEA123918298,SAMEA120632755,recIqYo6O40gIaQiB,recyvEDpdG4y0VyRL
F097eD,SAMEA123918299,SAMEA120632756,recyL17xkz60oJNU2,rectK94xRQAr0G6Xq
F097eE,SAMEA123918300,SAMEA120632756,recccZk5tXMT7VpTu,reciBjlNk5fz4lwGi
F098eD,SAMEA123918301,SAMEA120632757,recIeSKExihHbEM3b,recfqVT4HwTKEALY2
F098eE,SAMEA123918302,SAMEA120632757,recuvWD7i2W0BkQZ1,reciUzlfcewDNmfms
F099eD,SAMEA123918303,SAMEA120632758,rec5y3teKIwvVkdv5,recyIrT8VyBrRJwWU
F099eE,SAMEA123918304,SAMEA120632758,receysINIxKfV6HdK,recyUbbJ92pmW0Vmo
F100eD,SAMEA123918305,SAMEA120632759,recY4MCm6Vn6MEWLa,recHZTHvliac8UjNW
F100eE,SAMEA123918306,SAMEA120632759,rececjE2cWdDUdrUB,recbW7YHhF7CclPrT
F101aD,SAMEA123918307,SAMEA120632760,recNL4GqjgQDqhJFQ,reckEeQvIJBKeeBQn
F101aE,SAMEA123918308,SAMEA120632760,recUKC9Zw2k0FVaqT,recnYvC8sb6K7Cejv
F102aD,SAMEA123918309,SAMEA120632761,rec8TnHuPDXm22mvh,recKXfsjwq5fv25NG
F102aE,SAMEA123918310,SAMEA120632761,recr5xzMW31iu9FmX,recv1pxFRy6LS2vb8
F103aD,SAMEA123918311,SAMEA120632762,recXdtQmsU5F955MJ,recPSE425TwdFlMfy
F103aE,SAMEA123918312,SAMEA120632762,recVveCPuLktxpEqF,recnBsKT5enmZJUti
F104aD,SAMEA123918313,SAMEA120632763,recbodYuvLYMjF4M4,recQUqqVLruxgMhMx
F104aE,SAMEA123918314,SAMEA120632763,recZzJo092HbrRMS5,recsilCcMNls5UQi2
F105aD,SAMEA123918315,SAMEA120632764,recekiA9p1WasBwSk,reco1NWDOSlSj5qZX
F105aE,SAMEA123918316,SAMEA120632764,recQ5EvdfoFZhMEz3,recRx12ILtnI9qvHE
F106bD,SAMEA123918317,SAMEA120632765,recHLWxfmnMlIvhQP,recrJ97ZpebbS0yZF
F106bE,SAMEA123918318,SAMEA120632765,recox8s8obOvWNYZ3,recqjblm9uucxli6G
F107bD,SAMEA123918319,SAMEA120632766,recLIRaQUbmG9RbTV,rec537TNxTfck1nCO
F107bE,SAMEA123918320,SAMEA120632766,recKjY304LyRevaxw,recYH5chi3nDeBsA1
F108bD,SAMEA123918321,SAMEA120632767,recqPz546SWq55ArF,recbM7I66EUcADRWH
F108bE,SAMEA123918322,SAMEA120632767,recSDoDZgQ2KgYLXF,recKhu5Y3yYUKOvdE
F109bD,SAMEA123918323,SAMEA120632768,rec4vDS4TClsOB3Zh,recYi6c9gPZW6U70z
F109bE,SAMEA123918324,SAMEA120632768,rec0MGWdRrQiVW16H,recxhLaCQwKXlv89K
F110bD,SAMEA123918325,SAMEA120632769,recNXPG2qRLoeCxFi,recMmKiZhapxAkZVZ
F110bE,SAMEA123918326,SAMEA120632769,recf9TyrpnMxZWFOP,rec0f3NcAsNFv4h2Q
F111cD,SAMEA123918327,SAMEA120632770,recEWkQusvHm2vBOz,recacVasHwOdQOdvX
F111cE,SAMEA123918328,SAMEA120632770,recuEgbe3RWctugQY,recI3p7yJREd6qHjP
F112cD,SAMEA123918329,SAMEA120632771,recCZdouKj1PB9rlf,recmoMPUuriDY5zXr
F112cE,SAMEA123918330,SAMEA120632771,recmSEiII65dYqrNQ,recQemrW6bWk5XHsP
F113cD,SAMEA123918331,SAMEA120632772,recE7OXX1AzelQirb,rec8e7AQwCRLRDHi9
F113cE,SAMEA123918332,SAMEA120632772,recHGUhXY1ZAL1WcH,recl7ezaoFcJ8tNO1
F114cD,SAMEA123918333,SAMEA120632773,recEYKEQipewgcOKX,recrjktuDmbAX0VuT
F114cE,SAMEA123918334,SAMEA120632773,rec7SAbNOt8ycbTJA,rect32Uu2gIvm2T3G
F115cD,SAMEA123918335,SAMEA120632774,recgPKD7Cs192Glt7,recXtna55VeQKNSA3
F115cE,SAMEA123918336,SAMEA120632774,rechBYgrdbPjeCkJp,recy0fizlUEwScs7w
F116dD,SAMEA123918337,SAMEA120632775,recrpJxc0WNlSGqA7,recSvIe26qM2FRk0D
F116dE,SAMEA123918338,SAMEA120632775,recoQX6gVOSLAYwt6,rec8AMJzcChk4bxRN
F117dD,SAMEA123918339,SAMEA120632776,reciXG1NPWm7bfGCM,recudvScO4djKMRqA
F117dE,SAMEA123918340,SAMEA120632776,recFfU0hxrgth7dPX,recgslh1ttxvuBtWY
F118dD,SAMEA123918341,SAMEA120632777,recxAuzgpIc8R1WoJ,rec6z3T7mP6j6JKHl
F118dE,SAMEA123918342,SAMEA120632777,recLniQsAeI7jNg4a,recMUwlXOojDPFImw
F119dD,SAMEA123918343,SAMEA120632778,recIIvnFcAIlvViYQ,rec6r6tOVrQ9iTOqs
F119dE,SAMEA123918344,SAMEA120632778,recBn7Jgy7PrKsMvI,recNGFQFseOnKbYVk
F120dD,SAMEA123918345,SAMEA120632779,recalI6VUBBSDDuZJ,recY3DSNvbdPNZkr0
F120dE,SAMEA123918346,SAMEA120632779,rec7u7fsXeo3NH7Nk,reczkefJxpBmLiTZb
F121eD,SAMEA123918347,SAMEA120632780,rec6gONS9TWzssqVR,recVPGrgaShVqkKoP
F121eE,SAMEA123918348,SAMEA120632780,rec0rlwly9zfjr9a2,recZNDpj3qM9g4CEj
F122eD,SAMEA123918349,SAMEA120632781,recc6Yg0UdR2gqPUC,recPjSDugnvG87MQs
F122eE,SAMEA123918350,SAMEA120632781,recfM9NAeXVJsgJIk,recpPhzzxJt4Ldm7a
F123eD,SAMEA123918351,SAMEA120632782,recAktZVW5yhxv6cM,recKvRGTevidJ1ws0
F123eE,SAMEA123918352,SAMEA120632782,rec7KooJYpolTk9Tq,recCHvgp0oIBIXS4Q
F124eD,SAMEA123918353,SAMEA120632783,recixRrquOrUOXM7s,rec24mNBM0peur0Yw
F124eE,SAMEA123918354,SAMEA120632783,recFJcJttMzksRtX1,rec5uB2uGX7E3TqT2
F125eD,SAMEA123918355,SAMEA120632784,recnzKCUa8Wfg7Yj1,rec12aXLXzk50ICME
F125eE,SAMEA123918356,SAMEA120632784,recYJuupT3JNRTdUK,recnD28RSsmao8kYB
F126aD,SAMEA123918357,SAMEA120632785,reccx1ZGnq7A2H4j5,recIKC7WdjeJGu1eR
F126aE,SAMEA123918358,SAMEA120632785,recV95JHV1yqzrbB0,reclwaSOoDTmX3jss
F127aD,SAMEA123918359,SAMEA120632786,recVrPzg1A8kvGKTK,recemwy9Lx15lpo1x
F127aE,SAMEA123918360,SAMEA120632786,rec0RXSgHE9570h4Y,recjfsXkG6YgU4RB2
F128aD,SAMEA123918361,SAMEA120632787,recRDoZXFdCCLm0rO,rec5JwjpAVYBJZzcz
F128aE,SAMEA123918362,SAMEA120632787,rec1yWbQ7rcAayBmO,rec0f4WzldDGbm9zg
F129aD,SAMEA123918363,SAMEA120632788,recsXzCpTevjNXyhZ,recK7BUsL6ptTqUJR
F129aE,SAMEA123918364,SAMEA120632788,receM19Tlug3Siw0Q,recxhgBUqc4wBQGwM
F130aD,SAMEA123918365,SAMEA120632789,recNo58qwRB2RoQQT,rec65YU4IQIFBYW5Z
F130aE,SAMEA123918366,SAMEA120632789,recspiJ5xshHid8PN,recA1KhrntQyyp8ek
F131bD,SAMEA123918367,SAMEA120632790,recg37zJlaor6Yreb,rec4SvxI85a4Ou4GM
F131bE,SAMEA123918368,SAMEA120632790,recA9QFkouHhonskJ,recNaOlKC4yjkl6xB
F132bD,SAMEA123918369,SAMEA120632791,recNk7epzUEAM3jiy,recnox5TINFI5OuS1
F132bE,SAMEA123918370,SAMEA120632791,recJSvc3CKbJJYeQ6,reclULIPmdp2Er8GZ
F133bD,SAMEA123918371,SAMEA120632792,recaD7IR3qSiHB198,recXfSWK6PTdHSDnc
F133bE,SAMEA123918372,SAMEA120632792,recDfimeaah3L7teo,recSda4ptgHqn8eiI
F134bD,SAMEA123918373,SAMEA120632793,recj3eD8fhrlsPNW3,recf9g5a4gJ7yLdhA
F134bE,SAMEA123918374,SAMEA120632793,rec4bKBaXc3H6DTHB,recJSEQ9wTDcvc7bT
F135bD,SAMEA123918375,SAMEA120632794,rec8OsHCTLkx0DNDQ,reclQv0RvF8jlerUt
F135bE,SAMEA123918376,SAMEA120632794,recgVZNMEKt08SJ22,reczK1Gb7B1JIuoWT
F136cD,SAMEA123918377,SAMEA120632795,recKgyOzG5MCeLW5S,recb7XxMr9WvjDriA
F136cE,SAMEA123918378,SAMEA120632795,recqTdYV6OFinUt9l,recqFrKFMOYtvYzkr
F137cD,SAMEA123918379,SAMEA120632796,recIqMuOU1ExeEKgb,recOyz7uyKIpXyZY5
F137cE,SAMEA123918380,SAMEA120632796,recvpGwVCMDXUY2BR,rec0CnFvQImzBt9HH
F138cD,SAMEA123918381,SAMEA120632797,recB7d83CvTxDB6db,recWME8dOlJ9hG9ae
F138cE,SAMEA123918382,SAMEA120632797,recT0Gmjn0p6eqjV3,recOOmrleMzxQNE2O
F139cD,SAMEA123918383,SAMEA120632798,rec7ID0MOmu9x5RGy,recHfcBxJQ1ZseqjS
F139cE,SAMEA123918384,SAMEA120632798,recQ2JHyR8dcUKIom,recfKcGibkyuAyGI1
F140cD,SAMEA123918385,SAMEA120632799,rec60epk2fVCWhT0q,recFO9ATuxbCAx5Id
F140cE,SAMEA123918386,SAMEA120632799,rec5NpxOUohEnBx2k,rec92UyeklO48xV8M
F141dD,SAMEA123918387,SAMEA120632800,recoytalffvASnzGl,recwuKMjDa0KBGjUI
F141dE,SAMEA123918388,SAMEA120632800,recQkdGgCdUlQ4xGX,recI15QMSmDdVsQDa
F142dD,SAMEA123918389,SAMEA120632801,recv1xrJEybE2uc5v,recvH6Zf7BclZMhtv
F142dE,SAMEA123918390,SAMEA120632801,rece37zbOqfERAlll,recWMBlHd4kHORrHV
F143dD,SAMEA123918391,SAMEA120632802,recVlIIUXELC4A58n,recK2KhK3mUDeQXOZ
F143dE,SAMEA123918392,SAMEA120632802,recbh5nHGjKPLqdjC,recrIrBiqI1aCibGM
F144dD,SAMEA123918393,SAMEA120632803,reccj89SGPG2vlQpi,recEXkCK3d71LtqKa
F144dE,SAMEA123918394,SAMEA120632803,recmmU94gvzfZchQn,reciTHumFYgjAnUbK
F145dD,SAMEA123918395,SAMEA120632804,recZoRTZ4LQuk5gOp,recbGu91UY0LD96S1
F145dE,SAMEA123918396,SAMEA120632804,recYpYVaXXTe3ewnh,recrWuIStc92i8lvl
F146eD,SAMEA123918397,SAMEA120632805,recm08XSOngv7BYhz,recN6ct6wg5pG2Pg3
F146eE,SAMEA123918398,SAMEA120632805,rec4B9VbaZ1OJOtXm,recTe7u5SpWRtafae
F147eD,SAMEA123918399,SAMEA120632806,recMDLc9xEFtIS3mn,recoZmQBCpBzRX4fN
F147eE,SAMEA123918400,SAMEA120632806,recIo2MCzdknqlQRF,recIK91TF92ZpOT0J
F148eD,SAMEA123918401,SAMEA120632807,recx1NyvdxbBlR13V,recPVl4uMZsASilNq
F148eE,SAMEA123918402,SAMEA120632807,reco9yVUtbnHIt8Tq,reck9uvF3MFVO15HP
