ID,accession
F001aD,SAMEA123918107
F001aE,SAMEA123918108
F002aD,SAMEA123918109
F002aE,SAMEA123918110
F003aD,SAMEA123918111
F003aE,SAMEA123918112
F004aD,SAMEA123918113
F004aE,SAMEA123918114
F005aD,SAMEA123918115
F005aE,SAMEA123918116
F006bD,SAMEA123918117
F006bE,SAMEA123918118
F007bD,SAMEA123918119
F007bE,SAMEA123918120
F008bD,SAMEA123918121
F008bE,SAMEA123918122
F009bD,SAMEA123918123
F009bE,SAMEA123918124
F010bD,SAMEA123918125
F010bE,SAMEA123918126
F011cD,SAMEA123918127
F011cE,SAMEA123918128
F012cD,SAMEA123918129
F012cE,SAMEA123918130
F013cD,SAMEA123918131
F013cE,SAMEA123918132
F014cD,SAMEA123918133
F014cE,SAMEA123918134
F015cD,SAMEA123918135
F015cE,SAMEA123918136
F016dD,SAMEA123918137
F016dE,SAMEA123918138
F017dD,SAMEA123918139
F017dE,SAMEA123918140
F018dD,SAMEA123918141
F018dE,SAMEA123918142
F019dD,SAMEA123918143
F019dE,SAMEA123918144
F020dD,SAMEA123918145
F020dE,SAMEA123918146
F021eD,SAMEA123918147
F021eE,SAMEA123918148
F022eD,SAMEA123918149
F022eE,SAMEA123918150
F023eD,SAMEA123918151
F023eE,SAMEA123918152
F024eD,SAMEA123918153
F024eE,SAMEA123918154
F025eD,SAMEA123918155
F025eE,SAMEA123918156
F026aD,SAMEA123918157
F026aE,SAMEA123918158
F027aD,SAMEA123918159
F027aE,SAMEA123918160
F028aD,SAMEA123918161
F028aE,SAMEA123918162
F029aD,SAMEA123918163
F029aE,SAMEA123918164
F030aD,SAMEA123918165
F030aE,SAMEA123918166
F031bD,SAMEA123918167
F031bE,SAMEA123918168
F032bD,SAMEA123918169
F032bE,SAMEA123918170
F033bD,SAMEA123918171
F033bE,SAMEA123918172
F034bD,SAMEA123918173
F034bE,SAMEA123918174
F035bD,SAMEA123918175
F035bE,SAMEA123918176
F036cD,SAMEA123918177
F036cE,SAMEA123918178
F037cD,SAMEA123918179
F037cE,SAMEA123918180
F038cD,SAMEA123918181
F038cE,SAMEA123918182
F039cD,SAMEA123918183
F039cE,SAMEA123918184
F040cD,SAMEA123918185
F040cE,SAMEA123918186
F041dD,SAMEA123918187
F041dE,SAMEA123918188
F042dD,SAMEA123918189
F042dE,SAMEA123918190
F043dD,SAMEA123918191
F043dE,SAMEA123918192
F044dD,SAMEA123918193
F044dE,SAMEA123918194
F045dD,SAMEA123918195
F045dE,SAMEA123918196
F046eD,SAMEA123918197
F046eE,SAMEA123918198
F047eD,SAMEA123918199
F047eE,SAMEA123918200
F048eD,SAMEA123918201
F048eE,SAMEA123918202
F049eD,SAMEA123918203
F049eE,SAMEA123918204
F050eD,SAMEA123918205
F050eE,SAMEA123918206
F051aD,SAMEA123918207
F051aE,SAMEA123918208
F052aD,SAMEA123918209
F052aE,SAMEA123918210
F053aD,SAMEA123918211
F053aE,SAMEA123918212
F054aD,SAMEA123918213
F054aE,SAMEA123918214
F055aD,SAMEA123918215
F055aE,SAMEA123918216
F056bD,SAMEA123918217
F056bE,SAMEA123918218
F057bD,SAMEA123918219
F057bE,SAMEA123918220
F058bD,SAMEA123918221
F058bE,SAMEA123918222
F059bD,SAMEA123918223
F059bE,SAMEA123918224
F060bD,SAMEA123918225
F060bE,SAMEA123918226
F061cD,SAMEA123918227
F061cE,SAMEA123918228
F062cD,SAMEA123918229
F062cE,SAMEA123918230
F063cD,SAMEA123918231
F063cE,SAMEA123918232
F064cD,SAMEA123918233
F064cE,SAMEA123918234
F065cD,SAMEA123918235
F065cE,SAMEA123918236
F066dD,SAMEA123918237
F066dE,SAMEA123918238
F067dD,SAMEA123918239
F067dE,SAMEA123918240
F068dD,SAMEA123918241
F068dE,SAMEA123918242
F069dD,SAMEA123918243
F069dE,SAMEA123918244
F070dD,SAMEA123918245
F070dE,SAMEA123918246
F071eD,SAMEA123918247
F071eE,SAMEA123918248
F072eD,SAMEA123918249
F072eE,SAMEA123918250
F073eD,SAMEA123918251
F073eE,SAMEA123918252
F074eD,SAMEA123918253
F074eE,SAMEA123918254
F075eD,SAMEA123918255
F075eE,SAMEA123918256
F076aD,SAMEA123918257
F076aE,SAMEA123918258
F077aD,SAMEA123918259
F077aE,SAMEA123918260
F078aD,SAMEA123918261
F078aE,SAMEA123918262
F079aD,SAMEA123918263
F079aE,SAMEA123918264
F080aD,SAMEA123918265
F080aE,SAMEA123918266
F081bD,SAMEA123918267
F081bE,SAMEA123918268
F082bD,SAMEA123918269
F082bE,SAMEA123918270
F083bD,SAMEA123918271
F083bE,SAMEA123918272
F084bD,SAMEA123918273
F084bE,SAMEA123918274
F085bD,SAMEA123918275
F085bE,SAMEA123918276
F086cD,SAMEA123918277
F086cE,SAMEA123918278
F087cD,SAMEA123918279
F087cE,SAMEA123918280
F088cD,SAMEA123918281
F088cE,SAMEA123918282
F089cD,SAMEA123918283
F089cE,SAMEA123918284
F090cD,SAMEA123918285
F090cE,SAMEA123918286
F091dD,SAMEA123918287
F091dE,SAMEA123918288
F092dD,SAMEA123918289
F092dE,SAMEA123918290
F093dD,SAMEA123918291
F093dE,SAMEA123918292
F094dD,SAMEA123918293
F094dE,SAMEA123918294
F095dD,SAMEA123918295
F095dE,SAMEA123918296
F096eD,SAMEA123918297
F096eE,SAMEA123918298
F097eD,SAMEA123918299
F097eE,SAMEA123918300
F098eD,SAMEA123918301
F098eE,SAMEA123918302
F099eD,SAMEA123918303
F099eE,SAMEA123918304
F100eD,SAMEA123918305
F100eE,SAMEA123918306
F101aD,SAMEA123918307
F101aE,SAMEA123918308
F102aD,SAMEA123918309
F102aE,SAMEA123918310
F103aD,SAMEA123918311
F103aE,SAMEA123918312
F104aD,SAMEA123918313
F104aE,SAMEA123918314
F105aD,SAMEA123918315
F105aE,SAMEA123918316
F106bD,SAMEA123918317
F106bE,SAMEA123918318
F107bD,SAMEA123918319
F107bE,SAMEA123918320
F108bD,SAMEA123918321
F108bE,SAMEA123918322
F109bD,SAMEA123918323
F109bE,SAMEA123918324
F110bD,SAMEA123918325
F110bE,SAMEA123918326
F111cD,SAMEA123918327
F111cE,SAMEA123918328
F112cD,SAMEA123918329
F112cE,SAMEA123918330
F113cD,SAMEA123918331
F113cE,SAMEA123918332
F114cD,SAMEA123918333
F114cE,SAMEA123918334
F115cD,SAMEA123918335
F115cE,SAMEA123918336
F116dD,SAMEA123918337
F116dE,SAMEA123918338
F117dD,SAMEA123918339
F117dE,SAMEA123918340
F118dD,SAMEA123918341
F118dE,SAMEA123918342
F119dD,SAMEA123918343
F119dE,SAMEA123918344
F120dD,SAMEA123918345
F120dE,SAMEA123918346
F121eD,SAMEA123918347
F121eE,SAMEA123918348
F122eD,SAMEA123918349
F122eE,SAMEA123918350
F123eD,SAMEA123918351
F123eE,SAMEA123918352
F124eD,SAMEA123918353
F124eE,SAMEA123918354
F125eD,SAMEA123918355
F125eE,SAMEA123918356
F126aD,SAMEA123918357
F126aE,SAMEA123918358
F127aD,SAMEA123918359
F127aE,SAMEA123918360
F128aD,SAMEA123918361
F128aE,SAMEA123918362
F129aD,SAMEA123918363
F129aE,SAMEA123918364
F130aD,SAMEA123918365
F130aE,SAMEA123918366
F131bD,SAMEA123918367
F131bE,SAMEA123918368
F132bD,SAMEA123918369
F132bE,SAMEA123918370
F133bD,SAMEA123918371
F133bE,SAMEA123918372
F134bD,SAMEA123918373
F134bE,SAMEA123918374
F135bD,SAMEA123918375
F135bE,SAMEA123918376
F136cD,SAMEA123918377
F136cE,SAMEA123918378
F137cD,SAMEA123918379
F137cE,SAMEA123918380
F138cD,SAMEA123918381
F138cE,SAMEA123918382
F139cD,SAMEA123918383
F139cE,SAMEA123918384
F140cD,SAMEA123918385
F140cE,SAMEA123918386
F141dD,SAMEA123918387
F141dE,SAMEA123918388
F142dD,SAMEA123918389
F142dE,SAMEA123918390
F143dD,SAMEA123918391
F143dE,SAMEA123918392
F144dD,SAMEA123918393
F144dE,SAMEA123918394
F145dD,SAMEA123918395
F145dE,SAMEA123918396
F146eD,SAMEA123918397
F146eE,SAMEA123918398
F147eD,SAMEA123918399
F147eE,SAMEA123918400
F148eD,SAMEA123918401
F148eE,SAMEA123918402
