name,accession
F001aB,SAMEA123916957
F002aB,SAMEA123916958
F003aB,SAMEA123916959
F004aB,SAMEA123916960
F005aB,SAMEA123916961
F006bB,SAMEA123916962
F007bB,SAMEA123916963
F008bB,SAMEA123916964
F009bB,SAMEA123916965
F010bB,SAMEA123916966
F011cB,SAMEA123916967
F012cB,SAMEA123916968
F013cB,SAMEA123916969
F014cB,SAMEA123916970
F015cB,SAMEA123916971
F016dA,SAMEA123916972
F016dB,SAMEA123916973
F017dA,SAMEA123916974
F017dB,SAMEA123916975
F018dB,SAMEA123916976
F019dB,SAMEA123916977
F020dB,SAMEA123916978
F021eB,SAMEA123916979
F022eB,SAMEA123916980
F023eB,SAMEA123916981
F024eB,SAMEA123916982
F025eB,SAMEA123916983
F026aB,SAMEA123916984
F027aB,SAMEA123916985
F028aB,SAMEA123916986
F029aB,SAMEA123916987
F030aB,SAMEA123916988
F031bB,SAMEA123916989
F032bB,SAMEA123916990
F033bB,SAMEA123916991
F034bB,SAMEA123916992
F035bB,SAMEA123916993
F036cB,SAMEA123916994
F037cB,SAMEA123916995
F038cB,SAMEA123916996
F039cB,SAMEA123916997
F040cB,SAMEA123916998
F041dB,SAMEA123916999
F042dB,SAMEA123917000
F043dA,SAMEA123917001
F043dB,SAMEA123917002
F044dB,SAMEA123917003
F045dA,SAMEA123917004
F045dB,SAMEA123917005
F046eB,SAMEA123917006
F047eB,SAMEA123917007
F048eB,SAMEA123917008
F049eB,SAMEA123917009
F050eB,SAMEA123917010
F051aB,SAMEA123917011
F052aB,SAMEA123917012
F053aB,SAMEA123917013
F054aB,SAMEA123917014
F055aB,SAMEA123917015
F056bB,SAMEA123917016
F057bB,SAMEA123917017
F058bB,SAMEA123917018
F059bB,SAMEA123917019
F060bB,SAMEA123917020
F061cB,SAMEA123917021
F062cB,SAMEA123917022
F063cB,SAMEA123917023
F064cB,SAMEA123917024
F065cB,SAMEA123917025
F066dA,SAMEA123917026
F066dB,SAMEA123917027
F067dB,SAMEA123917028
F068dA,SAMEA123917029
F068dB,SAMEA123917030
F069dB,SAMEA123917031
F070dB,SAMEA123917032
F071eB,SAMEA123917033
F072eB,SAMEA123917034
F073eB,SAMEA123917035
F074eB,SAMEA123917036
F075eB,SAMEA123917037
F076aB,SAMEA123917038
F077aB,SAMEA123917039
F078aB,SAMEA123917040
F079aB,SAMEA123917041
F080aB,SAMEA123917042
F081bB,SAMEA123917043
F082bB,SAMEA123917044
F083bB,SAMEA123917045
F084bB,SAMEA123917046
F085bB,SAMEA123917047
F086cB,SAMEA123917048
F087cB,SAMEA123917049
F088cB,SAMEA123917050
F089cB,SAMEA123917051
F090cB,SAMEA123917052
F091dB,SAMEA123917053
F092dB,SAMEA123917054
F093dB,SAMEA123917055
F094dB,SAMEA123917056
F095dB,SAMEA123917057
F096eB,SAMEA123917058
F097eB,SAMEA123917059
F098eB,SAMEA123917060
F101aB,SAMEA123917061
F102aB,SAMEA123917062
F103aB,SAMEA123917063
F104aB,SAMEA123917064
F105aB,SAMEA123917065
F106bB,SAMEA123917066
F107bB,SAMEA123917067
F108bB,SAMEA123917068
F109bB,SAMEA123917069
F110bB,SAMEA123917070
F111cB,SAMEA123917071
F112cB,SAMEA123917072
F113cB,SAMEA123917073
F114cB,SAMEA123917074
F115cB,SAMEA123917075
F116dB,SAMEA123917076
F117dB,SAMEA123917077
F118dB,SAMEA123917078
F119dB,SAMEA123917079
F120dB,SAMEA123917080
F121eB,SAMEA123917081
F122eB,SAMEA123917082
F123eB,SAMEA123917083
F126aB,SAMEA123917084
F127aB,SAMEA123917085
F128aB,SAMEA123917086
F129aB,SAMEA123917087
F130aB,SAMEA123917088
F131bB,SAMEA123917089
F132bB,SAMEA123917090
F133bB,SAMEA123917091
F134bB,SAMEA123917092
F135bB,SAMEA123917093
F136cB,SAMEA123917094
F137cB,SAMEA123917095
F138cB,SAMEA123917096
F139cB,SAMEA123917097
F140cB,SAMEA123917098
F141dB,SAMEA123917099
F142dB,SAMEA123917100
F143dB,SAMEA123917101
F144dB,SAMEA123917102
F145dB,SAMEA123917103
F146eB,SAMEA123917104
F147eB,SAMEA123917105
F148eB,SAMEA123917106
