specimen_id,parent_accession,macrosample_id,child_accession,expected_in_catalogue,level,release,taxId,outgoing_link
G002,SAMEA118545874,G002aM,SAMEA120488257,True,macrosample,2025-06-01T00:00:00Z,9031,True
G002,SAMEA118545874,G002aN,SAMEA120488258,True,macrosample,2025-06-01T00:00:00Z,9031,True
G003,SAMEA118545875,G003aM,SAMEA120497287,True,macrosample,2025-06-01T00:00:00Z,9031,True
G003,SAMEA118545875,G003aN,SAMEA120497288,True,macrosample,2025-06-01T00:00:00Z,9031,True
G004,SAMEA118545876,G004aM,SAMEA120497289,True,macrosample,2025-06-01T00:00:00Z,9031,True
G004,SAMEA118545876,G004aN,SAMEA120497290,True,macrosample,2025-06-01T00:00:00Z,9031,True
G005,SAMEA118545879,G005bM,SAMEA120497291,True,macrosample,2025-06-01T00:00:00Z,9031,True
G005,SAMEA118545879,G005bN,SAMEA120497292,True,macrosample,2025-06-01T00:00:00Z,9031,True
G006,SAMEA118545877,G006bM,SAMEA120497293,True,macrosample,2025-06-01T00:00:00Z,9031,True
G006,SAMEA118545877,G006bN,SAMEA120497294,True,macrosample,2025-06-01T00:00:00Z,9031,True
G007,SAMEA118545878,G007bM,SAMEA120497295,True,macrosample,2025-06-01T00:00:00Z,9031,True
G007,SAMEA118545878,G007bN,SAMEA120497296,True,macrosample,2025-06-01T00:00:00Z,9031,True
G008,SAMEA118545882,G008cM,SAMEA120497297,True,macrosample,2025-06-01T00:00:00Z,9031,True
G008,SAMEA118545882,G008cN,SAMEA120497298,True,macrosample,2025-06-01T00:00:00Z,9031,True
G009,SAMEA118545883,G009cM,SAMEA120497299,True,macrosample,2025-06-01T00:00:00Z,9031,True
G009,SAMEA118545883,G009cN,SAMEA120497300,True,macrosample,2025-06-01T00:00:00Z,9031,True
G010,SAMEA118545884,G010cM,SAMEA120497301,True,macrosample,2025-06-01T00:00:00Z,9031,True
G010,SAMEA118545884,G010cN,SAMEA120497302,True,macrosample,2025-06-01T00:00:00Z,9031,True
G011,SAMEA118545880,G011cM,SAMEA120497303,True,macrosample,2025-06-01T00:00:00Z,9031,True
G011,SAMEA118545880,G011cN,SAMEA120497304,True,macrosample,2025-06-01T00:00:00Z,9031,True
G012,SAMEA118545881,G012cM,SAMEA120497305,True,macrosample,2025-06-01T00:00:00Z,9031,True
G012,SAMEA118545881,G012cN,SAMEA120497306,True,macrosample,2025-06-01T00:00:00Z,9031,True
G013,SAMEA118545888,G013dM,SAMEA120497307,True,macrosample,2025-06-01T00:00:00Z,9031,True
G013,SAMEA118545888,G013dN,SAMEA120497308,True,macrosample,2025-06-01T00:00:00Z,9031,True
G014,SAMEA118545889,G014dM,SAMEA120497309,True,macrosample,2025-06-01T00:00:00Z,9031,True
G014,SAMEA118545889,G014dN,SAMEA120497310,True,macrosample,2025-06-01T00:00:00Z,9031,True
G016,SAMEA118545885,G016dM,SAMEA120497311,True,macrosample,2025-06-01T00:00:00Z,9031,True
G016,SAMEA118545885,G016dN,SAMEA120497312,True,macrosample,2025-06-01T00:00:00Z,9031,True
G017,SAMEA118545886,G017dM,SAMEA120497313,True,macrosample,2025-06-01T00:00:00Z,9031,True
G017,SAMEA118545886,G017dN,SAMEA120497314,True,macrosample,2025-06-01T00:00:00Z,9031,True
G018,SAMEA118545887,G018dM,SAMEA120497315,True,macrosample,2025-06-01T00:00:00Z,9031,True
G018,SAMEA118545887,G018dN,SAMEA120497316,True,macrosample,2025-06-01T00:00:00Z,9031,True
G019,SAMEA118545891,G019eM,SAMEA120497317,True,macrosample,2025-06-01T00:00:00Z,9031,True
G019,SAMEA118545891,G019eN,SAMEA120497318,True,macrosample,2025-06-01T00:00:00Z,9031,True
G020,SAMEA118545894,G020eM,SAMEA120497319,True,macrosample,2025-06-01T00:00:00Z,9031,True
G020,SAMEA118545894,G020eN,SAMEA120497320,True,macrosample,2025-06-01T00:00:00Z,9031,True
G021,SAMEA118545890,G021eM,SAMEA120497321,True,macrosample,2025-06-01T00:00:00Z,9031,True
G021,SAMEA118545890,G021eN,SAMEA120497322,True,macrosample,2025-06-01T00:00:00Z,9031,True
G023,SAMEA118545892,G023eM,SAMEA120497323,True,macrosample,2025-06-01T00:00:00Z,9031,True
G023,SAMEA118545892,G023eN,SAMEA120497324,True,macrosample,2025-06-01T00:00:00Z,9031,True
G024,SAMEA118545893,G024eM,SAMEA120497325,True,macrosample,2025-06-01T00:00:00Z,9031,True
G024,SAMEA118545893,G024eN,SAMEA120497326,True,macrosample,2025-06-01T00:00:00Z,9031,True
G026,SAMEA118545895,G026aM,SAMEA120497327,True,macrosample,2025-06-01T00:00:00Z,9031,True
G026,SAMEA118545895,G026aN,SAMEA120497328,True,macrosample,2025-06-01T00:00:00Z,9031,True
G027,SAMEA118545896,G027aM,SAMEA120497329,True,macrosample,2025-06-01T00:00:00Z,9031,True
G027,SAMEA118545896,G027aN,SAMEA120497330,True,macrosample,2025-06-01T00:00:00Z,9031,True
G028,SAMEA118545897,G028aM,SAMEA120497331,True,macrosample,2025-06-01T00:00:00Z,9031,True
G028,SAMEA118545897,G028aN,SAMEA120497332,True,macrosample,2025-06-01T00:00:00Z,9031,True
G029,SAMEA118545898,G029aM,SAMEA120497333,True,macrosample,2025-06-01T00:00:00Z,9031,True
G029,SAMEA118545898,G029aN,SAMEA120497334,True,macrosample,2025-06-01T00:00:00Z,9031,True
G030,SAMEA118545902,G030bM,SAMEA120497335,True,macrosample,2025-06-01T00:00:00Z,9031,True
G030,SAMEA118545902,G030bN,SAMEA120497336,True,macrosample,2025-06-01T00:00:00Z,9031,True
G031,SAMEA118545899,G031bM,SAMEA120497337,True,macrosample,2025-06-01T00:00:00Z,9031,True
G031,SAMEA118545899,G031bN,SAMEA120497338,True,macrosample,2025-06-01T00:00:00Z,9031,True
G032,SAMEA118545900,G032bM,SAMEA120497339,True,macrosample,2025-06-01T00:00:00Z,9031,True
G032,SAMEA118545900,G032bN,SAMEA120497340,True,macrosample,2025-06-01T00:00:00Z,9031,True
G033,SAMEA118545901,G033bM,SAMEA120497341,True,macrosample,2025-06-01T00:00:00Z,9031,True
G033,SAMEA118545901,G033bN,SAMEA120497342,True,macrosample,2025-06-01T00:00:00Z,9031,True
G035,SAMEA118545905,G035cM,SAMEA120497343,True,macrosample,2025-06-01T00:00:00Z,9031,True
G035,SAMEA118545905,G035cN,SAMEA120497344,True,macrosample,2025-06-01T00:00:00Z,9031,True
G036,SAMEA118545903,G036cM,SAMEA120497345,True,macrosample,2025-06-01T00:00:00Z,9031,True
G036,SAMEA118545903,G036cN,SAMEA120497346,True,macrosample,2025-06-01T00:00:00Z,9031,True
G037,SAMEA118545904,G037cM,SAMEA120497347,True,macrosample,2025-06-01T00:00:00Z,9031,True
G037,SAMEA118545904,G037cN,SAMEA120497348,True,macrosample,2025-06-01T00:00:00Z,9031,True
G039,SAMEA118545906,G039cM,SAMEA120497349,True,macrosample,2025-06-01T00:00:00Z,9031,True
G039,SAMEA118545906,G039cN,SAMEA120497350,True,macrosample,2025-06-01T00:00:00Z,9031,True
G040,SAMEA118545907,G040cM,SAMEA120497351,True,macrosample,2025-06-01T00:00:00Z,9031,True
G040,SAMEA118545907,G040cN,SAMEA120497352,True,macrosample,2025-06-01T00:00:00Z,9031,True
G041,SAMEA118545908,G041dM,SAMEA120497353,True,macrosample,2025-06-01T00:00:00Z,9031,True
G041,SAMEA118545908,G041dN,SAMEA120497354,True,macrosample,2025-06-01T00:00:00Z,9031,True
G042,SAMEA118545909,G042dM,SAMEA120497355,True,macrosample,2025-06-01T00:00:00Z,9031,True
G042,SAMEA118545909,G042dN,SAMEA120497356,True,macrosample,2025-06-01T00:00:00Z,9031,True
G043,SAMEA118545910,G043dM,SAMEA120497357,True,macrosample,2025-06-01T00:00:00Z,9031,True
G043,SAMEA118545910,G043dN,SAMEA120497358,True,macrosample,2025-06-01T00:00:00Z,9031,True
G044,SAMEA118545911,G044dM,SAMEA120497359,True,macrosample,2025-06-01T00:00:00Z,9031,True
G044,SAMEA118545911,G044dN,SAMEA120497360,True,macrosample,2025-06-01T00:00:00Z,9031,True
G045,SAMEA118545912,G045dM,SAMEA120497361,True,macrosample,2025-06-01T00:00:00Z,9031,True
G045,SAMEA118545912,G045dN,SAMEA120497362,True,macrosample,2025-06-01T00:00:00Z,9031,True
G046,SAMEA118545913,G046eM,SAMEA120497363,True,macrosample,2025-06-01T00:00:00Z,9031,True
G046,SAMEA118545913,G046eN,SAMEA120497364,True,macrosample,2025-06-01T00:00:00Z,9031,True
G047,SAMEA118545914,G047eM,SAMEA120497365,True,macrosample,2025-06-01T00:00:00Z,9031,True
G047,SAMEA118545914,G047eN,SAMEA120497366,True,macrosample,2025-06-01T00:00:00Z,9031,True
G048,SAMEA118545915,G048eM,SAMEA120497367,True,macrosample,2025-06-01T00:00:00Z,9031,True
G048,SAMEA118545915,G048eN,SAMEA120497368,True,macrosample,2025-06-01T00:00:00Z,9031,True
G049,SAMEA118545916,G049eM,SAMEA120497369,True,macrosample,2025-06-01T00:00:00Z,9031,True
G049,SAMEA118545916,G049eN,SAMEA120497370,True,macrosample,2025-06-01T00:00:00Z,9031,True
G050,SAMEA118545917,G050eM,SAMEA120497371,True,macrosample,2025-06-01T00:00:00Z,9031,True
G050,SAMEA118545917,G050eN,SAMEA120497372,True,macrosample,2025-06-01T00:00:00Z,9031,True
G051,SAMEA118545918,G051aM,SAMEA120497373,True,macrosample,2025-06-01T00:00:00Z,9031,True
G051,SAMEA118545918,G051aN,SAMEA120497374,True,macrosample,2025-06-01T00:00:00Z,9031,True
G052,SAMEA118545919,G052aM,SAMEA120497375,True,macrosample,2025-06-01T00:00:00Z,9031,True
G052,SAMEA118545919,G052aN,SAMEA120497376,True,macrosample,2025-06-01T00:00:00Z,9031,True
G053,SAMEA118545920,G053aM,SAMEA120497377,True,macrosample,2025-06-01T00:00:00Z,9031,True
G053,SAMEA118545920,G053aN,SAMEA120497378,True,macrosample,2025-06-01T00:00:00Z,9031,True
G054,SAMEA118545921,G054aM,SAMEA120497379,True,macrosample,2025-06-01T00:00:00Z,9031,True
G054,SAMEA118545921,G054aN,SAMEA120497380,True,macrosample,2025-06-01T00:00:00Z,9031,True
G055,SAMEA118545926,G055bM,SAMEA120497381,True,macrosample,2025-06-01T00:00:00Z,9031,True
G055,SAMEA118545926,G055bN,SAMEA120497382,True,macrosample,2025-06-01T00:00:00Z,9031,True
G056,SAMEA118545922,G056bM,SAMEA120497383,True,macrosample,2025-06-01T00:00:00Z,9031,True
G056,SAMEA118545922,G056bN,SAMEA120497384,True,macrosample,2025-06-01T00:00:00Z,9031,True
G057,SAMEA118545923,G057bM,SAMEA120497385,True,macrosample,2025-06-01T00:00:00Z,9031,True
G057,SAMEA118545923,G057bN,SAMEA120497386,True,macrosample,2025-06-01T00:00:00Z,9031,True
G058,SAMEA118545924,G058bM,SAMEA120497387,True,macrosample,2025-06-01T00:00:00Z,9031,True
G058,SAMEA118545924,G058bN,SAMEA120497388,True,macrosample,2025-06-01T00:00:00Z,9031,True
G059,SAMEA118545925,G059bM,SAMEA120497389,True,macrosample,2025-06-01T00:00:00Z,9031,True
G059,SAMEA118545925,G059bN,SAMEA120497390,True,macrosample,2025-06-01T00:00:00Z,9031,True
G060,SAMEA118545931,G060cM,SAMEA120497391,True,macrosample,2025-06-01T00:00:00Z,9031,True
G060,SAMEA118545931,G060cN,SAMEA120497392,True,macrosample,2025-06-01T00:00:00Z,9031,True
G061,SAMEA118545927,G061cM,SAMEA120497393,True,macrosample,2025-06-01T00:00:00Z,9031,True
G061,SAMEA118545927,G061cN,SAMEA120497394,True,macrosample,2025-06-01T00:00:00Z,9031,True
G062,SAMEA118545928,G062cM,SAMEA120497395,True,macrosample,2025-06-01T00:00:00Z,9031,True
G062,SAMEA118545928,G062cN,SAMEA120497396,True,macrosample,2025-06-01T00:00:00Z,9031,True
G063,SAMEA118545929,G063cM,SAMEA120497397,True,macrosample,2025-06-01T00:00:00Z,9031,True
G063,SAMEA118545929,G063cN,SAMEA120497398,True,macrosample,2025-06-01T00:00:00Z,9031,True
G064,SAMEA118545930,G064cM,SAMEA120497399,True,macrosample,2025-06-01T00:00:00Z,9031,True
G064,SAMEA118545930,G064cN,SAMEA120497400,True,macrosample,2025-06-01T00:00:00Z,9031,True
G065,SAMEA118545934,G065dM,SAMEA120497401,True,macrosample,2025-06-01T00:00:00Z,9031,True
G065,SAMEA118545934,G065dN,SAMEA120497402,True,macrosample,2025-06-01T00:00:00Z,9031,True
G066,SAMEA118545932,G066dM,SAMEA120497403,True,macrosample,2025-06-01T00:00:00Z,9031,True
G066,SAMEA118545932,G066dN,SAMEA120497404,True,macrosample,2025-06-01T00:00:00Z,9031,True
G067,SAMEA118545933,G067dM,SAMEA120497405,True,macrosample,2025-06-01T00:00:00Z,9031,True
G067,SAMEA118545933,G067dN,SAMEA120497406,True,macrosample,2025-06-01T00:00:00Z,9031,True
G069,SAMEA118545935,G069dM,SAMEA120497407,True,macrosample,2025-06-01T00:00:00Z,9031,True
G069,SAMEA118545935,G069dN,SAMEA120497408,True,macrosample,2025-06-01T00:00:00Z,9031,True
G070,SAMEA118545936,G070dM,SAMEA120497409,True,macrosample,2025-06-01T00:00:00Z,9031,True
G070,SAMEA118545936,G070dN,SAMEA120497410,True,macrosample,2025-06-01T00:00:00Z,9031,True
G071,SAMEA118545937,G071eM,SAMEA120497411,True,macrosample,2025-06-01T00:00:00Z,9031,True
G071,SAMEA118545937,G071eN,SAMEA120497412,True,macrosample,2025-06-01T00:00:00Z,9031,True
G072,SAMEA118545938,G072eM,SAMEA120497413,True,macrosample,2025-06-01T00:00:00Z,9031,True
G072,SAMEA118545938,G072eN,SAMEA120497414,True,macrosample,2025-06-01T00:00:00Z,9031,True
G073,SAMEA118545939,G073eM,SAMEA120497415,True,macrosample,2025-06-01T00:00:00Z,9031,True
G073,SAMEA118545939,G073eN,SAMEA120497416,True,macrosample,2025-06-01T00:00:00Z,9031,True
G074,SAMEA118545940,G074eM,SAMEA120497417,True,macrosample,2025-06-01T00:00:00Z,9031,True
G074,SAMEA118545940,G074eN,SAMEA120497418,True,macrosample,2025-06-01T00:00:00Z,9031,True
G075,SAMEA118545941,G075eM,SAMEA120497419,True,macrosample,2025-06-01T00:00:00Z,9031,True
G075,SAMEA118545941,G075eN,SAMEA120497420,True,macrosample,2025-06-01T00:00:00Z,9031,True
G076,SAMEA118545942,G076aM,SAMEA120497421,True,macrosample,2025-06-01T00:00:00Z,9031,True
G076,SAMEA118545942,G076aN,SAMEA120497422,True,macrosample,2025-06-01T00:00:00Z,9031,True
G077,SAMEA118545943,G077aM,SAMEA120497423,True,macrosample,2025-06-01T00:00:00Z,9031,True
G077,SAMEA118545943,G077aN,SAMEA120497424,True,macrosample,2025-06-01T00:00:00Z,9031,True
G078,SAMEA118545944,G078aM,SAMEA120497425,True,macrosample,2025-06-01T00:00:00Z,9031,True
G078,SAMEA118545944,G078aN,SAMEA120497426,True,macrosample,2025-06-01T00:00:00Z,9031,True
G079,SAMEA118545945,G079aM,SAMEA120497427,True,macrosample,2025-06-01T00:00:00Z,9031,True
G079,SAMEA118545945,G079aN,SAMEA120497428,True,macrosample,2025-06-01T00:00:00Z,9031,True
G080,SAMEA118545949,G080bM,SAMEA120497429,True,macrosample,2025-06-01T00:00:00Z,9031,True
G080,SAMEA118545949,G080bN,SAMEA120497430,True,macrosample,2025-06-01T00:00:00Z,9031,True
G081,SAMEA118545946,G081bM,SAMEA120497431,True,macrosample,2025-06-01T00:00:00Z,9031,True
G081,SAMEA118545946,G081bN,SAMEA120497432,True,macrosample,2025-06-01T00:00:00Z,9031,True
G082,SAMEA118545947,G082bM,SAMEA120497433,True,macrosample,2025-06-01T00:00:00Z,9031,True
G082,SAMEA118545947,G082bN,SAMEA120497434,True,macrosample,2025-06-01T00:00:00Z,9031,True
G084,SAMEA118545948,G084bM,SAMEA120497435,True,macrosample,2025-06-01T00:00:00Z,9031,True
G084,SAMEA118545948,G084bN,SAMEA120497436,True,macrosample,2025-06-01T00:00:00Z,9031,True
G085,SAMEA118545954,G085cM,SAMEA120497437,True,macrosample,2025-06-01T00:00:00Z,9031,True
G085,SAMEA118545954,G085cN,SAMEA120497438,True,macrosample,2025-06-01T00:00:00Z,9031,True
G086,SAMEA118545950,G086cM,SAMEA120497439,True,macrosample,2025-06-01T00:00:00Z,9031,True
G086,SAMEA118545950,G086cN,SAMEA120497440,True,macrosample,2025-06-01T00:00:00Z,9031,True
G087,SAMEA118545951,G087cM,SAMEA120497441,True,macrosample,2025-06-01T00:00:00Z,9031,True
G087,SAMEA118545951,G087cN,SAMEA120497442,True,macrosample,2025-06-01T00:00:00Z,9031,True
G088,SAMEA118545952,G088cM,SAMEA120497443,True,macrosample,2025-06-01T00:00:00Z,9031,True
G088,SAMEA118545952,G088cN,SAMEA120497444,True,macrosample,2025-06-01T00:00:00Z,9031,True
G089,SAMEA118545953,G089cM,SAMEA120497445,True,macrosample,2025-06-01T00:00:00Z,9031,True
G089,SAMEA118545953,G089cN,SAMEA120497446,True,macrosample,2025-06-01T00:00:00Z,9031,True
G090,SAMEA118545959,G090dM,SAMEA120497447,True,macrosample,2025-06-01T00:00:00Z,9031,True
G090,SAMEA118545959,G090dN,SAMEA120497448,True,macrosample,2025-06-01T00:00:00Z,9031,True
G091,SAMEA118545955,G091dM,SAMEA120497449,True,macrosample,2025-06-01T00:00:00Z,9031,True
G091,SAMEA118545955,G091dN,SAMEA120497450,True,macrosample,2025-06-01T00:00:00Z,9031,True
G092,SAMEA118545956,G092dM,SAMEA120497451,True,macrosample,2025-06-01T00:00:00Z,9031,True
G092,SAMEA118545956,G092dN,SAMEA120497452,True,macrosample,2025-06-01T00:00:00Z,9031,True
G093,SAMEA118545957,G093dM,SAMEA120497453,True,macrosample,2025-06-01T00:00:00Z,9031,True
G093,SAMEA118545957,G093dN,SAMEA120497454,True,macrosample,2025-06-01T00:00:00Z,9031,True
G094,SAMEA118545958,G094dM,SAMEA120497455,True,macrosample,2025-06-01T00:00:00Z,9031,True
G094,SAMEA118545958,G094dN,SAMEA120497456,True,macrosample,2025-06-01T00:00:00Z,9031,True
G095,SAMEA118545964,G095eM,SAMEA120497457,True,macrosample,2025-06-01T00:00:00Z,9031,True
G095,SAMEA118545964,G095eN,SAMEA120497458,True,macrosample,2025-06-01T00:00:00Z,9031,True
G096,SAMEA118545960,G096eM,SAMEA120497459,True,macrosample,2025-06-01T00:00:00Z,9031,True
G096,SAMEA118545960,G096eN,SAMEA120497460,True,macrosample,2025-06-01T00:00:00Z,9031,True
G097,SAMEA118545961,G097eM,SAMEA120497461,True,macrosample,2025-06-01T00:00:00Z,9031,True
G097,SAMEA118545961,G097eN,SAMEA120497462,True,macrosample,2025-06-01T00:00:00Z,9031,True
G098,SAMEA118545962,G098eM,SAMEA120497463,True,macrosample,2025-06-01T00:00:00Z,9031,True
G098,SAMEA118545962,G098eN,SAMEA120497464,True,macrosample,2025-06-01T00:00:00Z,9031,True
G099,SAMEA118545963,G099eM,SAMEA120497465,True,macrosample,2025-06-01T00:00:00Z,9031,True
G099,SAMEA118545963,G099eN,SAMEA120497466,True,macrosample,2025-06-01T00:00:00Z,9031,True
G101,SAMEA118545965,G101aM,SAMEA120497467,True,macrosample,2025-06-01T00:00:00Z,9031,True
G101,SAMEA118545965,G101aN,SAMEA120497468,True,macrosample,2025-06-01T00:00:00Z,9031,True
G102,SAMEA118545966,G102aM,SAMEA120497469,True,macrosample,2025-06-01T00:00:00Z,9031,True
G102,SAMEA118545966,G102aN,SAMEA120497470,True,macrosample,2025-06-01T00:00:00Z,9031,True
G103,SAMEA118545971,G103bM,SAMEA120497471,True,macrosample,2025-06-01T00:00:00Z,9031,True
G103,SAMEA118545971,G103bN,SAMEA120497472,True,macrosample,2025-06-01T00:00:00Z,9031,True
G104,SAMEA118545967,G104aM,SAMEA120497473,True,macrosample,2025-06-01T00:00:00Z,9031,True
G104,SAMEA118545967,G104aN,SAMEA120497474,True,macrosample,2025-06-01T00:00:00Z,9031,True
G105,SAMEA118545872,G105bM,SAMEA120497475,True,macrosample,2025-06-01T00:00:00Z,9031,True
G105,SAMEA118545872,G105bN,SAMEA120497476,True,macrosample,2025-06-01T00:00:00Z,9031,True
G106,SAMEA118545968,G106bM,SAMEA120497477,True,macrosample,2025-06-01T00:00:00Z,9031,True
G106,SAMEA118545968,G106bN,SAMEA120497478,True,macrosample,2025-06-01T00:00:00Z,9031,True
G107,SAMEA118545969,G107bM,SAMEA120497479,True,macrosample,2025-06-01T00:00:00Z,9031,True
G107,SAMEA118545969,G107bN,SAMEA120497480,True,macrosample,2025-06-01T00:00:00Z,9031,True
G108,SAMEA118545970,G108bM,SAMEA120497481,True,macrosample,2025-06-01T00:00:00Z,9031,True
G108,SAMEA118545970,G108bN,SAMEA120497482,True,macrosample,2025-06-01T00:00:00Z,9031,True
G110,SAMEA118545976,G110cM,SAMEA120497483,True,macrosample,2025-06-01T00:00:00Z,9031,True
G110,SAMEA118545976,G110cN,SAMEA120497484,True,macrosample,2025-06-01T00:00:00Z,9031,True
G111,SAMEA118545972,G111cM,SAMEA120497485,True,macrosample,2025-06-01T00:00:00Z,9031,True
G111,SAMEA118545972,G111cN,SAMEA120497486,True,macrosample,2025-06-01T00:00:00Z,9031,True
G112,SAMEA118545973,G112cM,SAMEA120497487,True,macrosample,2025-06-01T00:00:00Z,9031,True
G112,SAMEA118545973,G112cN,SAMEA120497488,True,macrosample,2025-06-01T00:00:00Z,9031,True
G113,SAMEA118545974,G113cM,SAMEA120497489,True,macrosample,2025-06-01T00:00:00Z,9031,True
G113,SAMEA118545974,G113cN,SAMEA120497490,True,macrosample,2025-06-01T00:00:00Z,9031,True
G114,SAMEA118545975,G114cM,SAMEA120497491,True,macrosample,2025-06-01T00:00:00Z,9031,True
G114,SAMEA118545975,G114cN,SAMEA120497492,True,macrosample,2025-06-01T00:00:00Z,9031,True
G115,SAMEA118545978,G115dM,SAMEA120497493,True,macrosample,2025-06-01T00:00:00Z,9031,True
G115,SAMEA118545978,G115dN,SAMEA120497494,True,macrosample,2025-06-01T00:00:00Z,9031,True
G116,SAMEA118545977,G116dM,SAMEA120497495,True,macrosample,2025-06-01T00:00:00Z,9031,True
G116,SAMEA118545977,G116dN,SAMEA120497496,True,macrosample,2025-06-01T00:00:00Z,9031,True
G118,SAMEA118545979,G118dM,SAMEA120497497,True,macrosample,2025-06-01T00:00:00Z,9031,True
G118,SAMEA118545979,G118dN,SAMEA120497498,True,macrosample,2025-06-01T00:00:00Z,9031,True
G119,SAMEA118545980,G119dM,SAMEA120497499,True,macrosample,2025-06-01T00:00:00Z,9031,True
G119,SAMEA118545980,G119dN,SAMEA120497500,True,macrosample,2025-06-01T00:00:00Z,9031,True
G120,SAMEA118545981,G120dM,SAMEA120497501,True,macrosample,2025-06-01T00:00:00Z,9031,True
G120,SAMEA118545981,G120dN,SAMEA120497502,True,macrosample,2025-06-01T00:00:00Z,9031,True
G121,SAMEA118545982,G121eM,SAMEA120497503,True,macrosample,2025-06-01T00:00:00Z,9031,True
G121,SAMEA118545982,G121eN,SAMEA120497504,True,macrosample,2025-06-01T00:00:00Z,9031,True
G122,SAMEA118545983,G122eM,SAMEA120497505,True,macrosample,2025-06-01T00:00:00Z,9031,True
G122,SAMEA118545983,G122eN,SAMEA120497506,True,macrosample,2025-06-01T00:00:00Z,9031,True
G123,SAMEA118545984,G123eM,SAMEA120497507,True,macrosample,2025-06-01T00:00:00Z,9031,True
G123,SAMEA118545984,G123eN,SAMEA120497508,True,macrosample,2025-06-01T00:00:00Z,9031,True
G124,SAMEA118545985,G124eM,SAMEA120497509,True,macrosample,2025-06-01T00:00:00Z,9031,True
G124,SAMEA118545985,G124eN,SAMEA120497510,True,macrosample,2025-06-01T00:00:00Z,9031,True
G125,SAMEA118545986,G125eM,SAMEA120497511,True,macrosample,2025-06-01T00:00:00Z,9031,True
G125,SAMEA118545986,G125eN,SAMEA120497512,True,macrosample,2025-06-01T00:00:00Z,9031,True
