macrosample_id,specimen_id,parent_accession,child_accession,metabolights_sample_present,metabolights_accession_matches
G002aM,G002,SAMEA118545874,SAMEA120488257,True,True
G002aN,G002,SAMEA118545874,SAMEA120488258,True,True
G003aM,G003,SAMEA118545875,SAMEA120497287,False,False
G003aN,G003,SAMEA118545875,SAMEA120497288,True,True
G004aM,G004,SAMEA118545876,SAMEA120497289,True,True
G004aN,G004,SAMEA118545876,SAMEA120497290,True,True
G005bM,G005,SAMEA118545879,SAMEA120497291,True,True
G005bN,G005,SAMEA118545879,SAMEA120497292,True,True
G006bM,G006,SAMEA118545877,SAMEA120497293,True,True
G006bN,G006,SAMEA118545877,SAMEA120497294,True,True
G007bM,G007,SAMEA118545878,SAMEA120497295,True,True
G007bN,G007,SAMEA118545878,SAMEA120497296,True,True
G008cM,G008,SAMEA118545882,SAMEA120497297,True,True
G008cN,G008,SAMEA118545882,SAMEA120497298,True,True
G009cM,G009,SAMEA118545883,SAMEA120497299,True,True
G009cN,G009,SAMEA118545883,SAMEA120497300,True,True
G010cM,G010,SAMEA118545884,SAMEA120497301,True,True
G010cN,G010,SAMEA118545884,SAMEA120497302,True,True
G011cM,G011,SAMEA118545880,SAMEA120497303,True,True
G011cN,G011,SAMEA118545880,SAMEA120497304,True,True
G012cM,G012,SAMEA118545881,SAMEA120497305,True,True
G012cN,G012,SAMEA118545881,SAMEA120497306,True,True
G013dM,G013,SAMEA118545888,SAMEA120497307,True,True
G013dN,G013,SAMEA118545888,SAMEA120497308,True,True
G014dM,G014,SAMEA118545889,SAMEA120497309,True,True
G014dN,G014,SAMEA118545889,SAMEA120497310,True,True
G016dM,G016,SAMEA118545885,SAMEA120497311,True,True
G016dN,G016,SAMEA118545885,SAMEA120497312,True,True
G017dM,G017,SAMEA118545886,SAMEA120497313,True,True
G017dN,G017,SAMEA118545886,SAMEA120497314,True,True
G018dM,G018,SAMEA118545887,SAMEA120497315,True,True
G018dN,G018,SAMEA118545887,SAMEA120497316,True,True
G019eM,G019,SAMEA118545891,SAMEA120497317,True,True
G019eN,G019,SAMEA118545891,SAMEA120497318,True,True
G020eM,G020,SAMEA118545894,SAMEA120497319,True,True
G020eN,G020,SAMEA118545894,SAMEA120497320,True,True
G021eM,G021,SAMEA118545890,SAMEA120497321,True,True
G021eN,G021,SAMEA118545890,SAMEA120497322,True,True
G023eM,G023,SAMEA118545892,SAMEA120497323,True,True
G023eN,G023,SAMEA118545892,SAMEA120497324,True,True
G024eM,G024,SAMEA118545893,SAMEA120497325,True,True
G024eN,G024,SAMEA118545893,SAMEA120497326,True,True
G026aM,G026,SAMEA118545895,SAMEA120497327,True,True
G026aN,G026,SAMEA118545895,SAMEA120497328,True,True
G027aM,G027,SAMEA118545896,SAMEA120497329,True,True
G027aN,G027,SAMEA118545896,SAMEA120497330,True,True
G028aM,G028,SAMEA118545897,SAMEA120497331,True,True
G028aN,G028,SAMEA118545897,SAMEA120497332,True,True
G029aM,G029,SAMEA118545898,SAMEA120497333,True,True
G029aN,G029,SAMEA118545898,SAMEA120497334,True,True
G030bM,G030,SAMEA118545902,SAMEA120497335,True,True
G030bN,G030,SAMEA118545902,SAMEA120497336,True,True
G031bM,G031,SAMEA118545899,SAMEA120497337,True,True
G031bN,G031,SAMEA118545899,SAMEA120497338,True,True
G032bM,G032,SAMEA118545900,SAMEA120497339,True,True
G032bN,G032,SAMEA118545900,SAMEA120497340,True,True
G033bM,G033,SAMEA118545901,SAMEA120497341,True,True
G033bN,G033,SAMEA118545901,SAMEA120497342,True,True
G035cM,G035,SAMEA118545905,SAMEA120497343,True,True
G035cN,G035,SAMEA118545905,SAMEA120497344,True,True
G036cM,G036,SAMEA118545903,SAMEA120497345,True,True
G036cN,G036,SAMEA118545903,SAMEA120497346,True,True
G037cM,G037,SAMEA118545904,SAMEA120497347,True,True
G037cN,G037,SAMEA118545904,SAMEA120497348,True,True
G039cM,G039,SAMEA118545906,SAMEA120497349,True,True
G039cN,G039,SAMEA118545906,SAMEA120497350,True,True
G040cM,G040,SAMEA118545907,SAMEA120497351,True,True
G040cN,G040,SAMEA118545907,SAMEA120497352,True,True
G041dM,G041,SAMEA118545908,SAMEA120497353,True,True
G041dN,G041,SAMEA118545908,SAMEA120497354,True,True
G042dM,G042,SAMEA118545909,SAMEA120497355,True,True
G042dN,G042,SAMEA118545909,SAMEA120497356,True,True
G043dM,G043,SAMEA118545910,SAMEA120497357,True,True
G043dN,G043,SAMEA118545910,SAMEA120497358,True,True
G044dM,G044,SAMEA118545911,SAMEA120497359,True,True
G044dN,G044,SAMEA118545911,SAMEA120497360,True,True
G045dM,G045,SAMEA118545912,SAMEA120497361,True,True
G045dN,G045,SAMEA118545912,SAMEA120497362,True,True
G046eM,G046,SAMEA118545913,SAMEA120497363,True,True
G046eN,G046,SAMEA118545913,SAMEA120497364,True,True
G047eM,G047,SAMEA118545914,SAMEA120497365,True,True
G047eN,G047,SAMEA118545914,SAMEA120497366,True,True
G048eM,G048,SAMEA118545915,SAMEA120497367,True,True
G048eN,G048,SAMEA118545915,SAMEA120497368,True,True
G049eM,G049,SAMEA118545916,SAMEA120497369,True,True
G049eN,G049,SAMEA118545916,SAMEA120497370,True,True
G050eM,G050,SAMEA118545917,SAMEA120497371,True,True
G050eN,G050,SAMEA118545917,SAMEA120497372,True,True
G051aM,G051,SAMEA118545918,SAMEA120497373,True,True
G051aN,G051,SAMEA118545918,SAMEA120497374,True,True
G052aM,G052,SAMEA118545919,SAMEA120497375,True,True
G052aN,G052,SAMEA118545919,SAMEA120497376,True,True
G053aM,G053,SAMEA118545920,SAMEA120497377,True,True
G053aN,G053,SAMEA118545920,SAMEA120497378,True,True
G054aM,G054,SAMEA118545921,SAMEA120497379,True,True
G054aN,G054,SAMEA118545921,SAMEA120497380,True,True
G055bM,G055,SAMEA118545926,SAMEA120497381,True,True
G055bN,G055,SAMEA118545926,SAMEA120497382,True,True
G056bM,G056,SAMEA118545922,SAMEA120497383,True,True
G056bN,G056,SAMEA118545922,SAMEA120497384,True,True
G057bM,G057,SAMEA118545923,SAMEA120497385,True,True
G057bN,G057,SAMEA118545923,SAMEA120497386,True,True
G058bM,G058,SAMEA118545924,SAMEA120497387,True,True
G058bN,G058,SAMEA118545924,SAMEA120497388,True,True
G059bM,G059,SAMEA118545925,SAMEA120497389,True,True
G059bN,G059,SAMEA118545925,SAMEA120497390,True,True
G060cM,G060,SAMEA118545931,SAMEA120497391,True,True
G060cN,G060,SAMEA118545931,SAMEA120497392,True,True
G061cM,G061,SAMEA118545927,SAMEA120497393,True,True
G061cN,G061,SAMEA118545927,SAMEA120497394,True,True
G062cM,G062,SAMEA118545928,SAMEA120497395,True,True
G062cN,G062,SAMEA118545928,SAMEA120497396,True,True
G063cM,G063,SAMEA118545929,SAMEA120497397,True,True
G063cN,G063,SAMEA118545929,SAMEA120497398,True,True
G064cM,G064,SAMEA118545930,SAMEA120497399,True,True
G064cN,G064,SAMEA118545930,SAMEA120497400,True,True
G065dM,G065,SAMEA118545934,SAMEA120497401,True,True
G065dN,G065,SAMEA118545934,SAMEA120497402,True,True
G066dM,G066,SAMEA118545932,SAMEA120497403,True,True
G066dN,G066,SAMEA118545932,SAMEA120497404,True,True
G067dM,G067,SAMEA118545933,SAMEA120497405,True,True
G067dN,G067,SAMEA118545933,SAMEA120497406,True,True
G069dM,G069,SAMEA118545935,SAMEA120497407,True,True
G069dN,G069,SAMEA118545935,SAMEA120497408,True,True
G070dM,G070,SAMEA118545936,SAMEA120497409,True,True
G070dN,G070,SAMEA118545936,SAMEA120497410,True,True
G071eM,G071,SAMEA118545937,SAMEA120497411,True,True
G071eN,G071,SAMEA118545937,SAMEA120497412,True,True
G072eM,G072,SAMEA118545938,SAMEA120497413,True,True
G072eN,G072,SAMEA118545938,SAMEA120497414,True,True
G073eM,G073,SAMEA118545939,SAMEA120497415,True,True
G073eN,G073,SAMEA118545939,SAMEA120497416,True,True
G074eM,G074,SAMEA118545940,SAMEA120497417,True,True
G074eN,G074,SAMEA118545940,SAMEA120497418,True,True
G075eM,G075,SAMEA118545941,SAMEA120497419,True,True
G075eN,G075,SAMEA118545941,SAMEA120497420,True,True
G076aM,G076,SAMEA118545942,SAMEA120497421,True,True
G076aN,G076,SAMEA118545942,SAMEA120497422,True,True
G077aM,G077,SAMEA118545943,SAMEA120497423,True,True
G077aN,G077,SAMEA118545943,SAMEA120497424,True,True
G078aM,G078,SAMEA118545944,SAMEA120497425,False,False
G078aN,G078,SAMEA118545944,SAMEA120497426,True,True
G079aM,G079,SAMEA118545945,SAMEA120497427,True,True
G079aN,G079,SAMEA118545945,SAMEA120497428,True,True
G080bM,G080,SAMEA118545949,SAMEA120497429,True,True
G080bN,G080,SAMEA118545949,SAMEA120497430,True,True
G081bM,G081,SAMEA118545946,SAMEA120497431,True,True
G081bN,G081,SAMEA118545946,SAMEA120497432,True,True
G082bM,G082,SAMEA118545947,SAMEA120497433,True,True
G082bN,G082,SAMEA118545947,SAMEA120497434,True,True
G084bM,G084,SAMEA118545948,SAMEA120497435,True,True
G084bN,G084,SAMEA118545948,SAMEA120497436,True,True
G085cM,G085,SAMEA118545954,SAMEA120497437,True,True
G085cN,G085,SAMEA118545954,SAMEA120497438,True,True
G086cM,G086,SAMEA118545950,SAMEA120497439,True,True
G086cN,G086,SAMEA118545950,SAMEA120497440,True,True
G087cM,G087,SAMEA118545951,SAMEA120497441,True,True
G087cN,G087,SAMEA118545951,SAMEA120497442,True,True
G088cM,G088,SAMEA118545952,SAMEA120497443,True,True
G088cN,G088,SAMEA118545952,SAMEA120497444,True,True
G089cM,G089,SAMEA118545953,SAMEA120497445,True,True
G089cN,G089,SAMEA118545953,SAMEA120497446,True,True
G090dM,G090,SAMEA118545959,SAMEA120497447,True,True
G090dN,G090,SAMEA118545959,SAMEA120497448,True,True
G091dM,G091,SAMEA118545955,SAMEA120497449,True,True
G091dN,G091,SAMEA118545955,SAMEA120497450,True,True
G092dM,G092,SAMEA118545956,SAMEA120497451,True,True
G092dN,G092,SAMEA118545956,SAMEA120497452,True,True
G093dM,G093,SAMEA118545957,SAMEA120497453,True,True
G093dN,G093,SAMEA118545957,SAMEA120497454,True,True
G094dM,G094,SAMEA118545958,SAMEA120497455,True,True
G094dN,G094,SAMEA118545958,SAMEA120497456,True,True
G095eM,G095,SAMEA118545964,SAMEA120497457,True,True
G095eN,G095,SAMEA118545964,SAMEA120497458,True,True
G096eM,G096,SAMEA118545960,SAMEA120497459,True,True
G096eN,G096,SAMEA118545960,SAMEA120497460,True,True
G097eM,G097,SAMEA118545961,SAMEA120497461,True,True
G097eN,G097,SAMEA118545961,SAMEA120497462,True,True
G098eM,G098,SAMEA118545962,SAMEA120497463,True,True
G098eN,G098,SAMEA118545962,SAMEA120497464,True,True
G099eM,G099,SAMEA118545963,SAMEA120497465,True,True
G099eN,G099,SAMEA118545963,SAMEA120497466,True,True
G101aM,G101,SAMEA118545965,SAMEA120497467,True,True
G101aN,G101,SAMEA118545965,SAMEA120497468,True,True
G102aM,G102,SAMEA118545966,SAMEA120497469,False,False
G102aN,G102,SAMEA118545966,SAMEA120497470,True,True
G103bM,G103,SAMEA118545971,SAMEA120497471,True,True
G103bN,G103,SAMEA118545971,SAMEA120497472,True,True
G104aM,G104,SAMEA118545967,SAMEA120497473,True,True
G104aN,G104,SAMEA118545967,SAMEA120497474,True,True
G105bM,G105,SAMEA118545872,SAMEA120497475,True,True
G105bN,G105,SAMEA118545872,SAMEA120497476,True,True
G106bM,G106,SAMEA118545968,SAMEA120497477,True,True
G106bN,G106,SAMEA118545968,SAMEA120497478,True,True
G107bM,G107,SAMEA118545969,SAMEA120497479,True,True
G107bN,G107,SAMEA118545969,SAMEA120497480,True,True
G108bM,G108,SAMEA118545970,SAMEA120497481,True,True
G108bN,G108,SAMEA118545970,SAMEA120497482,True,True
G110cM,G110,SAMEA118545976,SAMEA120497483,True,True
G110cN,G110,SAMEA118545976,SAMEA120497484,True,True
G111cM,G111,SAMEA118545972,SAMEA120497485,True,True
G111cN,G111,SAMEA118545972,SAMEA120497486,True,True
G112cM,G112,SAMEA118545973,SAMEA120497487,True,True
G112cN,G112,SAMEA118545973,SAMEA120497488,True,True
G113cM,G113,SAMEA118545974,SAMEA120497489,True,True
G113cN,G113,SAMEA118545974,SAMEA120497490,True,True
G114cM,G114,SAMEA118545975,SAMEA120497491,True,True
G114cN,G114,SAMEA118545975,SAMEA120497492,True,True
G115dM,G115,SAMEA118545978,SAMEA120497493,True,True
G115dN,G115,SAMEA118545978,SAMEA120497494,True,True
G116dM,G116,SAMEA118545977,SAMEA120497495,True,True
G116dN,G116,SAMEA118545977,SAMEA120497496,True,True
G118dM,G118,SAMEA118545979,SAMEA120497497,True,True
G118dN,G118,SAMEA118545979,SAMEA120497498,True,True
G119dM,G119,SAMEA118545980,SAMEA120497499,True,True
G119dN,G119,SAMEA118545980,SAMEA120497500,True,True
G120dM,G120,SAMEA118545981,SAMEA120497501,True,True
G120dN,G120,SAMEA118545981,SAMEA120497502,True,True
G121eM,G121,SAMEA118545982,SAMEA120497503,True,True
G121eN,G121,SAMEA118545982,SAMEA120497504,True,True
G122eM,G122,SAMEA118545983,SAMEA120497505,True,True
G122eN,G122,SAMEA118545983,SAMEA120497506,True,True
G123eM,G123,SAMEA118545984,SAMEA120497507,True,True
G123eN,G123,SAMEA118545984,SAMEA120497508,True,True
G124eM,G124,SAMEA118545985,SAMEA120497509,True,True
G124eN,G124,SAMEA118545985,SAMEA120497510,True,True
G125eM,G125,SAMEA118545986,SAMEA120497511,True,True
G125eN,G125,SAMEA118545986,SAMEA120497512,True,True
