experiment,macrosample_id,airtable_record_id,specimen_biosample_accession,child_biosample_accession,previous_airtable_accession
H,H001aM,recsP90CogfPEIhlo,SAMEA120628721,SAMEA123916595,
H,H001aN,recmRu9d9noSqEW6q,SAMEA120628721,SAMEA123916596,
H,H002aM,recs7dnQyP19E56ax,SAMEA120628722,SAMEA123916597,
H,H002aN,recIAHoLI3pzSO3YQ,SAMEA120628722,SAMEA123916598,
H,H003aM,recZaXpUuAcUYfiCt,SAMEA120628723,SAMEA123916599,
H,H003aN,recX1HlhvLf4D44ye,SAMEA120628723,SAMEA123916600,
H,H004aM,recwrIhr1YOWMWgLL,SAMEA120628724,SAMEA123916601,
H,H004aN,recPT0Of1qzk14ziF,SAMEA120628724,SAMEA123916602,
H,H005aM,recA6SzCcFmfQbxFj,SAMEA120628725,SAMEA123916603,
H,H005aN,recktmC3MJ9S2p4Hp,SAMEA120628725,SAMEA123916604,
H,H006bM,recsQIXxuAcdfxQA8,SAMEA120628726,SAMEA123916605,
H,H006bN,recnEDfLwzX8TUrk9,SAMEA120628726,SAMEA123916606,
H,H007bM,recG9blJMCJCPwfnR,SAMEA120628727,SAMEA123916607,
H,H007bN,recHPiYz0ymYFk8UQ,SAMEA120628727,SAMEA123916608,
H,H008bM,reck2vKHY7KSfNzWZ,SAMEA120628728,SAMEA123916609,
H,H008bN,recyGtTxlPh7Cn4a2,SAMEA120628728,SAMEA123916610,
H,H009bM,rec3uWGYmDO9nYSQ0,SAMEA120628729,SAMEA123916611,
H,H009bN,recggUfK9LPGPgqWc,SAMEA120628729,SAMEA123916612,
H,H010bM,recpC2XsmqXinVis9,SAMEA120628730,SAMEA123916613,
H,H010bN,rec33L2Z8JWkkb9i9,SAMEA120628730,SAMEA123916614,
H,H011cM,rectDRCzZFqiOaAhI,SAMEA120628731,SAMEA123916615,
H,H011cN,recLczDJmWZJkZVAx,SAMEA120628731,SAMEA123916616,
H,H012cM,recwzA18WvJlQqadB,SAMEA120628732,SAMEA123916617,
H,H012cN,recnQOPxegBSBoPxU,SAMEA120628732,SAMEA123916618,
H,H013cM,recezZvXqYpiA9ys2,SAMEA120628733,SAMEA123916619,
H,H013cN,reczD1VGHrBa2a5hj,SAMEA120628733,SAMEA123916620,
H,H014cM,recGThxXi1iWGztco,SAMEA120628734,SAMEA123916621,
H,H014cN,reci3cNyQ2NPkttY7,SAMEA120628734,SAMEA123916622,
H,H015cM,recVbDYUWahVtl5Nc,SAMEA120628735,SAMEA123916623,
H,H015cN,recq7SUVEfzIiOmoU,SAMEA120628735,SAMEA123916624,
H,H016dM,rec1EPwkTMku0m3oc,SAMEA120628736,SAMEA123916625,
H,H016dN,recifDSXymiblkysP,SAMEA120628736,SAMEA123916626,
H,H017dM,recPTcDg8CrOYKyoj,SAMEA120628737,SAMEA123916627,
H,H017dN,recoL66UTHXaXtbVr,SAMEA120628737,SAMEA123916628,
H,H018dM,recJBhsJ8oCXL8Usv,SAMEA120628738,SAMEA123916629,
H,H018dN,recB4P2EiwRNIDOib,SAMEA120628738,SAMEA123916630,
H,H019dM,recfI5YFPYnzE01ge,SAMEA120628739,SAMEA123916631,
H,H019dN,recsehtcmhkaixYmO,SAMEA120628739,SAMEA123916632,
H,H020dM,rec4t6Kez9Twqev5K,SAMEA120628740,SAMEA123916633,
H,H020dN,rec95cIGXdjFYcsWw,SAMEA120628740,SAMEA123916634,
H,H021eM,recxYTWcagPlwhYKj,SAMEA120628741,SAMEA123916635,
H,H021eN,recwCIvnPTY0JOC8j,SAMEA120628741,SAMEA123916636,
H,H022eM,recEMTsgKEcgm4shT,SAMEA120628742,SAMEA123916637,
H,H022eN,recm1xhEzLkmam38E,SAMEA120628742,SAMEA123916638,
H,H023eM,rect8kvyxUmFAG4xX,SAMEA120628743,SAMEA123916639,
H,H023eN,recMpnPm4BCvYRKOq,SAMEA120628743,SAMEA123916640,
H,H024eM,recwkZPkg7DjSmRrn,SAMEA120628744,SAMEA123916641,
H,H024eN,recbLOhs96bt366Bp,SAMEA120628744,SAMEA123916642,
H,H025eM,recjilN6IGqqXtpjj,SAMEA120628745,SAMEA123916643,
H,H025eN,recJMrLEClDQP1Om8,SAMEA120628745,SAMEA123916644,
H,H026aM,reciYCEpLkbptg2FG,SAMEA120628746,SAMEA123916645,
H,H026aN,reclj0Q0q4jnoiRGz,SAMEA120628746,SAMEA123916646,
H,H027aM,recuyNjT0QRCQHELu,SAMEA120628747,SAMEA123916647,
H,H027aN,recgpadG1rNLwygi6,SAMEA120628747,SAMEA123916648,
H,H028aM,recrr9ZmZ6G3lNCbU,SAMEA120628748,SAMEA123916649,
H,H028aN,recAK2dPgefsjYbmp,SAMEA120628748,SAMEA123916650,
H,H029aM,recjnEGE4Stb60Jzr,SAMEA120628749,SAMEA123916651,
H,H029aN,recasGgPkrkmKitPy,SAMEA120628749,SAMEA123916652,
H,H030aM,recwkJawteNsBOUM9,SAMEA120628750,SAMEA123916653,
H,H030aN,recG3B3DHuOjX1wh6,SAMEA120628750,SAMEA123916654,
H,H031bM,recYmOs3Br2XT9UGk,SAMEA120628751,SAMEA123916655,
H,H031bN,rectRXc2YiuY0OPWi,SAMEA120628751,SAMEA123916656,
H,H032bM,rec8YwVSKpKA0yflg,SAMEA120628752,SAMEA123916657,
H,H032bN,recQY3wHK1sAaro9h,SAMEA120628752,SAMEA123916658,
H,H033bM,rec7WNmbnCXAmbRQj,SAMEA120628753,SAMEA123916659,
H,H033bN,recgEIjhdiO97HYkj,SAMEA120628753,SAMEA123916660,
H,H034bM,rec8rlif7vw2TyhHr,SAMEA120628754,SAMEA123916661,
H,H034bN,recdiWnJ0iUMQH6Zd,SAMEA120628754,SAMEA123916662,
H,H035bM,recR0SLEvehqQ8irs,SAMEA120628755,SAMEA123916663,
H,H035bN,recfFdug3HTK447CW,SAMEA120628755,SAMEA123916664,
H,H036cM,rec18FzG52DLlP9cl,SAMEA120628756,SAMEA123916665,
H,H036cN,recXRkwxkUlaGA1H9,SAMEA120628756,SAMEA123916666,
H,H037cM,rec4YsqCuINGVENGi,SAMEA120628757,SAMEA123916667,
H,H037cN,reccjimhFvts4tEXE,SAMEA120628757,SAMEA123916668,
H,H038cM,recSLLUmdVf4W20dJ,SAMEA120628758,SAMEA123916669,
H,H038cN,recsphELQbRjA09py,SAMEA120628758,SAMEA123916670,
H,H039cM,recKajlRBbJ0E9dli,SAMEA120628759,SAMEA123916671,
H,H039cN,recJs5hq3PI3gZoDa,SAMEA120628759,SAMEA123916672,
H,H040cM,recee6YTfNDWBROBD,SAMEA120628760,SAMEA123916673,
H,H040cN,rec5BImCVaWyUlUoe,SAMEA120628760,SAMEA123916674,
H,H041dM,reczaOwTvBuNtSutZ,SAMEA120628761,SAMEA123916675,
H,H041dN,reco1boKltzBKQqQY,SAMEA120628761,SAMEA123916676,
H,H042dM,rechAOOEe1SWstUOd,SAMEA120628762,SAMEA123916677,
H,H042dN,recAZMzniFp4jrtQ0,SAMEA120628762,SAMEA123916678,
H,H043dM,recQkTxiGpP1Fs6yr,SAMEA120628763,SAMEA123916679,
H,H043dN,recoKRe7BMZqlUMB7,SAMEA120628763,SAMEA123916680,
H,H044dM,recX5kljHsZZLsrV8,SAMEA120628764,SAMEA123916681,
H,H044dN,recFRC7q06RdCwM5e,SAMEA120628764,SAMEA123916682,
H,H045dM,reczkltrdfn3tfILY,SAMEA120628765,SAMEA123916683,
H,H045dN,recx8j6iIpYkbNQ6j,SAMEA120628765,SAMEA123916684,
H,H046eM,reccXC0xAgnSGCaxx,SAMEA120628766,SAMEA123916685,
H,H046eN,receaKiuw7YmiJc1s,SAMEA120628766,SAMEA123916686,
H,H047eM,recQbPWc1HP6pmngh,SAMEA120628767,SAMEA123916687,
H,H047eN,recizcmFFe5S3qqz7,SAMEA120628767,SAMEA123916688,
H,H048eM,recWaj9scKGK0Kul5,SAMEA120628768,SAMEA123916689,
H,H048eN,recyTPrPcW5a9AKWb,SAMEA120628768,SAMEA123916690,
H,H049eM,recoNpTWrWbMytzKq,SAMEA120628769,SAMEA123916691,
H,H049eN,recgDfyOzldUdfJeL,SAMEA120628769,SAMEA123916692,
H,H050eM,rec3ZfEy3jgT5neC2,SAMEA120628770,SAMEA123916693,
H,H050eN,rec7tjbWxQSgv0sTs,SAMEA120628770,SAMEA123916694,
H,H051aM,recLeiynJnJsUlqOG,SAMEA120628771,SAMEA123916695,
H,H051aN,recAutLxYQ6zzVD3O,SAMEA120628771,SAMEA123916696,
H,H052aM,rec9gXzBKhrHdKX3h,SAMEA120628772,SAMEA123916697,
H,H052aN,rec6VobcVb3XiupRT,SAMEA120628772,SAMEA123916698,
H,H053aM,recoOo89HmNu5u6St,SAMEA120628773,SAMEA123916699,
H,H053aN,recJuvt97XTxxykqq,SAMEA120628773,SAMEA123916700,
H,H054aM,recf5ePPPRHcu6T4q,SAMEA120628774,SAMEA123916701,
H,H054aN,recYqSodJjLKVDL9C,SAMEA120628774,SAMEA123916702,
H,H055aM,rec0x04ponHH13MV0,SAMEA120628775,SAMEA123916703,
H,H055aN,recwAo5bcEx6PK573,SAMEA120628775,SAMEA123916704,
H,H056bM,rectWxOynO3KxU9yp,SAMEA120628776,SAMEA123916705,
H,H056bN,recT0Wk3jmThipaAT,SAMEA120628776,SAMEA123916706,
H,H057bM,recNDitHczXSL8qY9,SAMEA120628777,SAMEA123916707,
H,H057bN,recR7Y9oHi80i0IYG,SAMEA120628777,SAMEA123916708,
H,H058bM,recmfO0zeRO3gFKwt,SAMEA120628778,SAMEA123916709,
H,H058bN,rec8cSjx8D9hAvCLh,SAMEA120628778,SAMEA123916710,
H,H059bM,recBYQsqZ1SqLWPoG,SAMEA120628779,SAMEA123916711,
H,H059bN,rec6BOiKwNv8e8GXI,SAMEA120628779,SAMEA123916712,
H,H060bM,recENsKGUhIaAYPT4,SAMEA120628780,SAMEA123916713,
H,H060bN,recDb8iXm17KxWDhD,SAMEA120628780,SAMEA123916714,
H,H061cM,rec5mv5ajceELSBK6,SAMEA120628781,SAMEA123916715,
H,H061cN,recOlhpUPTpzS8umL,SAMEA120628781,SAMEA123916716,
H,H062cM,rec938bMJeqK8DcSp,SAMEA120628782,SAMEA123916717,
H,H062cN,recKNJoIWnjy5Z82w,SAMEA120628782,SAMEA123916718,
H,H063cM,rec1B1NBgzoS0KTxQ,SAMEA120628783,SAMEA123916719,
H,H063cN,recPgzo5DBdEFJaCX,SAMEA120628783,SAMEA123916720,
H,H064cM,recR19w6yaekapIQy,SAMEA120628784,SAMEA123916721,
H,H064cN,recHB9RgTRIb7c6bt,SAMEA120628784,SAMEA123916722,
H,H065cM,recul1zq3TcfcFKiJ,SAMEA120628785,SAMEA123916723,
H,H065cN,recwyuR0Vilck6FtZ,SAMEA120628785,SAMEA123916724,
H,H066dM,rec96JhAIz4ySF4Lh,SAMEA120628786,SAMEA123916725,
H,H066dN,recDD7mxuP90UQfVL,SAMEA120628786,SAMEA123916726,
H,H067dM,recXlchLedhwkUGum,SAMEA120628787,SAMEA123916727,
H,H067dN,recZRYJAktxdnMYJi,SAMEA120628787,SAMEA123916728,
H,H068dM,reciyFYBZ6Pzj0dre,SAMEA120628788,SAMEA123916729,
H,H068dN,rec03FvXogu3MFLJw,SAMEA120628788,SAMEA123916730,
H,H069dM,recsaXaVAtO1gfX2z,SAMEA120628789,SAMEA123916731,
H,H069dN,recuH2qMIqwCm0cDU,SAMEA120628789,SAMEA123916732,
H,H070dM,recS4KVdo23rWcBBB,SAMEA120628790,SAMEA123916733,
H,H070dN,recrL86xhbJuFd57c,SAMEA120628790,SAMEA123916734,
H,H071eM,recrpEp3wKo20IKeu,SAMEA120628791,SAMEA123916735,
H,H071eN,recJa0zpM7gL2VPDq,SAMEA120628791,SAMEA123916736,
H,H072eM,recR1ncqI8PL9hV2l,SAMEA120628792,SAMEA123916737,
H,H072eN,recumZXe6OYqdd1Ac,SAMEA120628792,SAMEA123916738,
H,H073eM,recfkRfzRCVGxSdRH,SAMEA120628793,SAMEA123916739,
H,H073eN,rec40FqSsJSwUWsCT,SAMEA120628793,SAMEA123916740,
H,H074eM,rectzT5p4pzem2MXL,SAMEA120628794,SAMEA123916741,
H,H074eN,recpIRkHhs81Qhcf4,SAMEA120628794,SAMEA123916742,
H,H075eM,recq5tBSDPMyknX9z,SAMEA120628795,SAMEA123916743,
H,H075eN,rec7ObWVaCpzd2gec,SAMEA120628795,SAMEA123916744,
H,H076aM,reckk24gSmmTSMl2i,SAMEA120628796,SAMEA123916745,
H,H076aN,recMyGsqI4viIxdyM,SAMEA120628796,SAMEA123916746,
H,H077aM,recQcsfnT3yX5ouQC,SAMEA120628797,SAMEA123916747,
H,H077aN,recQCuf0ELQv1F3cA,SAMEA120628797,SAMEA123916748,
H,H078aM,rec4oTVswixS2sJAD,SAMEA120628798,SAMEA123916749,
H,H078aN,recWIaxdBnYstlWIG,SAMEA120628798,SAMEA123916750,
H,H079aM,recYbzxO0BdvOTm3U,SAMEA120628799,SAMEA123916751,
H,H079aN,recuyPnQoKmhtVxJL,SAMEA120628799,SAMEA123916752,
H,H080aM,recIAr31QlO8bquvT,SAMEA120628800,SAMEA123916753,
H,H080aN,reczufVHByaTHzLmF,SAMEA120628800,SAMEA123916754,
H,H081bM,rec2EXxIdKCdCePo0,SAMEA120628801,SAMEA123916755,
H,H081bN,recVr1tfucwz02npg,SAMEA120628801,SAMEA123916756,
H,H082bM,recwzpxLabm9EvEH5,SAMEA120628802,SAMEA123916757,
H,H082bN,recJBM034RQdSPnil,SAMEA120628802,SAMEA123916758,
H,H083bM,recAr1fsCn2iMYL76,SAMEA120628803,SAMEA123916759,
H,H083bN,recCQYKwWFK7F35zR,SAMEA120628803,SAMEA123916760,
H,H084bM,recCywP3IP4S6ELOC,SAMEA120628804,SAMEA123916761,
H,H084bN,recjH0g7YQE5RNPjW,SAMEA120628804,SAMEA123916762,
H,H085bM,recY2WeNJuLBEXCgb,SAMEA120628805,SAMEA123916763,
H,H085bN,rechPQSFiOhvju1W6,SAMEA120628805,SAMEA123916764,
H,H086cM,recumt5hnL8Wax7is,SAMEA120628806,SAMEA123916765,
H,H086cN,rec6DTGSfOIPWMwmU,SAMEA120628806,SAMEA123916766,
H,H087cM,recZD2ebDoY9BRFqc,SAMEA120628807,SAMEA123916767,
H,H087cN,rec4Nqqau6b12FJoM,SAMEA120628807,SAMEA123916768,
H,H088cM,recEOb6xcxUJcwBrQ,SAMEA120628808,SAMEA123916769,
H,H088cN,recMeRoT7sFM2DrsH,SAMEA120628808,SAMEA123916770,
H,H089cM,recAhNgrE5LdMSRmX,SAMEA120628809,SAMEA123916771,
H,H089cN,recACCsP9xFLa8AEb,SAMEA120628809,SAMEA123916772,
H,H090cM,recVS6GEPijqgMjDB,SAMEA120628810,SAMEA123916773,
H,H090cN,reccCozVnKHmxQouV,SAMEA120628810,SAMEA123916774,
H,H091dM,recd9WH9nTHvH3aTQ,SAMEA120628811,SAMEA123916775,
H,H091dN,reccAtRl4E1h5V18M,SAMEA120628811,SAMEA123916776,
H,H092dM,recJnLejSxsVSg9d2,SAMEA120628812,SAMEA123916777,
H,H092dN,recgCg2eCF5PB2eyW,SAMEA120628812,SAMEA123916778,
H,H093dM,recB35Prrz4rh4MjR,SAMEA120628813,SAMEA123916779,
H,H093dN,recuXkqn9pmbSsPLV,SAMEA120628813,SAMEA123916780,
H,H094dM,recp7FDFO19dXHGiD,SAMEA120628814,SAMEA123916781,
H,H094dN,reclyhyIHyWRw7UuM,SAMEA120628814,SAMEA123916782,
H,H095dM,recLhSMwBop6BcFT4,SAMEA120628815,SAMEA123916783,
H,H095dN,recaHFM2S58PAYQKv,SAMEA120628815,SAMEA123916784,
H,H096eM,recqz7ESImL4qk3ea,SAMEA120628816,SAMEA123916785,
H,H096eN,rec7I1fL4JdvyccOz,SAMEA120628816,SAMEA123916786,
H,H097eM,recNin1mlpyDtM6Uy,SAMEA120628817,SAMEA123916787,
H,H097eN,recwqGf320o6BArf9,SAMEA120628817,SAMEA123916788,
H,H098eM,rec6twRyATLMgs3GC,SAMEA120628818,SAMEA123916789,
H,H098eN,recedPTSoyLc6Cf4R,SAMEA120628818,SAMEA123916790,
H,H099eM,recQLNI2bhcOPRVbx,SAMEA120628819,SAMEA123916791,
H,H099eN,recIbAbitUwbmwI5S,SAMEA120628819,SAMEA123916792,
H,H100eM,recjyThxesgTxIqlb,SAMEA120628820,SAMEA123916793,
H,H100eN,recXrCFDQxGRNS8se,SAMEA120628820,SAMEA123916794,
M,M001aM,recigA63eGKj70Udn,SAMEA120628641,SAMEA123916796,
M,M001aN,rec3Cjq3whMSzTBX2,SAMEA120628641,SAMEA123916797,
M,M002aM,recvUSyvm4lF0l413,SAMEA120628642,SAMEA123916798,
M,M002aN,recDuZdvb301JyKIa,SAMEA120628642,SAMEA123916799,
M,M003aM,recSLQdEuye2ZIInP,SAMEA120628643,SAMEA123916800,
M,M003aN,rec5UZEENbKcwbSK3,SAMEA120628643,SAMEA123916801,
M,M004aM,recqIx2ieZrVXujeB,SAMEA120628644,SAMEA123916802,
M,M004aN,recJME1MI1MvAygO4,SAMEA120628644,SAMEA123916803,
M,M005aM,recpMzbRNXwa035oD,SAMEA120628645,SAMEA123916804,
M,M005aN,recWhc7VhJ7DZ1ik4,SAMEA120628645,SAMEA123916805,
M,M006bM,rec7M3lmCoUrjk5XV,SAMEA120628646,SAMEA123916806,
M,M006bN,recjHLgohsPFtsCoU,SAMEA120628646,SAMEA123916807,
M,M007bM,recEZythV7fl74phP,SAMEA120628647,SAMEA123916808,
M,M007bN,recr8b5MmD4fMcsbx,SAMEA120628647,SAMEA123916809,
M,M008bM,recs9yh6N3lmGOGGC,SAMEA120628648,SAMEA123916810,
M,M008bN,rec9Guzb9bueiUvPY,SAMEA120628648,SAMEA123916811,
M,M009bM,recbvqSEGyPCWIo0i,SAMEA120628649,SAMEA123916812,
M,M009bN,rec9DuGUZ91Uko6R9,SAMEA120628649,SAMEA123916813,
M,M010bM,recdylZXwKrYggSFz,SAMEA120628650,SAMEA123916814,
M,M010bN,rectjcYsf2zOnirFM,SAMEA120628650,SAMEA123916815,
M,M011cM,reczrVquj7qfnZi8f,SAMEA120628651,SAMEA123916816,
M,M011cN,rec3IKnImuE0Pgv5h,SAMEA120628651,SAMEA123916817,
M,M012cM,recR1cY7pcZyh2v4x,SAMEA120628652,SAMEA123916818,
M,M012cN,rec4xquVecLDf2pde,SAMEA120628652,SAMEA123916819,
M,M013cM,recVWW86G3DUWq7Zu,SAMEA120628653,SAMEA123916820,
M,M013cN,recbbD1lUzz3kuhCH,SAMEA120628653,SAMEA123916821,
M,M014cM,recQ7OEbbvQvzcred,SAMEA120628654,SAMEA123916822,
M,M014cN,rec15VVRDk1fHRaNs,SAMEA120628654,SAMEA123916823,
M,M015cM,reca7FvnZzc59pcFb,SAMEA120628655,SAMEA123916824,
M,M015cN,rec3wbD2dfpxERmgD,SAMEA120628655,SAMEA123916825,
M,M016dM,recpwr8IMEgbfnARi,SAMEA120628656,SAMEA123916826,
M,M016dN,recJqKRAVDslIs22I,SAMEA120628656,SAMEA123916827,
M,M017dM,recb6gbaHqi7UJmsv,SAMEA120628657,SAMEA123916828,
M,M017dN,recvqC2dp6GS1W5Ix,SAMEA120628657,SAMEA123916829,
M,M018dM,rec1ABVg3QExcF0g6,SAMEA120628658,SAMEA123916830,
M,M018dN,rec8scKkIhB615qBr,SAMEA120628658,SAMEA123916831,
M,M019dM,recQnhkNz4PHibONl,SAMEA120628659,SAMEA123916832,
M,M019dN,recsGWiAyOy883mqs,SAMEA120628659,SAMEA123916833,
M,M020dM,recFzTdl5U5jmAULX,SAMEA120628660,SAMEA123916834,
M,M020dN,recQS6iFQ22CMVHp4,SAMEA120628660,SAMEA123916835,
M,M021aM,reckpBf6WW7mFRceK,SAMEA120628661,SAMEA123916836,
M,M021aN,recuYxJuyvcFXP40H,SAMEA120628661,SAMEA123916837,
M,M022aM,recK0OjJM1jV4NZq5,SAMEA120628662,SAMEA123916838,
M,M022aN,recWmlhc5AkUsBTvN,SAMEA120628662,SAMEA123916839,
M,M023aM,recskv7ewUl7SHY65,SAMEA120628663,SAMEA123916840,
M,M023aN,reclrMQwTsRUtpzq1,SAMEA120628663,SAMEA123916841,
M,M024aM,rec6fyJl6JZSLf1Md,SAMEA120628664,SAMEA123916842,
M,M024aN,recfXLfZ4niW32iba,SAMEA120628664,SAMEA123916843,
M,M025aM,reclYdbSG5U2JEbC1,SAMEA120628665,SAMEA123916844,
M,M025aN,recYiiVGVI1ybEgsF,SAMEA120628665,SAMEA123916845,
M,M026bM,recWCKbZ4PVP6T5zi,SAMEA120628666,SAMEA123916846,
M,M026bN,recr0GlnSzZh9b93b,SAMEA120628666,SAMEA123916847,
M,M027bM,recapgIjmWXnK6hNb,SAMEA120628667,SAMEA123916848,
M,M027bN,recPGxIiFUMCfE12o,SAMEA120628667,SAMEA123916849,
M,M028bM,recZC6LR7i39ynUKx,SAMEA120628668,SAMEA123916850,
M,M028bN,recph8eMId2R1hGhv,SAMEA120628668,SAMEA123916851,
M,M029bM,recuWHt3DDYdeLj8N,SAMEA120628669,SAMEA123916852,
M,M029bN,reclc7yII4rhP1jOb,SAMEA120628669,SAMEA123916853,
M,M030bM,recEB1IK7UzbTia5F,SAMEA120628670,SAMEA123916854,
M,M030bN,recxsKSAre09nhS4y,SAMEA120628670,SAMEA123916855,
M,M031cM,recEru51j4h1T9mHH,SAMEA120628671,SAMEA123916856,
M,M031cN,rec2n57BPYqI8mxd5,SAMEA120628671,SAMEA123916857,
M,M032cM,recTk5ziyrPwYNMDm,SAMEA120628672,SAMEA123916858,
M,M032cN,recttrcgHrRw4sT00,SAMEA120628672,SAMEA123916859,
M,M033cM,rec2vBOB63RDTcrSH,SAMEA120628673,SAMEA123916860,
M,M033cN,recM6HfsDl0DTyKzb,SAMEA120628673,SAMEA123916861,
M,M034cM,recoAAn9Tllp786oe,SAMEA120628674,SAMEA123916862,
M,M034cN,recqq1VnAaL9Fpspq,SAMEA120628674,SAMEA123916863,
M,M035cM,recA8pp096usukcz4,SAMEA120628675,SAMEA123916864,
M,M035cN,rec5UT2RcpGiZJM5q,SAMEA120628675,SAMEA123916865,
M,M036dM,recVsNvLLvjT16iLD,SAMEA120628676,SAMEA123916866,
M,M036dN,rec27HRtfslYf6ey3,SAMEA120628676,SAMEA123916867,
M,M037dM,recoJcQQX7SkY4uh0,SAMEA120628677,SAMEA123916868,
M,M037dN,recP99nV0Cw5RXQDG,SAMEA120628677,SAMEA123916869,
M,M038dM,recURl1xSxOTxFuRl,SAMEA120628678,SAMEA123916870,
M,M038dN,recaDzSbxPl3IJfRs,SAMEA120628678,SAMEA123916871,
M,M039dM,recCH4BmKBid3DsKY,SAMEA120628679,SAMEA123916872,
M,M039dN,recbr1NM1L9eeCTT5,SAMEA120628679,SAMEA123916873,
M,M040dM,recrKzCx9DyvJfYKK,SAMEA120628680,SAMEA123916874,
M,M040dN,rec87FrU8mM8WsTev,SAMEA120628680,SAMEA123916875,
M,M041aM,rec4Hs98aaEJjZMSn,SAMEA120628681,SAMEA123916876,
M,M041aN,recjJDtLxM05hBjii,SAMEA120628681,SAMEA123916877,
M,M042aM,rec308dpxvlJubOKw,SAMEA120628682,SAMEA123916878,
M,M042aN,rec98i42wdXMDBW5c,SAMEA120628682,SAMEA123916879,
M,M043aM,rec6TcL6WE5rKmZk1,SAMEA120628683,SAMEA123916880,
M,M043aN,rec3Dpgo4NdpDZlYX,SAMEA120628683,SAMEA123916881,
M,M044aM,recAFCblU7CE3AUJE,SAMEA120628684,SAMEA123916882,
M,M044aN,recPSRzllxXRz2QFA,SAMEA120628684,SAMEA123916883,
M,M045aM,receZ5MmNZ4sEA9OI,SAMEA120628685,SAMEA123916884,
M,M045aN,recwBJ9NSgMDHjUze,SAMEA120628685,SAMEA123916885,
M,M046bM,recjLgN9c3VxiSoXt,SAMEA120628686,SAMEA123916886,
M,M046bN,recbnTEQilA0av15n,SAMEA120628686,SAMEA123916887,
M,M047bM,recHIoRYGbGCQKoVi,SAMEA120628687,SAMEA123916888,
M,M047bN,recVs4A2HP4n8kzQl,SAMEA120628687,SAMEA123916889,
M,M048bM,rec9ovrbHjPL4NLV5,SAMEA120628688,SAMEA123916890,
M,M048bN,recSrWZzNzWefVsEv,SAMEA120628688,SAMEA123916891,
M,M049bM,reclVrOgYAvn8ztkJ,SAMEA120628689,SAMEA123916892,
M,M049bN,rec247PGnx3iX5ABs,SAMEA120628689,SAMEA123916893,
M,M050bM,receKv4hX21lFJTwL,SAMEA120628690,SAMEA123916894,
M,M050bN,rec3TF01eDPwcZtAz,SAMEA120628690,SAMEA123916895,
M,M051cM,recbbRxUqBJirPX7v,SAMEA120628691,SAMEA123916896,
M,M051cN,recau94gZVyELIY1D,SAMEA120628691,SAMEA123916897,
M,M052cM,reczUPSyyXXBBmcaT,SAMEA120628692,SAMEA123916898,
M,M052cN,rec4QPR4Dlxw4gXWv,SAMEA120628692,SAMEA123916899,
M,M053cM,rechoJomccZ7PbhZ6,SAMEA120628693,SAMEA123916900,
M,M053cN,recy5bJZ66dVtJn8m,SAMEA120628693,SAMEA123916901,
M,M054cM,recbQFTP20FA54GR9,SAMEA120628694,SAMEA123916902,
M,M054cN,recgrTxb5wzPsIZwP,SAMEA120628694,SAMEA123916903,
M,M055cM,recxV6C35ewvd2lG1,SAMEA120628695,SAMEA123916904,
M,M055cN,reccsClqSCmiAWB2u,SAMEA120628695,SAMEA123916905,
M,M056dM,recSAJfddMtBIaLNV,SAMEA120628696,SAMEA123916906,
M,M056dN,recrTmrskWAjesTbn,SAMEA120628696,SAMEA123916907,
M,M057dM,rec0DswiP3mqeSWzT,SAMEA120628697,SAMEA123916908,
M,M057dN,reciJOeVDEQoSKVui,SAMEA120628697,SAMEA123916909,
M,M058dM,recegnOLxdRQ4p5O5,SAMEA120628698,SAMEA123916910,
M,M058dN,recorEaRC5V6MCwFb,SAMEA120628698,SAMEA123916911,
M,M059dM,recjCLsLrLFxqAcEO,SAMEA120628699,SAMEA123916912,
M,M059dN,recJCQDbXYcgDo0Kk,SAMEA120628699,SAMEA123916913,
M,M060dM,recjRqScRgm11UxMK,SAMEA120628700,SAMEA123916914,
M,M060dN,recWCYrXnw3XVpafk,SAMEA120628700,SAMEA123916915,
M,M061aM,recZE7ahp63C8TqtK,SAMEA120628701,SAMEA123916916,
M,M061aN,rec2oLvszNmo3bqo0,SAMEA120628701,SAMEA123916917,
M,M062aM,rec2Zl4wFG0kPEXyc,SAMEA120628702,SAMEA123916918,
M,M062aN,rec0SHlIl3pS3lFf5,SAMEA120628702,SAMEA123916919,
M,M063aM,recPbkAUOS1Idmb2i,SAMEA120628703,SAMEA123916920,
M,M063aN,recPJ25mnt4qnQTxE,SAMEA120628703,SAMEA123916921,
M,M064aM,rechvKJRysgqFxlNy,SAMEA120628704,SAMEA123916922,
M,M064aN,recC8ZuM5r27bZg4T,SAMEA120628704,SAMEA123916923,
M,M065aM,reci0VOpLpw67ohdb,SAMEA120628705,SAMEA123916924,
M,M065aN,recP8LnU1BxUc13ja,SAMEA120628705,SAMEA123916925,
M,M066bM,recI825NKnwypTRAI,SAMEA120628706,SAMEA123916926,
M,M066bN,recLGazcXEiPGRGlf,SAMEA120628706,SAMEA123916927,
M,M067bM,recfPsiGaj2cu7YPj,SAMEA120628707,SAMEA123916928,
M,M067bN,rec3XsdHyTzxNhxLE,SAMEA120628707,SAMEA123916929,
M,M068bM,recrmTdWFpBFb6s2O,SAMEA120628708,SAMEA123916930,
M,M068bN,recA2gNM1BP3uxC9n,SAMEA120628708,SAMEA123916931,
M,M069bM,recl6tgAj1ok8EmeW,SAMEA120628709,SAMEA123916932,
M,M069bN,recW1J2L4myGt8Vfs,SAMEA120628709,SAMEA123916933,
M,M070bM,reclKRB2w9Zg7YQx8,SAMEA120628710,SAMEA123916934,
M,M070bN,recwQ7wHPgeTkjq9T,SAMEA120628710,SAMEA123916935,
M,M071cM,recaXFThqKWAJ23I4,SAMEA120628711,SAMEA123916936,
M,M071cN,recCYLXaI5DwIenBo,SAMEA120628711,SAMEA123916937,
M,M072cM,recSHpsAEzEEHZFz8,SAMEA120628712,SAMEA123916938,
M,M072cN,recgl7xAjO0ZwboSt,SAMEA120628712,SAMEA123916939,
M,M073cM,recOtTX296LXyb19A,SAMEA120628713,SAMEA123916940,
M,M073cN,recMCfqs1T82pg3Qv,SAMEA120628713,SAMEA123916941,
M,M074cM,recCf1ocwUeHmF419,SAMEA120628714,SAMEA123916942,
M,M074cN,reckZeoPTWfnpyDcw,SAMEA120628714,SAMEA123916943,
M,M075cM,recwoUYd4BHfxPnML,SAMEA120628715,SAMEA123916944,
M,M075cN,recUKHgUqwoNmGPCA,SAMEA120628715,SAMEA123916945,
M,M076dM,recec8ipqTq2QGmkG,SAMEA120628716,SAMEA123916946,
M,M076dN,recXutIp0BTHPeuML,SAMEA120628716,SAMEA123916947,
M,M077dM,recJvvXPwSeXiHrXY,SAMEA120628717,SAMEA123916948,
M,M077dN,reciXAzOrcGTpfMSR,SAMEA120628717,SAMEA123916949,
M,M078dM,recpIAMHqmXqZehxv,SAMEA120628718,SAMEA123916950,
M,M078dN,recTkUOhHKZBGMNXe,SAMEA120628718,SAMEA123916951,
M,M079dM,recftum99Runjk9Oa,SAMEA120628719,SAMEA123916952,
M,M079dN,rec4eet6XEREauDP6,SAMEA120628719,SAMEA123916953,
M,M080dM,recEIKolWoFr16RXb,SAMEA120628720,SAMEA123916954,
M,M080dN,recsfRmZrWDZxwhKF,SAMEA120628720,SAMEA123916955,
