name,parent_sample,container,origin,type,storage,child_biosample_accession
H001aM,SAMEA120628721,5 mL tube,Caecum right,Digesta,-70 ºC,
H001aN,SAMEA120628721,5 mL tube,Caecum right,Tissue,-70 ºC,
H002aM,SAMEA120628722,5 mL tube,Caecum right,Digesta,-70 ºC,
H002aN,SAMEA120628722,5 mL tube,Caecum right,Tissue,-70 ºC,
H003aM,SAMEA120628723,5 mL tube,Caecum right,Digesta,-70 ºC,
H003aN,SAMEA120628723,5 mL tube,Caecum right,Tissue,-70 ºC,
H004aM,SAMEA120628724,5 mL tube,Caecum right,Digesta,-70 ºC,
H004aN,SAMEA120628724,5 mL tube,Caecum right,Tissue,-70 ºC,
H005aM,SAMEA120628725,5 mL tube,Caecum right,Digesta,-70 ºC,
H005aN,SAMEA120628725,5 mL tube,Caecum right,Tissue,-70 ºC,
H006bM,SAMEA120628726,5 mL tube,Caecum right,Digesta,-70 ºC,
H006bN,SAMEA120628726,5 mL tube,Caecum right,Tissue,-70 ºC,
H007bM,SAMEA120628727,5 mL tube,Caecum right,Digesta,-70 ºC,
H007bN,SAMEA120628727,5 mL tube,Caecum right,Tissue,-70 ºC,
H008bM,SAMEA120628728,5 mL tube,Caecum right,Digesta,-70 ºC,
H008bN,SAMEA120628728,5 mL tube,Caecum right,Tissue,-70 ºC,
H009bM,SAMEA120628729,5 mL tube,Caecum right,Digesta,-70 ºC,
H009bN,SAMEA120628729,5 mL tube,Caecum right,Tissue,-70 ºC,
H010bM,SAMEA120628730,5 mL tube,Caecum right,Digesta,-70 ºC,
H010bN,SAMEA120628730,5 mL tube,Caecum right,Tissue,-70 ºC,
H011cM,SAMEA120628731,5 mL tube,Caecum right,Digesta,-70 ºC,
H011cN,SAMEA120628731,5 mL tube,Caecum right,Tissue,-70 ºC,
H012cM,SAMEA120628732,5 mL tube,Caecum right,Digesta,-70 ºC,
H012cN,SAMEA120628732,5 mL tube,Caecum right,Tissue,-70 ºC,
H013cM,SAMEA120628733,5 mL tube,Caecum right,Digesta,-70 ºC,
H013cN,SAMEA120628733,5 mL tube,Caecum right,Tissue,-70 ºC,
H014cM,SAMEA120628734,5 mL tube,Caecum right,Digesta,-70 ºC,
H014cN,SAMEA120628734,5 mL tube,Caecum right,Tissue,-70 ºC,
H015cM,SAMEA120628735,5 mL tube,Caecum right,Digesta,-70 ºC,
H015cN,SAMEA120628735,5 mL tube,Caecum right,Tissue,-70 ºC,
H016dM,SAMEA120628736,5 mL tube,Caecum right,Digesta,-70 ºC,
H016dN,SAMEA120628736,5 mL tube,Caecum right,Tissue,-70 ºC,
H017dM,SAMEA120628737,5 mL tube,Caecum right,Digesta,-70 ºC,
H017dN,SAMEA120628737,5 mL tube,Caecum right,Tissue,-70 ºC,
H018dM,SAMEA120628738,5 mL tube,Caecum right,Digesta,-70 ºC,
H018dN,SAMEA120628738,5 mL tube,Caecum right,Tissue,-70 ºC,
H019dM,SAMEA120628739,5 mL tube,Caecum right,Digesta,-70 ºC,
H019dN,SAMEA120628739,5 mL tube,Caecum right,Tissue,-70 ºC,
H020dM,SAMEA120628740,5 mL tube,Caecum right,Digesta,-70 ºC,
H020dN,SAMEA120628740,5 mL tube,Caecum right,Tissue,-70 ºC,
H021eM,SAMEA120628741,5 mL tube,Caecum right,Digesta,-70 ºC,
H021eN,SAMEA120628741,5 mL tube,Caecum right,Tissue,-70 ºC,
H022eM,SAMEA120628742,5 mL tube,Caecum right,Digesta,-70 ºC,
H022eN,SAMEA120628742,5 mL tube,Caecum right,Tissue,-70 ºC,
H023eM,SAMEA120628743,5 mL tube,Caecum right,Digesta,-70 ºC,
H023eN,SAMEA120628743,5 mL tube,Caecum right,Tissue,-70 ºC,
H024eM,SAMEA120628744,5 mL tube,Caecum right,Digesta,-70 ºC,
H024eN,SAMEA120628744,5 mL tube,Caecum right,Tissue,-70 ºC,
H025eM,SAMEA120628745,5 mL tube,Caecum right,Digesta,-70 ºC,
H025eN,SAMEA120628745,5 mL tube,Caecum right,Tissue,-70 ºC,
H026aM,SAMEA120628746,5 mL tube,Caecum right,Digesta,-70 ºC,
H026aN,SAMEA120628746,5 mL tube,Caecum right,Tissue,-70 ºC,
H027aM,SAMEA120628747,5 mL tube,Caecum right,Digesta,-70 ºC,
H027aN,SAMEA120628747,5 mL tube,Caecum right,Tissue,-70 ºC,
H028aM,SAMEA120628748,5 mL tube,Caecum right,Digesta,-70 ºC,
H028aN,SAMEA120628748,5 mL tube,Caecum right,Tissue,-70 ºC,
H029aM,SAMEA120628749,5 mL tube,Caecum right,Digesta,-70 ºC,
H029aN,SAMEA120628749,5 mL tube,Caecum right,Tissue,-70 ºC,
H030aM,SAMEA120628750,5 mL tube,Caecum right,Digesta,-70 ºC,
H030aN,SAMEA120628750,5 mL tube,Caecum right,Tissue,-70 ºC,
H031bM,SAMEA120628751,5 mL tube,Caecum right,Digesta,-70 ºC,
H031bN,SAMEA120628751,5 mL tube,Caecum right,Tissue,-70 ºC,
H032bM,SAMEA120628752,5 mL tube,Caecum right,Digesta,-70 ºC,
H032bN,SAMEA120628752,5 mL tube,Caecum right,Tissue,-70 ºC,
H033bM,SAMEA120628753,5 mL tube,Caecum right,Digesta,-70 ºC,
H033bN,SAMEA120628753,5 mL tube,Caecum right,Tissue,-70 ºC,
H034bM,SAMEA120628754,5 mL tube,Caecum right,Digesta,-70 ºC,
H034bN,SAMEA120628754,5 mL tube,Caecum right,Tissue,-70 ºC,
H035bM,SAMEA120628755,5 mL tube,Caecum right,Digesta,-70 ºC,
H035bN,SAMEA120628755,5 mL tube,Caecum right,Tissue,-70 ºC,
H036cM,SAMEA120628756,5 mL tube,Caecum right,Digesta,-70 ºC,
H036cN,SAMEA120628756,5 mL tube,Caecum right,Tissue,-70 ºC,
H037cM,SAMEA120628757,5 mL tube,Caecum right,Digesta,-70 ºC,
H037cN,SAMEA120628757,5 mL tube,Caecum right,Tissue,-70 ºC,
H038cM,SAMEA120628758,5 mL tube,Caecum right,Digesta,-70 ºC,
H038cN,SAMEA120628758,5 mL tube,Caecum right,Tissue,-70 ºC,
H039cM,SAMEA120628759,5 mL tube,Caecum right,Digesta,-70 ºC,
H039cN,SAMEA120628759,5 mL tube,Caecum right,Tissue,-70 ºC,
H040cM,SAMEA120628760,5 mL tube,Caecum right,Digesta,-70 ºC,
H040cN,SAMEA120628760,5 mL tube,Caecum right,Tissue,-70 ºC,
H041dM,SAMEA120628761,5 mL tube,Caecum right,Digesta,-70 ºC,
H041dN,SAMEA120628761,5 mL tube,Caecum right,Tissue,-70 ºC,
H042dM,SAMEA120628762,5 mL tube,Caecum right,Digesta,-70 ºC,
H042dN,SAMEA120628762,5 mL tube,Caecum right,Tissue,-70 ºC,
H043dM,SAMEA120628763,5 mL tube,Caecum right,Digesta,-70 ºC,
H043dN,SAMEA120628763,5 mL tube,Caecum right,Tissue,-70 ºC,
H044dM,SAMEA120628764,5 mL tube,Caecum right,Digesta,-70 ºC,
H044dN,SAMEA120628764,5 mL tube,Caecum right,Tissue,-70 ºC,
H045dM,SAMEA120628765,5 mL tube,Caecum right,Digesta,-70 ºC,
H045dN,SAMEA120628765,5 mL tube,Caecum right,Tissue,-70 ºC,
H046eM,SAMEA120628766,5 mL tube,Caecum right,Digesta,-70 ºC,
H046eN,SAMEA120628766,5 mL tube,Caecum right,Tissue,-70 ºC,
H047eM,SAMEA120628767,5 mL tube,Caecum right,Digesta,-70 ºC,
H047eN,SAMEA120628767,5 mL tube,Caecum right,Tissue,-70 ºC,
H048eM,SAMEA120628768,5 mL tube,Caecum right,Digesta,-70 ºC,
H048eN,SAMEA120628768,5 mL tube,Caecum right,Tissue,-70 ºC,
H049eM,SAMEA120628769,5 mL tube,Caecum right,Digesta,-70 ºC,
H049eN,SAMEA120628769,5 mL tube,Caecum right,Tissue,-70 ºC,
H050eM,SAMEA120628770,5 mL tube,Caecum right,Digesta,-70 ºC,
H050eN,SAMEA120628770,5 mL tube,Caecum right,Tissue,-70 ºC,
H051aM,SAMEA120628771,5 mL tube,Caecum right,Digesta,-70 ºC,
H051aN,SAMEA120628771,5 mL tube,Caecum right,Tissue,-70 ºC,
H052aM,SAMEA120628772,5 mL tube,Caecum right,Digesta,-70 ºC,
H052aN,SAMEA120628772,5 mL tube,Caecum right,Tissue,-70 ºC,
H053aM,SAMEA120628773,5 mL tube,Caecum right,Digesta,-70 ºC,
H053aN,SAMEA120628773,5 mL tube,Caecum right,Tissue,-70 ºC,
H054aM,SAMEA120628774,5 mL tube,Caecum right,Digesta,-70 ºC,
H054aN,SAMEA120628774,5 mL tube,Caecum right,Tissue,-70 ºC,
H055aM,SAMEA120628775,5 mL tube,Caecum right,Digesta,-70 ºC,
H055aN,SAMEA120628775,5 mL tube,Caecum right,Tissue,-70 ºC,
H056bM,SAMEA120628776,5 mL tube,Caecum right,Digesta,-70 ºC,
H056bN,SAMEA120628776,5 mL tube,Caecum right,Tissue,-70 ºC,
H057bM,SAMEA120628777,5 mL tube,Caecum right,Digesta,-70 ºC,
H057bN,SAMEA120628777,5 mL tube,Caecum right,Tissue,-70 ºC,
H058bM,SAMEA120628778,5 mL tube,Caecum right,Digesta,-70 ºC,
H058bN,SAMEA120628778,5 mL tube,Caecum right,Tissue,-70 ºC,
H059bM,SAMEA120628779,5 mL tube,Caecum right,Digesta,-70 ºC,
H059bN,SAMEA120628779,5 mL tube,Caecum right,Tissue,-70 ºC,
H060bM,SAMEA120628780,5 mL tube,Caecum right,Digesta,-70 ºC,
H060bN,SAMEA120628780,5 mL tube,Caecum right,Tissue,-70 ºC,
H061cM,SAMEA120628781,5 mL tube,Caecum right,Digesta,-70 ºC,
H061cN,SAMEA120628781,5 mL tube,Caecum right,Tissue,-70 ºC,
H062cM,SAMEA120628782,5 mL tube,Caecum right,Digesta,-70 ºC,
H062cN,SAMEA120628782,5 mL tube,Caecum right,Tissue,-70 ºC,
H063cM,SAMEA120628783,5 mL tube,Caecum right,Digesta,-70 ºC,
H063cN,SAMEA120628783,5 mL tube,Caecum right,Tissue,-70 ºC,
H064cM,SAMEA120628784,5 mL tube,Caecum right,Digesta,-70 ºC,
H064cN,SAMEA120628784,5 mL tube,Caecum right,Tissue,-70 ºC,
H065cM,SAMEA120628785,5 mL tube,Caecum right,Digesta,-70 ºC,
H065cN,SAMEA120628785,5 mL tube,Caecum right,Tissue,-70 ºC,
H066dM,SAMEA120628786,5 mL tube,Caecum right,Digesta,-70 ºC,
H066dN,SAMEA120628786,5 mL tube,Caecum right,Tissue,-70 ºC,
H067dM,SAMEA120628787,5 mL tube,Caecum right,Digesta,-70 ºC,
H067dN,SAMEA120628787,5 mL tube,Caecum right,Tissue,-70 ºC,
H068dM,SAMEA120628788,5 mL tube,Caecum right,Digesta,-70 ºC,
H068dN,SAMEA120628788,5 mL tube,Caecum right,Tissue,-70 ºC,
H069dM,SAMEA120628789,5 mL tube,Caecum right,Digesta,-70 ºC,
H069dN,SAMEA120628789,5 mL tube,Caecum right,Tissue,-70 ºC,
H070dM,SAMEA120628790,5 mL tube,Caecum right,Digesta,-70 ºC,
H070dN,SAMEA120628790,5 mL tube,Caecum right,Tissue,-70 ºC,
H071eM,SAMEA120628791,5 mL tube,Caecum right,Digesta,-70 ºC,
H071eN,SAMEA120628791,5 mL tube,Caecum right,Tissue,-70 ºC,
H072eM,SAMEA120628792,5 mL tube,Caecum right,Digesta,-70 ºC,
H072eN,SAMEA120628792,5 mL tube,Caecum right,Tissue,-70 ºC,
H073eM,SAMEA120628793,5 mL tube,Caecum right,Digesta,-70 ºC,
H073eN,SAMEA120628793,5 mL tube,Caecum right,Tissue,-70 ºC,
H074eM,SAMEA120628794,5 mL tube,Caecum right,Digesta,-70 ºC,
H074eN,SAMEA120628794,5 mL tube,Caecum right,Tissue,-70 ºC,
H075eM,SAMEA120628795,5 mL tube,Caecum right,Digesta,-70 ºC,
H075eN,SAMEA120628795,5 mL tube,Caecum right,Tissue,-70 ºC,
H076aM,SAMEA120628796,5 mL tube,Caecum right,Digesta,-70 ºC,
H076aN,SAMEA120628796,5 mL tube,Caecum right,Tissue,-70 ºC,
H077aM,SAMEA120628797,5 mL tube,Caecum right,Digesta,-70 ºC,
H077aN,SAMEA120628797,5 mL tube,Caecum right,Tissue,-70 ºC,
H078aM,SAMEA120628798,5 mL tube,Caecum right,Digesta,-70 ºC,
H078aN,SAMEA120628798,5 mL tube,Caecum right,Tissue,-70 ºC,
H079aM,SAMEA120628799,5 mL tube,Caecum right,Digesta,-70 ºC,
H079aN,SAMEA120628799,5 mL tube,Caecum right,Tissue,-70 ºC,
H080aM,SAMEA120628800,5 mL tube,Caecum right,Digesta,-70 ºC,
H080aN,SAMEA120628800,5 mL tube,Caecum right,Tissue,-70 ºC,
H081bM,SAMEA120628801,5 mL tube,Caecum right,Digesta,-70 ºC,
H081bN,SAMEA120628801,5 mL tube,Caecum right,Tissue,-70 ºC,
H082bM,SAMEA120628802,5 mL tube,Caecum right,Digesta,-70 ºC,
H082bN,SAMEA120628802,5 mL tube,Caecum right,Tissue,-70 ºC,
H083bM,SAMEA120628803,5 mL tube,Caecum right,Digesta,-70 ºC,
H083bN,SAMEA120628803,5 mL tube,Caecum right,Tissue,-70 ºC,
H084bM,SAMEA120628804,5 mL tube,Caecum right,Digesta,-70 ºC,
H084bN,SAMEA120628804,5 mL tube,Caecum right,Tissue,-70 ºC,
H085bM,SAMEA120628805,5 mL tube,Caecum right,Digesta,-70 ºC,
H085bN,SAMEA120628805,5 mL tube,Caecum right,Tissue,-70 ºC,
H086cM,SAMEA120628806,5 mL tube,Caecum right,Digesta,-70 ºC,
H086cN,SAMEA120628806,5 mL tube,Caecum right,Tissue,-70 ºC,
H087cM,SAMEA120628807,5 mL tube,Caecum right,Digesta,-70 ºC,
H087cN,SAMEA120628807,5 mL tube,Caecum right,Tissue,-70 ºC,
H088cM,SAMEA120628808,5 mL tube,Caecum right,Digesta,-70 ºC,
H088cN,SAMEA120628808,5 mL tube,Caecum right,Tissue,-70 ºC,
H089cM,SAMEA120628809,5 mL tube,Caecum right,Digesta,-70 ºC,
H089cN,SAMEA120628809,5 mL tube,Caecum right,Tissue,-70 ºC,
H090cM,SAMEA120628810,5 mL tube,Caecum right,Digesta,-70 ºC,
H090cN,SAMEA120628810,5 mL tube,Caecum right,Tissue,-70 ºC,
H091dM,SAMEA120628811,5 mL tube,Caecum right,Digesta,-70 ºC,
H091dN,SAMEA120628811,5 mL tube,Caecum right,Tissue,-70 ºC,
H092dM,SAMEA120628812,5 mL tube,Caecum right,Digesta,-70 ºC,
H092dN,SAMEA120628812,5 mL tube,Caecum right,Tissue,-70 ºC,
H093dM,SAMEA120628813,5 mL tube,Caecum right,Digesta,-70 ºC,
H093dN,SAMEA120628813,5 mL tube,Caecum right,Tissue,-70 ºC,
H094dM,SAMEA120628814,5 mL tube,Caecum right,Digesta,-70 ºC,
H094dN,SAMEA120628814,5 mL tube,Caecum right,Tissue,-70 ºC,
H095dM,SAMEA120628815,5 mL tube,Caecum right,Digesta,-70 ºC,
H095dN,SAMEA120628815,5 mL tube,Caecum right,Tissue,-70 ºC,
H096eM,SAMEA120628816,5 mL tube,Caecum right,Digesta,-70 ºC,
H096eN,SAMEA120628816,5 mL tube,Caecum right,Tissue,-70 ºC,
H097eM,SAMEA120628817,5 mL tube,Caecum right,Digesta,-70 ºC,
H097eN,SAMEA120628817,5 mL tube,Caecum right,Tissue,-70 ºC,
H098eM,SAMEA120628818,5 mL tube,Caecum right,Digesta,-70 ºC,
H098eN,SAMEA120628818,5 mL tube,Caecum right,Tissue,-70 ºC,
H099eM,SAMEA120628819,5 mL tube,Caecum right,Digesta,-70 ºC,
H099eN,SAMEA120628819,5 mL tube,Caecum right,Tissue,-70 ºC,
H100eM,SAMEA120628820,5 mL tube,Caecum right,Digesta,-70 ºC,
H100eN,SAMEA120628820,5 mL tube,Caecum right,Tissue,-70 ºC,
M001aM,SAMEA120628641,5 mL tube,Caecum right,Digesta,-70 ºC,
M001aN,SAMEA120628641,5 mL tube,Caecum right,Tissue,-70 ºC,
M002aM,SAMEA120628642,5 mL tube,Caecum right,Digesta,-70 ºC,
M002aN,SAMEA120628642,5 mL tube,Caecum right,Tissue,-70 ºC,
M003aM,SAMEA120628643,5 mL tube,Caecum right,Digesta,-70 ºC,
M003aN,SAMEA120628643,5 mL tube,Caecum right,Tissue,-70 ºC,
M004aM,SAMEA120628644,5 mL tube,Caecum right,Digesta,-70 ºC,
M004aN,SAMEA120628644,5 mL tube,Caecum right,Tissue,-70 ºC,
M005aM,SAMEA120628645,5 mL tube,Caecum right,Digesta,-70 ºC,
M005aN,SAMEA120628645,5 mL tube,Caecum right,Tissue,-70 ºC,
M006bM,SAMEA120628646,5 mL tube,Caecum right,Digesta,-70 ºC,
M006bN,SAMEA120628646,5 mL tube,Caecum right,Tissue,-70 ºC,
M007bM,SAMEA120628647,5 mL tube,Caecum right,Digesta,-70 ºC,
M007bN,SAMEA120628647,5 mL tube,Caecum right,Tissue,-70 ºC,
M008bM,SAMEA120628648,5 mL tube,Caecum right,Digesta,-70 ºC,
M008bN,SAMEA120628648,5 mL tube,Caecum right,Tissue,-70 ºC,
M009bM,SAMEA120628649,5 mL tube,Caecum right,Digesta,-70 ºC,
M009bN,SAMEA120628649,5 mL tube,Caecum right,Tissue,-70 ºC,
M010bM,SAMEA120628650,5 mL tube,Caecum right,Digesta,-70 ºC,
M010bN,SAMEA120628650,5 mL tube,Caecum right,Tissue,-70 ºC,
M011cM,SAMEA120628651,5 mL tube,Caecum right,Digesta,-70 ºC,
M011cN,SAMEA120628651,5 mL tube,Caecum right,Tissue,-70 ºC,
M012cM,SAMEA120628652,5 mL tube,Caecum right,Digesta,-70 ºC,
M012cN,SAMEA120628652,5 mL tube,Caecum right,Tissue,-70 ºC,
M013cM,SAMEA120628653,5 mL tube,Caecum right,Digesta,-70 ºC,
M013cN,SAMEA120628653,5 mL tube,Caecum right,Tissue,-70 ºC,
M014cM,SAMEA120628654,5 mL tube,Caecum right,Digesta,-70 ºC,
M014cN,SAMEA120628654,5 mL tube,Caecum right,Tissue,-70 ºC,
M015cM,SAMEA120628655,5 mL tube,Caecum right,Digesta,-70 ºC,
M015cN,SAMEA120628655,5 mL tube,Caecum right,Tissue,-70 ºC,
M016dM,SAMEA120628656,5 mL tube,Caecum right,Digesta,-70 ºC,
M016dN,SAMEA120628656,5 mL tube,Caecum right,Tissue,-70 ºC,
M017dM,SAMEA120628657,5 mL tube,Caecum right,Digesta,-70 ºC,
M017dN,SAMEA120628657,5 mL tube,Caecum right,Tissue,-70 ºC,
M018dM,SAMEA120628658,5 mL tube,Caecum right,Digesta,-70 ºC,
M018dN,SAMEA120628658,5 mL tube,Caecum right,Tissue,-70 ºC,
M019dM,SAMEA120628659,5 mL tube,Caecum right,Digesta,-70 ºC,
M019dN,SAMEA120628659,5 mL tube,Caecum right,Tissue,-70 ºC,
M020dM,SAMEA120628660,5 mL tube,Caecum right,Digesta,-70 ºC,
M020dN,SAMEA120628660,5 mL tube,Caecum right,Tissue,-70 ºC,
M021aM,SAMEA120628661,5 mL tube,Caecum right,Digesta,-70 ºC,
M021aN,SAMEA120628661,5 mL tube,Caecum right,Tissue,-70 ºC,
M022aM,SAMEA120628662,5 mL tube,Caecum right,Digesta,-70 ºC,
M022aN,SAMEA120628662,5 mL tube,Caecum right,Tissue,-70 ºC,
M023aM,SAMEA120628663,5 mL tube,Caecum right,Digesta,-70 ºC,
M023aN,SAMEA120628663,5 mL tube,Caecum right,Tissue,-70 ºC,
M024aM,SAMEA120628664,5 mL tube,Caecum right,Digesta,-70 ºC,
M024aN,SAMEA120628664,5 mL tube,Caecum right,Tissue,-70 ºC,
M025aM,SAMEA120628665,5 mL tube,Caecum right,Digesta,-70 ºC,
M025aN,SAMEA120628665,5 mL tube,Caecum right,Tissue,-70 ºC,
M026bM,SAMEA120628666,5 mL tube,Caecum right,Digesta,-70 ºC,
M026bN,SAMEA120628666,5 mL tube,Caecum right,Tissue,-70 ºC,
M027bM,SAMEA120628667,5 mL tube,Caecum right,Digesta,-70 ºC,
M027bN,SAMEA120628667,5 mL tube,Caecum right,Tissue,-70 ºC,
M028bM,SAMEA120628668,5 mL tube,Caecum right,Digesta,-70 ºC,
M028bN,SAMEA120628668,5 mL tube,Caecum right,Tissue,-70 ºC,
M029bM,SAMEA120628669,5 mL tube,Caecum right,Digesta,-70 ºC,
M029bN,SAMEA120628669,5 mL tube,Caecum right,Tissue,-70 ºC,
M030bM,SAMEA120628670,5 mL tube,Caecum right,Digesta,-70 ºC,
M030bN,SAMEA120628670,5 mL tube,Caecum right,Tissue,-70 ºC,
M031cM,SAMEA120628671,5 mL tube,Caecum right,Digesta,-70 ºC,
M031cN,SAMEA120628671,5 mL tube,Caecum right,Tissue,-70 ºC,
M032cM,SAMEA120628672,5 mL tube,Caecum right,Digesta,-70 ºC,
M032cN,SAMEA120628672,5 mL tube,Caecum right,Tissue,-70 ºC,
M033cM,SAMEA120628673,5 mL tube,Caecum right,Digesta,-70 ºC,
M033cN,SAMEA120628673,5 mL tube,Caecum right,Tissue,-70 ºC,
M034cM,SAMEA120628674,5 mL tube,Caecum right,Digesta,-70 ºC,
M034cN,SAMEA120628674,5 mL tube,Caecum right,Tissue,-70 ºC,
M035cM,SAMEA120628675,5 mL tube,Caecum right,Digesta,-70 ºC,
M035cN,SAMEA120628675,5 mL tube,Caecum right,Tissue,-70 ºC,
M036dM,SAMEA120628676,5 mL tube,Caecum right,Digesta,-70 ºC,
M036dN,SAMEA120628676,5 mL tube,Caecum right,Tissue,-70 ºC,
M037dM,SAMEA120628677,5 mL tube,Caecum right,Digesta,-70 ºC,
M037dN,SAMEA120628677,5 mL tube,Caecum right,Tissue,-70 ºC,
M038dM,SAMEA120628678,5 mL tube,Caecum right,Digesta,-70 ºC,
M038dN,SAMEA120628678,5 mL tube,Caecum right,Tissue,-70 ºC,
M039dM,SAMEA120628679,5 mL tube,Caecum right,Digesta,-70 ºC,
M039dN,SAMEA120628679,5 mL tube,Caecum right,Tissue,-70 ºC,
M040dM,SAMEA120628680,5 mL tube,Caecum right,Digesta,-70 ºC,
M040dN,SAMEA120628680,5 mL tube,Caecum right,Tissue,-70 ºC,
M041aM,SAMEA120628681,5 mL tube,Caecum right,Digesta,-70 ºC,
M041aN,SAMEA120628681,5 mL tube,Caecum right,Tissue,-70 ºC,
M042aM,SAMEA120628682,5 mL tube,Caecum right,Digesta,-70 ºC,
M042aN,SAMEA120628682,5 mL tube,Caecum right,Tissue,-70 ºC,
M043aM,SAMEA120628683,5 mL tube,Caecum right,Digesta,-70 ºC,
M043aN,SAMEA120628683,5 mL tube,Caecum right,Tissue,-70 ºC,
M044aM,SAMEA120628684,5 mL tube,Caecum right,Digesta,-70 ºC,
M044aN,SAMEA120628684,5 mL tube,Caecum right,Tissue,-70 ºC,
M045aM,SAMEA120628685,5 mL tube,Caecum right,Digesta,-70 ºC,
M045aN,SAMEA120628685,5 mL tube,Caecum right,Tissue,-70 ºC,
M046bM,SAMEA120628686,5 mL tube,Caecum right,Digesta,-70 ºC,
M046bN,SAMEA120628686,5 mL tube,Caecum right,Tissue,-70 ºC,
M047bM,SAMEA120628687,5 mL tube,Caecum right,Digesta,-70 ºC,
M047bN,SAMEA120628687,5 mL tube,Caecum right,Tissue,-70 ºC,
M048bM,SAMEA120628688,5 mL tube,Caecum right,Digesta,-70 ºC,
M048bN,SAMEA120628688,5 mL tube,Caecum right,Tissue,-70 ºC,
M049bM,SAMEA120628689,5 mL tube,Caecum right,Digesta,-70 ºC,
M049bN,SAMEA120628689,5 mL tube,Caecum right,Tissue,-70 ºC,
M050bM,SAMEA120628690,5 mL tube,Caecum right,Digesta,-70 ºC,
M050bN,SAMEA120628690,5 mL tube,Caecum right,Tissue,-70 ºC,
M051cM,SAMEA120628691,5 mL tube,Caecum right,Digesta,-70 ºC,
M051cN,SAMEA120628691,5 mL tube,Caecum right,Tissue,-70 ºC,
M052cM,SAMEA120628692,5 mL tube,Caecum right,Digesta,-70 ºC,
M052cN,SAMEA120628692,5 mL tube,Caecum right,Tissue,-70 ºC,
M053cM,SAMEA120628693,5 mL tube,Caecum right,Digesta,-70 ºC,
M053cN,SAMEA120628693,5 mL tube,Caecum right,Tissue,-70 ºC,
M054cM,SAMEA120628694,5 mL tube,Caecum right,Digesta,-70 ºC,
M054cN,SAMEA120628694,5 mL tube,Caecum right,Tissue,-70 ºC,
M055cM,SAMEA120628695,5 mL tube,Caecum right,Digesta,-70 ºC,
M055cN,SAMEA120628695,5 mL tube,Caecum right,Tissue,-70 ºC,
M056dM,SAMEA120628696,5 mL tube,Caecum right,Digesta,-70 ºC,
M056dN,SAMEA120628696,5 mL tube,Caecum right,Tissue,-70 ºC,
M057dM,SAMEA120628697,5 mL tube,Caecum right,Digesta,-70 ºC,
M057dN,SAMEA120628697,5 mL tube,Caecum right,Tissue,-70 ºC,
M058dM,SAMEA120628698,5 mL tube,Caecum right,Digesta,-70 ºC,
M058dN,SAMEA120628698,5 mL tube,Caecum right,Tissue,-70 ºC,
M059dM,SAMEA120628699,5 mL tube,Caecum right,Digesta,-70 ºC,
M059dN,SAMEA120628699,5 mL tube,Caecum right,Tissue,-70 ºC,
M060dM,SAMEA120628700,5 mL tube,Caecum right,Digesta,-70 ºC,
M060dN,SAMEA120628700,5 mL tube,Caecum right,Tissue,-70 ºC,
M061aM,SAMEA120628701,5 mL tube,Caecum right,Digesta,-70 ºC,
M061aN,SAMEA120628701,5 mL tube,Caecum right,Tissue,-70 ºC,
M062aM,SAMEA120628702,5 mL tube,Caecum right,Digesta,-70 ºC,
M062aN,SAMEA120628702,5 mL tube,Caecum right,Tissue,-70 ºC,
M063aM,SAMEA120628703,5 mL tube,Caecum right,Digesta,-70 ºC,
M063aN,SAMEA120628703,5 mL tube,Caecum right,Tissue,-70 ºC,
M064aM,SAMEA120628704,5 mL tube,Caecum right,Digesta,-70 ºC,
M064aN,SAMEA120628704,5 mL tube,Caecum right,Tissue,-70 ºC,
M065aM,SAMEA120628705,5 mL tube,Caecum right,Digesta,-70 ºC,
M065aN,SAMEA120628705,5 mL tube,Caecum right,Tissue,-70 ºC,
M066bM,SAMEA120628706,5 mL tube,Caecum right,Digesta,-70 ºC,
M066bN,SAMEA120628706,5 mL tube,Caecum right,Tissue,-70 ºC,
M067bM,SAMEA120628707,5 mL tube,Caecum right,Digesta,-70 ºC,
M067bN,SAMEA120628707,5 mL tube,Caecum right,Tissue,-70 ºC,
M068bM,SAMEA120628708,5 mL tube,Caecum right,Digesta,-70 ºC,
M068bN,SAMEA120628708,5 mL tube,Caecum right,Tissue,-70 ºC,
M069bM,SAMEA120628709,5 mL tube,Caecum right,Digesta,-70 ºC,
M069bN,SAMEA120628709,5 mL tube,Caecum right,Tissue,-70 ºC,
M070bM,SAMEA120628710,5 mL tube,Caecum right,Digesta,-70 ºC,
M070bN,SAMEA120628710,5 mL tube,Caecum right,Tissue,-70 ºC,
M071cM,SAMEA120628711,5 mL tube,Caecum right,Digesta,-70 ºC,
M071cN,SAMEA120628711,5 mL tube,Caecum right,Tissue,-70 ºC,
M072cM,SAMEA120628712,5 mL tube,Caecum right,Digesta,-70 ºC,
M072cN,SAMEA120628712,5 mL tube,Caecum right,Tissue,-70 ºC,
M073cM,SAMEA120628713,5 mL tube,Caecum right,Digesta,-70 ºC,
M073cN,SAMEA120628713,5 mL tube,Caecum right,Tissue,-70 ºC,
M074cM,SAMEA120628714,5 mL tube,Caecum right,Digesta,-70 ºC,
M074cN,SAMEA120628714,5 mL tube,Caecum right,Tissue,-70 ºC,
M075cM,SAMEA120628715,5 mL tube,Caecum right,Digesta,-70 ºC,
M075cN,SAMEA120628715,5 mL tube,Caecum right,Tissue,-70 ºC,
M076dM,SAMEA120628716,5 mL tube,Caecum right,Digesta,-70 ºC,
M076dN,SAMEA120628716,5 mL tube,Caecum right,Tissue,-70 ºC,
M077dM,SAMEA120628717,5 mL tube,Caecum right,Digesta,-70 ºC,
M077dN,SAMEA120628717,5 mL tube,Caecum right,Tissue,-70 ºC,
M078dM,SAMEA120628718,5 mL tube,Caecum right,Digesta,-70 ºC,
M078dN,SAMEA120628718,5 mL tube,Caecum right,Tissue,-70 ºC,
M079dM,SAMEA120628719,5 mL tube,Caecum right,Digesta,-70 ºC,
M079dN,SAMEA120628719,5 mL tube,Caecum right,Tissue,-70 ºC,
M080dM,SAMEA120628720,5 mL tube,Caecum right,Digesta,-70 ºC,
M080dN,SAMEA120628720,5 mL tube,Caecum right,Tissue,-70 ºC,
