name,release,webinSubmissionAccountId,taxId,characteristics@level,characteristics@organism,characteristics@species,accession
H001aM,2025-06-01T00:00:00.000Z,Webin-69627,9031,macrosample,Gallus gallus,chicken,
H001aN,2025-06-01T00:00:00.000Z,Webin-69627,9031,macrosample,Gallus gallus,chicken,
H002aM,2025-06-01T00:00:00.000Z,Webin-69627,9031,macrosample,Gallus gallus,chicken,
H002aN,2025-06-01T00:00:00.000Z,Webin-69627,9031,macrosample,Gallus gallus,chicken,
H003aM,2025-06-01T00:00:00.000Z,Webin-69627,9031,macrosample,Gallus gallus,chicken,
H003aN,2025-06-01T00:00:00.000Z,Webin-69627,9031,macrosample,Gallus gallus,chicken,
H004aM,2025-06-01T00:00:00.000Z,Webin-69627,9031,macrosample,Gallus gallus,chicken,
H004aN,2025-06-01T00:00:00.000Z,Webin-69627,9031,macrosample,Gallus gallus,chicken,
H005aM,2025-06-01T00:00:00.000Z,Webin-69627,9031,macrosample,Gallus gallus,chicken,
H005aN,2025-06-01T00:00:00.000Z,Webin-69627,9031,macrosample,Gallus gallus,chicken,
H006bM,2025-06-01T00:00:00.000Z,Webin-69627,9031,macrosample,Gallus gallus,chicken,
H006bN,2025-06-01T00:00:00.000Z,Webin-69627,9031,macrosample,Gallus gallus,chicken,
H007bM,2025-06-01T00:00:00.000Z,Webin-69627,9031,macrosample,Gallus gallus,chicken,
H007bN,2025-06-01T00:00:00.000Z,Webin-69627,9031,macrosample,Gallus gallus,chicken,
H008bM,2025-06-01T00:00:00.000Z,Webin-69627,9031,macrosample,Gallus gallus,chicken,
H008bN,2025-06-01T00:00:00.000Z,Webin-69627,9031,macrosample,Gallus gallus,chicken,
H009bM,2025-06-01T00:00:00.000Z,Webin-69627,9031,macrosample,Gallus gallus,chicken,
H009bN,2025-06-01T00:00:00.000Z,Webin-69627,9031,macrosample,Gallus gallus,chicken,
H010bM,2025-06-01T00:00:00.000Z,Webin-69627,9031,macrosample,Gallus gallus,chicken,
H010bN,2025-06-01T00:00:00.000Z,Webin-69627,9031,macrosample,Gallus gallus,chicken,
H011cM,2025-06-01T00:00:00.000Z,Webin-69627,9031,macrosample,Gallus gallus,chicken,
H011cN,2025-06-01T00:00:00.000Z,Webin-69627,9031,macrosample,Gallus gallus,chicken,
H012cM,2025-06-01T00:00:00.000Z,Webin-69627,9031,macrosample,Gallus gallus,chicken,
H012cN,2025-06-01T00:00:00.000Z,Webin-69627,9031,macrosample,Gallus gallus,chicken,
H013cM,2025-06-01T00:00:00.000Z,Webin-69627,9031,macrosample,Gallus gallus,chicken,
H013cN,2025-06-01T00:00:00.000Z,Webin-69627,9031,macrosample,Gallus gallus,chicken,
H014cM,2025-06-01T00:00:00.000Z,Webin-69627,9031,macrosample,Gallus gallus,chicken,
H014cN,2025-06-01T00:00:00.000Z,Webin-69627,9031,macrosample,Gallus gallus,chicken,
H015cM,2025-06-01T00:00:00.000Z,Webin-69627,9031,macrosample,Gallus gallus,chicken,
H015cN,2025-06-01T00:00:00.000Z,Webin-69627,9031,macrosample,Gallus gallus,chicken,
H016dM,2025-06-01T00:00:00.000Z,Webin-69627,9031,macrosample,Gallus gallus,chicken,
H016dN,2025-06-01T00:00:00.000Z,Webin-69627,9031,macrosample,Gallus gallus,chicken,
H017dM,2025-06-01T00:00:00.000Z,Webin-69627,9031,macrosample,Gallus gallus,chicken,
H017dN,2025-06-01T00:00:00.000Z,Webin-69627,9031,macrosample,Gallus gallus,chicken,
H018dM,2025-06-01T00:00:00.000Z,Webin-69627,9031,macrosample,Gallus gallus,chicken,
H018dN,2025-06-01T00:00:00.000Z,Webin-69627,9031,macrosample,Gallus gallus,chicken,
H019dM,2025-06-01T00:00:00.000Z,Webin-69627,9031,macrosample,Gallus gallus,chicken,
H019dN,2025-06-01T00:00:00.000Z,Webin-69627,9031,macrosample,Gallus gallus,chicken,
H020dM,2025-06-01T00:00:00.000Z,Webin-69627,9031,macrosample,Gallus gallus,chicken,
H020dN,2025-06-01T00:00:00.000Z,Webin-69627,9031,macrosample,Gallus gallus,chicken,
H021eM,2025-06-01T00:00:00.000Z,Webin-69627,9031,macrosample,Gallus gallus,chicken,
H021eN,2025-06-01T00:00:00.000Z,Webin-69627,9031,macrosample,Gallus gallus,chicken,
H022eM,2025-06-01T00:00:00.000Z,Webin-69627,9031,macrosample,Gallus gallus,chicken,
H022eN,2025-06-01T00:00:00.000Z,Webin-69627,9031,macrosample,Gallus gallus,chicken,
H023eM,2025-06-01T00:00:00.000Z,Webin-69627,9031,macrosample,Gallus gallus,chicken,
H023eN,2025-06-01T00:00:00.000Z,Webin-69627,9031,macrosample,Gallus gallus,chicken,
H024eM,2025-06-01T00:00:00.000Z,Webin-69627,9031,macrosample,Gallus gallus,chicken,
H024eN,2025-06-01T00:00:00.000Z,Webin-69627,9031,macrosample,Gallus gallus,chicken,
H025eM,2025-06-01T00:00:00.000Z,Webin-69627,9031,macrosample,Gallus gallus,chicken,
H025eN,2025-06-01T00:00:00.000Z,Webin-69627,9031,macrosample,Gallus gallus,chicken,
H026aM,2025-06-01T00:00:00.000Z,Webin-69627,9031,macrosample,Gallus gallus,chicken,
H026aN,2025-06-01T00:00:00.000Z,Webin-69627,9031,macrosample,Gallus gallus,chicken,
H027aM,2025-06-01T00:00:00.000Z,Webin-69627,9031,macrosample,Gallus gallus,chicken,
H027aN,2025-06-01T00:00:00.000Z,Webin-69627,9031,macrosample,Gallus gallus,chicken,
H028aM,2025-06-01T00:00:00.000Z,Webin-69627,9031,macrosample,Gallus gallus,chicken,
H028aN,2025-06-01T00:00:00.000Z,Webin-69627,9031,macrosample,Gallus gallus,chicken,
H029aM,2025-06-01T00:00:00.000Z,Webin-69627,9031,macrosample,Gallus gallus,chicken,
H029aN,2025-06-01T00:00:00.000Z,Webin-69627,9031,macrosample,Gallus gallus,chicken,
H030aM,2025-06-01T00:00:00.000Z,Webin-69627,9031,macrosample,Gallus gallus,chicken,
H030aN,2025-06-01T00:00:00.000Z,Webin-69627,9031,macrosample,Gallus gallus,chicken,
H031bM,2025-06-01T00:00:00.000Z,Webin-69627,9031,macrosample,Gallus gallus,chicken,
H031bN,2025-06-01T00:00:00.000Z,Webin-69627,9031,macrosample,Gallus gallus,chicken,
H032bM,2025-06-01T00:00:00.000Z,Webin-69627,9031,macrosample,Gallus gallus,chicken,
H032bN,2025-06-01T00:00:00.000Z,Webin-69627,9031,macrosample,Gallus gallus,chicken,
H033bM,2025-06-01T00:00:00.000Z,Webin-69627,9031,macrosample,Gallus gallus,chicken,
H033bN,2025-06-01T00:00:00.000Z,Webin-69627,9031,macrosample,Gallus gallus,chicken,
H034bM,2025-06-01T00:00:00.000Z,Webin-69627,9031,macrosample,Gallus gallus,chicken,
H034bN,2025-06-01T00:00:00.000Z,Webin-69627,9031,macrosample,Gallus gallus,chicken,
H035bM,2025-06-01T00:00:00.000Z,Webin-69627,9031,macrosample,Gallus gallus,chicken,
H035bN,2025-06-01T00:00:00.000Z,Webin-69627,9031,macrosample,Gallus gallus,chicken,
H036cM,2025-06-01T00:00:00.000Z,Webin-69627,9031,macrosample,Gallus gallus,chicken,
H036cN,2025-06-01T00:00:00.000Z,Webin-69627,9031,macrosample,Gallus gallus,chicken,
H037cM,2025-06-01T00:00:00.000Z,Webin-69627,9031,macrosample,Gallus gallus,chicken,
H037cN,2025-06-01T00:00:00.000Z,Webin-69627,9031,macrosample,Gallus gallus,chicken,
H038cM,2025-06-01T00:00:00.000Z,Webin-69627,9031,macrosample,Gallus gallus,chicken,
H038cN,2025-06-01T00:00:00.000Z,Webin-69627,9031,macrosample,Gallus gallus,chicken,
H039cM,2025-06-01T00:00:00.000Z,Webin-69627,9031,macrosample,Gallus gallus,chicken,
H039cN,2025-06-01T00:00:00.000Z,Webin-69627,9031,macrosample,Gallus gallus,chicken,
H040cM,2025-06-01T00:00:00.000Z,Webin-69627,9031,macrosample,Gallus gallus,chicken,
H040cN,2025-06-01T00:00:00.000Z,Webin-69627,9031,macrosample,Gallus gallus,chicken,
H041dM,2025-06-01T00:00:00.000Z,Webin-69627,9031,macrosample,Gallus gallus,chicken,
H041dN,2025-06-01T00:00:00.000Z,Webin-69627,9031,macrosample,Gallus gallus,chicken,
H042dM,2025-06-01T00:00:00.000Z,Webin-69627,9031,macrosample,Gallus gallus,chicken,
H042dN,2025-06-01T00:00:00.000Z,Webin-69627,9031,macrosample,Gallus gallus,chicken,
H043dM,2025-06-01T00:00:00.000Z,Webin-69627,9031,macrosample,Gallus gallus,chicken,
H043dN,2025-06-01T00:00:00.000Z,Webin-69627,9031,macrosample,Gallus gallus,chicken,
H044dM,2025-06-01T00:00:00.000Z,Webin-69627,9031,macrosample,Gallus gallus,chicken,
H044dN,2025-06-01T00:00:00.000Z,Webin-69627,9031,macrosample,Gallus gallus,chicken,
H045dM,2025-06-01T00:00:00.000Z,Webin-69627,9031,macrosample,Gallus gallus,chicken,
H045dN,2025-06-01T00:00:00.000Z,Webin-69627,9031,macrosample,Gallus gallus,chicken,
H046eM,2025-06-01T00:00:00.000Z,Webin-69627,9031,macrosample,Gallus gallus,chicken,
H046eN,2025-06-01T00:00:00.000Z,Webin-69627,9031,macrosample,Gallus gallus,chicken,
H047eM,2025-06-01T00:00:00.000Z,Webin-69627,9031,macrosample,Gallus gallus,chicken,
H047eN,2025-06-01T00:00:00.000Z,Webin-69627,9031,macrosample,Gallus gallus,chicken,
H048eM,2025-06-01T00:00:00.000Z,Webin-69627,9031,macrosample,Gallus gallus,chicken,
H048eN,2025-06-01T00:00:00.000Z,Webin-69627,9031,macrosample,Gallus gallus,chicken,
H049eM,2025-06-01T00:00:00.000Z,Webin-69627,9031,macrosample,Gallus gallus,chicken,
H049eN,2025-06-01T00:00:00.000Z,Webin-69627,9031,macrosample,Gallus gallus,chicken,
H050eM,2025-06-01T00:00:00.000Z,Webin-69627,9031,macrosample,Gallus gallus,chicken,
H050eN,2025-06-01T00:00:00.000Z,Webin-69627,9031,macrosample,Gallus gallus,chicken,
H051aM,2025-06-01T00:00:00.000Z,Webin-69627,9031,macrosample,Gallus gallus,chicken,
H051aN,2025-06-01T00:00:00.000Z,Webin-69627,9031,macrosample,Gallus gallus,chicken,
H052aM,2025-06-01T00:00:00.000Z,Webin-69627,9031,macrosample,Gallus gallus,chicken,
H052aN,2025-06-01T00:00:00.000Z,Webin-69627,9031,macrosample,Gallus gallus,chicken,
H053aM,2025-06-01T00:00:00.000Z,Webin-69627,9031,macrosample,Gallus gallus,chicken,
H053aN,2025-06-01T00:00:00.000Z,Webin-69627,9031,macrosample,Gallus gallus,chicken,
H054aM,2025-06-01T00:00:00.000Z,Webin-69627,9031,macrosample,Gallus gallus,chicken,
H054aN,2025-06-01T00:00:00.000Z,Webin-69627,9031,macrosample,Gallus gallus,chicken,
H055aM,2025-06-01T00:00:00.000Z,Webin-69627,9031,macrosample,Gallus gallus,chicken,
H055aN,2025-06-01T00:00:00.000Z,Webin-69627,9031,macrosample,Gallus gallus,chicken,
H056bM,2025-06-01T00:00:00.000Z,Webin-69627,9031,macrosample,Gallus gallus,chicken,
H056bN,2025-06-01T00:00:00.000Z,Webin-69627,9031,macrosample,Gallus gallus,chicken,
H057bM,2025-06-01T00:00:00.000Z,Webin-69627,9031,macrosample,Gallus gallus,chicken,
H057bN,2025-06-01T00:00:00.000Z,Webin-69627,9031,macrosample,Gallus gallus,chicken,
H058bM,2025-06-01T00:00:00.000Z,Webin-69627,9031,macrosample,Gallus gallus,chicken,
H058bN,2025-06-01T00:00:00.000Z,Webin-69627,9031,macrosample,Gallus gallus,chicken,
H059bM,2025-06-01T00:00:00.000Z,Webin-69627,9031,macrosample,Gallus gallus,chicken,
H059bN,2025-06-01T00:00:00.000Z,Webin-69627,9031,macrosample,Gallus gallus,chicken,
H060bM,2025-06-01T00:00:00.000Z,Webin-69627,9031,macrosample,Gallus gallus,chicken,
H060bN,2025-06-01T00:00:00.000Z,Webin-69627,9031,macrosample,Gallus gallus,chicken,
H061cM,2025-06-01T00:00:00.000Z,Webin-69627,9031,macrosample,Gallus gallus,chicken,
H061cN,2025-06-01T00:00:00.000Z,Webin-69627,9031,macrosample,Gallus gallus,chicken,
H062cM,2025-06-01T00:00:00.000Z,Webin-69627,9031,macrosample,Gallus gallus,chicken,
H062cN,2025-06-01T00:00:00.000Z,Webin-69627,9031,macrosample,Gallus gallus,chicken,
H063cM,2025-06-01T00:00:00.000Z,Webin-69627,9031,macrosample,Gallus gallus,chicken,
H063cN,2025-06-01T00:00:00.000Z,Webin-69627,9031,macrosample,Gallus gallus,chicken,
H064cM,2025-06-01T00:00:00.000Z,Webin-69627,9031,macrosample,Gallus gallus,chicken,
H064cN,2025-06-01T00:00:00.000Z,Webin-69627,9031,macrosample,Gallus gallus,chicken,
H065cM,2025-06-01T00:00:00.000Z,Webin-69627,9031,macrosample,Gallus gallus,chicken,
H065cN,2025-06-01T00:00:00.000Z,Webin-69627,9031,macrosample,Gallus gallus,chicken,
H066dM,2025-06-01T00:00:00.000Z,Webin-69627,9031,macrosample,Gallus gallus,chicken,
H066dN,2025-06-01T00:00:00.000Z,Webin-69627,9031,macrosample,Gallus gallus,chicken,
H067dM,2025-06-01T00:00:00.000Z,Webin-69627,9031,macrosample,Gallus gallus,chicken,
H067dN,2025-06-01T00:00:00.000Z,Webin-69627,9031,macrosample,Gallus gallus,chicken,
H068dM,2025-06-01T00:00:00.000Z,Webin-69627,9031,macrosample,Gallus gallus,chicken,
H068dN,2025-06-01T00:00:00.000Z,Webin-69627,9031,macrosample,Gallus gallus,chicken,
H069dM,2025-06-01T00:00:00.000Z,Webin-69627,9031,macrosample,Gallus gallus,chicken,
H069dN,2025-06-01T00:00:00.000Z,Webin-69627,9031,macrosample,Gallus gallus,chicken,
H070dM,2025-06-01T00:00:00.000Z,Webin-69627,9031,macrosample,Gallus gallus,chicken,
H070dN,2025-06-01T00:00:00.000Z,Webin-69627,9031,macrosample,Gallus gallus,chicken,
H071eM,2025-06-01T00:00:00.000Z,Webin-69627,9031,macrosample,Gallus gallus,chicken,
H071eN,2025-06-01T00:00:00.000Z,Webin-69627,9031,macrosample,Gallus gallus,chicken,
H072eM,2025-06-01T00:00:00.000Z,Webin-69627,9031,macrosample,Gallus gallus,chicken,
H072eN,2025-06-01T00:00:00.000Z,Webin-69627,9031,macrosample,Gallus gallus,chicken,
H073eM,2025-06-01T00:00:00.000Z,Webin-69627,9031,macrosample,Gallus gallus,chicken,
H073eN,2025-06-01T00:00:00.000Z,Webin-69627,9031,macrosample,Gallus gallus,chicken,
H074eM,2025-06-01T00:00:00.000Z,Webin-69627,9031,macrosample,Gallus gallus,chicken,
H074eN,2025-06-01T00:00:00.000Z,Webin-69627,9031,macrosample,Gallus gallus,chicken,
H075eM,2025-06-01T00:00:00.000Z,Webin-69627,9031,macrosample,Gallus gallus,chicken,
H075eN,2025-06-01T00:00:00.000Z,Webin-69627,9031,macrosample,Gallus gallus,chicken,
H076aM,2025-06-01T00:00:00.000Z,Webin-69627,9031,macrosample,Gallus gallus,chicken,
H076aN,2025-06-01T00:00:00.000Z,Webin-69627,9031,macrosample,Gallus gallus,chicken,
H077aM,2025-06-01T00:00:00.000Z,Webin-69627,9031,macrosample,Gallus gallus,chicken,
H077aN,2025-06-01T00:00:00.000Z,Webin-69627,9031,macrosample,Gallus gallus,chicken,
H078aM,2025-06-01T00:00:00.000Z,Webin-69627,9031,macrosample,Gallus gallus,chicken,
H078aN,2025-06-01T00:00:00.000Z,Webin-69627,9031,macrosample,Gallus gallus,chicken,
H079aM,2025-06-01T00:00:00.000Z,Webin-69627,9031,macrosample,Gallus gallus,chicken,
H079aN,2025-06-01T00:00:00.000Z,Webin-69627,9031,macrosample,Gallus gallus,chicken,
H080aM,2025-06-01T00:00:00.000Z,Webin-69627,9031,macrosample,Gallus gallus,chicken,
H080aN,2025-06-01T00:00:00.000Z,Webin-69627,9031,macrosample,Gallus gallus,chicken,
H081bM,2025-06-01T00:00:00.000Z,Webin-69627,9031,macrosample,Gallus gallus,chicken,
H081bN,2025-06-01T00:00:00.000Z,Webin-69627,9031,macrosample,Gallus gallus,chicken,
H082bM,2025-06-01T00:00:00.000Z,Webin-69627,9031,macrosample,Gallus gallus,chicken,
H082bN,2025-06-01T00:00:00.000Z,Webin-69627,9031,macrosample,Gallus gallus,chicken,
H083bM,2025-06-01T00:00:00.000Z,Webin-69627,9031,macrosample,Gallus gallus,chicken,
H083bN,2025-06-01T00:00:00.000Z,Webin-69627,9031,macrosample,Gallus gallus,chicken,
H084bM,2025-06-01T00:00:00.000Z,Webin-69627,9031,macrosample,Gallus gallus,chicken,
H084bN,2025-06-01T00:00:00.000Z,Webin-69627,9031,macrosample,Gallus gallus,chicken,
H085bM,2025-06-01T00:00:00.000Z,Webin-69627,9031,macrosample,Gallus gallus,chicken,
H085bN,2025-06-01T00:00:00.000Z,Webin-69627,9031,macrosample,Gallus gallus,chicken,
H086cM,2025-06-01T00:00:00.000Z,Webin-69627,9031,macrosample,Gallus gallus,chicken,
H086cN,2025-06-01T00:00:00.000Z,Webin-69627,9031,macrosample,Gallus gallus,chicken,
H087cM,2025-06-01T00:00:00.000Z,Webin-69627,9031,macrosample,Gallus gallus,chicken,
H087cN,2025-06-01T00:00:00.000Z,Webin-69627,9031,macrosample,Gallus gallus,chicken,
H088cM,2025-06-01T00:00:00.000Z,Webin-69627,9031,macrosample,Gallus gallus,chicken,
H088cN,2025-06-01T00:00:00.000Z,Webin-69627,9031,macrosample,Gallus gallus,chicken,
H089cM,2025-06-01T00:00:00.000Z,Webin-69627,9031,macrosample,Gallus gallus,chicken,
H089cN,2025-06-01T00:00:00.000Z,Webin-69627,9031,macrosample,Gallus gallus,chicken,
H090cM,2025-06-01T00:00:00.000Z,Webin-69627,9031,macrosample,Gallus gallus,chicken,
H090cN,2025-06-01T00:00:00.000Z,Webin-69627,9031,macrosample,Gallus gallus,chicken,
H091dM,2025-06-01T00:00:00.000Z,Webin-69627,9031,macrosample,Gallus gallus,chicken,
H091dN,2025-06-01T00:00:00.000Z,Webin-69627,9031,macrosample,Gallus gallus,chicken,
H092dM,2025-06-01T00:00:00.000Z,Webin-69627,9031,macrosample,Gallus gallus,chicken,
H092dN,2025-06-01T00:00:00.000Z,Webin-69627,9031,macrosample,Gallus gallus,chicken,
H093dM,2025-06-01T00:00:00.000Z,Webin-69627,9031,macrosample,Gallus gallus,chicken,
H093dN,2025-06-01T00:00:00.000Z,Webin-69627,9031,macrosample,Gallus gallus,chicken,
H094dM,2025-06-01T00:00:00.000Z,Webin-69627,9031,macrosample,Gallus gallus,chicken,
H094dN,2025-06-01T00:00:00.000Z,Webin-69627,9031,macrosample,Gallus gallus,chicken,
H095dM,2025-06-01T00:00:00.000Z,Webin-69627,9031,macrosample,Gallus gallus,chicken,
H095dN,2025-06-01T00:00:00.000Z,Webin-69627,9031,macrosample,Gallus gallus,chicken,
H096eM,2025-06-01T00:00:00.000Z,Webin-69627,9031,macrosample,Gallus gallus,chicken,
H096eN,2025-06-01T00:00:00.000Z,Webin-69627,9031,macrosample,Gallus gallus,chicken,
H097eM,2025-06-01T00:00:00.000Z,Webin-69627,9031,macrosample,Gallus gallus,chicken,
H097eN,2025-06-01T00:00:00.000Z,Webin-69627,9031,macrosample,Gallus gallus,chicken,
H098eM,2025-06-01T00:00:00.000Z,Webin-69627,9031,macrosample,Gallus gallus,chicken,
H098eN,2025-06-01T00:00:00.000Z,Webin-69627,9031,macrosample,Gallus gallus,chicken,
H099eM,2025-06-01T00:00:00.000Z,Webin-69627,9031,macrosample,Gallus gallus,chicken,
H099eN,2025-06-01T00:00:00.000Z,Webin-69627,9031,macrosample,Gallus gallus,chicken,
H100eM,2025-06-01T00:00:00.000Z,Webin-69627,9031,macrosample,Gallus gallus,chicken,
H100eN,2025-06-01T00:00:00.000Z,Webin-69627,9031,macrosample,Gallus gallus,chicken,
M001aM,2025-06-01T00:00:00.000Z,Webin-69627,9103,macrosample,Meleagris gallopavo,turkey,
M001aN,2025-06-01T00:00:00.000Z,Webin-69627,9103,macrosample,Meleagris gallopavo,turkey,
M002aM,2025-06-01T00:00:00.000Z,Webin-69627,9103,macrosample,Meleagris gallopavo,turkey,
M002aN,2025-06-01T00:00:00.000Z,Webin-69627,9103,macrosample,Meleagris gallopavo,turkey,
M003aM,2025-06-01T00:00:00.000Z,Webin-69627,9103,macrosample,Meleagris gallopavo,turkey,
M003aN,2025-06-01T00:00:00.000Z,Webin-69627,9103,macrosample,Meleagris gallopavo,turkey,
M004aM,2025-06-01T00:00:00.000Z,Webin-69627,9103,macrosample,Meleagris gallopavo,turkey,
M004aN,2025-06-01T00:00:00.000Z,Webin-69627,9103,macrosample,Meleagris gallopavo,turkey,
M005aM,2025-06-01T00:00:00.000Z,Webin-69627,9103,macrosample,Meleagris gallopavo,turkey,
M005aN,2025-06-01T00:00:00.000Z,Webin-69627,9103,macrosample,Meleagris gallopavo,turkey,
M006bM,2025-06-01T00:00:00.000Z,Webin-69627,9103,macrosample,Meleagris gallopavo,turkey,
M006bN,2025-06-01T00:00:00.000Z,Webin-69627,9103,macrosample,Meleagris gallopavo,turkey,
M007bM,2025-06-01T00:00:00.000Z,Webin-69627,9103,macrosample,Meleagris gallopavo,turkey,
M007bN,2025-06-01T00:00:00.000Z,Webin-69627,9103,macrosample,Meleagris gallopavo,turkey,
M008bM,2025-06-01T00:00:00.000Z,Webin-69627,9103,macrosample,Meleagris gallopavo,turkey,
M008bN,2025-06-01T00:00:00.000Z,Webin-69627,9103,macrosample,Meleagris gallopavo,turkey,
M009bM,2025-06-01T00:00:00.000Z,Webin-69627,9103,macrosample,Meleagris gallopavo,turkey,
M009bN,2025-06-01T00:00:00.000Z,Webin-69627,9103,macrosample,Meleagris gallopavo,turkey,
M010bM,2025-06-01T00:00:00.000Z,Webin-69627,9103,macrosample,Meleagris gallopavo,turkey,
M010bN,2025-06-01T00:00:00.000Z,Webin-69627,9103,macrosample,Meleagris gallopavo,turkey,
M011cM,2025-06-01T00:00:00.000Z,Webin-69627,9103,macrosample,Meleagris gallopavo,turkey,
M011cN,2025-06-01T00:00:00.000Z,Webin-69627,9103,macrosample,Meleagris gallopavo,turkey,
M012cM,2025-06-01T00:00:00.000Z,Webin-69627,9103,macrosample,Meleagris gallopavo,turkey,
M012cN,2025-06-01T00:00:00.000Z,Webin-69627,9103,macrosample,Meleagris gallopavo,turkey,
M013cM,2025-06-01T00:00:00.000Z,Webin-69627,9103,macrosample,Meleagris gallopavo,turkey,
M013cN,2025-06-01T00:00:00.000Z,Webin-69627,9103,macrosample,Meleagris gallopavo,turkey,
M014cM,2025-06-01T00:00:00.000Z,Webin-69627,9103,macrosample,Meleagris gallopavo,turkey,
M014cN,2025-06-01T00:00:00.000Z,Webin-69627,9103,macrosample,Meleagris gallopavo,turkey,
M015cM,2025-06-01T00:00:00.000Z,Webin-69627,9103,macrosample,Meleagris gallopavo,turkey,
M015cN,2025-06-01T00:00:00.000Z,Webin-69627,9103,macrosample,Meleagris gallopavo,turkey,
M016dM,2025-06-01T00:00:00.000Z,Webin-69627,9103,macrosample,Meleagris gallopavo,turkey,
M016dN,2025-06-01T00:00:00.000Z,Webin-69627,9103,macrosample,Meleagris gallopavo,turkey,
M017dM,2025-06-01T00:00:00.000Z,Webin-69627,9103,macrosample,Meleagris gallopavo,turkey,
M017dN,2025-06-01T00:00:00.000Z,Webin-69627,9103,macrosample,Meleagris gallopavo,turkey,
M018dM,2025-06-01T00:00:00.000Z,Webin-69627,9103,macrosample,Meleagris gallopavo,turkey,
M018dN,2025-06-01T00:00:00.000Z,Webin-69627,9103,macrosample,Meleagris gallopavo,turkey,
M019dM,2025-06-01T00:00:00.000Z,Webin-69627,9103,macrosample,Meleagris gallopavo,turkey,
M019dN,2025-06-01T00:00:00.000Z,Webin-69627,9103,macrosample,Meleagris gallopavo,turkey,
M020dM,2025-06-01T00:00:00.000Z,Webin-69627,9103,macrosample,Meleagris gallopavo,turkey,
M020dN,2025-06-01T00:00:00.000Z,Webin-69627,9103,macrosample,Meleagris gallopavo,turkey,
M021aM,2025-06-01T00:00:00.000Z,Webin-69627,9103,macrosample,Meleagris gallopavo,turkey,
M021aN,2025-06-01T00:00:00.000Z,Webin-69627,9103,macrosample,Meleagris gallopavo,turkey,
M022aM,2025-06-01T00:00:00.000Z,Webin-69627,9103,macrosample,Meleagris gallopavo,turkey,
M022aN,2025-06-01T00:00:00.000Z,Webin-69627,9103,macrosample,Meleagris gallopavo,turkey,
M023aM,2025-06-01T00:00:00.000Z,Webin-69627,9103,macrosample,Meleagris gallopavo,turkey,
M023aN,2025-06-01T00:00:00.000Z,Webin-69627,9103,macrosample,Meleagris gallopavo,turkey,
M024aM,2025-06-01T00:00:00.000Z,Webin-69627,9103,macrosample,Meleagris gallopavo,turkey,
M024aN,2025-06-01T00:00:00.000Z,Webin-69627,9103,macrosample,Meleagris gallopavo,turkey,
M025aM,2025-06-01T00:00:00.000Z,Webin-69627,9103,macrosample,Meleagris gallopavo,turkey,
M025aN,2025-06-01T00:00:00.000Z,Webin-69627,9103,macrosample,Meleagris gallopavo,turkey,
M026bM,2025-06-01T00:00:00.000Z,Webin-69627,9103,macrosample,Meleagris gallopavo,turkey,
M026bN,2025-06-01T00:00:00.000Z,Webin-69627,9103,macrosample,Meleagris gallopavo,turkey,
M027bM,2025-06-01T00:00:00.000Z,Webin-69627,9103,macrosample,Meleagris gallopavo,turkey,
M027bN,2025-06-01T00:00:00.000Z,Webin-69627,9103,macrosample,Meleagris gallopavo,turkey,
M028bM,2025-06-01T00:00:00.000Z,Webin-69627,9103,macrosample,Meleagris gallopavo,turkey,
M028bN,2025-06-01T00:00:00.000Z,Webin-69627,9103,macrosample,Meleagris gallopavo,turkey,
M029bM,2025-06-01T00:00:00.000Z,Webin-69627,9103,macrosample,Meleagris gallopavo,turkey,
M029bN,2025-06-01T00:00:00.000Z,Webin-69627,9103,macrosample,Meleagris gallopavo,turkey,
M030bM,2025-06-01T00:00:00.000Z,Webin-69627,9103,macrosample,Meleagris gallopavo,turkey,
M030bN,2025-06-01T00:00:00.000Z,Webin-69627,9103,macrosample,Meleagris gallopavo,turkey,
M031cM,2025-06-01T00:00:00.000Z,Webin-69627,9103,macrosample,Meleagris gallopavo,turkey,
M031cN,2025-06-01T00:00:00.000Z,Webin-69627,9103,macrosample,Meleagris gallopavo,turkey,
M032cM,2025-06-01T00:00:00.000Z,Webin-69627,9103,macrosample,Meleagris gallopavo,turkey,
M032cN,2025-06-01T00:00:00.000Z,Webin-69627,9103,macrosample,Meleagris gallopavo,turkey,
M033cM,2025-06-01T00:00:00.000Z,Webin-69627,9103,macrosample,Meleagris gallopavo,turkey,
M033cN,2025-06-01T00:00:00.000Z,Webin-69627,9103,macrosample,Meleagris gallopavo,turkey,
M034cM,2025-06-01T00:00:00.000Z,Webin-69627,9103,macrosample,Meleagris gallopavo,turkey,
M034cN,2025-06-01T00:00:00.000Z,Webin-69627,9103,macrosample,Meleagris gallopavo,turkey,
M035cM,2025-06-01T00:00:00.000Z,Webin-69627,9103,macrosample,Meleagris gallopavo,turkey,
M035cN,2025-06-01T00:00:00.000Z,Webin-69627,9103,macrosample,Meleagris gallopavo,turkey,
M036dM,2025-06-01T00:00:00.000Z,Webin-69627,9103,macrosample,Meleagris gallopavo,turkey,
M036dN,2025-06-01T00:00:00.000Z,Webin-69627,9103,macrosample,Meleagris gallopavo,turkey,
M037dM,2025-06-01T00:00:00.000Z,Webin-69627,9103,macrosample,Meleagris gallopavo,turkey,
M037dN,2025-06-01T00:00:00.000Z,Webin-69627,9103,macrosample,Meleagris gallopavo,turkey,
M038dM,2025-06-01T00:00:00.000Z,Webin-69627,9103,macrosample,Meleagris gallopavo,turkey,
M038dN,2025-06-01T00:00:00.000Z,Webin-69627,9103,macrosample,Meleagris gallopavo,turkey,
M039dM,2025-06-01T00:00:00.000Z,Webin-69627,9103,macrosample,Meleagris gallopavo,turkey,
M039dN,2025-06-01T00:00:00.000Z,Webin-69627,9103,macrosample,Meleagris gallopavo,turkey,
M040dM,2025-06-01T00:00:00.000Z,Webin-69627,9103,macrosample,Meleagris gallopavo,turkey,
M040dN,2025-06-01T00:00:00.000Z,Webin-69627,9103,macrosample,Meleagris gallopavo,turkey,
M041aM,2025-06-01T00:00:00.000Z,Webin-69627,9103,macrosample,Meleagris gallopavo,turkey,
M041aN,2025-06-01T00:00:00.000Z,Webin-69627,9103,macrosample,Meleagris gallopavo,turkey,
M042aM,2025-06-01T00:00:00.000Z,Webin-69627,9103,macrosample,Meleagris gallopavo,turkey,
M042aN,2025-06-01T00:00:00.000Z,Webin-69627,9103,macrosample,Meleagris gallopavo,turkey,
M043aM,2025-06-01T00:00:00.000Z,Webin-69627,9103,macrosample,Meleagris gallopavo,turkey,
M043aN,2025-06-01T00:00:00.000Z,Webin-69627,9103,macrosample,Meleagris gallopavo,turkey,
M044aM,2025-06-01T00:00:00.000Z,Webin-69627,9103,macrosample,Meleagris gallopavo,turkey,
M044aN,2025-06-01T00:00:00.000Z,Webin-69627,9103,macrosample,Meleagris gallopavo,turkey,
M045aM,2025-06-01T00:00:00.000Z,Webin-69627,9103,macrosample,Meleagris gallopavo,turkey,
M045aN,2025-06-01T00:00:00.000Z,Webin-69627,9103,macrosample,Meleagris gallopavo,turkey,
M046bM,2025-06-01T00:00:00.000Z,Webin-69627,9103,macrosample,Meleagris gallopavo,turkey,
M046bN,2025-06-01T00:00:00.000Z,Webin-69627,9103,macrosample,Meleagris gallopavo,turkey,
M047bM,2025-06-01T00:00:00.000Z,Webin-69627,9103,macrosample,Meleagris gallopavo,turkey,
M047bN,2025-06-01T00:00:00.000Z,Webin-69627,9103,macrosample,Meleagris gallopavo,turkey,
M048bM,2025-06-01T00:00:00.000Z,Webin-69627,9103,macrosample,Meleagris gallopavo,turkey,
M048bN,2025-06-01T00:00:00.000Z,Webin-69627,9103,macrosample,Meleagris gallopavo,turkey,
M049bM,2025-06-01T00:00:00.000Z,Webin-69627,9103,macrosample,Meleagris gallopavo,turkey,
M049bN,2025-06-01T00:00:00.000Z,Webin-69627,9103,macrosample,Meleagris gallopavo,turkey,
M050bM,2025-06-01T00:00:00.000Z,Webin-69627,9103,macrosample,Meleagris gallopavo,turkey,
M050bN,2025-06-01T00:00:00.000Z,Webin-69627,9103,macrosample,Meleagris gallopavo,turkey,
M051cM,2025-06-01T00:00:00.000Z,Webin-69627,9103,macrosample,Meleagris gallopavo,turkey,
M051cN,2025-06-01T00:00:00.000Z,Webin-69627,9103,macrosample,Meleagris gallopavo,turkey,
M052cM,2025-06-01T00:00:00.000Z,Webin-69627,9103,macrosample,Meleagris gallopavo,turkey,
M052cN,2025-06-01T00:00:00.000Z,Webin-69627,9103,macrosample,Meleagris gallopavo,turkey,
M053cM,2025-06-01T00:00:00.000Z,Webin-69627,9103,macrosample,Meleagris gallopavo,turkey,
M053cN,2025-06-01T00:00:00.000Z,Webin-69627,9103,macrosample,Meleagris gallopavo,turkey,
M054cM,2025-06-01T00:00:00.000Z,Webin-69627,9103,macrosample,Meleagris gallopavo,turkey,
M054cN,2025-06-01T00:00:00.000Z,Webin-69627,9103,macrosample,Meleagris gallopavo,turkey,
M055cM,2025-06-01T00:00:00.000Z,Webin-69627,9103,macrosample,Meleagris gallopavo,turkey,
M055cN,2025-06-01T00:00:00.000Z,Webin-69627,9103,macrosample,Meleagris gallopavo,turkey,
M056dM,2025-06-01T00:00:00.000Z,Webin-69627,9103,macrosample,Meleagris gallopavo,turkey,
M056dN,2025-06-01T00:00:00.000Z,Webin-69627,9103,macrosample,Meleagris gallopavo,turkey,
M057dM,2025-06-01T00:00:00.000Z,Webin-69627,9103,macrosample,Meleagris gallopavo,turkey,
M057dN,2025-06-01T00:00:00.000Z,Webin-69627,9103,macrosample,Meleagris gallopavo,turkey,
M058dM,2025-06-01T00:00:00.000Z,Webin-69627,9103,macrosample,Meleagris gallopavo,turkey,
M058dN,2025-06-01T00:00:00.000Z,Webin-69627,9103,macrosample,Meleagris gallopavo,turkey,
M059dM,2025-06-01T00:00:00.000Z,Webin-69627,9103,macrosample,Meleagris gallopavo,turkey,
M059dN,2025-06-01T00:00:00.000Z,Webin-69627,9103,macrosample,Meleagris gallopavo,turkey,
M060dM,2025-06-01T00:00:00.000Z,Webin-69627,9103,macrosample,Meleagris gallopavo,turkey,
M060dN,2025-06-01T00:00:00.000Z,Webin-69627,9103,macrosample,Meleagris gallopavo,turkey,
M061aM,2025-06-01T00:00:00.000Z,Webin-69627,9103,macrosample,Meleagris gallopavo,turkey,
M061aN,2025-06-01T00:00:00.000Z,Webin-69627,9103,macrosample,Meleagris gallopavo,turkey,
M062aM,2025-06-01T00:00:00.000Z,Webin-69627,9103,macrosample,Meleagris gallopavo,turkey,
M062aN,2025-06-01T00:00:00.000Z,Webin-69627,9103,macrosample,Meleagris gallopavo,turkey,
M063aM,2025-06-01T00:00:00.000Z,Webin-69627,9103,macrosample,Meleagris gallopavo,turkey,
M063aN,2025-06-01T00:00:00.000Z,Webin-69627,9103,macrosample,Meleagris gallopavo,turkey,
M064aM,2025-06-01T00:00:00.000Z,Webin-69627,9103,macrosample,Meleagris gallopavo,turkey,
M064aN,2025-06-01T00:00:00.000Z,Webin-69627,9103,macrosample,Meleagris gallopavo,turkey,
M065aM,2025-06-01T00:00:00.000Z,Webin-69627,9103,macrosample,Meleagris gallopavo,turkey,
M065aN,2025-06-01T00:00:00.000Z,Webin-69627,9103,macrosample,Meleagris gallopavo,turkey,
M066bM,2025-06-01T00:00:00.000Z,Webin-69627,9103,macrosample,Meleagris gallopavo,turkey,
M066bN,2025-06-01T00:00:00.000Z,Webin-69627,9103,macrosample,Meleagris gallopavo,turkey,
M067bM,2025-06-01T00:00:00.000Z,Webin-69627,9103,macrosample,Meleagris gallopavo,turkey,
M067bN,2025-06-01T00:00:00.000Z,Webin-69627,9103,macrosample,Meleagris gallopavo,turkey,
M068bM,2025-06-01T00:00:00.000Z,Webin-69627,9103,macrosample,Meleagris gallopavo,turkey,
M068bN,2025-06-01T00:00:00.000Z,Webin-69627,9103,macrosample,Meleagris gallopavo,turkey,
M069bM,2025-06-01T00:00:00.000Z,Webin-69627,9103,macrosample,Meleagris gallopavo,turkey,
M069bN,2025-06-01T00:00:00.000Z,Webin-69627,9103,macrosample,Meleagris gallopavo,turkey,
M070bM,2025-06-01T00:00:00.000Z,Webin-69627,9103,macrosample,Meleagris gallopavo,turkey,
M070bN,2025-06-01T00:00:00.000Z,Webin-69627,9103,macrosample,Meleagris gallopavo,turkey,
M071cM,2025-06-01T00:00:00.000Z,Webin-69627,9103,macrosample,Meleagris gallopavo,turkey,
M071cN,2025-06-01T00:00:00.000Z,Webin-69627,9103,macrosample,Meleagris gallopavo,turkey,
M072cM,2025-06-01T00:00:00.000Z,Webin-69627,9103,macrosample,Meleagris gallopavo,turkey,
M072cN,2025-06-01T00:00:00.000Z,Webin-69627,9103,macrosample,Meleagris gallopavo,turkey,
M073cM,2025-06-01T00:00:00.000Z,Webin-69627,9103,macrosample,Meleagris gallopavo,turkey,
M073cN,2025-06-01T00:00:00.000Z,Webin-69627,9103,macrosample,Meleagris gallopavo,turkey,
M074cM,2025-06-01T00:00:00.000Z,Webin-69627,9103,macrosample,Meleagris gallopavo,turkey,
M074cN,2025-06-01T00:00:00.000Z,Webin-69627,9103,macrosample,Meleagris gallopavo,turkey,
M075cM,2025-06-01T00:00:00.000Z,Webin-69627,9103,macrosample,Meleagris gallopavo,turkey,
M075cN,2025-06-01T00:00:00.000Z,Webin-69627,9103,macrosample,Meleagris gallopavo,turkey,
M076dM,2025-06-01T00:00:00.000Z,Webin-69627,9103,macrosample,Meleagris gallopavo,turkey,
M076dN,2025-06-01T00:00:00.000Z,Webin-69627,9103,macrosample,Meleagris gallopavo,turkey,
M077dM,2025-06-01T00:00:00.000Z,Webin-69627,9103,macrosample,Meleagris gallopavo,turkey,
M077dN,2025-06-01T00:00:00.000Z,Webin-69627,9103,macrosample,Meleagris gallopavo,turkey,
M078dM,2025-06-01T00:00:00.000Z,Webin-69627,9103,macrosample,Meleagris gallopavo,turkey,
M078dN,2025-06-01T00:00:00.000Z,Webin-69627,9103,macrosample,Meleagris gallopavo,turkey,
M079dM,2025-06-01T00:00:00.000Z,Webin-69627,9103,macrosample,Meleagris gallopavo,turkey,
M079dN,2025-06-01T00:00:00.000Z,Webin-69627,9103,macrosample,Meleagris gallopavo,turkey,
M080dM,2025-06-01T00:00:00.000Z,Webin-69627,9103,macrosample,Meleagris gallopavo,turkey,
M080dN,2025-06-01T00:00:00.000Z,Webin-69627,9103,macrosample,Meleagris gallopavo,turkey,
