study_row_index,sample_name,sample_type,current_biosample_accession,catalogue_macrosample_id,specimen_id,proposed_child_biosample_accession
5,H061aN,Tissue,SAMEA120628781,H061cN,H061,SAMEA123916716
6,H006aN,Tissue,SAMEA120628726,H006bN,H006,SAMEA123916606
7,H045aN,Tissue,SAMEA120628765,H045dN,H045,SAMEA123916684
8,H036aN,Tissue,SAMEA120628756,H036cN,H036,SAMEA123916666
9,H018aN,Tissue,SAMEA120628738,H018dN,H018,SAMEA123916630
10,H041aN,Tissue,SAMEA120628761,H041dN,H041,SAMEA123916676
11,H073aN,Tissue,SAMEA120628793,H073eN,H073,SAMEA123916740
12,H048aN,Tissue,SAMEA120628768,H048eN,H048,SAMEA123916690
13,H078aN,Tissue,SAMEA120628798,H078aN,H078,SAMEA123916750
14,H057aN,Tissue,SAMEA120628777,H057bN,H057,SAMEA123916708
15,H037aN,Tissue,SAMEA120628757,H037cN,H037,SAMEA123916668
16,H038aN,Tissue,SAMEA120628758,H038cN,H038,SAMEA123916670
18,H014aN,Tissue,SAMEA120628734,H014cN,H014,SAMEA123916622
19,H046aN,Tissue,SAMEA120628766,H046eN,H046,SAMEA123916686
20,H084aN,Tissue,SAMEA120628804,H084bN,H084,SAMEA123916762
21,H051aN,Tissue,SAMEA120628771,H051aN,H051,SAMEA123916696
22,H005aN,Tissue,SAMEA120628725,H005aN,H005,SAMEA123916604
23,H013aN,Tissue,SAMEA120628733,H013cN,H013,SAMEA123916620
24,H064aN,Tissue,SAMEA120628784,H064cN,H064,SAMEA123916722
25,H077aN,Tissue,SAMEA120628797,H077aN,H077,SAMEA123916748
26,H053aN,Tissue,SAMEA120628773,H053aN,H053,SAMEA123916700
27,H026aN,Tissue,SAMEA120628746,H026aN,H026,SAMEA123916646
28,H016aN,Tissue,SAMEA120628736,H016dN,H016,SAMEA123916626
29,H031aN,Tissue,SAMEA120628751,H031bN,H031,SAMEA123916656
31,H035aN,Tissue,SAMEA120628755,H035bN,H035,SAMEA123916664
32,H056aN,Tissue,SAMEA120628776,H056bN,H056,SAMEA123916706
33,H039aN,Tissue,SAMEA120628759,H039cN,H039,SAMEA123916672
34,H034aN,Tissue,SAMEA120628754,H034bN,H034,SAMEA123916662
35,H047aN,Tissue,SAMEA120628767,H047eN,H047,SAMEA123916688
36,H091aN,Tissue,SAMEA120628811,H091dN,H091,SAMEA123916776
37,H083aN,Tissue,SAMEA120628803,H083bN,H083,SAMEA123916760
38,H070aN,Tissue,SAMEA120628790,H070dN,H070,SAMEA123916734
39,H072aN,Tissue,SAMEA120628792,H072eN,H072,SAMEA123916738
40,H067aN,Tissue,SAMEA120628787,H067dN,H067,SAMEA123916728
41,H019aN,Tissue,SAMEA120628739,H019dN,H019,SAMEA123916632
42,H063aN,Tissue,SAMEA120628783,H063cN,H063,SAMEA123916720
44,H100aN,Tissue,SAMEA120628820,H100eN,H100,SAMEA123916794
45,H082aN,Tissue,SAMEA120628802,H082bN,H082,SAMEA123916758
46,H033aN,Tissue,SAMEA120628753,H033bN,H033,SAMEA123916660
47,H040aN,Tissue,SAMEA120628760,H040cN,H040,SAMEA123916674
48,H030aN,Tissue,SAMEA120628750,H030aN,H030,SAMEA123916654
49,H050aN,Tissue,SAMEA120628770,H050eN,H050,SAMEA123916694
50,H017aN,Tissue,SAMEA120628737,H017dN,H017,SAMEA123916628
51,H012aN,Tissue,SAMEA120628732,H012cN,H012,SAMEA123916618
52,H093aN,Tissue,SAMEA120628813,H093dN,H093,SAMEA123916780
53,H069aN,Tissue,SAMEA120628789,H069dN,H069,SAMEA123916732
54,H059aN,Tissue,SAMEA120628779,H059bN,H059,SAMEA123916712
55,H054aN,Tissue,SAMEA120628774,H054aN,H054,SAMEA123916702
57,H062aN,Tissue,SAMEA120628782,H062cN,H062,SAMEA123916718
58,H097aN,Tissue,SAMEA120628817,H097eN,H097,SAMEA123916788
59,H028aN,Tissue,SAMEA120628748,H028aN,H028,SAMEA123916650
60,H080aN,Tissue,SAMEA120628800,H080aN,H080,SAMEA123916754
61,H079aN,Tissue,SAMEA120628799,H079aN,H079,SAMEA123916752
62,H007aN,Tissue,SAMEA120628727,H007bN,H007,SAMEA123916608
63,H052aN,Tissue,SAMEA120628772,H052aN,H052,SAMEA123916698
64,H010aN,Tissue,SAMEA120628730,H010bN,H010,SAMEA123916614
65,H004aN,Tissue,SAMEA120628724,H004aN,H004,SAMEA123916602
66,H024aN,Tissue,SAMEA120628744,H024eN,H024,SAMEA123916642
67,H099aN,Tissue,SAMEA120628819,H099eN,H099,SAMEA123916792
68,H096aN,Tissue,SAMEA120628816,H096eN,H096,SAMEA123916786
70,H081aN,Tissue,SAMEA120628801,H081bN,H081,SAMEA123916756
71,H015aN,Tissue,SAMEA120628735,H015cN,H015,SAMEA123916624
72,H088aN,Tissue,SAMEA120628808,H088cN,H088,SAMEA123916770
73,H025aN,Tissue,SAMEA120628745,H025eN,H025,SAMEA123916644
74,H043aN,Tissue,SAMEA120628763,H043dN,H043,SAMEA123916680
75,H094aN,Tissue,SAMEA120628814,H094dN,H094,SAMEA123916782
76,H075aN,Tissue,SAMEA120628795,H075eN,H075,SAMEA123916744
77,H032aN,Tissue,SAMEA120628752,H032bN,H032,SAMEA123916658
78,H089aN,Tissue,SAMEA120628809,H089cN,H089,SAMEA123916772
79,H090aN,Tissue,SAMEA120628810,H090cN,H090,SAMEA123916774
80,H001aN,Tissue,SAMEA120628721,H001aN,H001,SAMEA123916596
81,H066aN,Tissue,SAMEA120628786,H066dN,H066,SAMEA123916726
83,H020aN,Tissue,SAMEA120628740,H020dN,H020,SAMEA123916634
84,H065aN,Tissue,SAMEA120628785,H065cN,H065,SAMEA123916724
85,H055aN,Tissue,SAMEA120628775,H055aN,H055,SAMEA123916704
86,H086aN,Tissue,SAMEA120628806,H086cN,H086,SAMEA123916766
87,H095aN,Tissue,SAMEA120628815,H095dN,H095,SAMEA123916784
88,H008aN,Tissue,SAMEA120628728,H008bN,H008,SAMEA123916610
89,H085aN,Tissue,SAMEA120628805,H085bN,H085,SAMEA123916764
90,H002aN,Tissue,SAMEA120628722,H002aN,H002,SAMEA123916598
91,H009aN,Tissue,SAMEA120628729,H009bN,H009,SAMEA123916612
92,H058aN,Tissue,SAMEA120628778,H058bN,H058,SAMEA123916710
93,H071aN,Tissue,SAMEA120628791,H071eN,H071,SAMEA123916736
94,H003aN,Tissue,SAMEA120628723,H003aN,H003,SAMEA123916600
96,H011aN,Tissue,SAMEA120628731,H011cN,H011,SAMEA123916616
97,H098aN,Tissue,SAMEA120628818,H098eN,H098,SAMEA123916790
98,H087aN,Tissue,SAMEA120628807,H087cN,H087,SAMEA123916768
99,H092aN,Tissue,SAMEA120628812,H092dN,H092,SAMEA123916778
100,H029aN,Tissue,SAMEA120628749,H029aN,H029,SAMEA123916652
101,H044aN,Tissue,SAMEA120628764,H044dN,H044,SAMEA123916682
102,H023aN,Tissue,SAMEA120628743,H023eN,H023,SAMEA123916640
103,H068aN,Tissue,SAMEA120628788,H068dN,H068,SAMEA123916730
104,H074aN,Tissue,SAMEA120628794,H074eN,H074,SAMEA123916742
105,H027aN,Tissue,SAMEA120628747,H027aN,H027,SAMEA123916648
106,H049aN,Tissue,SAMEA120628769,H049eN,H049,SAMEA123916692
107,H022aN,Tissue,SAMEA120628742,H022eN,H022,SAMEA123916638
109,H042aN,Tissue,SAMEA120628762,H042dN,H042,SAMEA123916678
110,H021aN,Tissue,SAMEA120628741,H021eN,H021,SAMEA123916636
111,H060aN,Tissue,SAMEA120628780,H060bN,H060,SAMEA123916714
112,H076aN,Tissue,SAMEA120628796,H076aN,H076,SAMEA123916746
127,M013N,Tissue,SAMEA120628653,M013cN,M013,SAMEA123916821
128,M035N,Tissue,SAMEA120628675,M035cN,M035,SAMEA123916865
129,M078N,Tissue,SAMEA120628718,M078dN,M078,SAMEA123916951
130,M073N,Tissue,SAMEA120628713,M073cN,M073,SAMEA123916941
131,M012N,Tissue,SAMEA120628652,M012cN,M012,SAMEA123916819
132,M038N,Tissue,SAMEA120628678,M038dN,M038,SAMEA123916871
133,M054N,Tissue,SAMEA120628694,M054cN,M054,SAMEA123916903
134,M021N,Tissue,SAMEA120628661,M021aN,M021,SAMEA123916837
135,M062N,Tissue,SAMEA120628702,M062aN,M062,SAMEA123916919
136,M053N,Tissue,SAMEA120628693,M053cN,M053,SAMEA123916901
137,M018N,Tissue,SAMEA120628658,M018dN,M018,SAMEA123916831
138,M036N,Tissue,SAMEA120628676,M036dN,M036,SAMEA123916867
140,M025N,Tissue,SAMEA120628665,M025aN,M025,SAMEA123916845
141,M010N,Tissue,SAMEA120628650,M010bN,M010,SAMEA123916815
142,M041N,Tissue,SAMEA120628681,M041aN,M041,SAMEA123916877
143,M005N,Tissue,SAMEA120628645,M005aN,M005,SAMEA123916805
144,M060N,Tissue,SAMEA120628700,M060dN,M060,SAMEA123916915
145,M074N,Tissue,SAMEA120628714,M074cN,M074,SAMEA123916943
146,M042N,Tissue,SAMEA120628682,M042aN,M042,SAMEA123916879
147,M075N,Tissue,SAMEA120628715,M075cN,M075,SAMEA123916945
148,M032N,Tissue,SAMEA120628672,M032cN,M032,SAMEA123916859
149,M055N,Tissue,SAMEA120628695,M055cN,M055,SAMEA123916905
150,M022N,Tissue,SAMEA120628662,M022aN,M022,SAMEA123916839
151,M034N,Tissue,SAMEA120628674,M034cN,M034,SAMEA123916863
153,M046N,Tissue,SAMEA120628686,M046bN,M046,SAMEA123916887
154,M047N,Tissue,SAMEA120628687,M047bN,M047,SAMEA123916889
155,M039N,Tissue,SAMEA120628679,M039dN,M039,SAMEA123916873
156,M020N,Tissue,SAMEA120628660,M020dN,M020,SAMEA123916835
157,M033N,Tissue,SAMEA120628673,M033cN,M033,SAMEA123916861
158,M011N,Tissue,SAMEA120628651,M011cN,M011,SAMEA123916817
159,M065N,Tissue,SAMEA120628705,M065aN,M065,SAMEA123916925
160,M019N,Tissue,SAMEA120628659,M019dN,M019,SAMEA123916833
161,M017N,Tissue,SAMEA120628657,M017dN,M017,SAMEA123916829
162,M009N,Tissue,SAMEA120628649,M009bN,M009,SAMEA123916813
163,M045N,Tissue,SAMEA120628685,M045aN,M045,SAMEA123916885
164,M008N,Tissue,SAMEA120628648,M008bN,M008,SAMEA123916811
166,M015N,Tissue,SAMEA120628655,M015cN,M015,SAMEA123916825
167,M037N,Tissue,SAMEA120628677,M037dN,M037,SAMEA123916869
168,M080N,Tissue,SAMEA120628720,M080dN,M080,SAMEA123916955
169,M061N,Tissue,SAMEA120628701,M061aN,M061,SAMEA123916917
170,M071N,Tissue,SAMEA120628711,M071cN,M071,SAMEA123916937
171,M070N,Tissue,SAMEA120628710,M070bN,M070,SAMEA123916935
172,M052N,Tissue,SAMEA120628692,M052cN,M052,SAMEA123916899
173,M051N,Tissue,SAMEA120628691,M051cN,M051,SAMEA123916897
174,M066N,Tissue,SAMEA120628706,M066bN,M066,SAMEA123916927
175,M043N,Tissue,SAMEA120628683,M043aN,M043,SAMEA123916881
176,M003N,Tissue,SAMEA120628643,M003aN,M003,SAMEA123916801
177,M024N,Tissue,SAMEA120628664,M024aN,M024,SAMEA123916843
179,M031N,Tissue,SAMEA120628671,M031cN,M031,SAMEA123916857
180,M001N,Tissue,SAMEA120628641,M001aN,M001,SAMEA123916797
181,M057N,Tissue,SAMEA120628697,M057dN,M057,SAMEA123916909
182,M044N,Tissue,SAMEA120628684,M044aN,M044,SAMEA123916883
183,M006N,Tissue,SAMEA120628646,M006bN,M006,SAMEA123916807
184,M026N,Tissue,SAMEA120628666,M026bN,M026,SAMEA123916847
185,M007N,Tissue,SAMEA120628647,M007bN,M007,SAMEA123916809
186,M064N,Tissue,SAMEA120628704,M064aN,M064,SAMEA123916923
187,M002N,Tissue,SAMEA120628642,M002aN,M002,SAMEA123916799
188,M059N,Tissue,SAMEA120628699,M059dN,M059,SAMEA123916913
189,M030N,Tissue,SAMEA120628670,M030bN,M030,SAMEA123916855
190,M048N,Tissue,SAMEA120628688,M048bN,M048,SAMEA123916891
192,M079N,Tissue,SAMEA120628719,M079dN,M079,SAMEA123916953
193,M058N,Tissue,SAMEA120628698,M058dN,M058,SAMEA123916911
194,M072N,Tissue,SAMEA120628712,M072cN,M072,SAMEA123916939
195,M028N,Tissue,SAMEA120628668,M028bN,M028,SAMEA123916851
196,M077N,Tissue,SAMEA120628717,M077dN,M077,SAMEA123916949
197,M069N,Tissue,SAMEA120628709,M069bN,M069,SAMEA123916933
198,M023N,Tissue,SAMEA120628663,M023aN,M023,SAMEA123916841
199,M063N,Tissue,SAMEA120628703,M063aN,M063,SAMEA123916921
200,M067N,Tissue,SAMEA120628707,M067bN,M067,SAMEA123916929
201,M068N,Tissue,SAMEA120628708,M068bN,M068,SAMEA123916931
202,M027N,Tissue,SAMEA120628667,M027bN,M027,SAMEA123916849
203,M004N,Tissue,SAMEA120628644,M004aN,M004,SAMEA123916803
205,M076N,Tissue,SAMEA120628716,M076dN,M076,SAMEA123916947
206,M056N,Tissue,SAMEA120628696,M056dN,M056,SAMEA123916907
227,H027M,Intestinal Content,SAMEA120628747,H027aM,H027,SAMEA123916647
228,H017M,Intestinal Content,SAMEA120628737,H017dM,H017,SAMEA123916627
229,H033M,Intestinal Content,SAMEA120628753,H033bM,H033,SAMEA123916659
230,H019M,Intestinal Content,SAMEA120628739,H019dM,H019,SAMEA123916631
231,H028M,Intestinal Content,SAMEA120628748,H028aM,H028,SAMEA123916649
232,H015M,Intestinal Content,SAMEA120628735,H015cM,H015,SAMEA123916623
233,H041M,Intestinal Content,SAMEA120628761,H041dM,H041,SAMEA123916675
234,H020M,Intestinal Content,SAMEA120628740,H020dM,H020,SAMEA123916633
235,H094M,Intestinal Content,SAMEA120628814,H094dM,H094,SAMEA123916781
236,H100M,Intestinal Content,SAMEA120628820,H100eM,H100,SAMEA123916793
237,H080M,Intestinal Content,SAMEA120628800,H080aM,H080,SAMEA123916753
238,H077M,Intestinal Content,SAMEA120628797,H077aM,H077,SAMEA123916747
240,H089M,Intestinal Content,SAMEA120628809,H089cM,H089,SAMEA123916771
241,H010M,Intestinal Content,SAMEA120628730,H010bM,H010,SAMEA123916613
242,H064M,Intestinal Content,SAMEA120628784,H064cM,H064,SAMEA123916721
243,H078M,Intestinal Content,SAMEA120628798,H078aM,H078,SAMEA123916749
244,H037M,Intestinal Content,SAMEA120628757,H037cM,H037,SAMEA123916667
245,H090M,Intestinal Content,SAMEA120628810,H090cM,H090,SAMEA123916773
246,H011M,Intestinal Content,SAMEA120628731,H011cM,H011,SAMEA123916615
247,H097M,Intestinal Content,SAMEA120628817,H097eM,H097,SAMEA123916787
248,H012M,Intestinal Content,SAMEA120628732,H012cM,H012,SAMEA123916617
249,H045M,Intestinal Content,SAMEA120628765,H045dM,H045,SAMEA123916683
250,H021M,Intestinal Content,SAMEA120628741,H021eM,H021,SAMEA123916635
251,H087M,Intestinal Content,SAMEA120628807,H087cM,H087,SAMEA123916767
253,H051M,Intestinal Content,SAMEA120628771,H051aM,H051,SAMEA123916695
254,H074M,Intestinal Content,SAMEA120628794,H074eM,H074,SAMEA123916741
255,H053M,Intestinal Content,SAMEA120628773,H053aM,H053,SAMEA123916699
256,H030M,Intestinal Content,SAMEA120628750,H030aM,H030,SAMEA123916653
257,H076M,Intestinal Content,SAMEA120628796,H076aM,H076,SAMEA123916745
258,H034M,Intestinal Content,SAMEA120628754,H034bM,H034,SAMEA123916661
259,H063M,Intestinal Content,SAMEA120628783,H063cM,H063,SAMEA123916719
260,H059M,Intestinal Content,SAMEA120628779,H059bM,H059,SAMEA123916711
261,H095M,Intestinal Content,SAMEA120628815,H095dM,H095,SAMEA123916783
262,H018M,Intestinal Content,SAMEA120628738,H018dM,H018,SAMEA123916629
263,H029M,Intestinal Content,SAMEA120628749,H029aM,H029,SAMEA123916651
264,H022M,Intestinal Content,SAMEA120628742,H022eM,H022,SAMEA123916637
266,H070M,Intestinal Content,SAMEA120628790,H070dM,H070,SAMEA123916733
267,H091M,Intestinal Content,SAMEA120628811,H091dM,H091,SAMEA123916775
268,H092M,Intestinal Content,SAMEA120628812,H092dM,H092,SAMEA123916777
269,H001M,Intestinal Content,SAMEA120628721,H001aM,H001,SAMEA123916595
270,H052M,Intestinal Content,SAMEA120628772,H052aM,H052,SAMEA123916697
271,H048M,Intestinal Content,SAMEA120628768,H048eM,H048,SAMEA123916689
272,H014M,Intestinal Content,SAMEA120628734,H014cM,H014,SAMEA123916621
273,H008M,Intestinal Content,SAMEA120628728,H008bM,H008,SAMEA123916609
274,H075M,Intestinal Content,SAMEA120628795,H075eM,H075,SAMEA123916743
275,H009M,Intestinal Content,SAMEA120628729,H009bM,H009,SAMEA123916611
276,H050M,Intestinal Content,SAMEA120628770,H050eM,H050,SAMEA123916693
277,H061M,Intestinal Content,SAMEA120628781,H061cM,H061,SAMEA123916715
279,H025M,Intestinal Content,SAMEA120628745,H025eM,H025,SAMEA123916643
280,H024M,Intestinal Content,SAMEA120628744,H024eM,H024,SAMEA123916641
281,H005M,Intestinal Content,SAMEA120628725,H005aM,H005,SAMEA123916603
282,H067M,Intestinal Content,SAMEA120628787,H067dM,H067,SAMEA123916727
283,H099M,Intestinal Content,SAMEA120628819,H099eM,H099,SAMEA123916791
284,H056M,Intestinal Content,SAMEA120628776,H056bM,H056,SAMEA123916705
285,H066M,Intestinal Content,SAMEA120628786,H066dM,H066,SAMEA123916725
286,H032M,Intestinal Content,SAMEA120628752,H032bM,H032,SAMEA123916657
287,H062M,Intestinal Content,SAMEA120628782,H062cM,H062,SAMEA123916717
288,H006M,Intestinal Content,SAMEA120628726,H006bM,H006,SAMEA123916605
289,H002M,Intestinal Content,SAMEA120628722,H002aM,H002,SAMEA123916597
290,H007M,Intestinal Content,SAMEA120628727,H007bM,H007,SAMEA123916607
292,H096M,Intestinal Content,SAMEA120628816,H096eM,H096,SAMEA123916785
293,H084M,Intestinal Content,SAMEA120628804,H084bM,H084,SAMEA123916761
294,H040M,Intestinal Content,SAMEA120628760,H040cM,H040,SAMEA123916673
295,H058M,Intestinal Content,SAMEA120628778,H058bM,H058,SAMEA123916709
296,H083M,Intestinal Content,SAMEA120628803,H083bM,H083,SAMEA123916759
297,H044M,Intestinal Content,SAMEA120628764,H044dM,H044,SAMEA123916681
298,H031M,Intestinal Content,SAMEA120628751,H031bM,H031,SAMEA123916655
299,H036M,Intestinal Content,SAMEA120628756,H036cM,H036,SAMEA123916665
300,H043M,Intestinal Content,SAMEA120628763,H043dM,H043,SAMEA123916679
301,H055M,Intestinal Content,SAMEA120628775,H055aM,H055,SAMEA123916703
302,H026M,Intestinal Content,SAMEA120628746,H026aM,H026,SAMEA123916645
303,H023M,Intestinal Content,SAMEA120628743,H023eM,H023,SAMEA123916639
305,H038M,Intestinal Content,SAMEA120628758,H038cM,H038,SAMEA123916669
306,H054M,Intestinal Content,SAMEA120628774,H054aM,H054,SAMEA123916701
307,H047M,Intestinal Content,SAMEA120628767,H047eM,H047,SAMEA123916687
308,H049M,Intestinal Content,SAMEA120628769,H049eM,H049,SAMEA123916691
309,H072M,Intestinal Content,SAMEA120628792,H072eM,H072,SAMEA123916737
310,H016M,Intestinal Content,SAMEA120628736,H016dM,H016,SAMEA123916625
311,H079M,Intestinal Content,SAMEA120628799,H079aM,H079,SAMEA123916751
312,H088M,Intestinal Content,SAMEA120628808,H088cM,H088,SAMEA123916769
313,H093M,Intestinal Content,SAMEA120628813,H093dM,H093,SAMEA123916779
314,H081M,Intestinal Content,SAMEA120628801,H081bM,H081,SAMEA123916755
315,H013M,Intestinal Content,SAMEA120628733,H013cM,H013,SAMEA123916619
316,H086M,Intestinal Content,SAMEA120628806,H086cM,H086,SAMEA123916765
318,H042M,Intestinal Content,SAMEA120628762,H042dM,H042,SAMEA123916677
319,H057M,Intestinal Content,SAMEA120628777,H057bM,H057,SAMEA123916707
320,H003M,Intestinal Content,SAMEA120628723,H003aM,H003,SAMEA123916599
321,H060M,Intestinal Content,SAMEA120628780,H060bM,H060,SAMEA123916713
322,H085M,Intestinal Content,SAMEA120628805,H085bM,H085,SAMEA123916763
323,H071M,Intestinal Content,SAMEA120628791,H071eM,H071,SAMEA123916735
324,H035M,Intestinal Content,SAMEA120628755,H035bM,H035,SAMEA123916663
325,H082M,Intestinal Content,SAMEA120628802,H082bM,H082,SAMEA123916757
326,H046M,Intestinal Content,SAMEA120628766,H046eM,H046,SAMEA123916685
327,H065M,Intestinal Content,SAMEA120628785,H065cM,H065,SAMEA123916723
328,H069M,Intestinal Content,SAMEA120628789,H069dM,H069,SAMEA123916731
329,H098M,Intestinal Content,SAMEA120628818,H098eM,H098,SAMEA123916789
331,H068M,Intestinal Content,SAMEA120628788,H068dM,H068,SAMEA123916729
332,H004M,Intestinal Content,SAMEA120628724,H004aM,H004,SAMEA123916601
347,M013M,Intestinal Content,SAMEA120628653,M013cM,M013,SAMEA123916820
348,M035M,Intestinal Content,SAMEA120628675,M035cM,M035,SAMEA123916864
349,M078M,Intestinal Content,SAMEA120628718,M078dM,M078,SAMEA123916950
350,M073M,Intestinal Content,SAMEA120628713,M073cM,M073,SAMEA123916940
351,M012M,Intestinal Content,SAMEA120628652,M012cM,M012,SAMEA123916818
352,M038M,Intestinal Content,SAMEA120628678,M038dM,M038,SAMEA123916870
353,M054M,Intestinal Content,SAMEA120628694,M054cM,M054,SAMEA123916902
354,M021M,Intestinal Content,SAMEA120628661,M021aM,M021,SAMEA123916836
355,M062M,Intestinal Content,SAMEA120628702,M062aM,M062,SAMEA123916918
356,M053M,Intestinal Content,SAMEA120628693,M053cM,M053,SAMEA123916900
357,M018M,Intestinal Content,SAMEA120628658,M018dM,M018,SAMEA123916830
358,M036M,Intestinal Content,SAMEA120628676,M036dM,M036,SAMEA123916866
360,M025M,Intestinal Content,SAMEA120628665,M025aM,M025,SAMEA123916844
361,M010M,Intestinal Content,SAMEA120628650,M010bM,M010,SAMEA123916814
362,M041M,Intestinal Content,SAMEA120628681,M041aM,M041,SAMEA123916876
363,M005M,Intestinal Content,SAMEA120628645,M005aM,M005,SAMEA123916804
364,M060M,Intestinal Content,SAMEA120628700,M060dM,M060,SAMEA123916914
365,M074M,Intestinal Content,SAMEA120628714,M074cM,M074,SAMEA123916942
366,M042M,Intestinal Content,SAMEA120628682,M042aM,M042,SAMEA123916878
367,M075M,Intestinal Content,SAMEA120628715,M075cM,M075,SAMEA123916944
368,M032M,Intestinal Content,SAMEA120628672,M032cM,M032,SAMEA123916858
369,M055M,Intestinal Content,SAMEA120628695,M055cM,M055,SAMEA123916904
370,M022M,Intestinal Content,SAMEA120628662,M022aM,M022,SAMEA123916838
371,M034M,Intestinal Content,SAMEA120628674,M034cM,M034,SAMEA123916862
373,M046M,Intestinal Content,SAMEA120628686,M046bM,M046,SAMEA123916886
374,M047M,Intestinal Content,SAMEA120628687,M047bM,M047,SAMEA123916888
375,M039M,Intestinal Content,SAMEA120628679,M039dM,M039,SAMEA123916872
376,M020M,Intestinal Content,SAMEA120628660,M020dM,M020,SAMEA123916834
377,M033M,Intestinal Content,SAMEA120628673,M033cM,M033,SAMEA123916860
378,M011M,Intestinal Content,SAMEA120628651,M011cM,M011,SAMEA123916816
379,M065M,Intestinal Content,SAMEA120628705,M065aM,M065,SAMEA123916924
380,M019M,Intestinal Content,SAMEA120628659,M019dM,M019,SAMEA123916832
381,M017M,Intestinal Content,SAMEA120628657,M017dM,M017,SAMEA123916828
382,M009M,Intestinal Content,SAMEA120628649,M009bM,M009,SAMEA123916812
383,M045M,Intestinal Content,SAMEA120628685,M045aM,M045,SAMEA123916884
384,M008M,Intestinal Content,SAMEA120628648,M008bM,M008,SAMEA123916810
386,M015M,Intestinal Content,SAMEA120628655,M015cM,M015,SAMEA123916824
387,M037M,Intestinal Content,SAMEA120628677,M037dM,M037,SAMEA123916868
388,M080M,Intestinal Content,SAMEA120628720,M080dM,M080,SAMEA123916954
389,M061M,Intestinal Content,SAMEA120628701,M061aM,M061,SAMEA123916916
390,M071M,Intestinal Content,SAMEA120628711,M071cM,M071,SAMEA123916936
391,M070M,Intestinal Content,SAMEA120628710,M070bM,M070,SAMEA123916934
392,M052M,Intestinal Content,SAMEA120628692,M052cM,M052,SAMEA123916898
393,M051M,Intestinal Content,SAMEA120628691,M051cM,M051,SAMEA123916896
394,M066M,Intestinal Content,SAMEA120628706,M066bM,M066,SAMEA123916926
395,M043M,Intestinal Content,SAMEA120628683,M043aM,M043,SAMEA123916880
396,M003M,Intestinal Content,SAMEA120628643,M003aM,M003,SAMEA123916800
397,M024M,Intestinal Content,SAMEA120628664,M024aM,M024,SAMEA123916842
399,M031M,Intestinal Content,SAMEA120628671,M031cM,M031,SAMEA123916856
400,M001M,Intestinal Content,SAMEA120628641,M001aM,M001,SAMEA123916796
401,M057M,Intestinal Content,SAMEA120628697,M057dM,M057,SAMEA123916908
402,M044M,Intestinal Content,SAMEA120628684,M044aM,M044,SAMEA123916882
403,M006M,Intestinal Content,SAMEA120628646,M006bM,M006,SAMEA123916806
404,M026M,Intestinal Content,SAMEA120628666,M026bM,M026,SAMEA123916846
405,M007M,Intestinal Content,SAMEA120628647,M007bM,M007,SAMEA123916808
406,M064M,Intestinal Content,SAMEA120628704,M064aM,M064,SAMEA123916922
407,M002M,Intestinal Content,SAMEA120628642,M002aM,M002,SAMEA123916798
408,M059M,Intestinal Content,SAMEA120628699,M059dM,M059,SAMEA123916912
409,M030M,Intestinal Content,SAMEA120628670,M030bM,M030,SAMEA123916854
410,M048M,Intestinal Content,SAMEA120628688,M048bM,M048,SAMEA123916890
412,M079M,Intestinal Content,SAMEA120628719,M079dM,M079,SAMEA123916952
413,M058M,Intestinal Content,SAMEA120628698,M058dM,M058,SAMEA123916910
414,M072M,Intestinal Content,SAMEA120628712,M072cM,M072,SAMEA123916938
415,M028M,Intestinal Content,SAMEA120628668,M028bM,M028,SAMEA123916850
416,M077M,Intestinal Content,SAMEA120628717,M077dM,M077,SAMEA123916948
417,M069M,Intestinal Content,SAMEA120628709,M069bM,M069,SAMEA123916932
418,M023M,Intestinal Content,SAMEA120628663,M023aM,M023,SAMEA123916840
419,M063M,Intestinal Content,SAMEA120628703,M063aM,M063,SAMEA123916920
420,M067M,Intestinal Content,SAMEA120628707,M067bM,M067,SAMEA123916928
421,M068M,Intestinal Content,SAMEA120628708,M068bM,M068,SAMEA123916930
422,M027M,Intestinal Content,SAMEA120628667,M027bM,M027,SAMEA123916848
423,M004M,Intestinal Content,SAMEA120628644,M004aM,M004,SAMEA123916802
425,M076M,Intestinal Content,SAMEA120628716,M076dM,M076,SAMEA123916946
426,M056M,Intestinal Content,SAMEA120628696,M056dM,M056,SAMEA123916906
