genome,D300418,D300419,D300420,D300421,D300422,D300423,D300424,D300425,D300426,D300427,D300428,D300429,D300430,D300431,D300432,D300433,D300434,D300435,D300436,D300437,D300438,D300439,D300440,D300441,D300442,D300443,D300444,D300445,D300446,D300447,D300448,D300449,D300450,D300451,D300452,D300453,D300454,D300455,D300456,D300457,D300458,D300459,D300460,D300461,D300462,D300463,D300464,D300465,D300466,D300467,D300468,D300469,D300470,D300471,D300472,D300473,D300474,D300475,D300476,D300477,D300478,D300479,D300480,D300481,D300482,D300483,D300484,D300485,D300486,D300487,D300488,D300489,D300490,D300491,D300492,D300493,D300494,D300495,D300496,D300497,D300498,D300499,D300500,D300501,D300502,D300503,D300504,D300505,D300506,D300507,D300508,D300509,D300510,D300511,D300512,D300513,D300514,D300515,D300516,D300517,D300518,D300519,D300520,D300521,D300522,D300523,D300524,D300525,D300526,D300527,D300528,D300529,D300530,D300531
D300418:bin_000001,127.436,0,0,0,0,0,0,0,0,35.405,0,0,0,0,0,0,0,0,0,0,0,122.731,0,0,0,0,0,0,0,0,0,0,0,0,0,0,0,0,0,0,23.8,0,0,0,0,0,0,0,0,49.143,0,0,0,0,0,0,0,92.8,0,0,27.946,0,0,0,0,0,26.104,0,0,0,0,0,28.036,0,0,0,0,83.377,83.032,0,0,0,0,0,0,0,34.886,0,0,0,0,0,0,0,17.837,0,0,0,0,0,0,44.424,0,0,0,0,0,0,0,36.629,0,0,0,0
D300418:bin_000013,23.221,0,0,0,0,0,0,0,0,0,0,0,0,0,0,0,0,0,0,0,0,0,0,0,0,0,0,0,0,0,0,0,0,0,0,0,0,0,0,0,0,0,0,0,0,0,0,0,0,0,0,0,0,0,0,0,0,0,0,0,0,0,0,0,0,0,0,0,0,0,0,0,0,0,0,0,0,0.712,0,0,0,0,0,0,0,0,0,0,0,0,0,0,0,0,0,0,0,0,0,0,0,0,0,0,0,0,0,0,0,0,0,0,0,0
D300428:bin_000008,0,0,0,0,0,0,0,0,0,0,40.092,0,0,0,0,0,0,0,0,0,0,0,0,0,0,0,0,0,0,0,0,0,0,0,0,0,0,0,0,0,0,0,0,0,0,0,0,0,0,0,0,0,0,0,0,0,0,0,0,0,0,0,5.925,0,0,0,0,0,0,0,0,0,0,0,0,0,0,0,0,0,0,0,0,0,0,0,0,0,0,0,0,28.254,0,0,0,0,0,0,0,6.828,0,0,0,0,0,0,0,0,0,0,0,0,0,0
D300430:bin_000010,5.87,6.29,74.145,9.754,0,0,0,1.439,0,1.219,17.597,4.218,235.59,1.487,0,5.069,0,0,14.243,0,14.449,9.404,0,0,0,2.789,0,0,0,0,9.765,14.326,0,0,18.026,0,0,2.258,0,0,0,4.897,3.488,0,27.259,3.09,12.526,0,6.933,2.555,0,16.839,0,12.119,0,0,12.395,7.697,4.905,0,0,6.245,4.819,0,0,7.567,0,0,2.861,6.336,21.318,10.402,8.181,3.952,0,7.759,0,0,2.799,0,0,12.927,9.659,0,7.472,5.73,3.741,10.233,4.249,6.558,3.154,10.292,4.597,6.303,0,5.96,13.061,5.296,10.221,3.287,14.037,0,23.439,3.226,0,0,7.633,0,5.783,1.929,0,2.608,0,0
D300432:bin_000001,0,0,0,0,0,0,0,0,0,0,0,0,0,0,119.57,0,0,2.72,0,0,0,0,0,0.951,0,0,2.726,0,0,0,0,0,0,0,0,0,0,0,0,5.866,0,2.858,0,0,0,0,0,0,0,0,0,0,0,0,0,0,0,0,6.368,0,0,0,0,0,181.501,0,0,0,0,1.62,0,0,0,0,0,0,1.41,0,0,0,0,0,0,32.534,0,0,0,0,0,0,0,0,0,0,0,0,0,0,0,0,0,0,0,0,0,0,0,0,0,0,0,0,0,0
D300435:bin_000001,11.709,6.106,31.739,16.026,22.93,88.249,19.836,18.791,48.342,4.419,35.044,26.903,1.466,30.19,0,13.826,52.392,69.955,38.938,13.905,31.839,21.442,38.816,66.721,33.162,1.001,0,49.228,48.528,18.46,42.28,43.194,32.561,17.425,54.099,27.464,10.712,47.386,32.86,48.627,17.09,27.775,44.697,31.296,22.71,94.603,2.831,41.679,6.401,11.612,23.281,27.307,22.855,8.698,3.415,9.76,1.447,7.428,14.139,33.22,14.853,51.838,28.447,35.71,0,25.9,3.994,28.955,4.88,20.273,0,28.806,11.807,18.51,17.552,1.849,72.618,4.42,7.228,4.342,10.979,6.176,11.077,0,22.076,7.834,10.186,12.472,0,31.015,11.352,12.311,25.525,10.458,5.595,24.964,0,0,26.634,16.463,22.254,8.73,18.633,15.502,1.049,34.742,10.621,6.514,0,1.713,13.43,5.732,0,0
D300442:bin_000001,0,0,0,0,0,0,0,0,0,0,0,0,0,0,0,13.51,0,0,13.436,0,0,0,0,0,58.096,0,0,5.311,0,0,0,0,0,0,0,0,0,9.238,0,0,1.894,0,0,0,0,0,0,0,0,0,0,0,14.105,0,0,0,0,0,0,15.197,0,11.022,0,0,0,0,0,0,0,0,0,0,0,0,0,0,0,0,0,0,0,0,0,0,0,0,0,0,0,0,0,0,0,0,0,0,0,0,0,0,0,0,0,0,0,0,0,0,0,0,0,0,0,0
D300442:bin_000015,0,0,0,0,0,0,0,0,0,0,0,0,0,0,0,0,0,0,0,0,0,0,0,0,36.116,0,0,0,0,0,0,0,0,0,0,0,0,0,0,0,0,0,4.912,0,0,0,12.704,0,0,0,0,5.097,0,0,0,0,0,0,0,0,0,0,0,0,0,0,0,0,0,0,0,0,0,0,0,13.368,0,0,0,4.124,0,11.174,0,0,0,9.467,0,0,0,0,0,0,0,0,0,0,0,0,0,0,0,0,8.882,0,0,0,1.538,0,0,0,0,0,0,0
D300443:bin_000002,0,0,0,0,0,0,0,1.155,0,0,0,0,0,0,0,0,0,0,0,0,0,0,0,0,0,63.426,0,0,0,0,0,0,0,0,0,0,0,0,0,0,0,0,0,0,0,0,0,0,0,0,0,0,0,0,0,0,9.121,0,0,0,0,0,0,0,0,0,0,0,0,0,0,0,0,0,0,0,0,0,0,11.464,0,0,0,0,0,4.91,0,0,0,0,1.315,0,0,0,0,0,1.15,1.101,0,0,0,0,0,4.361,0,0,0,0,11.961,0,0,0,0,0
D300443:bin_000003,0,0,0,2.82,0,0,0,0,0,0,3.584,0,0,0,0,0,0,0,0,0,2.147,0,0,0,0,59.989,0,0,0,0,0,0,0,0,0,4.886,1.167,0,0,0,0,0,0,0,0,0,7.442,2.777,2.075,0,0,22.19,0,0,0,0,29.677,0,0,0,0,0,0.96,0,0,1.28,0,0,0,0,9.879,3.449,0,8.337,0,9.824,0,2.417,0,3.544,0,26.808,0,0,0,1.113,0,4.594,0,0,4.88,3.336,1.622,6.697,2.592,0,9.263,4.235,1.942,2.314,16.858,0,13.147,41.793,0,4.974,66.691,0,33.426,0,0,1.227,0,0
D300444:bin_000010,16.554,32.523,30.896,21.477,11.958,37.608,16.868,11.406,36.04,16.51,43.04,28.05,9.537,46.548,76.967,14.722,29.016,41.556,46.927,15.245,38.291,38.222,25.479,44.724,49.227,7.645,60.344,13.774,33.194,18.975,26.33,28.559,17.583,8.217,59.387,25.253,6.602,35.478,20.642,32.693,17.028,30.012,46.145,25.242,36.45,43.245,21.849,33.036,16.913,57.863,1.223,31.703,36.547,26.354,14.424,26.437,13.962,29.041,18.119,98.82,17.971,29.414,16.514,36.76,38.637,8.616,6.286,16.015,11.84,21.346,6.885,14.625,11.647,16.626,61.981,12.173,47.357,15.829,13.206,21.036,0,11.845,9.993,33.807,13.766,13.317,10.673,11.46,21.501,24.263,6.353,29.982,10.966,12.213,7.379,31.485,6.186,10.658,35.914,12.085,18.285,17.35,29.895,9.636,10.123,25.171,15.748,1.498,6.346,12.74,18.982,11.485,0,0
D300452:bin_000016,40.342,52.094,52.087,81.093,32.105,40.835,101.875,74.8,109.67,29.814,4.972,50.546,35.798,61.936,0,127.114,64.549,87.453,146.779,28.701,42.895,64.846,116.93,79.49,151.867,33.713,0,118.139,89.12,113.088,32.762,114.514,103.837,95.512,48.967,51.813,99.899,50.338,145.056,63.793,26.389,44.343,71.697,115.627,129.857,81.286,22.345,46.327,50.298,47.81,98.017,72.339,226.536,18.676,48.972,28.516,42.279,52.08,46.653,118.591,46.627,58.303,67.07,110.774,0,59.104,16.886,105.587,36.755,34.458,26.989,30.787,24.696,22.863,41.228,10.438,46.419,26.316,13.637,13.967,60.672,50.18,12.17,32.561,39.633,17.827,44.563,40.517,73.078,51.644,23.794,10.153,27.103,20.971,29.73,50.334,10.199,13.555,10.403,3.727,23.338,33.117,75.599,17.781,70.643,96.427,54.835,108.158,31.803,15.269,24.298,20.438,0,0
D300458:bin_000001,283.853,0,0,0,348.404,0,0,0,198.403,72.2,73.2,0,0,0,0,0,0,0,0,277.707,0,256.22,48.087,0,0,0,0,0,0,150.278,0,0,0,0,0,380.765,0,0,0,0,134.996,0,0,124.373,0,0,0,150.9,0,242.991,0,0,0,0,0,126.325,0,494.518,0,0,160.869,0,6.475,0,0,0,109.585,136.424,22.689,0,0,0,49.524,0,0,0,0,199.517,122.316,0,0,0,0,0,0,0,112.113,0,67.16,0,0,126.856,0,0,139.469,0,0,0,0,20.016,0,256.161,0,0,0,313.252,0,0,0,120.429,35.382,1.519,0,0
D300462:bin_000001,0,0,257.053,69.785,0,0,0,0,0,0,207.233,0,19.766,0,0,0,0,0,0,0,0,0,0,0,0,0,0,0,0,0,0,0,0,178.392,0,0,113.077,0,0,0,0,345.88,0,0,190.277,0,0,0,178.314,0,236.219,0,0,0,0,0,0,0,107.677,0,0,0,68.916,0,0,95.998,0,0,0,249.679,0,0,0,0,0,0,0,0,0,0,152.301,0,0,0,0,0,0,0,0,0,0,84.344,56.674,0,0,0,0,0,201.438,76.645,0,0,0,0,0,0,0,77.865,0,0,0,40.018,0,0
D300472:bin_000003,0,0,0,0,2.443,0,0,0,0,0,0,16.587,0,34.19,0,0,0,0,0,1.585,98.561,0,0,0,0,5.632,0,0,0,0,27.179,0,0,0,76.322,11.129,0,0,0,0,0,0,0,0,0,25.754,0,7.462,0,0,0,0,0,14.139,77.767,0,8.734,0,0,0,0,0,0,0,0,0,0,0,0,0,31.275,73.048,0,19.44,0,0,0,0,0,3.217,0,0,22.364,0,13.434,0,0,0,0,0,4.039,0,0,131.593,0,0,8.157,2.019,0,0,51.503,0,0,6.911,61.448,7.359,0,0,8.939,0,0,0,0,0
D300474:bin_000012,0,0,0,6.225,2.67,0,0,0,0,0,3.305,0,0,0,0,0,0,0,0,2.494,5.666,0,0,0,0,19.89,0,0,0,3.428,4.677,0,0,0,0,2.025,0,0,0,0,0,0,0,3.192,0,0,0,0,0,0,0,0,0,0,0,0,47.721,0,0,0,0,0,8.705,0,0,0,0,0,0,0,6.88,12.16,0,8.258,0,0,0,1.848,0,0,0,0,1.69,0,4.287,0,0,0,0,0,19.496,3.351,3.098,6.221,1.867,0,17.043,0,0,1.519,4.57,0,0,8.072,0,3.234,0,0,5.968,0,0,1.375,0,0
D300475:bin_000015,2.283,0,0,0,1.888,0,0,0,0,1.746,0,0,0,0,0,0,0,0,0,3.679,0,2.685,0,0,0,0,0,0,0,0,0,0,0,0,0,0,0,0,0,0,1.968,0,0,0,0,0,0,0,0,5.001,0,0,0,0,0,12.528,0,34.446,0,0,1.799,0,0,0,0,0,1.578,0,3.157,0,0,0,0,0,0,0,0,7.388,0,0,0,0,0,0,0,0,3.234,0,7.121,0,0,0,0,0,0,0,0,0,0,0,0,11.481,0,0,0,0,0,0,0,5.914,0,0,0,0
D300479:bin_000001,10.6,0,0,0,1.717,2.808,3.358,1.322,4.659,2.998,0,0,0,6.53,8.986,0.79,1.257,0.902,15.43,0.778,3.024,9.86,1.353,2.289,6.524,0,26.719,3.478,0,1.93,2.81,0,1.569,0,0,2.38,0,0,1.148,2.673,2.252,0,0,7.942,0,3.091,3.586,1.218,0,4.742,0,4.711,1.486,0,0,2.108,2.742,4.405,0,0,1.684,37.914,0,1.821,20.286,0,4.883,0.918,0,0,6.536,1.757,7.064,1.232,0,2.087,5.521,5.204,3.332,0,0,1.29,1.223,6.425,1.561,0,0,0,0.762,1.494,1.758,0,0,0,0,0.777,1.312,0.925,0,0,0,5.215,1.071,4.813,0,2.054,0,0,0,1.038,0,0,0,0
D300479:bin_000005,0,0,0,0,0,0,0,0,0,0,0,2.143,0,10.944,0,4.057,10.322,0,7.309,0,8.135,0,0,0,8.423,0,0,0,0,0,1.389,0,0,0,0,0,0,9.989,0,0,0,0,7.365,0,0,0,4.659,0,0,0,0,3.6,5.343,0,1.613,0,0,0,0,8.753,0,21.699,0,0,0,0,0,0,0,0,0,0,0,0.9,0,1.955,0,0,0,1.069,0,1.288,1.974,0,0,2.034,0,3.438,0,6.312,0,0,0,1.854,0,4.873,0,2.139,0,0,1.26,0,2.377,0,2.778,0,1.292,0,0,0,0,0,0,0
D300481:bin_000002,0,0,0,28.676,25.393,120.476,29.872,28.023,117.606,0,27.063,14.92,0,92.599,50.273,87.368,29.336,56.875,58.003,32.263,11.283,0,36.391,110.996,13.744,4.67,124.628,262.194,0,49.733,8.856,0,17.282,54.643,5.241,69.415,45.168,8.991,51.884,108.649,0,174.094,12.33,88.873,0,54.379,5.614,38.314,35.877,0,61.467,8.003,96.126,4.62,2.408,0,7.631,0,66.033,26.527,0,117.585,41.056,114.733,137.515,14.471,0,46.59,0,200.678,17.108,35.705,0,4.003,0,2.714,91.238,0,0,12.079,52.919,9.821,5.065,0,5.582,6.636,0,1.797,0,10.746,20.949,52.622,16.26,3.296,0,21.045,2.613,8.658,59.031,10.861,6.926,0,5.125,8.024,0,32.667,5.083,49.393,11.981,0,0,7.984,0,0
D300482:bin_000009,0,0,0,0,3.86,0,4.997,6.596,5.259,0,0,0,0,0,2.29,0,0,72.859,0,3.177,0,0,5.156,14.197,0,0,0,0,0,3.885,0,0,6.132,0,0,3.92,0,0,6.657,2.349,0,0,0,7.725,0,0,0,4.794,0,0,0,0,0,0,0,0,0,0,0,0,0,0,0,8.451,85.85,0,0,4.456,0,0,0,0,0,0,0,0,14.575,0,0,0,0,0,0,9.317,0,0,0,0,0,0,0,0,0,0,0,0,0,0,0,0,0,0,0,0,0,3.372,0,0,0,0,0,0,0,0
D300491:bin_000003,0,0,0,0,0,0,0,0,0,0,0,0,0,0,0,0,0,0,0,32.598,0,0,0,0,0,39.195,0,0,0,0,0,0,0,0,0,0,0,0,0,0,0,0,0,0,0,0,0,0,0,0,0,0,0,0,0,0,59.767,0,0,0,0,0,0,0,0,0,0,0,0,0,0,35.714,0,65.847,0,0,0,0,0,0,0,0,24.889,0,0,0,0,0,0,0,37.671,0,0,0,0,0,8.341,0,0,0,0,0,0,49.461,0,0,0,0,0.641,0,0,0,0,0
D300492:bin_000003,4.056,83.206,42.756,84.863,13.748,21.913,8.69,10.276,42.692,0,65.772,124.758,7.114,44.681,118.406,4.66,17.465,28.82,20.387,10.423,30.383,6.151,27.93,39.916,18.266,36.796,44.606,39.285,32.674,25.504,71.101,48.116,34.458,38.899,52.513,37.278,5.799,22.22,34.449,28.074,3.395,140.75,8.719,51.567,12.605,96.011,5.682,44.192,50.845,8.92,48.652,38.944,6.166,8.595,8.869,12.832,71.126,0,5.656,8.684,3.353,70.009,3.081,89.62,70.157,15.782,1.338,30.136,13.204,22.12,78.384,59.379,8.811,59.531,362.503,18.799,54.192,0,13.921,15.481,0,7.941,29.028,41.622,48.443,6.478,3.776,3.339,0,13.523,32.45,27.301,52.668,31.78,1.761,26.015,48.931,1.578,48.318,19.209,45.09,36.515,29.177,35.035,21.974,8.556,22.742,50.99,61.06,0,116.37,2.27,0,0
D300493:bin_000002,0,0,0,0,0,0,0,0,0,0,0,0,0,0,0,0,0,0,0,0,0,0,0,0,0,0,0,0,0,0,0,0,0,0,0,0,0,0,0,0,0,0,0,0,0,0,77.992,0,0,0,0,76.539,0,0,0,0,0,0,0,0,0,0,0,0,0,0,0,0,0,0,0,0,0,0,0,59.567,0,0,0,76.027,0,120.236,0,0,0,107.312,0,31.822,0,0,0,0,0,0,0,0,0,34.154,0,0,0,0,54.333,0,0,0,77.755,0,0,0,0,0,0,0
D300499:bin_000015,0,0,0,0,0,0,0,0,0,0,12.857,0,0,0,0,0,0,0,0,0,0,0,0,0,0,0,0,0,0,0,0,0,0,0,0,0,0,0,0,0,0,0,0,0,0,0,38.556,0,4.747,0,0,82.094,0,0,0,0,0,0,0,0,0,0,0,0,0,0,0,0,0,0,0,0,0,0,0,55.264,0,0,0,46.522,0,72.573,0,0,0,63.606,0,22.093,0,0,0,1.934,0,0,0,0,0,36.67,0,0.981,0,0,75.82,0,0,0,23.465,0,0,0,0,16.545,0,0
D300500:bin_000011,0,0,0,0,0,0,0,0,0,0,0,0,0,0,0,0,0,0,0,0,136.216,0,0,0,0,155.917,0,0,0,0,152.383,0,0,0,12.922,0,0,0,0,0,0,0,0,0,0,27.903,0,0,0,0,0,0,0,47.518,74.372,0,82.664,0,0,0,0,0,0,0,0,0,0,0,0,0,155.149,9.057,0,73.736,0,0,0,0,0,0,0,0,74.059,0,60.37,0,0,0,0,0,123.002,0,0,77.305,0,0,54.816,0,0,0,78.904,0,0,97.003,117.969,0,0,0,119.642,0,0,0,0,0
D300506:bin_000004,57.312,0,101.767,19.735,38.62,155.38,105.539,65.837,117.366,10.09,0,10.339,16.982,0,140.703,11.171,55.407,153.578,53.822,32.466,19.536,86.818,100.806,129.331,6.152,4.439,29.499,0,17.441,64.008,4.542,6.749,62.905,66.046,0,44.274,56.107,44.191,78.71,122.09,54.857,98.449,32.956,92.129,82.755,12.137,0,66.32,13.444,68.528,9.292,27.007,39.87,7.442,8.852,97.422,5.903,113.484,69.348,0,24.632,0,0,141.321,173.656,37.711,6.067,73.776,80.818,77.442,72.285,111.204,40.163,23.185,0,0,139.331,65.181,19.904,1.734,38.671,0,12.23,111.854,9.888,0,53.703,22.161,139.002,46.749,2.639,12.818,10.193,22.848,65.584,44.925,0,0,112.554,0,3.829,72.906,17.199,0,5.392,4.262,30.552,8.904,3.933,50.177,109.482,9.682,0,0
D300509:bin_000001,0,0,0,24.506,0,0,0,0,0,0,0,2.805,0,0,0,0,0,0,0,0,17.716,0,0,0,0,21.366,0,0,0,0,23.825,0,0,0,0,0,0,0,0,0,0,0,0,0,0,0,13.147,0,4.988,0,0,2.987,0,2.805,20.345,0,22.151,0,0,0,0,0,7.28,0,0,21.419,0,0,0,0,14.071,9.294,0,10.58,0,14.839,0,1.364,0,26.153,0,15.928,5.653,0,13.381,36.393,0,4.832,0,0,13.114,40.437,6.188,16.211,0.667,0,12.262,5.877,9.356,20.64,11.845,0,3.75,13.334,8.536,0,8.337,0,19.714,0,0,15.741,0,0
D300511:bin_000002,0,0,0,0,0,0,0,0,0,0,0,166.461,0,6.489,0,0,49.571,0,0,0,136.634,0,0,0,0,287.421,0,0,0,0,202.925,0,0,0,7.9,0,0,55.17,0,0,0,0,81.578,0,0,1.612,423.584,0,0,0,0,221.304,0,8.772,54.068,0,370.101,0,0,0,0,0,0,0,0,0,0,0,0,0,239.448,116.247,0,205.057,0,247.732,0,0,0,278.498,0,194.254,59.044,0,128.608,111.695,0,143.002,0,136.486,62.991,0,0,158.918,0,123.961,272.489,204.202,0,0,180.251,0,404.01,115.451,58.936,0,221.694,0,52.741,0,0,0,0,0
D300511:bin_000016,0,0,0,0,1.889,0,0,0,0,0,0,0,0,0,0,0,0,0,0,0,16.419,0,0,0,0,7.575,0,0,0,0,20.649,0,0,0,0,0,0,0,0,0,0,0,0,0,0,0,0,0,0,0,0,0,0,0,0,0,30.391,0,0,0,0,0,0,0,0,0,0,0,0,0,7.97,6.058,0,7.399,0,0,0,0,0,0,0,0,17.914,0,8.552,0,0,0,0,0,23.612,0,0,21.488,1.93,0,30.799,0,0,0,10.799,0,0,13.423,0,0,0,0,17.864,0,0,0,0,0
D300514:bin_000003,0,0,0,0,0,0,0,0,0,0,0,0,0,0,0,0,0,0,0,0,0,0,0,0,0,1.075,0,0,0,0,0,0,0,0,0,0,0,0,0,0,0,0,0,0,0,0,0,0,0,0,0,0,0,0,0,0,2.809,0,0,0,0,0,0,0,0,0,0,0,0,0,0,0,0,0,0,0,0,0,0,0,0,0,0,0,0,0,0,0,0,0,0,0,0,0,0,0,65.183,0,0,0,0,0,0,7.249,0,0,0,0,30.475,0,0,0,0,0
D300519:bin_000006,113.106,23.478,0,0,0,0,0,0,0,46.895,0,0,0,0,0,0,0,0,0,0,0,133.192,0,0,0,0,0,0,67.31,0,0,24.347,0,0,0,0,0,0,0,0,21.363,0,0,0,0,0,0,0,0,114.735,0,0,0,0,0,61.103,0,114.401,0,0,43.898,0,0,0,0,0,56.832,0,33.131,0,0,0,223.848,0,0,0,0,55.39,90.231,0,0,0,0,0,0,0,138.266,0,61.265,0,0,0,0,0,126.978,0,0,0,0,0,0,111.733,0,0,0,0,0,0,0,11.897,41.179,0,0,0
D300521:bin_000005,0,0,0,0,0,0,0,0,0,0,0,0,0,0,0,0,0,0,0,0,0,0,0,0,0,0,0,0,0,0,0,0,0,0,0,0,0,0,0,0,0,0,0,0,0,0,0,0,0,0,0,0,0,0,0,0,0,0,0,0,0,0,0,0,0,0,0,0,0,0,0,0,0,0,0,0,0,0,0,0,0,0,0,0,0,0,0,0,0,0,0,0,0,0,0,0,0,0,0,0,0,0,0,106.092,0,0,0,0,0,0,0,0,0,0
D300521:bin_000006,0,0,0,0,0,0,0,0,0,0,0,0,0,0,0,0,0,0,0,0,0,0,0,0,0,76.762,0,0,0,0,0,0,0,0,0,0,0,0,0,0,0,0,0,0,0,0,0,0,0,0,0,0,0,0,0,0,99.485,0,0,0,0,0,0,0,0,0,0,0,0,0,47.268,411.791,0,2.594,0,0,0,0,0,0,0,0,0,0,0,0,0,0,0,0,78.945,0,0,8.027,6.806,0,7.789,0,0,0,0,0,50.226,214.564,0,0,0,0,312.341,0,0,0,0,0
D300526:bin_000001,0,0,0,0,0,0,0,0,0,0,0,0,0,0,0,0,0,0,0,0,0,0,0,0,0,28.451,0,0,0,0,0,0,0,0,0,0,0,0,0,0,0,0,0,0,0,0,0,0,0,0,0,0,0,0,0,0,16.008,0,0,0,0,0,0,0,0,0,0,0,0,0,1.578,34.348,0,18.814,0,0,0,0,0,0,0,0,0,0,0,0,0,0,0,0,23.697,0,0,0,0,0,13.046,0,0,0,0,0,0,23.769,0,0,0,0,35.594,0,0,0,0,0
D300526:bin_000014,0,0,0,0,0,0,0,0,0,0,0,0,0,0,0,0,0,0,0,0,9.318,0,0,0,0,98.238,0,0,0,0,13.876,0,0,0,0,0,0,0,0,0,0,0,0,0,0,0,0,0,0,0,0,0,0,0,0,0,88.167,0,0,0,0,0,0,0,0,0,0,0,0,0,155.212,43.43,0,24.889,0,0,0,0,0,0,0,0,1.95,0,0,0,0,0,0,0,75.396,0,0,29.289,0,0,37.356,0,0,0,9.716,0,0,29.109,0,0,0,0,104.527,0,0,0,0,0
GEXTRA:bin_000001,0,0,6.538,0,0,0,0,0,0,0,0,0,0,0,0,0,0,0,0,0,0,0,0,0,0,0,0,0,1.634,0,0,0,0,0,0,0,0,0,0,0,0,0,0,0,0,0,0,0,0,0,0,0,0,0,0,0,0,0,0,0,0,0,0,0,0,0,0,0,0,0,0,0,0,0,0,0,0,0,0,0,0,0,0,0,0,0,0,0,0,0,0,0,0,0,0,0,0,0,0,0,0,0,0,0,0,0,0,0,0,0,0,0,0,0
GEXTRA:bin_000002,0,0,0,0,0,0,0,0,0,0,0,0,0,0,0,0,0,0,0,0,0,0,0,0,0,0,0,0,0,0,0,0,0,0,0,0,0,0,0,0,0,0,0,0,0,0,0,0,0,0,0,0,0,0,0,0,0,0,0,0,0,0,0,0,0,0,0,0,0,0,0,0,0,0,0,0,0,0,0,0,0,0,0,0,0,0,0,0,0,0,0,0,0,0,0,0,0,0,0,0,0,0,0,0,0,0,0,0,0,0,0,0,0,0
GEXTRA:bin_000004,0,0,0,0,0,0,0,0,0,0,0,0,0,0,0,0,0,0,0,0,0,0,0,0,0,0,0,0,0,0,0,0,0,0,0,0,0,0,0,0,0,0,0,0,0,0,0,0,1.166,0,0,0,0,0,0,0,0,0,0,0,0,0,0,0,0,0,0,0,0,0,0,0,0,0,0,0,0,0,0,0,0,0,0,0,0,0,0,0,0,0,0,0,0,0,0,0,0,0,0,0,0,0,0,0,0,0,0,0,0,0,0,0,0,0
GEXTRA:bin_000006,0,0,0,0,0,0,0,0,0,0,0,0,0,0,0,0,0,0,0,0,0,0,0,0,0,0,0,0,0,0,0,0,0,0,0,0,0,0,0,0,0,0,0,0,0,0,0,0,0,0,0,0,0,0,0,0,0,0,0,0,0,0,0,0,0,0,0,0,0,0,0,0,0,0,0,0,0,0,0,0,0,0,0,0,0,0,0,0,0,0,0,0,0,0,0,0,0,0,0,0,0,0,0,0,0,0,0,0,0,0,0,0,0,0
GPB:bin_000001,9.749,6.049,0,5.8,12.664,13.762,14.44,12.719,15.308,5.612,8.72,10.964,0,10.038,4.802,15.11,10.865,26.285,18.24,13.17,44.981,23.623,25.276,28.446,9.83,7.589,4.366,0,8.42,19.214,28.118,8.09,12.223,3.807,0,17.278,3.096,7.247,16.031,11.804,5.874,12.681,6.393,20.614,0,0,13.095,28.698,5.058,33.884,0,9.285,17.963,7.882,16.621,11.786,16.965,11.026,3.789,17.246,4.99,4.202,8.303,31.314,4.496,4.19,3.98,22.097,15.69,9.698,15.364,19.411,8.656,16.997,11.604,4.07,27.22,6.761,10.927,11.021,0,7.52,16.562,0,20.692,6.384,12.822,5.251,37.671,7.518,9.221,15.077,4.038,11.285,6.75,7.286,6.391,9.253,12.985,4.307,23.726,15.442,13.181,9.868,15.994,15.336,7.175,0,6.336,6.454,9.2,3.732,0,0
GPB:bin_000002,0,18.397,4.8,0,0,1.075,0,0,0,0,0,0,12.022,5.971,12.633,0,0.663,0.908,1.372,0,0,1.283,0,1.552,1.055,0,14.106,19.75,18.205,0,0,13.898,0.583,0,14.226,0,0,1.161,0,1.127,0,10.029,0,0,11.777,20.095,0,0,0,0,0.754,0,0,0,0,1.133,0,3.09,0.776,1.53,0,22.425,0,0,15.928,0,0,0,0.873,8.275,0,0,0,0,35.291,0,1.257,0,0,0,0.607,0,0,5.758,0,0,1.194,0,1.458,0,0,0,0,0,0,0,0,0,0,0,0,1.365,0,0,0,0,0,0,0,0.982,0.62,0,0,0
GPB:bin_000003,0,0,0,0,0,0,0,0,0,0,0,0,0,0,0,0,0,0,0,0,0,0,0,0,0,1.685,0,0,0,0,0,0,0,0,0,0,0,0,0,0,7.005,0,0,0,0,0,0,0,0,0,0,0,0,0,0,0,0,0,0,0,3.446,0,0,0,0,0,8.186,0,0,0,0,0,4.99,0,0,0,0,0,0,0,0,0,0,0,0,0,0,0,0,0,0,0,0,0,0,0,0,0,0,0,0,0,0,2.638,0,0,0,0,0,0,0,0,0,0
GPB:bin_000004,6.165,0,20.792,33.584,5.875,34.304,32.612,6.046,30.551,4.966,13.938,0,1.888,0,0,8.225,11.823,31.953,20.082,16.431,0,0,25.874,32.191,21.092,5.69,0,16.842,0,19.716,0,0,15.627,46.745,0,17.514,13.278,7.941,28.135,25.136,3.052,26.321,11.528,19.177,15.978,0,11.477,18.003,28.169,9.766,43.331,24.972,23.581,0,0,0,9.344,0,6.96,25.712,2.52,2.792,23.299,82.944,11.975,27.161,3.688,11.741,0,16.2,22.567,5.788,6.994,8.57,0,25.632,41.871,6.115,6.588,30.526,26.547,7.75,0,0,0,108.772,0,15.676,0,14.001,5.443,50.444,14.402,5.496,7.248,39.646,4.393,11.033,32.503,9.783,0,0,52.838,3.295,0,20.994,15.719,33.543,11.57,0,0,21.312,0,0
GPB:bin_000005,0,0,0,7.147,3.328,0,0,4.932,7.662,0,95.384,0,0,0,0,0,5.998,0,0,0,0,0,0,0,10.304,0,0,0,0,23.601,0,0,2.92,0,0,8.905,0,0,0,0,0,0,7.288,6.125,0,0,0,9.805,10.247,0,0,0,7.35,0,0,0,0,0,0,0,0,0,0,6.643,0,4.124,0,48.282,0,0,9.719,0,0,0,0,0,0,0,0,0,0,0,0,0,0,0,0,0,0,3.223,0,61.689,2.948,0,0,0,0,0,32.067,28.765,0,0,0,0,0,0,0,0,0,0,0,8.311,0,0
GPB:bin_000009,0,14.644,0,0,0,11.887,0.922,0,1.787,0,0,1.435,0,19.134,11.549,2.538,13.578,2.059,21.546,0,0,0,1.542,3.183,18.163,0,4.285,28.818,0,0.943,0,0,0.964,1.783,20.437,0,1.084,7.169,1.242,3.731,0,2.473,1.041,0,0,55.203,0,0,0,0,5.428,0,8.892,0,0,0,0,1.082,1.629,49.662,0,14.105,0,0.932,2.759,0,0,0.911,1.576,1.686,0,0,0,0,104.396,0,3.361,0,0,0,2.097,0,0,5.357,0,0,0,0,15.149,2.689,0,0,0,0,0,7.717,0,0,0,0,0,1.479,0,0,0,0,0,1.957,0,0,3.661,0,0,0
GPB:bin_000010,4.234,38.992,56.623,6.041,3.735,67.03,5.143,63.099,27.958,0.74,2.668,15.905,352.413,40.8,56.547,31.718,35.791,22.816,42.353,28.422,2.574,14.25,11.489,35.636,15.881,3.229,93.716,55.737,54.188,19.551,0.623,62.499,22.886,103.133,52.474,6.395,7.67,50.95,21.381,55.471,1.585,8.161,17.129,11.654,30.183,62.806,11.897,4.629,6.518,4.512,12.79,6.477,27.514,18.674,6.026,9.396,0.785,9.38,8.263,27.12,1.763,142.996,4.302,18.835,74.938,14.015,2.586,6.29,6.246,5.817,1.165,7.291,1.964,1.426,149.103,1.859,37.734,1.218,1.825,1.243,8.185,19.647,7.371,101.518,1.467,0.958,10.744,1.69,9.401,15.891,1.696,1.499,5.251,3.228,2.757,12.945,1.097,4.279,11.218,10.788,36.241,11.769,2.746,0.68,6.283,19.24,5.579,16.387,4.44,10.722,12.692,0.952,0,0
GPB:bin_000012,89.559,0,0,0,0,0,0,0,0,12.066,0,0,0,0,0,0,0,0,0,0,0,8.079,0,0,0,0,0,0,0,0,0,0,0,0,0,0,0,0,0,0,42.852,0,0,0,0,0,0,0,0,4.746,0,0,0,0,0,0,0,19.193,0,0,15.73,8.602,0,0,0,0,8.904,0,0,0,0,0,20.777,0,0,0,0,10.208,18.203,0,0,0,0,0,0,0,17.23,0,2.199,0,0,0,0,0,9.178,0,0,0,0,0,0,41.592,0,0,0,0,0,0,0,2.268,1.293,0,0,0
GPB:bin_000014,23.217,0,0,0,0,0,0,0,0,32.874,0,0,0,0,0,0,0,0,0,0,22.483,29.294,0,0,0,9.904,0,0,0,0,13.814,0,0,0,0,0,0,0,0,0,30.411,0,0,0,0,0,35.788,0,0,14.021,0,0,0,40.43,24.484,0,4.744,27.634,0,0,34.391,0,0,0,0,0,11.826,0,0,0,2.397,4.407,4.942,14.898,0,0,0,11.016,14.311,1.885,0,14.966,31.133,0,9.628,22.203,7.933,0,0,0,5.5,0,0,4.554,2.562,0,4.005,6.926,0,0,23.691,0,2.477,6.986,46.18,0,0,0,27.938,0,0,0,0,0
GPB:bin_000015,48.775,14.103,26.444,23.793,7.714,22.617,3.58,4.86,13.216,14.459,16.647,34.496,12.76,3.46,0,28.914,36.937,26.734,14.798,13.808,42.854,19.745,7.243,42.13,22.671,31.401,0,56.294,20.458,4.932,20.649,25.145,5.248,4.352,13.626,12.878,13.403,27.569,6.629,4.129,11.342,34.552,39.121,14.613,13.675,0,17.474,19.822,16.052,10.214,23.258,31.749,17.601,0,17.407,15.803,52.686,58.086,22.024,10.913,12.82,16.348,17.649,45.65,18.954,23.683,20.926,11.248,8.839,32.114,54.59,31.745,42.097,18.792,36.037,13.563,25.424,22.675,12.012,20.165,24.976,15.132,19.19,0,30.379,17.554,24.612,9.958,22.889,39.762,23.58,32.748,17.057,11.403,10.645,23.095,24.088,8.174,28.745,13.124,23.454,40.566,23.876,10.332,4.375,14.289,19.38,28.397,48.454,23.055,7.993,10.354,0,0
GPB:bin_000016,19.128,173.428,0,3.071,0,0,0,0,0,7.087,0,0,1257.409,0,0,0,0,0,0,0,0,9.366,0,0,0,0,0,0,124.089,0,0,123.694,0,27.935,0,0,5.84,0,0,0,89.556,0,0,0,0,0,0,0,6.851,10.791,24.385,0,0,0,0,0,0,0,15.688,0,22.097,0,3.234,0,0,102.957,30.579,0,0,0,0,0,7.772,0,0,0,0,3.169,10.056,0,21.139,0,0,0,0,0,4.189,0,0,0,0,3.69,3.551,0,0,0,0,0,25.118,1.735,0,0,0,0,0,0,0,42.073,0,0,0,4.214,0,0
GPB:bin_000017,3.368,12.003,5.873,0,0,2.859,0,0,0,0.686,0,0,60.788,0,9.871,3.28,0,3.267,1.635,0,0,0.998,0,0.86,1.676,0,2.511,6.796,7.442,0,0,7.901,0,0.676,0,0,0.588,0,0,1.147,0,2.196,0,0,4.332,0,0,0,0,0,1.205,0,1.979,0,0,0,0,1.188,2.083,4.088,0.871,10.853,0,0,4.96,0,0.987,0,1.036,0.84,0,0,2.43,0,0,0,0.813,0,1.161,0,0,0,0,10.598,0,0.802,2.888,0,0.859,0,0,0,0,0,3.045,1.16,0,0,0,0,0,0.952,0.92,0,0,0,0,2.868,0,0,1.092,0,0,0
GPB:bin_000019,5.276,0,0,0,0,0,0,0,0,2.358,0,0,0,0,0,0,0,0,0,0,0,0,0,0,0,0,0,0,0,0,0,0,0,0,0,0,0,0,0,0,1.165,0,0,0,0,0,1.741,0,0,0,0,0,0,0,0,0,0,0,0,0,1.112,0,0.787,0,0,0,1.682,0,0,0,0,0,2.739,0,0,0,0,2.127,1.795,2.581,0,3.053,0,0,0,1.238,0,0,0,0,0,0,0,0,3.391,0,0,0,0,0,0,0,0,0,0,0,0,0,0,0,0,0,0,0
GPB:bin_000020,0,0,0,0,0,0,0,0,0,0,0,0,0,0,0,0,0,0,0,0,0,0,0,0,0,0,0,0,0,0,0,0,0,0,0,0,0,0,0,0,0,0,0,0,0,0,0,0,0,0,0,0,0,0,0,0,0,0,0,0,0,0,4.073,0,0,29.736,0,0,0,0,0,0,0,0,0,0,0,0,0,0,0,0,0,0,0,0,0,0,0,0,0,2.627,0,0,0,0,0,0,15.467,1.32,0,0,0,0,0,0,0,0,0,0,0,0,0,0
GPB:bin_000021,24.985,0,2.461,22.329,9.485,58.117,16.762,26.83,50.081,14.22,12.166,34.515,0,42.701,55.531,30.319,40.52,22.337,53.259,6.542,16.318,52.038,49.076,43.716,93.361,17.198,22.068,34.067,0,23.375,37.832,0,27.338,47.836,100.044,49.904,27.934,60.828,30.657,34.143,12.921,71.89,20.432,41.636,0,73.653,27.437,13.657,16.213,33.324,32.877,19.643,31.27,10.663,22.293,58.615,41.561,92.323,32.66,90.305,19.376,21.542,19.465,40.908,125.828,11.084,15.456,31.426,28.048,33.697,52.13,35.681,14.511,8.71,0,3.35,45.943,18.117,14.385,23.376,23.596,12.081,5.621,45.554,9.801,26.047,38.203,7.74,62.909,30.794,13.586,22.074,7.832,8.839,15.409,12.28,22.157,17.752,20.101,6.517,20.772,37.189,14.763,16.947,4.148,32.58,10.11,28.67,11.964,33.056,25.851,8.159,0,0
GPB:bin_000022,52.06,114.883,32.205,19.972,68.347,76.148,28.202,36.274,108.432,13.63,92.825,31.939,0,16.179,13.559,17.492,46.162,50.927,19.934,38.889,55.013,55.187,60.733,77.07,16.48,8.404,11.314,31.55,19.435,21.744,37.872,8.311,16.182,21.231,41.676,45.305,13.667,33.822,14.04,64.902,31.108,21.246,36.084,70.953,14.896,88.408,28.177,28.153,8.965,33.478,29.739,39.34,23.711,5.479,7.481,46.131,24.665,64.696,107.533,27.549,32.936,17.505,21.628,71.811,48.431,22.217,9.799,43.924,21.946,25.554,14.762,20.013,44.884,11.344,5.374,11.042,19.624,36.36,46.198,24.349,16.768,8.298,12.763,22.765,13.791,13.486,25.33,9.464,47.727,30.262,9.006,31.897,19.09,17.83,29.952,29.225,13.16,16.46,73.153,4.577,20.443,51.49,34.225,16.317,8.581,90.012,18.824,14.595,10.63,20.559,19.424,12.759,0,0
GPB:bin_000023,3.225,8.038,0,1.404,0.689,1.686,0.681,1.411,3.836,0.809,1.679,0,0,0,2.418,0,1.043,2.901,0,1.578,2.432,3.983,1.508,6.601,0,2.29,1.517,0,2.818,1.047,1.278,4.452,0,0,0,2.869,0,1.757,0,1.68,0.815,0.922,1.4,2.098,0,0,0,1.533,0,2.794,0,3.772,0,0,0,7.6,2.351,2.982,1.939,0,1.763,0,2.868,2.105,5.867,0.837,3.133,1.108,2.142,0.735,4.942,3.363,5.826,1.775,1.515,3.328,4.998,2.266,1.473,0,0,2.337,3.162,2.503,1.355,1.697,3.046,0.833,3.683,2.86,5.076,3.532,1.426,1.218,9.089,0.683,1.155,0,2.175,2.159,1.387,6.599,1.882,1.825,2.805,2.88,2.243,1.86,1.499,2.273,8.078,0,0,0
GPB:bin_000024,0,0,0,0,15.462,0,0,6.153,0,0,0,0,0,0,0,0,0,0,0,15.887,0,0,0,0,0,0,0,0,0,0,0,0,0,0,0,0,0,0,0,0,0,0,0,0,0,0,0,0,0,0,0,0,0,0,0,0,0,0,0,0,0,0,0,0,0,0,0,0,0,0,0,0,0,0,0,0,0,0,0,0,0,0,0,0,0,0,0,0,0,0,0,0,0,0,0,0,0,0,0,0,0,0,0,0,0,0,0,0,0,0,0,0,0,0
GPB:bin_000025,9.079,20.201,15.701,5.57,0,0,0,0,0,11.051,18.745,0,31.258,0,0,0,0,0,0,0,0,11.632,0,0,0,0,0,0,10.18,0,0,16.944,0,12.77,0,0,5.943,0,0,0,4.93,15.355,0,0,19.259,0,0,0,3.409,6.097,8.68,0,0,0,0,2.856,0,5.204,6.022,0,5.717,0,12.739,0,0,2.455,7.201,0,3.37,27.024,0,0,11.636,0,23.688,0,0,2.063,2.72,0,9.345,0,0,0,0,0,6.055,0,7.427,0,0,20.502,4.181,0,10.217,0,0,0,17.628,5.431,0,11.343,0,0,0,0,0,11.153,0,5.633,4.604,4.739,0,0
GPB:bin_000026,0,0,0,0,4.264,0,6.841,6.185,0,0,0,0,0,0,0,0,0,6.404,0,2.288,0,0,0,0,0,0,0,0,0,2.801,0,0,3.369,0,0,0,0,0,2.042,0,0,0,0,0,0,0,1.062,0,0,0,0,0,0,0,0,0,0,1.87,0,0,0,0,0,15.496,0,0,0,6.326,0,0,0,0,0,0,0,0,0,0,0,0,0,0.728,0,0,0,1.954,0,0,0,0,0,0,0,0,0,0,0,0,0,0,0,0,0,0,0,0,0,0,0,0,0,0,0,0
GPB:bin_000027,0,0,0,0,0,0,0,0,0,13.682,0,0,0,0,0,0,0,0,0,0,0,0,0,0,0,0,0,0,0,0,0,0,0,0,0,0,0,0,0,0,49.092,0,0,0,0,0,0,0,0,0,0,0,0,0,0,0,0,0,0,0,28.425,0,0,0,0,0,17.185,0,0,0,0,0,0,0,0,0,0,20.194,0,0,0,0,0,0,0,0,0,0,0,0,0,0,0,0,12.528,0,0,0,0,0,0,0,0,0,0,0,0,0,0,0,0,0,0,0
GPB:bin_000028,0,0,0,1.733,0,0,0,0,0,0.705,3.363,0,0,0,0,0,0,0,0,0,0,0,0,0,0,2.102,0,0,0,0,0,0,0,0,0,0,0,0,0,0,1.105,0,0,0,0,0,1.063,0,3.507,1.143,0,12.324,0,0,0,0,3.008,0,0,0,0,0,3.627,0,0,1.154,0.779,0,0,0,10.963,1.68,0,4.31,0,1.089,0,0,0,6.813,0.708,2.056,0,0,0,0,0,0,0,0,2.3,1.867,7.274,0.844,0.999,0,1.38,0.866,3.107,5.81,0,0,2.675,3.73,0,0,5.225,0,1.945,0,0,9.928,0,0
GPB:bin_000029,2.069,7.243,0,0,5.826,0,8.375,8.287,1.455,0.925,0,0,0,0,0,0,0,0,0,10.32,0,2.516,1.359,3.379,0,0,0,0,14.085,0,0,7.289,5.198,0,0,1.642,0,0,3.16,0,0,0,0,0,0,0,0,1.442,0,8.815,0,0,0,0,0,1.489,0,13.859,0,0,0,0,0,19.759,0,0,0,6.747,9.525,0,0,0,2.714,0,1.367,0,3.31,0,1.389,0,0,0,0,0,0,0,1.793,0,3.399,0,0,0,0,0,0,0,0,0,0,0,0,7.046,0,0,0,0,0,0,0,0,0,0,0,0
GPB:bin_000031,21.896,70.288,0,0,8.14,0,0,2.487,0,1.752,0,12.044,0,21.367,0,0,0,0,0,7.677,78.343,5.905,0,0,0,3.284,0,0,36.353,0,72.479,91.892,0,0,4.22,0,0,0,0,0,8.145,0,0,0,0,42.844,0,0,0,3.485,0,0,0,25.152,48.462,17.695,0,6.243,2.99,0,40.207,0,0,0,0,0,31.768,0,3.296,0,25.186,6.272,48.573,24.536,11.298,0,0,6.874,42.552,0,0,0,27.758,0,117.074,0,0,0,14.267,0,20.63,0,0,53.488,96.122,0,4.136,0,0,0,34.242,8.665,0,14.994,65.931,0,0,0,64.04,4.852,2.067,0,0,0
GPB:bin_000032,13.424,0,0,0,0,0,0,0,0,10.487,0,0,0,0,0,0,0,0,0,0,0,31.903,0,0,0,0,0,0,0,0,0,0,0,0,0,0,0,0,0,0,6.663,0,0,0,0,0,0,0,0,35.628,0,0,0,0,0,16.651,0,115.201,0,0,13.147,0,0,0,0,0,14.262,0,28.418,0,0,0,7.944,0,0,0,0,46.259,12.423,0,0,0,0,0,0,0,19.04,0,15.144,0,0,0,0,0,23.129,0,0,0,0,0,0,17.695,0,0,0,0,0,0,0,4.147,10.798,0,0,0
GPB:bin_000033,8.48,23.972,0,3.788,4.782,7.187,6.307,4.591,2.881,2.92,6.296,5.623,0,0,6.236,7.21,3.285,6.064,6.248,3.451,9.089,9.243,7.682,6.071,12.422,1.138,5.582,4.248,7.53,1.68,4.066,5.263,4.543,13.552,0,2.278,4.81,3.071,3.307,5.293,4.443,5.608,2.581,3.02,3.951,0,3.126,3.796,4.353,5.43,4.931,2.867,7.204,0,11.48,6.432,2.965,9.048,5.68,18.699,10.979,1.911,2.492,3.429,6.291,4.424,9.082,5.281,8.241,3.204,5.02,7.691,8.068,6.322,4.219,1.275,8.828,2.861,5.045,2.419,2.866,2.518,10.783,6.106,10.819,5.845,6.954,0.778,11.118,2.472,1.96,3.67,5.059,3.014,3.13,2.982,1.62,1.069,12.443,5.054,15.116,5.456,2.681,2.47,4.776,8.309,1.477,4.365,5.736,1.897,2.472,1.455,0,0
GPB:bin_000034,8.709,39.117,25.381,20.899,21.468,61.386,8.68,12.219,36.065,6.261,37.577,47.24,28.823,6.012,0,32.061,68.737,71.97,38.905,19.241,46.971,32.072,20.063,120.834,29.96,11.066,0,48.576,55.822,10.434,48.445,69.378,13.37,21.794,31.929,22.614,19.304,48.627,17.474,8.133,16.582,24.394,42.378,35.46,34.328,0,29.682,45.944,14.964,18.21,21.755,56.702,44.884,0,13.672,40.553,23.104,35.449,10.472,28.941,28.248,40.259,26.652,15.851,57.176,13.59,5.46,10.07,17.064,26.83,9.135,20.507,14.269,15.087,99.2,26.599,74.031,10.769,15.001,27.061,18.414,24.391,27.161,0,30.385,36.518,15.226,13.703,40.756,28.089,11.4,32.014,12.422,19.086,17.079,36.185,17.148,19.064,51.255,10.378,28.024,24.212,48.499,17.054,8.117,38.385,29.007,11.338,10.402,17.23,19.297,11.706,0,0
GPB:bin_000035,3.794,0,0,0,0,0,0,0,0,1.606,0,3.084,0,0,0,0,0,0,0,0,6.014,2.609,0,0,0,4.195,0,0,0,0,3.141,0,0,0,0,0,0,0,0,0,2.049,0,0,0,0,0,0,0,0,2.517,0,0,0,4.735,15.626,5.186,2.436,4.437,0,0,8.964,0,0,0,0,0,12.783,0,16.368,0,0,3.266,5.524,2.386,0,0,0,0,3.306,2.471,0,1.707,14.8,0,3.706,1.704,1.635,0,8.71,0,2.169,0,0,2.049,0,0,0,0,0,0,12.79,5.679,0,0,6.93,0,0,0,0,4.952,2.903,0,0,0
GPB:bin_000038,0,0,0,0,4.548,0,11.702,7.67,26.603,0,0,0,0,0,0,0,0,9.636,0,11.274,0,0,30.834,9.042,0,0,0,0,0,9.478,0,0,2.306,0,0,8.228,0,0,11.835,0,0,0,0,16.714,0,0,0,15.933,0,0,0,0,0,0,0,0,0,0,0,0,0,0,0,21.919,0,0,0,6.608,0,0,0,0,0,0,0,0,6.49,0,0,0,0,0,0,0,0,0,0,0,0,0,0,0,0,0,0,0,0,0,0,0,0,0,0,0,0,7.057,0,0,0,0,0,0,0,0
GPB:bin_000039,0,1.245,6.86,0,0,0.588,0,0,0,0,0,0,2.315,0,2.201,0,0,2.013,0,0,0,0,0,0,0,0,1.203,0,2.071,0,0,0,0,0,0,0,0,0,0,0,0,0,0,0,0,0,0,0,0,0,0,0,0,0,0,0,0,0,0,0,0,0,0,1.853,0.868,0,0,0,0,0,0,0,0,0,1.062,0,0,0,0,0,0,0,0,4.291,0,0,0,0,0,0,0,0,0,0,0,0,0,0,0,0,0,0,0,0,0,0,0,0,0,0,1.123,0,0,0
GPB:bin_000040,0,0,0,0,0,0,0,0,0,7.985,0,0,0,0,0,0,0,0,0,0,0,0,0,0,0,0,0,0,0,0,0,0,0,0,0,0,0,0,0,0,1.246,0,0,0,0,0,0,0,0,62.44,0,0,0,0,0,0,0,0,0,0,1.286,0,0,0,0,0,2.812,0,0,0,0,0,79.882,0,0,0,0,0,3.968,0,0,0,0,0,0,0,0,0,0,0,0,0,0,0,0.845,0,0,0,0,0,0,0,0,0,0,0,0,0,0,0,0,0,0,0
GPB:bin_000041,0,0,0,0,7.2,0,0,0,0,0,0,0,0,0,0,0,0,0,0,8.135,0,0,0,0,0,0,0,0,0,6.25,0,0,0,0,0,0,0,0,0,0,0,0,0,0,0,0,0,0,0,0,0,0,0,0,0,0,0,0,0,0,0,0,0,0,0,0,0,2.886,0,0,0,0,0,0,0,0,0,0,0,0,0,0,0,0,0,0,0,0,0,0,0,0,0,0,0,0,0,0,0,0,0,0,0,0,0,0,0,0,0,0,0,0,0,0
GPB:bin_000042,0.911,0,0,0,0,0,0,0,0,0,0,0,0,0,0,0,0,0,0,0,0,0,0,0,0,0,0,0,0,0,0,0,0,0,0,0,0,0,0,0,2.35,0,0,0,0,0,0,0,0,0,0,0.857,0,0,0,0,0.808,0,0,0,3.715,0,0,0,0,0,4.811,0,0,0,0,0,0,0,0,0,0,0,0,0.919,0,1.172,0,0,0,0,0,0,0,0,0,0,0,0,3.378,0,0,0,0,0,0,0,0,0.759,0,0,0,0,0,0,0,0,0,0
GPB:bin_000043,0,0,0,0,0,0,0,0,0,0,0,0,0,0,0,0,0,0,0,0,0,0,0,0,0,0,0,0,0,0,0,0,0,0,0,0,0,0,0,0,4.163,0,0,0,0,0,0,0,0,0,0,0,0,0,0,0,0,0,0,0,19.295,0,0,0,0,0,8.016,0,0,0,0,0,5.518,0,0,0,0,0,0,0,0,0,0,0,0,0,0,0,0,0,0,0,0,0,1.405,0,0,0,0,0,0,0,0,0,0,0,0,0,0,0,0,0,0,0
GPB:bin_000045,13.011,0,0,0,0,0,0,0,0,11.156,0,0,0,0,0,0,0,0,0,0,0,0,0,0,0,0,0,0,0,0,0,0,0,0,0,0,0,0,0,0,8.651,0,0,0,0,0,0,0,0,22.396,0,0,0,0,0,0,0,0,0,0,2.499,0,0,0,0,0,5.824,0,0,0,0,0,6.073,0,0,0,0,3.623,13.794,0,0,0,0,0,0,0,0,0,0,0,0,0,0,0,7.763,0,0,0,0,0,0,0,0,0,0,0,0,0,0,0,0,0,0,0
GPB:bin_000049,0,0,0,0,8.969,0,0,23.265,0,0,4.916,0,0,0,0,0,0,0,0,2.241,0,0,0,0,0,0,0,0,0,0,0,0,3.703,0,0,0,0,0,0,0,4.734,0,0,2.129,0,0,0,0,2.409,0,0,0,0,0,0,0,0,0,0,0,11.142,0,10.065,0,0,6.522,25.484,2.734,0,0,0,0,0,0,0,0,0,0,0,0,0,0,0,0,0,0,0,0,0,0,0,3.219,3.441,0,0,0,0,0,0,16.162,0,0,0,0,0,0,0,0,0,0,0,1.955,0,0
GPB:bin_000051,0,0,0,0,0,2.334,1.129,0.817,0,0,0,0,0,0,0,0,0,1.643,0,0,0,0,0.637,1.873,0,0,0,0,0,0,0,0,0,1.146,0,0,0,0,0.758,1.561,0,2.693,0,0.698,0,0,0,0,0,0,0,0,0,0,5.301,5.07,0,1.252,2.072,0,0,0,0,0,0,0,0,0.862,1.216,1.465,1.47,0,0,0,0,0,0,0,0,0,0,0,0,0,0,0,0,0,1.194,0,0,0,1.413,0.693,0,0,0,0,3.722,0,0,1.765,0,0,6.198,0,0,0,0,1.171,0,0,0,0
GPB:bin_000053,7.201,54.996,59.061,60.614,0,0,0,0,0,2.134,33.047,38.272,0,32.456,0,39.5,11.676,0,24.055,0,12.642,11.969,0,0,21.784,12.674,0,24.569,94.689,0,7.06,89.4,0,141.399,62.926,0,57.695,38.824,0,0,10.075,5.726,22.462,0,3.338,154.879,3.137,0,35.592,3.523,327.003,41.725,32.472,18.055,3.772,59.445,15.729,17.795,0,0,7.845,28.56,3.865,0,0,60.52,5.588,0,17.25,4.249,5.509,17.721,34.707,12.613,44.018,38.887,0,3.371,9.03,2.472,303.881,15.338,4.009,0,9.371,5.429,5.989,7.922,32.41,70.136,9.212,52.76,20.549,26.789,21.9,26.626,2.42,2.787,82.477,5.265,5.227,36.397,17.59,23.749,9.265,0,23.534,390.985,22.028,13.867,1.829,4.302,0,0
GPB:bin_000054,0,0,0,150.121,37.624,0,12.859,59.806,68.861,0,0,67.864,0,0,14.474,0,0,70.369,0,29.497,67.012,0,70.465,14.723,0,25.59,0,0,0,48.537,27.713,0,38.964,119.569,0,34.621,37.634,0,53.373,10.75,9.85,64.972,0,22.167,0,0,47.876,25.879,48.911,0,80.001,5.635,0,12.908,50.678,0,26.953,0,35.682,0,13.053,0,54.652,37.435,14.736,85.085,9.393,48.984,0,129.378,17.14,53.842,0,11.25,0,7.77,20.888,45.394,9.419,46.524,59.521,14.346,19.107,18.506,38.828,18.682,0,0,0,0,17.146,19.078,60.513,7.695,12.847,0,16.413,50.758,10.131,7.942,24.077,0,8.842,17.144,7.452,38.603,6.035,45.441,11.441,0,0,35.27,0,0
GPB:bin_000055,12.91,0,0,0,7.785,0,0,0,0,0,0,0,0,0,0,0,0,0,0,10.497,0,0,0,0,0,0,0,0,0,0,0,0,0,0,0,0,0,0,0,0,48.351,0,0,0,0,0,0,0,0,0,0,0,0,0,0,0,0,0,0,0,27.792,0,0,0,0,0,21.547,0,0,0,0,0,0,0,0,6.065,0,0,0,0,0,0,0,0,0,0,2.574,0,0,0,0,0,0,0,2.409,0,0,0,0,0,0,0,0,0,0,0,0,0,0,0,0,0,0,0
GPB:bin_000056,3.297,0,0,0,0,0,0,0,0,8.306,0,0,0,0,0,0,0,0,0,0,0,0,0,0,0,0,0,0,0,0,0,0,0,0,0,0,0,0,0,0,3.351,0,0,0,0,0,7.023,0,0,10.495,0,0,0,0,0,0,0,0,0,0,21.649,0,0,0,0,0,32.817,0,0,0,0,0,5.865,0,0,0,0,20.019,5.191,19.178,0,9.358,0,0,0,3.505,0,0,0,0,0,0,0,0,0.81,0,0,0,0,0,0,0,0,0,0,0,0,0,0,0,0,0,0,0
GPB:bin_000057,0,0,0,0,18.357,0,0,0,0,0,0,0,0,0,0,0,0,0,0,16.894,0,0,0,0,0,0,0,0,0,10.681,0,0,0,0,0,8.168,0,0,0,0,0,0,0,0,0,0,0,12.873,0,0,0,0,0,0,0,0,0,0,0,0,0,0,0,0,0,0,0,8.26,0,0,0,0,0,0,0,0,0,0,0,0,0,0,0,0,0,0,0,0,0,0,0,0,0,0,0,0,0,0,0,0,0,0,0,0,0,28.399,0,0,0,0,0,0,0,0
GPB:bin_000058,1.131,0,0,0,4.342,0,0,0,0.919,0,0,0,0,0,0,0,0,0,0,0,0,2.524,0,0,0,0,0,0,0,0,0,0,2.037,0,0,0,0,0,0,0,0,0,0,0,0,0,8.766,0,0,0,0,0,0,0,0,0,0,0,0,0,2.488,0,0,0,1.583,0,2.815,0,0,0,0,0,2.067,0,0,0,0,0,1.363,0,0,0,0,0,0,0,0,0,0,0,0,0,0,0,5.295,0,0,0,0,0,0,0,0,0,0,0,0,0,0,0,0,0,0,0
GPB:bin_000059,14.283,0,12.786,28.517,0,0,0,0,0,12.729,9.831,29.455,4.732,22.062,0,13.169,38.649,0,46.743,0,36.126,69.169,0,0,14.298,16.789,0,46.123,0,0,19.541,4.531,0,28.357,9.962,0,19.169,30.076,0,0,4.561,7.956,35.089,0,44.61,0,23.351,0,23.476,71.061,24.375,60.07,10.896,19.665,12.535,31.264,31.125,55.816,10.47,26.763,7.904,11.42,37.342,0,0,17.471,16.339,0,6.843,11.097,81.158,18.584,18.012,16.149,0,24.047,0,10.124,14.253,21.469,29.237,13.548,6.739,0,9.405,13.014,40.104,7.951,18.109,22.697,9.866,53.372,26.575,10.538,15.891,19.597,15.578,26.225,42.14,19.088,21.331,39.575,15.556,20.435,0,0,24.847,11.021,36.814,16.269,3.901,19.337,0,0
GPB:bin_000060,8.934,0,0,0,2.919,0,0,0,4.932,8.364,0,0,0,0,0,0,0,0,0,2.832,0,7.207,2.868,0,0,4.639,0,0,0,3.525,0,0,0,0,0,4.253,0,0,0,0,2.802,0,0,3.996,0,0,5.063,7.87,0,7.921,0,0,0,0,0,0,4.578,8.334,0,0,2.561,0,0,0,0,0,5.138,5.963,0,0,0,0,5.256,0,0,0,0,9.632,8.364,6.57,0,10.948,0,0,0,12.752,4.825,0,0,0,0,0,0,0,3.309,0,1.933,4.042,0,0,0,5.238,0,4.287,0,3.714,0,0,5.401,6.332,0,0,0,0
GPB:bin_000061,3.094,0,0,0,0,0,0,0,0,4.451,0,0,0,0,0,0,0,0,0,0,0,0,0,0,0,0,0,0,0,0,0,0,0,0,0,0,0,1.351,0,0,2.587,0,0,0,0,0,2.348,0,0,5.698,0,0,0,0,0,0,0,0,0,0,1.446,0,1.736,0,0,0,2.534,0,0,0,0,0,0,0,0,1.061,0,1.87,2.464,2.329,0,1.641,0,0,0,1.997,0,1.23,0,0,0,0,0,0,1.267,0,0,0,0,0,0,0,1.92,0,0,0,0,0,0,0,0,0,0,0
GPB:bin_000065,0,0,0,0,0,0,0,0,0,0,0,0,0,0,0,0,0,0,0,0,0,0,0,0,0,3.46,0,0,0,0,0,0,0,0,0,0,0,0,0,0,13.16,0,0,0,0,0,5.144,0,0,0,0,0,0,0,0,0,7.439,0,0,0,16.149,0,6.472,0,0,0,8.585,0,0,0,0,0,0,0,0,0,0,7.117,0,4.282,0,6.911,0,0,0,3.928,0,0,0,0,0,0,0,0,8.482,0,2.4,3.552,0,1.048,0,0,0,3.213,0,0,0,0,6.838,0,0,0,0,0
GPB:bin_000067,90.425,0,0,4.649,0,0,0,0,0,12.525,0,0,0,0,0,0,0,0,0,0,0,50.87,0,0,0,0,0,0,0,0,0,0,0,29.985,0,0,19.024,0,0,0,20.505,8.435,0,0,0,0,17.606,0,41.924,14.79,0,0,0,0,0,42.637,3.285,58.56,26.858,0,19.449,2.378,102.035,0,0,32.855,7.156,0,10.006,4.013,0,0,24.529,0,0,0,0,8.36,43.514,12.69,3.682,9.54,0,0,0,27.488,36.511,0,53.137,0,0,9.885,15.118,0,7.74,0,0,14.922,76.76,25.23,0,112.266,8.426,3.056,0,0,0,3.402,0,43.142,0,39.597,0,0
GPB:bin_000069,0,0,8.642,0,0,0,0,0,0,0,0,0,0,0,0,0,0,0,0,0,0,0,0,0,0,2.43,0,0,0,0,0,0,0,0,0,0,0,0,0,0,0,0,0,0,0,0,0,0,0,0,0,0,0,0,0,0,0,0,0,0,0,0,0,0,0,0,0,0,0,0,0,0,0,0,0,0,0,0,0,0,0,0,0,0,0,0,0,0,0,0,0,0,0,0,0,0,0,0,0,0,0,0,0,0,0,0,0,0,0,0,0,0,0,0
GPB:bin_000070,34.927,0,0,117.466,0,0,0,0,0,15.054,5.209,0,0,0,0,0,0,0,0,0,0,31.903,0,0,0,0,0,0,0,0,0,0,0,81.576,0,0,96.821,111.318,0,0,58.479,0,108.401,0,0,0,174.067,0,97.409,44.108,116.801,139.861,0,0,0,20.064,0,13.131,0,0,57.705,0,23.241,0,0,60.083,12.323,0,0,65.052,0,0,74.341,0,0,24.703,0,6.105,87.49,101.151,39.071,179.113,0,0,0,9.215,3.435,6.99,0,19.073,0,169.237,81.723,0,115.219,72.598,0,137.678,120.533,47.193,0,0,51.882,0,0,0,22.059,60.554,0,0,57.302,115.167,0,0
GPB:bin_000071,15.737,0,0,0,0,0,0,0,0,2.672,0,0,0,0,0,0,0,0,0,0,0,0,0,0,0,0,0,0,0,0,0,0,0,0,0,0,0,0,0,0,14.467,0,0,0,0,0,0,0,0,6.413,0,0,0,0,0,0,0,0,0,0,13.281,0,0,0,0,0,5.187,0,0,0,0,0,6.856,0,0,0,0,5.223,5.243,0,0,0,0,0,0,0,0,0,0,0,0,0,0,0,8.373,0,0,0,0,0,0,0,0,0,0,0,0,0,0,0,0,0,0,0
GPB:bin_000073,54.338,0,0,0,0,0,0,0,0,66.447,0,0,0,0,0,0,0,0,0,4.58,0,0,0,0,0,0,0,0,0,0,0,0,0,0,0,0,0,0,0,0,5.753,0,0,0,0,0,0,0,0,0.923,0,0,0,0,0,0,0,0,0,0,16.956,0,0,0,0,0,7.562,0,0,0,0,0,0,0,0,0,0,107.4,73.376,0,0,0,0,0,0,0,0,0,0,0,0,0,0,0,4.701,0,0,0,0,0,0,0,0,0,0,0,0,0,0,0,0,0,0,0
GPB:bin_000074,54.466,0,0,0,0,0,0,0,14.037,54.9,0,0,0,0,0,0,0,0,0,5.484,19.341,32.725,12.563,0,0,0,0,0,0,9.807,0,0,9.426,0,0,0,0,0,0,0,57.464,0,0,16.292,0,25.913,23.577,0,0,37.358,0,6.241,0,0,0,20.146,0,15.234,0,0,63.523,0,0,0,0,0,45.105,10.61,0,0,18.019,24.141,25.422,12.148,0,0,0,17.782,44.485,30.462,0,23.679,14.865,0,19.295,40.097,28.622,4.453,0,0,0,0,0,0,12.619,0,0,3.115,15.144,0,0,0,9.493,0,0,28.124,5.477,0,0,6.825,0,0,0,0
GPB:bin_000075,0,0,0,0,3.999,0,0,0,0,0,0,0,0,0,0,0,0,0,0,5.666,0,0,0,0,0,0,0,0,0,0,0,0,0,0,0,0,0,0,0,0,2.695,0,0,0,0,0,0,0,0,0,0,0,0,0,0,0,0,0,0,0,0,0,0,0,0,0,0,0,0,0,0,0,0,0,0,0,0,4.336,0,2.487,0,4.573,0,0,0,6.362,0,0,0,0,0,0,0,0,4.266,0,0,3.709,0,0,0,0,0,0,0,0,0,0,0,0,0,0,0,0
GPB:bin_000076,16.488,0,0,0,0,0,0,0,0,16.351,0,0,0,0,0,0,0,0,0,0,0,104.753,0,0,0,0,0,0,0,0,0,0,0,0,0,0,0,0,0,0,8.082,0,0,0,0,0,0,0,0,25.309,0,0,0,0,0,28.359,0,121.675,0,0,8.617,0,0,0,0,0,3.283,0,22.129,0,0,0,13.274,0,0,0,0,10.443,8.479,0,0,0,0,0,0,0,24.181,0,37.196,0,0,0,0,0,4.164,0,0,0,0,0,0,46.806,0,0,0,0,0,0,0,17.703,4.501,0,0,0
GPB:bin_000078,4.528,0,0,0,0,0,0,0,0,1.789,0,0.862,0,1.34,0,0,0,0,0,0,2.46,1.638,0,0,0,1.948,0,0,0,0,2.161,0,0,0,5.559,0,0,0,0,0,1.701,0,0,0,0,6.281,0,0,0,2.112,0,0,0,0,0,0.776,2.769,2.092,0,0,2.52,0,0,0,0,0,2.529,0,0,0,4.073,2.329,3.132,1.449,0,0,0,1.963,1.741,0,0,0,1.915,0,1.492,0,1.787,0,0.929,0,1.481,0,0,2.924,3.948,0,1.786,0,0,0,0.736,3.17,0,2.232,0,0,0,0,2.425,0.61,1.584,0,0,0
GPB:bin_000080,5.579,0,0,0,1.198,0,0,0,2.229,2.162,0,1.035,0,0,0,0,0,0,0,0.978,1.652,4.549,2.706,0,0,1.148,0,0,0,1.464,1.651,0,0,0,0,1.65,0,0,0,0,1.711,0,0,1.618,0,0,2.313,1.267,0,2.236,0,1.182,0,0,5.148,0,2.131,5.009,0,0,1.687,0,0,0,0,0,2.3,2.204,0,0,3.235,1.259,2.087,2.221,0,1.16,0,4.403,2.051,0.993,0,1.557,1.176,0,2.011,1.189,3.188,0,0,0,0,0,0,1.346,1.421,0,1.664,1.301,0,0,5.024,4.216,1.593,1.41,2.858,1.85,1.495,0,2.267,2.082,0,0,0,0
GPB:bin_000082,5.751,0,0,4.253,0,0,0,0,0,3.893,5.578,0,0,0,0,0,0,0,0,0,0,2.814,0,0,0,0,0,0,0,0,0,0,0,0,0,0,0,0,0,0,3.607,0,0,0,0,0,0,0,4.147,6.733,0,0,0,0,0,0,0,0,0,0,3.405,0,2.075,0,0,3.022,3.187,0,0,0,0,0,5.945,0,0,0,0,3.172,3.36,0,0,0,0,0,0,0,1.644,0,0,0,0,1.418,2.269,0,5.85,0,0,0,7.628,0,0,0,0,0,0,0,0,0,0,0,0,1.179,0,0
GPB:bin_000083,5.949,0,0,0,0,0,0,0,0,2.486,0,0,0,0,0,0,0,0,0,0,0,0,0,0,0,0,0,0,0,0,0,0,0,0,0,0,0,0,0,0,17.775,0,0,0,0,0,0,0,0,1.311,0,0,0,0,0,0,0,0,0,0,13.602,0,0,0,0,0,3.909,0,0,0,0,0,0,0,0,0,0,24.2,0,0,0,0,0,0,0,0,0,0,0,0,0,0,0,0,6.258,0,0,0,0,0,0,0,0,0,0,0,0,0,0,0,0,0,0,0
GPB:bin_000084,0,0,8.073,5.229,0,0,0,0,0,0,18.203,0,0,0,0,0,0,0,0,0,0,0,0,0,0,0,0,0,0,0,0,0,0,1.2,0,0,0.858,0,0,0,0,4.447,0,0,0,0,0,0,4.982,0,2.524,0,0,0,0,0,0,0,63.135,0,0,0,15.57,0,0,5.327,0,0,0,15.27,0,0,0,0,0,0,0,0,0,0,2.581,0,0,0,0,0,0,0,0,0,0,38.093,13.929,0,0,0,0,0,64.693,1.318,0,0,0,0,0,0,0,3.881,0,0,0,1.286,0,0
GPB:bin_000085,129.528,0,0,8.059,12.209,0,0,0,0,54.701,2.073,0,0,0,0,0,0,0,0,43.863,0,76.6,0,0,0,48.674,0,0,0,0,0,0,0,0,0,0,0,0,0,0,21.436,0,0,0,0,0,144.337,0,14.654,33.761,0,0,0,0,0,0,86.407,44.42,0,0,83.302,0,2.082,0,0,46.051,61.39,0,8.68,0,0,4.363,45.978,10.827,0,2.705,0,69.789,93.189,126.759,0,100.416,0,0,0,61.458,34.204,0,2.8,0,4.223,248.602,46.864,41.265,81.237,0,47.243,47.345,91.277,2.567,0,26.924,0,69.163,0,0,0,0,48.651,17.918,0,44.391,0,0
GPB:bin_000086,4.986,0,0,0,3.785,0,1.737,5.229,3.116,1.741,2.447,2.94,0,2.139,0,0,0,2.466,0,1.723,4.054,5.375,2.971,3.525,0,8.04,0,0,0,2.999,5.156,0,3.461,0,0,2.472,0,0,3.882,0,2.663,0,0,2.251,0,0,2.937,3.6,0,4.275,0,3.127,0,0,3.918,0,5.576,5.655,0,0,3.239,0,3.499,2.526,0,0,3.027,4.789,1.752,0,0,3.171,6.784,0,0,2.171,2.872,3.02,2.569,3.687,0,2.341,2.334,0,0,4.687,3.825,0,0,0,3.786,2.683,0,2.713,5.712,0,2.77,0,2.553,1.129,3.415,5.306,2.978,2.749,0,2.547,0,0,0,2.017,1.705,2.587,0,0
GPB:bin_000087,5.444,0,1.061,2.677,5.731,3.374,3.351,11.395,12.592,0,1.704,3.284,0,1.136,0,1.406,0.834,6.216,1.73,3.497,8.076,4.508,2.664,11.73,2.002,5.628,3.34,0.826,0,4.057,8.011,0,4.503,2.75,2.314,7.496,1.531,0.896,7.388,4.468,0.723,1.991,1.251,4.668,0,3.795,0.88,4.385,1.975,2.664,3.654,2.684,2.494,0,2.019,1.136,7.923,2.303,2.159,1.482,3.303,1.296,12.131,3.475,3.795,1.474,5.304,5.873,0,1.065,8.054,11.334,12.209,3.81,0,4.926,5.685,3.407,1.798,2.838,3.013,3.365,2.923,0.782,3.887,7.378,3.267,0.714,0.988,4.164,6.947,4.274,2.292,3.809,7.128,3.16,3.232,0.774,7.16,1.795,5.711,5.013,3.045,5.314,0.767,3.364,2.77,5.052,6.897,1.598,1.381,0,0,0
GPB:bin_000088,0,0,0,0,7.541,0,0,0,0,0,0,0,0,0,0,0,0,0,0,10.035,0,0,0,0,0,0,0,0,0,0,0,0,0,0,0,0,0,0,0,0,0,0,0,0,0,0,0,0,4.767,0,0,0,0,0,0,0,0,0,0,0,0,0,7.33,0,0,0,0,0,0,0,0,0,0,0,0,0,0,0,0,0,0,7.661,0,0,0,0,0,0,0,0,0,0,0,0,0,0,0,2.539,0,0,0,0,0,0,0,0,0,0,0,0,0,0,0,0
GPB:bin_000089,15.716,0,0,0,3.581,0,0,0,0,13.391,0,0,0,0,0,0,0,0,0,0,0,53.398,0,0,0,5.527,0,0,0,0,0,0,0,0,0,0,0,0,0,0,4.34,0,0,0,0,0,0,3.681,0,91.671,0,0,0,0,0,20.723,7.699,59.946,0,0,11.711,0,0,0,0,0,8.957,0,26.507,0,0,0,18.864,0,0,0,0,10.416,7.697,0,0,0,0,0,0,0,54.721,0,38.871,0,0,0,0,0,11.933,0,0,0,0,0,0,40.832,0,0,0,0,0,0,6.493,16.241,16.606,0,0,0
GPB:bin_000092,20.418,0,0,5.971,0,0,0,0,0,7.161,0,16.678,0,0,0,29.327,18.434,0,52.098,0,15.722,54.073,0,0,9.989,8.778,0,0,0,0,20.235,0,0,0,0,0,0,9.357,0,0,16.912,0,18.733,0,0,0,38.182,0,6.668,12.758,0,42.167,28.537,6.313,18.154,28.019,7.419,60.41,0,0,12.058,0,14.678,0,0,5.164,28.618,0,66.291,0,27.04,7.53,6.498,6.526,0,35.212,0,19.014,6.562,74.218,0,37.879,22.116,0,13.451,113.239,12.461,13.95,60.564,25.056,14.18,3.154,3.349,4.894,25.158,52.42,3.656,14.847,2.827,1.655,10.89,33.687,59.474,7.267,12.803,0,30.712,0,7.796,18.187,6.725,4.958,0,0
GPB:bin_000093,4.544,0,0,0,0,0,0,0,0,7.283,0,5.806,0,0,0,0,0,0,0,0,35.743,17.725,0,0,0,13.172,0,0,0,0,5.713,0,0,0,0,0,0,0,0,0,3.677,0,0,0,0,0,5.014,0,0,14.42,0,0,0,0,0,0,16.811,17.476,0,0,6.115,0,0,0,0,0,3.103,0,0,0,87.39,5.176,6.922,10.491,0,0,0,5.241,4.864,6.144,0,3.031,6.733,0,5.003,2.283,9.756,0,9.417,0,4.485,0,0,13.747,7.743,0,11.413,0,0,0,4.676,7.5,0,10.077,2.592,0,0,0,15.182,3.962,0,0,0,0
GPB:bin_000094,0,0,0,0,0,0,0,0,0,0,0,0,0,0,0,0,0,0,0,0,0,0,0,0,0,0,0,0,0,0,0,0,0,0,0,0,0,0,0,0,0,0,0,0,0,0,0,0,0,0,0,0,0,0,0,0,0,0,0,0,0,0,8.844,0,0,0,0,0,0,0,0,0,0,0,0,0,0,0,0,0,0,0,0,0,0,0,0,0,0,0,0,4.736,0,0,0,0,0,0,0,33.557,0,0,0,0,0,0,0,0,0,0,0,0,0,0
GPB:bin_000095,15.251,0,0,0,0,0,0,0,0,0.708,0,0,0,0,0,0,0,0,0,0,0,0,0,0,0,0,0,0,0,0,0,0,0,0,0,0,0,0,0,0,8.826,0,0,0,0,0,0,0,0,1.469,0,0,0,0,0,0,0,0,0,0,10.249,0,0,0,0,0,6.377,0,0,0,0,0,2.53,0,0,0,0,4.02,3.929,0,0,0,0,0,0,0,0,0,0,0,0,0,0,0,8.249,0,0,0,0,0,0,0,0,0,0,0,0,0,0,0,0,0,0,0
GPB:bin_000097,1.884,0,0,2.117,0,0,0,0,0,0.665,4.345,0,0,0,0,0,0,0,0,0,1.93,0,0,1.483,0,0,0,0,0,0,1.963,0,0,2.334,0,1.335,1.362,0,0,0,1.61,0,0,0.949,0,0,2.084,1.622,2.107,1.195,0,1.872,0,0,0,0,0,0,0,0,1.776,0,1.753,0,0,0.826,1.029,0,0,0,0,0.734,2.691,1.87,0,1.308,0,2.723,0.995,1.288,1.25,1.861,0,0,1.643,1.152,0,0,0,0,0,3.273,1.798,0,2.069,0.703,0,1.8,3.367,2.832,2.049,1.177,1.413,1.448,0,1.596,1.244,0.986,0,0,0,0.999,0,0
GPB:bin_000099,0,0,0,0,0,0,0,0,0,0,0,0,0,0,0,0,0,0,0,0,0,0,0,0,0,0,0,0,0,0,0,0,0,0,0,0,0,0,0,0,51.073,0,0,0,0,0,0,0,0,0,0,0,0,0,0,0,0,0,0,0,83.185,0,0,0,0,0,11.314,0,0,0,0,0,5.179,0,0,0,0,0,17.234,0,0,0,0,0,0,0,0,0,0,0,0,0,0,0,16.561,0,0,0,0,0,0,0,0,0,0,0,0,0,0,0,0,0,0,0
GPB:bin_000100,0,0,0,0,38.934,0,0,0,225.475,0,0,0,0,0,0,0,0,0,0,8.579,0,0,6.197,0,0,0,0,0,0,71.224,0,0,0,0,0,21.392,0,0,0,0,0,0,0,143.706,0,0,0,77.054,0,0,0,0,0,0,0,0,0,0,0,0,0,0,0,0,0,0,0,30.332,0,0,0,0,0,0,0,0,0,0,0,0,0,0,0,0,0,0,0,0,0,0,0,0,0,0,0,0,0,0,0,0,0,0,0,0,0,135.461,0,0,0,0,0,0,0,0
GPB:bin_000104,52.726,0,5.441,104.687,29.256,137.314,28.675,40.957,71.662,36.637,190.785,76.847,5.141,27.858,53.895,47.16,76.312,60.476,41.781,25.868,94.216,92.401,179.265,202.809,194.593,24.534,43.275,0,0,129.159,53.998,0,92.83,78.993,18.35,55.698,96.841,64.559,32.401,13.783,50.252,47.146,31.462,82.793,90.297,42.202,55.159,129.055,244.293,229.396,3.277,83.631,81.033,53.006,73.795,61.386,17.934,145.502,7.882,49.821,52.28,0,116.085,14.019,31.785,58.231,22.956,62.417,15.214,39.036,5.531,145.829,54.601,67.749,0,24.026,192.946,75.214,81.404,12.483,18.798,20.276,36.256,47.252,31.48,63.15,77.112,52.335,107.551,46.616,22.735,124.913,77.833,51.299,37.965,29.086,12.556,50.943,138.777,57.511,51.839,55.458,118.551,42.555,65.729,70.956,112.611,35.414,16.66,58.895,21.92,38.038,0,0
GPB:bin_000111,0,0,7.404,37.198,0,0,0,5.396,0,4.918,2.316,26.563,76.562,58.537,55.993,31.867,4.768,23.134,0,3.051,104.339,9.822,0,0,63.234,41.079,4.733,182.793,83.576,0,71.596,2.936,0,21.307,130.203,4.217,5.145,0,0,0,5,7.537,18.942,0,6.33,284.836,27.73,0,17.793,6.46,61.137,30.887,0,72.797,46.078,8.413,107.099,0,20.72,0,3.456,78.577,4.213,0,11.725,16.251,3.878,0,0,0,34.768,32.899,5.042,21.669,0,0,0,8.138,3.107,31.591,4.876,23.04,63.462,8.506,59.626,28.248,0,13.438,0,0,40.948,46.007,12.197,44.663,5.369,4.314,63.914,27.338,35.769,7.626,49.15,0,75.27,35.808,82.708,0,3.248,16.952,59.24,0,0,2.011,0,0
GPB:bin_000112,0,0,338.344,11.141,17.719,0,0,9.705,20.139,0,0,3.476,135.163,0,0,0,0,0,0,23.714,31.37,0,20.482,0,0,5.622,0,0,0,15.392,23.071,0,0,24.154,8.731,20.584,9.616,0,0,0,0,36.943,0,7.234,110.097,0,27.738,23.128,13.759,0,27.025,0,0,35.206,49.928,0,9.445,0,94.838,0,0,0,10.798,0,0,22.858,0,23.362,0,71.444,10.17,22.002,0,11.31,0,11.615,0,0,0,22.096,18.298,27.95,8.645,0,17.709,32.61,0,0,0,0,9.295,9.941,20.393,5.221,0,0,3.882,10.436,31.52,7.86,29.954,0,0,8.4,20.797,13.3,0,60.724,7.08,0,0,8.303,0,0
GPB:bin_000113,0,0,0,0,0,0,0,0,0,0,122.951,0,0,0,0,0,0,0,0,0,0,0,0,0,0,0,0,0,0,0,0,0,0,0,0,0,0,0,0,0,3.78,0,0,0,0,0,0,0,0,0,0,0,0,0,0,0,0,0,0,0,0,0,7.975,0,0,0,0,0,0,0,0,0,0,0,0,0,0,0,0,0,0,0,0,0,0,0,0,0,0,0,0,52.089,0,0,0,0,0,0,0,34.01,0,0,0,0,0,0,0,0,0,0,0,0,0,0
GPB:bin_000114,0,0,0,0,2.073,0,0,0,0,0,0,0,0,0,0,0,0,0,0,51.069,0,0,0,0,0,0,0,0,0,0,0,0,0,0,0,0,0,0,0,0,0,0,0,0,0,0,0,0,0,0,0,0,0,0,0,0,0,0,0,0,0,0,0,0,0,0,0,0,0,0,0,0,0,0,0,0,0,0,0,0,0,0,0,0,0,0,0,0,0,0,0,0,0,0,0,0,0,0,0,0,0,0,0,0,0,0,0,0,0,0,0,0,0,0
GPB:bin_000115,0.776,0,8.928,0.752,0.737,0,2.406,0.64,1.864,0,1.004,0,3.839,0,0,3.033,1.473,0,0,0,0.786,15.872,0,1.709,0,0,0,0,8.427,0.627,1.326,0,0,2.091,0,0,0,1.528,0.607,0,0,2.46,1.282,1.208,0.82,0,1.802,0,0.819,1.012,3.4,3.331,3.075,0,0,4.216,0.659,8.274,1.933,0,0,0,1.089,0.87,0,0.86,0,0,2.162,1.055,8.857,1.029,3.976,0,0,2.128,0,0,1.368,0.681,1.504,0.779,1.197,0,1.25,3.855,6.871,0.809,1.777,3.354,0,0,1.146,7.269,0.841,1.645,2.603,0,2.758,0,0.769,6.718,3.154,0,0.59,1.188,1.222,2.844,0,1.903,5.761,0,0,0
GPB:bin_000116,5.011,0,0,0,3.556,0,0,27.971,4.588,0,2.819,0,0,0,0,0,0,8.688,0,27.098,9.318,3.06,0,5.939,0,0,0,0,0,0,4.17,0,2.197,0,0,3.094,0,0,2.978,0,0,0,0,0,0,0,0,0,0,3.526,0,0,0,0,0,0,0,0,0,0,0,0,0,2.978,0,0,1.536,4.51,0,0,7.324,5.805,15.348,2.5,0,0,0,0,4.133,0,0,0,2.198,0,3.411,0,0,0,0,0,4.505,0,0,1.924,2.664,0,0,0,0,0,6.781,0,0,4.375,0,0,0,0,3.63,0,0,0,0,0
GPB:bin_000119,0,0,0,0,0,0,0,0,0,0,0,0,0,0,0,0,0,0,0,0,0,0,0,0,0,0,0,0,0,0,0,0,0,0,0,0,0,0,0,0,0,0,0,0,0,0,0,0,0,0,0,0,0,0,0,0,0,0,0,0,0,0,5.532,0,0,0,0,0,0,0,0,0,0,0,0,0,0,0,0,0,0,0,0,0,0,0,0,0,0,0,0,0,0,0,0,0,0,0,0,135.49,0,0,0,0,0,0,0,0,0,0,0,0,0,0
GPB:bin_000122,0,0,0,0,0,0,0,0,0,0,0,0,0,0,0,0,0,0,0,0,0,0,0,0,0,2.095,0,0,0,0,0,0,0,0,0,0,0,0,0,0,10.394,0,0,0,0,0,0,0,0,0,0,0,0,0,0,0,0,0,0,0,0,0,0,0,0,0,14.21,0,0,0,0,2.581,0,0,0,0,0,0,0,0,0,2.598,0,0,0,0,0,0,0,0,0,0,0,2.534,0,0,0,0,0,0,0,0,0,0,0,0,0,0,0,0,0,0,0,0
GPB:bin_000123,13.187,0,0,34.653,7.228,0,18.767,71.147,72.959,3,22.84,0,0,0,0,0,0,32.295,0,5.536,0,18.903,77.314,5.468,0,0,0,0,0,55.465,0,0,48.078,0,0,68.235,0,0,48.713,0,6.161,0,0,41.607,0,0,9.476,60.951,29.692,7.165,0,16.565,0,0,0,30.643,0,20.422,0,0,12.103,0,94.379,15.98,0,26.313,15.79,32.843,20.187,0,0,0,25.358,0,0,13.833,0,16.615,7.434,9.8,0,14.225,0,15.437,0,23.093,6.132,0,18.38,0,0,46.909,29.101,0,14.305,5.871,0,5.506,31.948,17.561,0,26.965,0,0,0,65.478,10.634,0,0,27.158,0,25.299,0,0
GPB:bin_000124,10.458,0,31.218,14.588,0,0,0,0,0,3.704,11.664,11.863,7.604,0,0,26.677,42.718,0,32.937,0,28.333,0,0,0,24.172,15.994,0,28.729,0,0,17.874,0,0,17.132,0,0,8.857,32.429,0,0,6.696,46.304,23.018,0,15.815,0,20.434,0,7.05,12.339,11.901,21.332,37.762,10.137,17.15,0,22.985,0,12.913,29.576,6.656,5.406,9.983,0,0,5.219,6.521,0,0,35.928,29.801,27.522,5.675,17.381,0,9.962,0,6.771,6.74,14.941,3.301,14.346,19.128,0,17.599,11.528,0,9.092,0,20.391,15.396,22.285,7.518,12.476,5.238,11.844,8.432,9.579,14.521,9.484,23.379,0,24.419,16.497,13.932,0,14.103,9.566,20.452,0,0,8.808,0,0
GPB:bin_000125,11.108,0,0,0,0,0,0,0,0,6.681,0,0,0,0,0,0,0,0,0,0,0,0,0,0,0,0,0,0,0,0,0,0,0,0,0,0,0,0,0,0,2.357,0,0,0,0,0,0,0,0,26.304,0,0,0,0,0,0,0,0,0,0,5.024,0,0,0,0,0,4.408,0,0,0,0,0,8.682,0,0,0,0,0,4.596,0,0,0,0,0,0,0,0,0,0,0,0,0,0,0,11.276,0,0,0,0,0,0,0,0,0,0,0,0,0,0,0,0,0,0,0
GPB:bin_000126,6.17,0,0,6.291,0,0,0,0,0,0,0,29.854,0,21.531,0,12.279,78.644,0,33.437,0,6.798,10.032,0,0,6.587,0,0,0,0,0,7.979,0,0,8.971,17.594,0,6.222,44.338,0,0,3.39,28.722,40.694,0,0,6.983,4.59,0,0,4.152,19.569,7.432,27.139,4.417,8.076,0,4.665,13.735,0,0,0,0,4.678,0,0,4.189,2.726,0,4.571,22.451,0,7.426,4.064,3.273,0,5.8,0,4.138,4.147,4.341,6.572,5.392,4.872,0,9.64,4.601,5.784,0,10.804,26.404,2.811,0,3.908,3.187,4.279,32.471,2.924,3.688,4.709,0,8.404,13.901,5.704,0,3.259,0,5.44,6.349,3.876,7.991,0,2.287,0,0
GPB:bin_000127,0,0,0,0,18.757,11.435,13.598,26.928,23.786,0,0,21.817,0,0,0,0,0,37.478,0,18.247,89.527,0,27.177,30.215,0,37.149,0,0,0,21.639,43.102,0,22.968,0,0,10.227,0,0,18.45,26.083,0,0,0,29.529,0,0,0,18.667,0,0,0,0,0,29.982,50.576,0,70.708,0,0,0,0,38.317,0,17.666,0,0,0,30.492,0,0,124.874,59.213,0,27.212,0,0,22.486,0,0,0,0,0,31.888,0,38.507,0,0,0,0,0,27.688,0,0,40.291,0,0,35.173,0,0,0,46.056,0,0,40.642,17.421,31.194,0,0,47.805,0,0,0,0,0
GPB:bin_000129,0,0,0,0,0,0,0,0,0,0,0,0,0,0,0,0,0,0,0,0,0,0,0,0,0,0,0,0,0,0,0,0,0,0,0,0,0,0,0,0,0,0,0,0,0,0,0,0,0,0,0,0,0,0,0,0,0,0,0,0,46.718,0,0,0,0,0,0,0,0,0,0,0,0,0,0,0,0,0,0,0,0,0,0,0,0,0,0,0,0,0,0,0,0,0,0,0,0,0,0,0,0,0,0,0,0,0,0,0,0,0,0,0,0,0
GPB:bin_000130,33.024,0,42.062,16.494,18.003,0,0,0,0,9.702,5.139,17.718,3.87,28.715,0,68.009,30.451,0,57.841,11.332,59.422,37.951,0,0,66.751,29.191,0,59.432,0,0,60.709,0,0,14.761,35.455,27.501,7.121,22.549,0,0,26.106,6.235,29.801,0,16.821,94.363,27.618,24.234,8.204,27.899,17.484,43.317,44.55,29.97,53.229,29.142,52.253,35.959,23.269,55.288,48.566,31.562,7.054,0,0,17.888,24.081,22.756,25.449,5.084,40.028,43.562,36.069,28.074,0,17.948,0,19.13,28.321,20.702,12.318,19.369,42.873,0,40.486,32.364,21.376,15.102,52.674,16.77,38.775,17.943,12.692,28.697,23.943,20.085,22.509,22.273,23.342,4.514,41.237,25.399,31.156,26.359,32.88,30.416,24.49,9.01,38.219,13.477,24.46,8.28,0,0
GPB:bin_000131,49.264,0,53.024,33.82,0,0,0,0,0,3.081,143.861,7.293,0,0,0,16.844,53.591,0,20.598,0,11.498,48.929,0,0,123.096,1.489,0,0,0,0,3.417,0,0,213.769,22.616,0,163.386,58.46,0,0,35.192,164.011,52.755,0,3.132,0,70.38,0,156.223,9.383,124.001,36.258,91.438,0,4.02,4.52,4.824,16.631,50.03,0,12.842,0,96.897,0,0,54.292,12.578,0,21.502,33.293,27.817,5.557,5.167,3.714,0,15.946,0,6.027,4.98,16.049,133.792,8.052,3.487,0,6.236,2.293,4.218,3.463,5.301,50.836,1.28,99.322,50.632,6.444,8.73,5.996,3.999,4.058,118.382,26.459,10.187,7.103,21.572,5.045,1.758,0,9.54,64.251,5.682,3.458,25.813,28.176,0,0
GPB:bin_000132,0,0,0,0,0,0,0,0,0,0,0,0,0,0,0,0,0,0,0,0,0,0,0,0,0,0,0,0,0,0,0,0,0,0,0,0,0,0,0,0,14.244,0,0,0,0,0,0,0,0,0,0,0,0,0,0,0,0,0,0,0,32.298,0,0,0,0,0,26.06,0,0,0,0,0,0,0,0,0,0,35.963,32.007,0,0,0,0,0,0,0,0,0,0,0,0,0,0,0,55.172,0,0,0,0,0,0,0,0,0,0,0,0,0,0,0,0,0,0,0
GPB:bin_000133,0,0,0,31.836,0,0,0,0,0,0,46.118,0,0,0,0,0,0,0,0,0,0,0,0,0,0,0,0,0,0,0,0,0,0,24.004,0,0,8.446,0,0,0,0,0,0,0,0,0,0,0,23.627,0,15.338,0,0,0,0,0,0,0,17.344,0,0,0,31.35,0,0,22.42,0,0,0,0,0,0,0,0,0,0,0,0,0,0,11.483,0,0,0,0,0,0,0,0,0,0,44.772,19.875,0,0,0,0,0,35.58,19.88,0,0,0,0,0,0,0,31.369,0,0,0,13.412,0,0
GPB:bin_000135,6.452,0,0,10.904,7.395,280.049,31.952,46.754,28.802,4.398,15.431,27.562,0,0,31.016,9.444,8.845,74.368,9.479,5.711,14.775,23.333,39.492,71.142,13.299,4.899,0,0,0,24.961,17.422,0,28.344,11.027,0,23.4,6.547,7.795,70.074,446.23,30.915,0,17.141,27.283,0,10.253,82.732,29.077,10.201,33.85,24.719,46.491,8.871,4.953,7.102,16.858,7.615,87.591,0,8.799,28.756,0,4.5,28.01,27.704,8.545,17.016,7.602,3.165,0,8.81,9.693,21.787,7.252,0,4.094,300.973,41.407,23.36,5.229,15.439,25.716,6.948,6.669,8.343,23.031,10.82,3.3,4.849,4.646,4.809,10.163,9.1,6.382,47.279,4.256,4.881,28.08,8.314,3.546,7.21,17.945,91.841,6.249,8.851,8.365,14.587,5.467,5.963,13.643,2.872,11.491,0,0
GPB:bin_000136,8.024,0,0,0,0,0,0,0,0,0,0,0,0,0,0,0,0,0,0,2.322,0,12.597,0,0,0,0,0,0,0,0,0,0,0,0,0,0,0,0,0,0,6.578,0,0,0,0,0,0,3.236,0,0,0,0,0,0,0,0,0,0,0,0,6.64,0,0,0,0,0,19.349,0,0,0,0,0,38.092,0,0,0,0,0,16.685,0,0,0,0,0,0,0,0,0,0,0,0,0,0,0,57.247,0,0,0,0,0,0,0,0,0,0,0,0,0,0,0,0,0,0,0
GPB:bin_000137,5.323,0,0,2.246,0,0,0,0,0,1.995,2.191,0,0,0,0,0,0,0,0,0,0,4.713,0,0,0,0,0,0,0,0,0,0,0,0,0,0,0,0,0,0,2.706,0,0,0,0,0,2.766,0,1.65,3.694,0,0,0,0,0,2.553,0,5.298,0,0,2.996,0,2.637,0,0,0,2.136,0,1.46,0,0,0,2.998,0,0,0,0,3.458,3.238,0,0,2.383,0,0,0,1.931,3.031,0,3.878,0,0,3.409,1.599,0,3.239,0,0,0,3.093,1.552,0,4.009,0,0,0,0,0,0,0,2.242,0,1.226,0,0
GPB:bin_000139,0,0,0,4.582,0,0,0,0,0,0,0,0,0,0,0,0,0,0,0,0,0,1.576,0,0,0,0,0,0,0,0,0,0,0,0,0,0,0,0,0,0,0,0,0,0,0,0,0,0,4.474,1.856,0,0,0,0,0,0,0,0,0,0,0,0,0,0,0,3.851,8.08,0,0,0,0,0,1.419,0,0,0,0,13.027,0,0,14.933,0,0,0,0,0,0,0,0,0,0,0,1.534,0,0,0,0,0,0,0,0,0,0,0,0,0,0,0,0,0,0,0,0,0
GPB:bin_000140,5.053,29.667,14.078,2.16,16.989,45.792,37.593,19.72,34.618,2.281,2.445,8.594,9.64,9.947,41.472,38.052,38.151,40.565,25.605,11.795,12.722,11.268,31.78,27.84,51.593,1.755,43.171,90.573,33.317,32.18,9.753,38.054,33.889,3.447,26.509,17.839,2.801,17.236,31.576,28.978,6.843,11.874,13.633,39.77,11.615,53.145,13.084,10.778,1.366,5.459,2.969,17.244,48.625,6.618,34.467,16.203,3.241,15.147,14.237,119.524,4.016,40.306,2.113,27.274,51.309,1.759,1.649,62.354,11.993,7.97,12.386,5.602,5.957,3.033,86.448,7.11,22.911,4.571,1.327,6.118,4.377,9.187,9.419,28.316,10.956,6.419,6.34,3.76,9.453,19.223,1.943,3.443,1.4,2.839,1.377,17.188,2.88,12.951,5.355,2.824,7.223,10.362,12.736,1.898,33.497,51.008,12.753,4.065,3.391,4.075,10.366,1.152,0,0
GPB:bin_000141,13.513,0,0,0,0,0,0,0,0,5.235,0,0,0,0,0,0,0,0,0,0,0,21.579,0,0,0,0,0,0,0,0,0,0,0,0,0,0,0,0,0,0,3.06,0,0,0,0,0,0,0,0,6.287,0,0,0,0,0,4.91,0,18.942,0,0,4.789,0,0,0,0,0,2.549,0,5.043,0,0,0,8.515,0,0,0,0,6.158,6.597,0,0,0,0,0,0,0,12.924,0,6.011,0,0,0,0,0,4.628,0,0,0,0,0,0,13.003,0,0,0,0,0,0,0,7.266,2.21,0,0,0
GPB:bin_000142,8.962,0,0,0,0,0,0,0,0,3.447,0,0,0,0,0,0,0,0,0,0,0,36.417,0,0,0,0,0,0,0,0,0,0,0,0,0,0,0,0,0,0,4.401,0,0,0,0,0,0,0,0,13.476,0,0,0,0,0,0,0,21.914,0,0,4.967,0,0,0,0,0,3.566,0,0,0,0,0,7.992,0,0,0,0,5.208,6.652,0,0,0,0,0,0,0,4.106,0,0,0,0,0,0,0,4.2,0,0,0,0,0,0,15.351,0,0,0,0,0,0,0,9.593,4.079,0,0,0
GPB:bin_000143,66.948,166.024,136.388,35.146,6.64,124.439,12.251,10.654,48.642,38.004,5.231,82.425,202.115,440.543,260.877,153.424,40.23,33.092,58.62,5.155,180.957,315.05,79.522,115.28,60.036,14.768,173.277,73.094,200.968,43.729,88.982,129.453,14.832,19.907,116.553,66.996,11.724,70.403,32.656,72.132,27.028,97.532,48.661,38.445,67.738,205.994,26.924,77.799,87.182,144.276,27.136,31.934,42.424,120.152,48.034,260.941,21.243,154.008,27.678,93.757,40.272,165.74,34.919,26.454,245.364,4.958,40.751,31.197,88.081,74.903,37.193,12.024,135.534,64.427,358.527,64.285,106.014,22.532,52.494,35.744,34.821,22.278,96.285,130.657,70.15,93.118,127.4,34.419,66.742,95.9,48.853,2.738,13.378,34.334,40.628,30.303,11.531,20.311,5.58,2.058,43.339,127.282,55.47,30.495,111.548,87.512,40.624,20.054,18.693,73.587,28.05,21.723,0,0
GPB:bin_000145,0,3.04,0,0,0,0,0,0,0,0,0,0,0,0,0,0,0,0,0,0,0,0,0,0,0,0,0,0,3.113,0,0,0.575,0,0,0,0,0,0,0,0,0,0,0,0,11.08,0,0,0,0,0,0,0,0,0,0,0,0,0,0,0,0,1.675,0,0,0,0,0,0,0,0,0,0,0,0,0,0,0,0,0,0,0,0,0,0,0,0,0,0,0,0,0,0,0,0,0,0,0,0,0,0,0,0,0,0,0,0,0,0,0,0,0,0,0,0
GPB:bin_000146,0,0,0,0,5.334,75.421,33.552,18.01,27.347,0,0,15.11,0,58.721,0,9.596,4.192,15.819,48.329,4.074,11.546,0,29.274,40.585,9.505,0,19.317,34.539,0,31.505,17.115,0,33.119,0,33.895,5.721,0,11.003,35.706,42.636,0,0,3.041,22.834,0,60.615,3.387,5.727,0,0,0,3.614,23.55,3.704,5.302,0,3.569,0,0,64.637,0,25.316,0,18.133,3.684,0,0,20.365,0,0,0,26.066,0,9.48,0,2.219,35.798,0,0,2.578,0,3.193,12.713,18.316,17.254,2.537,0,2.026,0,2.651,5.068,0,0,2.666,0,4.131,0,2.076,0,0,19.69,0,4.963,2.362,15.857,9.631,3.07,0,3.259,0,0,0,0,0
GPB:bin_000147,0,0,0,0,121.094,47.099,46.612,152.681,147.07,0,4.484,0,0,0,0,0,8.365,8.871,0,3.925,6.608,0,48.524,36.199,18.968,3.966,0,0,0,63.653,3.66,0,65.867,0,0,82.688,0,10.31,96.884,18.55,0,0,7.72,59.517,0,0,0,18.389,0,0,0,14.887,0,0,0,0,0,0,0,0,0,0,11.408,84.083,0,0,0,107.528,0,0,0,3.828,7.171,3.087,0,0,9.818,0,0,0,0,26.624,0,0,0,4.854,0,8.296,0,25.319,3.581,14.188,11.423,0,3.918,7.941,0,0,0,12.124,0,0,7.142,3.935,0,61.125,9.965,0,0,0,0,15.862,0,0
GPB:bin_000148,0,0,0,2.314,0,0,0,0,0,0,4.443,87.653,0,0,0,0,0,0,0,0,12.466,0,0,0,0,1.691,0,0,0,0,20.258,0,0,0,0,0,0,0,0,0,0,0,0,0,0,0,3.831,0,0,0,0,0,0,0,11.081,0,9.221,0,0,0,0,0,104.705,0,0,0,0,0,0,0,143.565,2.491,0,2.545,0,0,0,0,0,2.113,4.141,0,1.588,0,2.201,0,0,0,0,0,0,4.074,14.089,17.296,0,0,6.852,14.274,0,3.906,3.921,0,0,3.304,0,0,0,0,4.191,0,0,22.691,0,0
GPB:bin_000149,0,0,0,0,0,0,0,0,0,3.75,0,0,0,0,0,0,0,0,0,0,0,0,0,0,0,0,0,0,0,0,0,0,0,0,0,0,0,0,0,0,1.732,0,0,0,0,0,0,0,0,0,0,0,0,0,0,0,0,0,0,0,3.174,0,0,0,0,0,1.291,0,0,0,0,0,0,0,0,0,0,1.607,0,0,0,0,0,0,0,0,0,0,0,0,0,0,0,0,4.536,0,0,0,0,0,0,0,0,0,0,0,0,0,0,0,0,0,0,0
GPB:bin_000151,0,0,0,0,10.198,0,0,0,0,0,0,0,0,0,0,0,0,0,0,7.742,0,0,0,0,0,0,0,0,0,0,0,0,0,0,0,4.245,0,0,0,0,0,0,0,0,0,0,0,2.905,0,0,0,0,0,0,0,0,0,0,0,0,0,0,0,0,0,0,0,3.33,0,0,0,0,0,0,0,0,0,0,0,0,0,0,0,0,0,0,0,0,0,0,0,0,0,0,0,0,0,0,0,0,0,0,0,0,0,3.841,0,0,0,0,0,0,0,0
GPB:bin_000152,0,0,0,5.596,4.652,0,0,0,0,0,13.692,0,0,0,0,0,0,0,0,2.458,5.649,0,0,0,0,5.382,0,0,0,7.479,0,16.511,0,0,0,8.65,0,0,0,0,0,0,0,0,0,0,0,0,0,0,0,0,0,0,0,0,0,0,0,0,0,0,16.908,0,0,4.334,0,0,0,0,0,0,0,0,0,0,0,0,0,0,0,0,0,0,0,0,0,0,0,0,0,5.578,2.038,0,0,0,0,0,0,8.851,0,0,0,2.758,0,13.382,0,0,0,0,0,6.679,0,0
GPB:bin_000153,0,0,0,0,0,0,0,0,0,0,0,0,0,0,0,0,0,0,0,0,0,0,0,0,0,0,0,0,0,0,0,0,0,0,0,0,0,0,0,0,0,0,0,0,0,0,0,0,0,0,0,0,0,0,0,0,0,0,0,0,0,0,0,0,0,0,0,0,0,0,0,0,0,0,0,0,0,0,0,0,0,0,0,0,0,0,0,0,0,0,0,0,0,0,0,0,0,0,0,36.962,0,0,0,0,0,0,0,0,0,0,0,0,0,0
GPB:bin_000154,0,0,0,0,0,0,0,0,0,0,0,0,0,0,0,0,0,0,0,0,0,0,0,0,0,0,0,0,0,0,0,0,0,0,0,0,0,0,0,0,5.642,0,0,0,0,0,0,0,0,0,0,0,0,0,0,0,0,0,0,0,6.124,0,0,0,0,0,2.983,0,0,0,0,0,0,0,0,0,0,0,0,0,0,0,0,0,0,0,0,0,0,0,0,0,0,0,5.181,0,0,0,0,0,0,0,0,0,0,0,0,0,0,0,0,0,0,0
GPB:bin_000155,0,0,0,0,3.23,0,0,0,0,0,0,0,0,0,0,0,0,0,0,5.406,0,0,0,0,0,0,0,0,0,6.158,0,0,0,0,0,10.037,0,0,0,0,0,0,0,0,0,0,0,0,0,0,0,0,0,0,0,0,0,0,0,0,0,0,0,0,0,0,0,0,0,0,0,0,0,0,0,0,0,0,0,0,0,0,0,0,0,0,0,0,0,0,0,0,0,0,0,0,0,0,0,0,0,0,0,0,0,2.613,0,0,0,0,0,0,0,0
GPB:bin_000156,1.542,0,0,0,0,0,0,0,0,1.004,0,0,0,0,0,0,0,0,0,0,0,0,0,0,0,0,0,0,0,0,0,0,0,0,0,1.263,0,0,0,0,1.288,0,0,0,0,0,3.84,0,0,3.067,0,0,0,0,0,0,0,0,0,0,3.063,0,0,0,0,0,3.593,0,0,0,0,0,4.988,0,0,5.195,0,5.018,0,7.62,0,1.429,0,0,0,7.187,3.059,0,0,0,0,0,0,0,7.203,0,2.239,2.028,0,0,0,0,0,0,0,0,0,0,0,0,0,0,0,0
GPB:bin_000159,0,0,0,0,2.492,0,0,3.912,0,0,0,0,0,0,0,0,0,9.775,0,1.846,0,0,0,0,0,7.187,0,0,0,1.384,0,0,0,0,0,0,0,0,0,0,0,0,0,0,0,0,0,0,0,0,0,0,0,0,0,0,3.86,0,0,0,0,0,0,1.224,0,0,0,2.425,0,0,0,0,0,0,0,0,0,0,0,0,0,0,0,0,0,0,0,0,0,0,0,0,0,0,0,0,0,0,0,0,0,0,0,0,0,0,0,0,3.054,0,0,0,0,0
GPB:bin_000161,0,0,0,0,0,0,0,0,0,0,0,0,0,0,0,0,0,0,0,5.12,0,0,0,0,0,0,0,0,0,0,0,0,0,0,0,0,0,0,0,0,0,0,0,0,0,0,0,0,0,0,0,0,0,0,0,0,0,0,0,0,0,0,0,0,0,0,0,0,0,0,0,0,0,0,0,0,0,0,0,0,0,0,0,0,0,0,0,0,0,0,0,0,0,0,0,0,0,0,0,0,0,0,0,0,0,0,0,0,0,0,0,0,0,0
GPB:bin_000163,0,0,0,0,0,0,0,0,0,0,0,0,0,0,0,0,0,0,0,0,0,0,0,0,0,0,0,0,0,0,0,0,0,0,0,0,0,0,0,0,0,0,0,0,0,0,0,0,0,0,0,1.476,0,0,0,0,0,0,0,0,20.223,0,0,0,0,0,0,0,0,0,0,0,0,0,0,0,0,0,0,4.964,0,0,0,0,0,0,0,0,0,0,0,0,0,0,0,0,0,0,0,0,0,0,0,0,0,0,0,0,0,0,0,0,0,0
GPB:bin_000166,0,0,0,0,16.846,0,5.465,13.342,33.157,0,9.433,6.872,0,13.817,34.674,13.15,14.665,21.587,27.941,7.596,16.334,0,17.359,39.196,12.978,28.487,38.627,0,0,32.576,18.938,0,13.529,0,23.771,23.801,0,26.735,28.234,7.69,0,0,12.209,28.563,0,44.893,9.858,26.082,0,0,0,25.856,21.417,8.12,4.373,0,17.496,0,0,0,0,0,10.291,28.686,43.681,0,2.822,24.096,0,0,41.657,24.27,0,12.527,0,19.878,17.999,0,0,16.071,0,23.526,5.977,36.904,17.183,37.648,0,11.611,0,14.247,9.453,11.463,0,18.15,0,10.672,13.157,8.045,0,5.663,15.336,0,19.106,23.099,10.344,34.292,22.109,0,19.709,0,0,4.192,0,0
GPB:bin_000168,0,0,0,0,0,0,0,0,0,0,0,0,0,0,0,0,0,0,0,0,0,0,0,0,0,0,0,0,0,0,0,0,0,0,0,0,0,0,0,0,1.588,0,0,0,0,0,0,0,0,0,0,0,0,0,0,0,0,0,0,0,3.281,0,0,0,0,0,3.718,0,0,0,0,0,0,0,0,0,0,2.902,0,0,0,0,0,0,0,0,0,0,0,0,0,0,0,0,4.763,0,0,0,0,0,0,0,0,0,0,0,0,0,0,0,0,0,0,0
GPB:bin_000170,0,0,0,0,2.319,0,0,0,2.144,0,1.205,0,0,0,0,0,0,0,0,2.192,0,0,2.582,0,0,0,0,0,0,1.252,0,0,0,0,0,0.912,0,0,0,0,0,0,0,0.819,0,0,0,1.228,0,0,0,0,0,0,0,0,0,0,0,0,0,0,0,0,0,0,0,0.889,0,0,0,0,0,0,0,0,0,0,0,0,0,0,0,0,0,0,0,0,0,0,0,1.054,0,0,0,0,0,0,0,1.139,0,0,0,0,0,0.729,0,0,0,0,0,0,0,0
GPB:bin_000171,8.878,0,0,0,0,0,0,0,10.294,2.408,2.266,0,0,0,0,4.276,2.621,0,5.448,0,0,6.566,8.339,0,4.456,0,0,0,0,0,0,6.457,0,0,0,6.877,0,3.038,0,0,3.003,0,3.367,4.199,0,0,4.617,7.806,0,5.33,0,12.727,7.439,0,0,5.544,0,8.678,0,3.669,5.523,0,6.357,0,0,0,11.272,0,5.993,0,0,0,6.731,0,0,7.532,0,2.651,3.156,7.687,0,5.383,0,0,0,9.176,4.197,2.421,6.305,5.194,0,4.84,0,2.518,7.002,3.421,0,6.626,2.76,3.114,0,5.112,8.181,5.615,3.526,5.794,3.508,0,0,3.848,2.516,2.132,0,0
GPB:bin_000172,27.122,0,0,0,0,0,0,0,0,4.655,0,0,0,0,0,0,0,0,0,0,0,9.994,0,0,0,0,0,0,0,0,0,0,0,0,0,0,0,0,0,0,11.148,0,0,0,0,0,0,0,0,7.13,0,0,0,0,0,0,0,9.289,0,0,12.473,0,0,0,0,0,5.038,0,0,0,0,0,8.599,0,0,0,0,9.254,7.179,0,0,0,0,0,0,0,3.276,0,0,0,0,0,0,0,18.295,0,0,0,0,0,0,4.435,0,0,0,0,0,0,0,1.957,1.964,0,0,0
GPB:bin_000173,12.721,26.833,0,0,0,0,0,0,0,4.243,0,0,0,0,0,0,0,0,0,0,0,18.204,0,0,0,6.547,0,0,26.643,0,0,32.285,0,0,0,0,0,0,0,0,7.216,0,0,0,0,0,0,0,0,11.167,0,0,0,0,0,11.138,7.933,15.871,0,0,9.226,0,0,0,0,0,6.959,0,7.04,0,0,0,13.378,0,14.985,0,0,7.29,9.546,0,0,0,0,0,0,0,12.518,0,11.928,0,0,0,0,0,10.686,0,3.443,0,0,0,0,9.786,0,6.204,0,0,0,0,7,4.448,4.302,0,0,0
GPB:bin_000175,0,0,0,49.958,4.238,0,10.99,12.803,16.052,0,3.758,0,0,0,0,0,0,4.072,0,16.776,0,0,41.257,0,0,0,0,0,0,6.56,0,0,1.004,0,0,1.606,0,0,2.624,0,0,0,0,4.765,0,0,0,2.353,14.698,0,0,0,0,0,0,0,0,0,0,0,0,0,50.135,5.31,0,20.161,0,36.71,0,0,0,0,0,0,0,0,0,0,0,0,0,0,0,0,0,0,0,0,0,0,0,5.043,14.306,0,0,0,0,0,0,47.504,0,0,0,0,0,8.667,0,0,0,0,0,18.321,0,0
GPB:bin_000176,0,0,0,0,5.36,0,0,0,0,0,0,0,0,0,0,0,0,0,0,0,0,0,0,0,0,0,0,0,0,0,0,0,0,0,0,0,0,0,0,0,0,0,0,0,0,0,0,0,0,0,0,0,0,0,0,0,0,0,0,0,0,0,0,0,0,0,0,0,0,0,0,0,0,0,0,0,0,0,0,0,0,0,0,0,0,0,0,0,0,0,0,0,0,0,0,0,0,0,0,0,0,0,0,0,0,0,0,0,0,0,0,0,0,0
GPB:bin_000177,0,0,0,0,0,0,0,0,0,0,0,0,0,0,0,0,0,0,0,0,0,0,0,0,0,0,0,0,0,0,0,0,0,0,0,0,0,0,0,0,0,0,0,0,0,0,0,0,0,0,0,0,0,0,0,0,0,0,0,0,0,0,8.073,0,0,0,0,0,0,0,0,0,0,0,0,0,0,0,0,0,0,0,0,0,0,0,0,0,0,0,0,0,0,0,0,0,0,0,0,19.426,0,0,0,0,0,0,0,0,0,0,0,0,0,0
GPB:bin_000178,0,0,0,0,0,0,0,0,0,2.251,0,0,0,0,0,0,0,0,0,0,0,0,0,0,0,0,0,0,0,0,0,0,0,0,0,0,0,0,0,0,9.283,0,0,0,0,0,0,0,0,0,0,0,0,0,0,0,0,0,0,0,2.694,0,0,0,0,0,3.33,0,0,0,0,0,0,0,0,0,0,0,0,0,0,0,0,0,0,0,0,0,0,0,0,0,0,0,0,0,0,0,0,0,0,0,0,0,0,0,0,0,0,0,0,0,0,0
GPB:bin_000181,15.077,0,0,0,8.669,0,8.124,5.609,29.141,7.092,0,0,0,0,0,0,0,11.929,0,8.632,0,26.816,14.729,9.801,0,0,0,0,0,10.192,0,0,10.989,0,0,21.297,0,0,17.792,0,9.078,0,0,15.19,0,0,5.079,25.02,0,18.607,0,0,0,0,0,23.23,0,20.865,0,0,8.668,0,0,21.429,0,0,7.323,9.157,7.04,0,0,0,5.944,0,0,0,6.393,17.126,9.474,6.475,0,0,0,0,0,5.449,10.698,0,18.179,0,0,0,0,0,12.913,0,0,3.445,0,0,0,26.326,0,0,0,20.797,0,0,0,9.888,10.87,0,0,0
GPB:bin_000183,0,0,0,0,0,0,0,0,0,0,1.735,0,0,0,0,0,0,0,0,0,0,0,0,0,0,0,0,0,0,0,0,0,0,17.235,0,0,0,0,0,0,0,0,0,0,0,0,0,0,0,0,0,0,0,0,0,0,0,0,0,0,0,0,0,0,0,0,0,0,0,0,0,0,0,0,0,0,0,0,0,0,0,0,0,0,0,0,0,0,0,0,0,1.808,0,0,0,0,0,0,3.734,4.391,0,0,0,0,0,0,0,1.63,0,0,0,0,0,0
GPB:bin_000184,21.895,31.652,0,20.928,10.573,0,25.269,16.515,51.712,6.759,19.444,12.895,0,22.125,0,0,24.336,18.515,0,6.608,31.622,29.969,47.968,30.99,0,25.779,0,0,47.318,50.311,58.392,31.852,26.17,45.235,13.188,20.595,26.421,17.085,39.239,4.291,33.072,0,24.136,35.323,0,12.067,57.705,21.002,13.783,35.602,20.846,30.096,0,8.101,16.661,58.761,29.97,27.413,3.436,0,16.053,0,37.413,46.447,0,19.485,4.221,40.038,8.582,0,35.951,55.708,16.201,35.857,96.018,28.445,13.192,9.312,14.548,30.466,13.56,16.768,48.368,0,42.191,106.222,27.824,10.41,21.242,14.409,38.951,44.779,9.735,28.335,17.537,17.98,13.895,28.292,35.642,13.393,21.815,20.928,26.102,41.663,16.116,39.414,21.237,24.339,29.934,10.801,9.967,17.137,0,0
GPB:bin_000185,2.956,0,0,0,0,0,0,0,0,0,0,0,0,0,0,0,0,0,0,0,0,0,0,0,0,0,0,0,0,0,0,0,0,0,0,0,0,0,0,0,4.075,0,0,0,0,0,0,0,0,0,0,0,0,0,0,0,0,0,0,0,16.643,0,0,0,0,0,12.182,0,0,0,0,0,12.8,0,0,0,0,34.516,2.84,0,0,0,0,0,0,0,0,0,0,0,0,0,0,0,6.586,0,0,0,0,0,0,0,0,0,0,0,0,0,0,0,0,0,0,0
GPB:bin_000186,0,0,0,0,2.053,0,0,0,0,0,0,0,0,0,0,0,0,0,0,1.518,0,0,0,0,0,2.466,0,0,0,1.778,0,0,0,0,0,0,0,0,0,0,0.791,0,0,0,0,0,1.681,0,0,0,0,1.196,0,0,0,0,4.669,0,0,0,1.947,0,0,0,0,0,2.864,0,0,0,5.297,2.867,0,1.82,0,1.815,0,0.659,0,1.138,0,1.714,0,0,0,2.218,0,0,0,0,1.853,0,0,1.965,1.193,0,1.898,0,0,0,0,0,0.696,1.742,0,0,0.717,0,2.979,0,0,0,0,0
GPB:bin_000189,0,0,0,4.566,0,0,0,0,0,0,4.232,0,0,0,0,0,0,0,0,0,0,0,0,0,0,0,0,0,0,0,0,0,0,8.936,0,0,3.362,0,0,0,0,0,0,0,0,0,0,0,5.586,0,6.889,0,0,0,0,0,0,0,0,0,0,0,3.824,0,0,4.662,0,0,0,0,0,0,0,0,0,0,0,0,0,0,0,0,0,0,0,0,0,0,0,0,0,7.047,0,0,0,0,0,0,9.437,0,0,0,0,0,0,0,0,0,0,0,0,0,0,0
GPB:bin_000190,23.067,0,0,0,0,0,0,0,0,6.918,0,0,0,0,0,0,0,0,0,0,0,63.612,0,0,0,0,0,0,0,0,0,0,0,0,0,0,0,0,0,0,0,0,0,0,0,0,0,0,0,11.506,0,0,0,0,0,0,0,11.686,0,0,0,0,0,0,0,0,3.652,0,0,0,0,0,6.355,0,0,0,0,8.702,0,0,0,0,0,0,0,0,8.23,0,3.081,0,0,0,0,0,0,0,0,0,0,0,0,25.522,0,0,0,0,0,0,0,47.593,70.373,0,0,0
GPB:bin_000192,0,0,0,0,0,0,0,0,0,2.267,0,0,0,0,0,0,0,0,0,0,1.717,0,0,0,0,0,0,0,0,0,0,0,0,0,0,0,0,0,0,0,1.952,0,1.795,0,0,0,1.633,0,0,0,0,1.626,0,0,0,0,0,0,0,0,0.965,0,0,0,0,0,0,0,0,0,2.471,1.401,1.464,0,0,1.228,0,1.377,0,1.56,0,0,0,0,1.218,0,0,0.887,0,0,0,0,0,0,1.066,1.061,0,0,0,0,0,0,2.76,0,0,2.601,1.467,0,0,0,0,0,0,0
GPB:bin_000193,1.043,0,0,0,0,0,0,0,0,0,0,0,0,0,0,0,0,0,0,0,0,0,0,0,0,0.825,0,0,0,0.685,0,0,0,0,0,0,0,0,0,0,0.719,0,0,0.675,0,0,1.229,0,0,1.15,0,0,0,0,0,0,1.408,0,0,0,0.604,0,0,0,0,0,0.8,0,0,0,0,0,0.694,0,0,0,0,0.657,0.651,0.645,0,0.661,0,0,0,0.974,0,0,0,0,0,0,0,0,0,0,0.87,0,0,0,0,0,0,0.698,0,0.701,0,0,1.289,0,0,0,0,0
GPB:bin_000194,0,0,0,7.722,0,0,0,0,0,0,3.593,3.512,0,0,0,0,0,0,0,0,7.995,0,0,0,0,4.081,0,0,0,0,4.352,0,0,0,0,0,0,0,0,0,0,0,0,0,0,0,0,0,5.449,0,0,0,0,2.497,2.381,0,5.433,0,0,0,0,0,9.575,0,0,4.764,0,0,0,0,3.509,5.181,0,3.155,0,0,0,0,0,0,0,3.815,3.584,0,3.694,0,0,0,0,0,5.426,6.717,5.035,3.348,0,0,2.324,0,8.626,4.277,3.407,0,0,3.251,2.385,0,0,0,3.343,0,0,2.862,0,0
GPB:bin_000195,9.86,0,0,0,0,0,0,0,0,0.801,0,0,0,0,0,0,0,0,0,0,0,0,0,0,0,0,0,0,0,0,0,0,0,0,0,0,0,0,0,0,0.606,0,0,0,0,0,0,0,0,1.178,0,0,0,0,0,0,0,0,0,0,0.625,0,0,0,0,0,0.945,0,0,0,0,0,5.67,0,0,0,0,0,2.214,0,0,0,0,0,0,0,0,0,0,0,0,0,0,0,1.819,0,0,0,0,0,0,0,0,0,0,0,0,0,0,0,0,0,0,0
GPB:bin_000197,36.867,0,0,30.804,0,0,0,0,0,11.973,45.403,39.782,0,39.31,0,0,0,0,0,0,59.494,49.865,0,0,0,18.991,0,0,0,0,86.437,5.672,0,18.278,95.971,0,6.162,0,0,0,22.405,5.308,0,0,0,141.205,5.093,0,7.863,22.938,21.8,0,0,24.503,47.843,14.205,44.633,26.435,4.364,0,28.015,0,69.17,0,0,10.261,32.663,0,8.829,2.946,82.045,59.175,35.52,30.439,0,0,0,34.877,16.41,4.335,14.815,4.333,37.444,0,58.28,3.656,23.92,0,26.572,0,30.946,89.067,3.683,20.972,36.998,0,31.817,0,38.263,36.952,102.868,18.288,0,21.649,10.171,0,0,4.379,39.575,15.411,17.52,7.22,0,0
GPB:bin_000198,4.25,0,0,0,0,0,0,0,0,1.144,1.767,0,0,0,0,0,0,0,0,0,0,0,0,0,0,0,0,0,0,0,0,0,0,0,0,0,0,0,0,0,2.387,0,0,0,0,0,0,0,0,2.708,0,0,0,0,0,0,0,0,0,0,1.317,0,3.325,0,0,0,0.953,0,0,0,0,0,2.133,0,0,0,0,2.242,1.519,0,0,0,0,0,0,0,0,0,0,0,0,2.978,0,0,1.229,0,0,0,0,1.914,0,0,0,0,0,0,0,0,0,0,0,1.295,0,0
GPB:bin_000199,0,0,0,7.509,0,0,0,0,0,0,0,0,0,0,0,0,0,0,0,0,0,0,0,0,0,0,0,0,0,0,0,0,0,5.695,0,0,0,0,0,0,0,0,0,0,0,0,0,0,4.663,0,4.57,0,0,0,0,0,0,0,0,0,0,0,5.537,0,0,5.046,0,0,0,0,0,0,0,0,0,0,0,0,0,0,3.156,0,0,0,0,0,0,0,0,0,0,4.867,4.203,0,0,0,0,0,4.105,3.121,0,0,0,0,0,0,0,3.832,0,0,0,2.851,0,0
GPB:bin_000200,0,0,0.748,6.791,0,0,0,0,0,0,0,0,0,1.095,0,0,0,0,0,0,0,0,0,0,0,0,0,0,0,0,0,0,0,0.929,4.174,0,0,0,0,0,0,0,0,0,0,2.118,0,0,1.262,0,2.645,0,0,0,0,0,0,0,0,0,0,0,0,0,0,0,0,0,0,0,0,0,0,0,0,0,0,0,0,0,1.751,0,0,0,0,0,0,0,0,0,0,0,1.308,0,0,0,0,0,1.347,0,0,0,0,0,0,0,0,1.404,0,0,0,0,0,0
GPB:bin_000202,0,0,0,0,0,0,0,0,0,0,0,0,0,0,0,0,0,0,0,5.299,0,0,0,0,0,0,0,0,0,0,0,0,0,0,0,0,0,0,0,0,0,0,0,0,0,0,0,0,0,0,0,0,0,0,0,0,0,0,0,0,0,0,0,0,0,0,0,0,0,0,0,0,0,0,0,0,0,0,0,0,0,0,0,0,0,0,0,0,0,0,0,0,0,0,0,0,0,0,0,0,0,0,0,0,0,0,0,0,0,0,0,0,0,0
GPB:bin_000204,0,0,0,2.454,0,0,0,0,0,0,3.828,0,0,0,0,0,0,0,0,0,0,0,0,0,0,0,0,0,0,0,0,0,0,0,0,0,0,0,0,0,0,0,0,0,0,0,0,0,1.808,0,0,0,0,0,0,0,0,0,0,0,0,0,2.037,0,0,1.633,0,0,0,0,0,0,0,0,0,0,0,0,0,0,0,0,0,0,0,0,0,0,0,0,0,4.279,1.461,0,0,0,0,0,6.839,1.748,0,0,0,0,0,0,0,0,0,0,0,0,0,0
GPB:bin_000206,0,0,0,0,2.01,0,0,3.647,0,0,0,0,0,0,0,0,0,0,0,2.874,0,0,0,0,0,0,0,0,0,0,0,0,0,0,0,0,0,0,0,0,0,0,0,1.268,0,0,0,0,0,0,0,0,0,0,0,0,0,0,0,0,0,0,0,0,0,0,0,0,0,0,0,0,0,0,0,0,0,0,0,0,0,0,0,0,0,0,0,0,0,0,0,0,0,0,0,0,0,0,0,0,0,0,0,0,0,0,0,0,0,0,0,0,0,0
GPB:bin_000208,84.102,104.767,108.839,173.549,55.968,73.321,174.769,132.75,196.362,59.78,19.336,95.702,77.054,15.167,0,255.318,122.881,155.072,283.746,51.639,57.015,132.621,204.836,141.581,272.825,74.815,0,222.597,181.088,198.874,40.162,237.985,182.797,184.789,18.632,92.774,191.635,98.099,255.476,112.301,51.983,103.063,136.925,203.954,251.76,31.716,51.127,84.582,99.992,96.249,231.187,139.38,422.237,36.445,97.854,60.658,75.751,105.679,92.23,247.278,92.963,116.951,234.737,193.277,0,137.707,35.373,184.43,73.944,77.724,69.041,64.593,52.534,48.229,86.539,25.702,81.56,55.023,28.274,36.678,147.226,96.594,20.515,56.248,41.871,40.299,90.536,79.332,149.661,110.33,32.336,39.022,69.699,40.654,63.748,105.545,21.187,23.115,30.098,14.569,26.752,69.447,144.982,36.987,22.737,173.408,109.618,230.729,69.511,31.862,50.581,59.815,0,0
GPB:bin_000209,0,0,0,0,4.38,0,0,0,0,0,0,0,0,0,0,0,0,0,0,0,0,0,0,0,0,0,0,0,0,0,0,0,0,0,0,0,0,3.842,0,0,0,0,6.955,0,0,0,3.572,0,0,0,0,21.611,0,0,0,0,0,0,0,0,0,0,0,0,0,0,0,0,0,0,0,0,0,0,0,13.776,0,2.032,0,8.214,0,13.828,0,0,0,8.161,0,22.062,0,2.645,0,0,0,0,0,0,0,0,0,0,0,0,15.455,0,0,0,33.523,0,0,0,0,0,0,0
GPB:bin_000210,0,0,3.6,6.258,6.332,8.961,5.31,11.232,14.153,0,8.086,0,0,0,0,0,0,7.396,0,5.744,0,0,9.696,9.974,0,0,0,0,0,9.546,0,0,5.676,6.704,0,12.491,5.477,0,8.339,6.314,6.399,6.805,0,10.144,3.59,0,9.062,13.4,4.091,0,5.563,0,0,0,0,0,0,0,3.749,0,7.148,0,10.006,11.88,0,5.393,4.078,12.056,0,6.164,0,0,0,0,0,0,9.002,8.28,0,9.642,4.22,7.11,0,0,0,9.114,0,0,0,0,0,11.838,3.625,0,6.549,0,0,4.839,10.462,3.772,0,0,0,0,0,12.913,0,5.123,0,0,0,3.064,0,0
GPB:bin_000211,1.193,0,0,0,0,0,0,0,0,0.603,0,0,0,0,0,0,0,0,0,0,0,0,0,0,0,0,0,0,0,0,0,0,0,0,0,0,0,0,0,0,0,0,0,0,0,0,0,0,0,1.172,0,0,0,0,0,0,0,0,0,0,0.682,0,0,0,0,0,0.602,0,0,0,0,0,0.74,0,0,0,0,0.733,0.911,0,0,0,0,0,0,0,0,0,0,0,0,0,0,0,0,0,0,0,0,0,0,0,0,0,0,0,0,0,0,0,0,0,0,0
GPB:bin_000212,0,0,0,0,4.761,0,0,0,0,0,0,0,0,0,0,0,0,0,0,0,0,0,0,0,0,0,0,0,0,0,0,0,0,0,0,0,0,0,0,0,0,0,0,0,0,0,0,0,0,0,0,0,0,0,0,0,0,0,0,0,0,0,0,0,0,0,0,0,0,0,0,0,0,0,0,0,0,0,0,0,0,0,0,0,0,0,0,0,0,0,0,0,0,0,0,0,0,0,0,0,0,0,0,0,0,0,0,0,0,0,0,0,0,0
GPB:bin_000213,0,0,0,0,0,0,0,0,0,0,1.635,0,0,0,0,0,0,0,0,0,0,0,0,0,0,0,0,0,0,0,0,0,0,0,0,0,0,0,0,0,0,0,0,0,0,0,0,0,0,0,0,0,0,0,0,0,0,0,0,0,0,0,2.551,0,0,0,0,0,0,0,0,0,0,0,0,0,0,0,0,0,0,0,0,0,0,0,0,0,0,0,0,5.743,3.871,0,0,0,0,0,0,1.986,0,0,0,0,0,0,0,0,0,0,0,2.545,0,0
GPB:bin_000215,3.739,0,0,6.162,3.879,0,0,2.515,0,1.844,6.731,9.235,0,0,0,0,6.24,0,0,3.913,2.994,0,0,16.961,0,2.933,0,0,0,3.821,2.435,14.017,0,3.18,0,6.416,0,2.953,3.746,0,1.736,0,5.616,7.168,0,0,13.004,13.602,2.423,0,0,14.538,0,0,0,0,2.48,0,0,0,8.23,0,1.837,0,0,4.678,2.966,7.242,0,0,0,6.09,0,2.325,0,10.863,0,5.231,4.533,2.487,0,5.349,1.998,178.569,3.418,3.958,0,2.608,0,1.182,1.454,6.797,2.455,0,7.505,10.309,0,5.108,20.531,1.532,4.348,0,19.588,2.558,1.7,9.571,4.411,0,2.09,0,0,1.683,0,0
GPB:bin_000217,4.358,0,0,0,0,0,0,0,0,1.937,0,0,0,0,0,0,0,0,0,0,0,0,0,0,0,0,0,0,0,0,0,0,0,0,0,0,0,0,0,0,2.142,0,0,0,0,0,4.704,0,0,2.599,0,0,0,0,0,0,0,0,0,0,3.741,0,0,0,0,0,2.487,0,0,0,0,0,2.892,0,0,0,0,3.58,3.412,5.019,0,3.325,0,0,0,3.411,0,0,0,0,0,0,0,0,3.267,0,0,2.094,0,0,0,0,0,0,0,0,0,0,0,0,0,0,0,0
TG1_21:bin_000035,0,0,0,0,0,0,0,0,0,0,0,0,0,0,0,0,0,0,0,0,0,0,0,0,0,9.407,0,0,0,0,4.187,0,0,0,0,0,0,0,0,0,0,0,0,0,0,0,0,0,0,0,0,0,0,0,0,0,21.598,0,0,0,0,0,0,0,0,0,0,0,0,0,5.909,20.179,0,9.829,0,0,0,0,0,0,0,0,2.392,0,0,0,0,0,0,0,2.866,0,0,14.029,0,0,16.697,0,0,0,0,0,0,17.491,0,0,0,0,23.148,0,0,0,0,0
TG1:bin_000010,0,0,0,0,0,0,0,0,0,0,0,0,0,0,0,0,0,0,0,0,0,0,0,0,0,46.658,0,0,0,0,0,0,0,0,0,0,0,0,0,0,0,0,0,0,0,0,0,0,0,0,0,0,0,0,0,0,134.361,0,0,0,0,0,0,0,0,0,0,0,0,0,0,0,0,0,0,0,0,0,0,0,0,0,0,0,0,0,0,0,0,0,0,0,0,0,0,0,91.365,0,0,0,0,0,0,76,0,0,0,0,65.507,0,0,0,0,0
TG1:bin_000014,0,0,0,0,0,0,0,0,0,0,0,3.717,0,0,0,0,0,0,0,0,12.049,0,0,0,0,11.672,0,0,0,0,78.42,0,0,0,0,0,0,0,0,0,0,0,0,0,0,1.317,0,0,0,0,0,0,0,21.535,16.807,0,17.215,0,0,0,0,0,0,0,0,0,0,0,0,0,16.936,4.236,0,4.456,0,0,0,0,0,0,0,0,8.222,0,4.592,0,0,0,0,0,35.735,0,0,11.836,0,0,9.147,0,0,0,8.76,0,0,3.54,4.601,0,0,0,19.231,0,0,0,0,0
TG1:bin_000020,0,0,0,0,0,0,0,0,0,0,0,0,0,0.688,0,0,0,0,0,0,2.437,0,0,0,0,0,0,0,0,0,3.895,0,0,0,0,0,0,0,0,0,0,0,0,0,0,0,0,0,0,0,0,0,0,0,0,0,0,0,0,0,0,3.125,0,0,0,0,0,0,0,0,4.712,4.753,0,1.566,0,0,0,0,0,0,0,0,1.239,0,2.023,0,0,0,0,0,1.333,0,0,0,0,0,0,0,0,0,0,0,0,0,0,0,0,0,0,0,0,0,0,0
TG1:bin_000032,0,0,0,0,0,0,0,0,0,0,0,0,0,0,0,0,0,0,0,0,0,0,0,0,0,2.313,0,0,0,0,0,0,0,0,0,0,0,0,0,0,0,0,0,0,0,0,0,0,0,0,0,0,0,0,0,0,5.221,0,0,0,0,0,0,0,0,0,0,0,0,0,5.891,4.215,0,2.555,0,0,0,0,0,0,0,0,2.669,0,0,0,0,0,0,0,2.039,0,0,1.329,0,0,2.899,0,0,0,0,0,0,3.364,0,0,0,0,3.418,0,0,0,0,0
TG1:bin_000047,2.729,0,0,0,0,0,0,0,0,1.608,0.888,0,0,0,0,0,0,0,0,1.043,2.263,2.238,0,0,0,3.116,0,0,0,0,0,0,0,0,0,0,0,0.716,0,0,2.123,0,0,0,0,0,3.956,0.803,0,3.659,0,0,0,0,0,1.298,3.821,2.426,0,0,0.937,0,1.23,0,0,0,0.691,0,1.489,0.701,4.444,1.535,0.722,0.987,0,0,0,1.092,1.248,0.866,0,1.191,1.672,0,0,0,1.934,0,1.704,0,0.697,2.705,0,1.945,0.89,0.678,2.546,0.873,0.627,0,2.506,2.904,2.053,3.051,0,0.764,0,0,2.142,1.851,0.728,1.132,0,0
TG2_07:bin_000029,0,0,0,0,1.598,5.139,1.033,9.13,3.104,0,0,5.467,0,0,0,0,0,70.469,0,2.554,12.225,0,0,17.217,0,20.65,0,0,0,4.465,16.609,0,1.473,0,2.086,2.501,0,0,5.704,3.711,1.04,0,0,9.229,0,20.206,0,3.975,0,0,0,0,0,15.633,4.083,0,10.951,0,0,0,0,0,0,3.051,0,0,0.866,0,0,0,0,19.817,0,1.768,0,0,23.696,0,0,0,0,0,1.458,0,1.613,0,0,0,0,0,15.642,0,0,1.611,0,0,0,0,0,0,11.12,0,0,2.833,27.307,1.5,0,0,7.084,0,0,0,0,0
TG2_14:bin_000017,0,0,0,0,0,0,0,0,0,0,0,9.165,0,3.177,0,0,0,0,0,0,10.392,0,0,0,0,20.333,0,0,0,0,2.981,0,0,0,87.089,0,0,0,0,0,0,0,0,0,0,78.742,0,0,0,0,0,0,0,22.379,7.35,0,17.023,0,0,0,0,0,0,0,0,0,0,0,0,0,12.645,15.258,0,1.556,0,0,0,0,0,0,0,0,2.219,0,2.191,0,0,0,0,0,5.837,0,0,4.659,0,0,6.267,0,0,0,3.241,0,0,9.402,44.321,0,0,0,19.123,0,0,0,0,0
TG2_21:bin_000001,0,0,0,0,1.283,0,0,0,0,0,0,0,0,0,0,0,0,0,0,0.75,0,0,0,0,0,0,0,0,0,0,0,0,0,0,0,12.637,0,0,0,0,0,0,0,0,0,0,0,14.317,0,0,0,0,0,0,0,0,0,0,0,0,0,0,0,0,0,0,0,0,0,0,0,0,0,0,0,0,0,0,0,0,0,0,0,0,0,0.73,0,0,0,0,0,0,0,0,0,0,0,0,0,0,0,0,0,0,0,44.353,0,0,0,0,0,0,0,0
TG2_21:bin_000011,0,0,0,0,101.556,0,0,0,0,0,0,0,0,0,0,0,0,0,0,91.913,0,0,0,0,0,0,0,0,0,0,0,0,0,0,0,0,0,0,0,0,0,0,0,0,0,0,0,0,0,0,0,0,0,0,0,0,0,0,0,0,0,0,0,0,0,0,0,0,0,0,0,0,0,0,0,0,0,0,0,0,0,0,0,0,0,0,0,0,0,0,0,0,0,0,0,0,0,0,0,0,0,0,0,0,0,0,0,0,0,0,0,0,0,0
TG2_28:bin_000031,0,0,0,0,0,0,3.073,6.912,1.755,0,0,0.837,0,0.842,0,0,0,1.537,0,0,9.282,0,3.143,0,0,2.838,0,0,0,7.061,3.081,0,1.044,0,0,0,0,0,3.114,0,0,0,0,6.021,0,0,0,0,0,0,0,0,0,1.346,0,0,8.714,0,0,0,0,0,0,12.873,0,0,0,2.079,0,0,6.743,5.626,0,1.858,0,0,0,0,0,0.9,0,0,5.293,0,4.002,0,0,0,0,0,3.378,0,0,0.666,0,0,1.573,0,0,0,2.689,0,0,3.611,1.933,0,0,0,5.736,0,0,0,0,0
TG2:bin_000003,0,0,0,0,1.929,0,0,2.589,3.691,0,0,0,0,0,4.036,0,0,0,0,2.542,0,0,2.854,0,0,0,7.676,0,0,2.31,0,0,0.857,0,0,14.749,0,0,1.641,0,0,0,0,3.933,0,0,0,18.866,0,0,0,0,0,0,0,0,0,0,0,0,0,0,0,2.474,7.236,0,0,1.974,0,0,0,0,0,0,0,0,1.086,0,0,0,0,0,0,0,0,0,0,0,0,0,0,0,0,0,0,0,0,0,0,0,0,0,0,0,0,6.075,0,0,0,0,0,0,0,0
TG2:bin_000055,0,0,0,0,1.436,0,1.561,2.256,4.076,0,0,0,0,1.013,5.557,0,0,0,0,0,3.142,0,1.627,0.715,0,0,1.317,0,0,0,1.456,0,0.885,0,0,0,0,0,1.873,0.74,0,0,0,3.839,0,6.202,0,0,0,0,0,0,0,0,0,0,0,0,0,0,0,0,0,0,0.735,0,0,0,0,0,1.836,3.149,0,0,0,0,0.922,0,0,0,0,0,6.9,1.364,1.168,0,0,0,0,0,2.27,0,0,0,0,0,0,0,0,0,0.749,0,0,0,0,0,0,0,0.84,0,0,0,0,0
TG2:bin_000059,1.125,0,0,0,8.585,0,0.929,14.819,1.306,0,0,0,0,5.78,0,0,0,12.979,0,9.017,7.09,0,0,0,0,1.152,0,0,0,3.258,1.392,0,3.413,0,3.987,1.261,0,0,2.17,0.969,0.697,0,0,1.029,0,3.38,0,0.781,0,0,0,0,0,7.64,1.863,0,1.094,0,0,0,1.466,0,0,3.757,0,0,3.251,3.515,0,0,1.945,2.023,0,1.119,0,0,1.084,0,0,0,0,0,3.091,1.307,1.946,0,0,0,0,0,0,0,0,2.43,6.082,0,0.676,0,0,0,1.341,0,0,0,8.26,1.84,0,0,0,0,0,0,0,0
TG3_07:bin_000004,0,0,0,0,129.891,0,0,226.156,0,0,0,0,0,0,0,0,0,146.022,0,21.427,0,0,0,0,0,0,0,0,0,0,0,0,0,0,0,0,0,0,0,0,0,0,0,0,0,0,0,0,6.423,0,0,0,0,0,0,0,0,0,0,0,0,0,0,0,0,0,0,14.339,0,0,0,0,0,0,0,0,0,0,0,0,0,0,0,0,0,0,0,0,0,0,0,0,0,0,0,0,0,0,0,0,0,0,0,0,0,0,0,0,0,0,0,0,0,0
TG3_14:bin_000007,0,5.205,0,0,0,0,0,0,0,0,0,0,0,7.245,19.668,0,0,0,0,0,0,0,0,0,0,0,2.778,0,2.065,0,0,6.716,0,0,1.156,0,0,0,0,0,0,0,0,0,2.578,2.253,0,0,0,0,0,0,0,0,0,0,0,0,0,0,0,4.862,0,0,2.631,0,0,0,0,0,0,0,0,0,5.042,0,0,0,0,0,0,0,0,4.534,0,0,0,0,0,0,0,0,0,0,0,0,0,0,0,0,0,0,0,0,0,0,0,0,0,0,0,0,0,0
TG3_28:bin_000041,7.549,0,0,0,3.048,0,0,10.931,2.219,0.703,0,6.256,0,0,0,0,0,4.151,0,1.836,2.783,0,0,0,0,5.905,0,0,0,1.74,6.078,0,2.115,0,0,1.076,0,0,0,0,0.89,0,0,0,0,0,0,0,0,3.293,0,0,0,0,3.253,0,16.103,0,0,0,3.899,0,0,0,0,0,8.2,4.615,0,0,6.1,0,20.815,2.692,0,2.402,0,4.229,4.194,2.95,0,0,1.016,0,2.012,2.737,2.53,0,0,0,3.038,0,0,4.74,11.789,0,4.459,1.146,0,0,2.386,0,0,2.571,1.545,1.857,0,0,7.729,0,0,0,0,0
TG3_28:bin_000042,21.192,2.934,0,0,0,0,0,5.291,0,0.811,3.415,0,0,0,0,0,0,0,0,0,15.045,6.927,0,0,0,0,0,0,3.89,0,5.181,4.61,0,0,0,0,0,0,0,0,0,0,0,0,0,0,0,0,0,6.224,0,0,0,0,0,3.003,0,2.428,0,0,1.198,0,0,0,0,0,3.113,0,0,0,10.839,7.705,80.45,2.237,0,0,0,1.362,17.474,0,0,0,2.357,0,4.67,0,2.02,0,1.096,0,5.501,0,0,1.662,5.31,0,0.692,0,0,0,10.985,2.981,0,6.375,0,0,0,0,4.054,1.049,0.932,0,0,0
TG3_35:bin_000005,65.133,0,0,0,0,0,0,0,0,29.382,0,0,0,0,0,0,0,0,0,0,0,167.935,0,0,0,0,0,0,0,0,0,0,0,0,0,0,0,0,0,0,25.286,0,0,0,0,0,0,0,0,56.43,0,0,0,0,0,64.282,0,113.328,0,0,44.951,0,0,0,0,0,24.95,0,23.255,0,0,0,58.103,0,0,0,0,49.747,52.731,0,0,0,0,0,0,0,99.536,0,132.913,0,0,0,0,0,42.631,0,0,0,0,0,0,67.829,0,0,0,0,0,0,0,22.905,39.851,0,0,0
TG3_35:bin_000033,2.555,0,0,0,0,0,0,0,0,1.464,0,1.079,0,9.852,0,0,0,0,0,0,7.683,17.478,0,0,0,0,0,0,0,0,4.481,9.373,0,0,7.696,0,0,0,0,0,6.353,0,0,0,0,11.352,0,0,0,3.034,0,0,0,1.215,2.583,14.07,0,19.664,0,0,1.95,0,6.008,0,0,0,2.962,0,10.045,0,0,2.862,3.693,1.414,0,0,0,2.676,0.858,0,0,0,2.844,0,8.275,0,11.46,0,11.668,0,0,0,0,0,0,0,0,0,0,0,10.179,11.468,0,1.322,5.798,0,0,0,0,4.876,7.001,0,0,0
TG3:bin_000002,9.574,0,0,0,0,0,0,0,0,2.685,0,0,0,0,0,0,0,0,0,0,0,11.604,0,0,0,0,0,0,0,0,0,0,0,0,0,0,0,0,0,0,1.704,0,0,0,0,0,0,0,0,15.824,0,0,0,0,0,17.671,0,22.574,0,0,3.518,0,0,0,0,0,3.225,0,3.614,0,0,0,8.231,0,0,0,0,0,64.108,0,0,0,0,0,0,0,29.611,0,18.088,0,0,0,0,0,4.393,0,0,0,0,0,0,105.984,3.18,0,0,0,0,0,0,8.695,4.893,0,0,0
TG3:bin_000068,0,0.84,0,0,0.87,8.867,2.935,5.645,3.149,0,0,0,0,0,4.758,0,0,11.44,0,0,0,0,2.398,3.492,0,0,3.1,0,0,1.545,0,0,1.956,0,0,1.709,0,0,3.611,6.851,0,0,0,0.807,0,0,0,3.746,0,1.386,0,0,0,0,0,0,0,0,0,0,0,0,0,6.865,3.89,0,0,1.838,1.433,0,0,0,0,0,0,0,3.898,0,0,0,0,0,0,13.18,0,0,0.704,0,0,0,0,0,0,0,0,0,0,0,0,0,0,0,0,0,0,1.526,0,0,0,0,1.208,0,0,0
TG4_14:bin_000001,0,0.716,1.062,0,0,0,0,0,0,0,0,0,8.813,0,0,0,0,0,0,0,0,0,0,0,0,0,0,0,4.501,0,0,0,0,0,0,0,0,0,0,0,0,0,0,0,0,0,0,0,0,0,0,0,0,0,0,0,0,0,0,0,0,0,0,0,0,0,0,0,0,0,0,0,0,0,62.572,0,0,0,0,0,0,0,0,0,0,0,0,0,0,0,0,0,0,0,0,0,0,0,0,0,0,0,0,0,0,0,0,0,0,0,0,0,0,0
TG4_21:bin_000029,0,0,0,0,0,0,0,0,0,0,2.947,0,0,0,0,0,0,0,0,0,0,0,0,0,0,0,0,0,0,0,0,0,0,0,0,0,0,0,0,0,0,0,0,0,0,0,0,0,0,0,0,0,0,0,0,0,0,0,0,0,0,0,6.357,0,0,0,0,0,0,0,0,0,0,0,0,0,0,0,0,0,0,0,0,0,0,0,0,0,0,0,0,3.29,0,0,0,0,0,0,0,2.821,0,0,0,0,0,0,0,0,0,0,0,0,0,0
TG4_21:bin_000043,0,0,0,4.795,0,0,0,0,0,0,8.291,0,0,0,0,0,0,0,0,0,4.582,0,0,0,0,0,0,0,0,0,0,0,0,0,0,0,0,0,0,0,0,0,0,0,0,0,0,0,3.034,0,0,0,0,0,0,0,0,0,0,0,0,0,53.129,0,0,6.044,0,0,0,0,0,0,2.564,2.088,0,0,0,0,0,0,0,0,0,0,0,0,0,0,0,0,2.049,7.921,1.495,0,0,0,0,0,5.113,14.618,0,0,0,0,0,0,0,0,0,0,0,1.567,0,0
TG4:bin_000055,0,0,0,2.85,0,0,0,0,0,0,5.567,0,0,0,0,0,0,0,0,0,0,0,0,0,0,0,0,0,0,0,0,0,0,0,0,0,0,0,0,0,0,0,0,0,0,0,0,0,1.142,0,0,0,0,0,0,0,0,0,0,0,0,0,4.46,0,0,1.434,0,0,0,0,0,0,0,0,0,0,0,0,0,0,0,0,0,0,0,0,0,0,0,0,0,7.405,1.249,0,0,0,0,0,0,2.669,0,0,0,0,0,0,0,0,0,0,0,1.486,0,0
TG5_14:bin_000008,0,0,0,0,0,0,0,0,0,0,0,0,26.268,0,0,0,0,0,0,0,0,0,0,0,0,0,0,0,0,0,0,0,0,0,0,0,0,0,0,0,0,0,0,0,0,0,0,0,0,0,0,0,0,0,0,0,0,0,0,0,0,0,0,0,0,0,0,0,0,0,0,0,0,0,0,0,0,0,0,0,0,0,0,0,0,0,0,0,0,0,0,0,0,0,0,0,0,0,0,0,0,0,0,0,0,0,0,0,0,0,0,0,0,0
TG5_28:bin_000003,11.296,6.827,31.239,0,2.256,0,1.533,3.719,2.938,3.384,0,4.599,19.991,6.889,0,37.762,18.652,14.839,15.876,2.466,5.197,9.523,1.282,10.218,19.327,10.811,0,87.344,10.31,0,11.74,12.708,1.323,1.562,57.193,3.421,1.123,25.362,2.754,0,10.609,13.316,18.675,2.907,20.986,22.469,24.774,1.234,0,9.111,2.51,19.098,24.632,6.243,19.495,1.705,10.667,9.462,7.217,30.391,8.204,34.7,5.073,1.976,0,0.848,13.44,4.491,5.973,12.054,0,10.633,19.821,2.652,3.256,36.328,1.594,5.797,4.442,7.361,1.856,15.803,2.768,0,4.433,23.279,10.475,8.486,2.866,18.983,8.941,0,1.265,10.16,16.093,29.797,17.82,12.79,0.909,0,7.157,9.262,32.407,6.921,3.291,3.468,13.82,3.347,5.213,2.749,3.341,0.908,0,0
TG5_28:bin_000004,19.339,4.036,0,0,0,0,0,0,0,0,0,0.707,0,11.807,4.59,1.616,2.055,0,2.305,0,20.451,16.887,0,0,3.456,3.003,4.925,4.61,5.365,0,9.279,0.796,0,0,3.508,0,0,3.227,0,0,3.622,0,3.946,0,0,9.697,17.646,0,1.191,0,0,8.572,0,0,0.824,3.572,5.076,8.84,0,0,1.305,0,0,0,1.974,0.574,1.709,0,0,0,12.558,6.563,4.868,5.202,1.387,17.487,0,0,0,1.722,0,16.179,8.078,2.806,5.601,1.58,0,2.264,0,6.117,10.294,0,0,21.122,0.89,6.632,5.711,4.046,0,0,4.88,3.373,19.451,13.418,0,0,3.321,0,5.141,0,1.484,0,0,0
TG5_35:bin_000001,0,0,0,0,0,0,0,0,0,0,0,0,0,0,0,0,8.394,0,1.046,0,0,0,0,0,0,0,0,0,0,0,0,0,0,0,0,0,0,6.904,0,0,0,0,0,0,0,0,7.021,0,0,0,0,0,0,0,0,0,0,0,0,0,0,0,0,0,0,0,0,0,0,0,0,0,0,0,0,3.52,0,0,0,11.852,0,28.829,0,0,0,21.528,0,1.092,0,17.981,0,0,0,0,0,1.324,0,13.707,0,0,0,0,1.238,0,0,0,11.099,0,0,0,0,0,0,0
TG5_35:bin_000022,0,0,0,1.19,0,0,0,0,0,0,0.828,0,0,0,0,0,0,0,0,0,0,0,0,0,0,1.193,0,0,0,0,0,0,0,0,0,0,0,0,0,0,0,0,0,0,0,0,12.654,1.923,0,0,0,0,0,0,0,0,0,0,0,0,0,0,0,0,0,0,0,0,0,0,0,0,0,0,0,0,0,0,0,9.396,0,6.552,0,0,0,6.422,0,0,0,0,0,2.124,0,0,0,0,0,19.409,0,1.3,0,0,0,1.285,0,1.083,0,0,0,0,0,0,0,0
TG5_35:bin_000024,0,0,0,0,0,0,0,0,0,0,0,0,0,0,0,0,0,0,0,0,0,0,0,0,0,0,0,0,0,0,0,0,0,0,0,0,0,0,0,0,0,0,0,0,0,0,9.643,0,0,0,0,2.119,0,0,0,0,0,0,0,0,0,0,0,0,0,0,0,0,0,0,0,0,0,0,0,2.467,0,0,0,46.703,0,16.213,0,0,0,26.002,0,0,0,0,0,0,0,0,0,0,0,19.28,0,0,0,0,0,0,0,0,0,0,0,0,0,0,0,0
TG5:bin_000031,0,0,0,0,0,0,0,0,0,0,0,0,0,0,0,8.81,5.163,0,6.933,0,0,0,0,0,0.818,0,0,0,0,0,0,0,0,1.351,0,0,0,2.998,0,0,0,0,1.94,0,0,0,16.993,0,0,0,0,5.075,1.668,0,0,0,0,0,0,6.238,0,0,1.214,0,0,4.115,0,0,0,0,0,0,0,0,0,6.971,0,0,0,0,0,3.219,0,0,0,0,0,0,0,0,0,0,0,0,0,6.419,0,6.958,0,0.65,0,0,17.498,0,0,0,5.479,1.723,0,0,0,0,0,0
TG5:bin_000047,0,0,0,0,0,0,0,0,0,0,0,0,0,0,0,0,0,0,0,0,0,0,0,0,0,0,0,0,0,0,0,0,0,0,0,0,0,0,0,0,0,0,0,0,0,0,9.018,0,0,0,0,2.513,0,0,0,0,0,0,0,0,0,0,0,0,0,0,0,0,0,0,0,0,0,0,0,12.754,0,0,0,42.092,0,7.421,0,0,0,80.11,0,2.346,0,0,0,0,0,0,1.459,0,0,10.798,0,0,0,0,4.127,0,0,0,4.756,0,0,0,0,0,0,0
