genome,D300663,D300664,D300634,D300637,D300642,D300647,D300626,D300644,D300673,D300643,D300633,D300638,D300636,D300635,D300648,D300625,D300641,D300666,D300665,D300645,D300640,D300646,D300639,D300670
D300627:bin_000003,16.625,4.576,17.096,5.202,2.531,8.806,1.946,2.703,0,5.454,6.205,10.219,12.159,9.781,4.06,6.471,7.154,2.712,3.618,4.178,8.137,2.353,3.885,5.403
D300627:bin_000012,4.792,1.824,4.995,3.725,0,0,0,0,0,1.628,1.346,0,3.241,5.777,4.18,3.084,9.766,1.617,0.923,0,11.858,0,14.24,1.233
D300628:bin_000004,4.355,6.299,2.157,1.228,0,0,0,2.969,0,0,0,4.516,0,3.442,4.863,1.165,1.116,1.092,1.168,0,1.605,0,1.274,6.937
D300629:bin_000002,6.991,0,0,0,0,0,0,0,0,0,0,0,0,0,0,0,0,0,0,0.711,0,0,1.358,1.67
D300630:bin_000014,57.101,35.951,76,64.304,14.283,57.042,14.234,11.489,0,28.665,34.481,77.776,105.238,38.507,30.082,42.234,48.917,10.618,18.146,49.917,29.699,9.649,27.365,20.386
D300631:bin_000002,6.339,16.604,13.807,12.282,16.763,11.764,10.469,6.808,0,11.124,6.793,7.611,15.179,9.986,24.174,10.868,33.006,8.118,6.265,17.788,48.326,2.327,10.099,11.8
D300631:bin_000019,1.058,1.673,1.733,0,1.723,2.097,0,0,0,1.012,0.922,1.813,1.734,2.773,1.447,0,1.544,0,1.058,1.052,3.912,1.499,0,1.623
D300632:bin_000002,0,1.352,0,0,0,0,0,0,0,0,0,2.558,0,0,0,0,0.882,0,0,0,0,0,0.79,0
D300632:bin_000015,4.604,4.878,7.7,2.939,8.338,6.565,0,0,0,11.007,5.675,11.126,4.036,0.695,0.772,6.727,5.2,0.998,1.988,3.594,13.783,0,2.656,15.936
D300633:bin_000005,19.94,11.975,14.537,12.887,4.929,5.669,2.62,2.708,0,5.709,23.516,14.431,15.695,8.509,3.361,16.739,13.371,2.45,4.085,1.946,9.723,2.101,0.682,8.126
D300633:bin_000006,10.215,4.848,9.204,11.029,13.037,3.851,1.541,0.581,0,5.548,13.026,6.519,9.169,4.251,2.455,4.951,4.975,1.158,2.571,1.598,7.315,7.551,1.326,4.968
D300634:bin_000017,25.304,3.738,20.691,11.462,3.958,9.502,2.206,1.464,0,7.478,10.095,10.879,20.803,7.581,8.737,4.005,8.409,1.694,3.986,0,9.862,1.83,1.436,2.465
D300634:bin_000019,0,0,7.92,0,0,0,0,0,0,0,0,21.485,0.575,0,0,2.215,0,1.287,0,0,0,0,0,2.064
D300634:bin_000035,4.895,4.669,13.102,3.536,9.606,7.916,0,0,0,12.129,6.558,11.019,3.979,0.875,0.872,8.507,5.236,1.005,2.199,3.817,14.146,0,2.661,15.056
D300637:bin_000029,1.205,3.451,3.437,8.454,0,0,0,0,0,0,0,1.167,2.296,3.053,4.033,3.633,1.664,0.807,0.971,0,1.381,0,5.566,3.928
D300637:bin_000032,11.316,5.653,13.461,25.536,2.447,8.761,2.185,2.12,0,3.625,5.707,11.444,10.6,6.306,8.405,8.372,10.311,2.518,2.991,9.605,5.258,1.703,6.512,3.644
D300638:bin_000035,26.75,15.21,50.816,36.614,124.856,74.453,25.921,7.539,0,91.259,62.706,21.667,19.152,22.456,10.688,12.161,43.93,11.478,21.594,28.711,59.442,142.644,4.915,17.65
D300639:bin_000025,4.192,2.271,3.042,2.825,0,0.678,0,1.562,0,0,0,3.031,0,1.491,2.254,1.397,0,1.754,0,4.36,2.151,0,11.432,2.354
D300642:bin_000010,0,0,2.639,0,9.427,0,0,0,0,0,4.942,0,0,0,0,0,0,0,0,0,0,0,0,0
D300642:bin_000012,5.285,2.051,7.922,5.802,8.402,4.416,1.368,2.089,0,3.337,6.89,3.25,5.708,3.704,1.678,3.143,4.502,0.741,1.882,1.485,7.46,1.207,1.087,3.262
D300642:bin_000016,3.685,11.189,5.67,8.213,30.7,18.165,8.735,1.524,0,24.995,3.31,1.952,2.474,4.111,12.825,2.578,6.475,2.652,9.721,2.627,23.071,21.358,11.385,7.046
D300645:bin_000002,11.705,6.477,14.913,14.123,3.546,9.339,2.133,3.045,0,5.122,5.054,8.321,9.969,6.992,6.925,3.75,7.618,2.199,2.955,23.854,14.897,3.556,9.774,6.533
D300645:bin_000005,0,2.749,0,0,0,0,0,0.805,0,0,0,3.414,0,0,3.413,0,0,0.775,0,13.847,0,0,0,1.711
D300645:bin_000026,4.333,5.38,3.372,3.427,0,1.574,0.854,1.131,0,1.212,2.685,5.028,3.145,2.181,4.148,3.061,2.118,1.856,1.791,7.398,3.047,0,3.669,3.636
D300645:bin_000028,35.048,18.645,62.295,43.69,149.448,86.528,30.787,5.856,0,94.776,72.509,29.468,28.145,28.872,14.066,16.596,57.561,15.012,23.924,57.762,78.39,136.46,7.809,19.629
D300646:bin_000002,15.105,5.163,10.268,8.584,30.403,19.635,12.033,0.968,0,25.275,18.054,13.59,5.655,5.253,1.955,4.644,11.222,2.388,10.563,4.517,9.535,21.983,0,5.742
D300646:bin_000008,0.931,0,1.793,1.297,2.764,2.642,0,0,0,3.149,1.516,0,0,0,0,0,1.144,0,0.823,0,1.4,13.008,0,0
D300647:bin_000001,2.82,8.092,13.084,12.649,65.872,15.013,4.87,5.506,0,3.825,18.355,2.029,24.608,6.027,1.451,0.963,5.549,1.395,1.727,1.071,2.676,108.262,2.729,0.762
D300647:bin_000007,22.071,9.483,41.48,10.432,14.756,36.53,6.343,2.852,0,17.49,30.56,15.398,28.996,17.024,13.951,8.207,27.645,4.782,4.943,5.582,24.846,8.242,3.731,8.474
D300647:bin_000020,6.091,0,8.621,5.294,17.808,14.369,2.381,0,0,12.772,8.876,5.518,4.249,4.428,1.04,2.337,6.967,0.555,2.119,2.242,7.269,22.655,0,1.478
D300648:bin_000006,7.51,6.053,5.534,4.889,0.707,2.274,4.794,1.291,0,4.348,2.924,8.114,8.943,2.862,18.058,1.382,10.244,2.1,3.458,2.546,18.51,0,8.342,5.486
D300648:bin_000013,2.769,6.226,3.934,2.023,3.934,3.187,0,0,0,5.195,2.692,7.365,2.648,0,13.198,3.291,2.569,1.891,1.547,6.555,6.793,0,1.854,8.233
D300648:bin_000014,1.41,4.676,0,3.827,0,0,0,3.785,0,0,0,0.808,0,5.967,12.526,0,1.683,1.63,0.765,0.91,6.513,0,11.756,2.353
D300649:bin_000001,10.997,4.212,13.53,0.9,1.476,7.724,2.945,4.569,0,3.173,2.415,9.725,15.644,3.425,1.129,2.107,6.768,2.838,1.094,1.598,4.349,3.222,0,1.993
D300649:bin_000007,3.899,5.306,12.401,11.114,0,0,0.986,1.111,0,0.619,0,1.722,9.339,7.309,2.509,9.104,2.53,1.695,4.393,2.769,7.805,0,10.956,12.211
D300650:bin_000002,2.64,6.885,0,0,0,0,0,1.151,0,0,0,2.475,0.966,1.824,6.697,1.351,2.014,0.881,0,1.563,4.388,0,3.282,2.543
D300650:bin_000005,21.425,3.089,2.932,4.988,0,1.573,0.685,2.39,0,2.67,1.623,4.088,4.042,5.557,1.154,2.373,18.79,0.812,2.216,2.751,6.213,1.426,2.049,1.984
D300650:bin_000008,3.552,0.895,7.75,1.356,1.644,0.891,0,0,0,1.129,1.693,1.785,2.83,2.296,1.202,0.941,2.869,0,0.86,0,0.942,2.006,1.16,1.588
D300650:bin_000025,1.386,1.5,1.654,2.156,0,0,0,1.755,0,0,0,2.842,0,2.395,3.252,0,1.335,0,0,3.855,0,0,3.289,3.651
D300650:bin_000036,0,1.755,0,0,0,0,0,0.793,0,0,0,0,2.117,0,0,0,0,0,0.951,2.839,1.332,0,0,0.935
D300651:bin_000022,0,0.854,0,2.179,0,0,0,0,0,0,0,0,0.747,0,0.831,0.92,0,0.577,0,0.782,1.484,0,4.945,2.15
D300651:bin_000029,2.861,2.02,0.903,4.996,0,0,0,0,0,0,0,0,2.324,2.296,3.841,2.104,3.225,0,0,1.4,0.778,0,1.412,0.912
D300651:bin_000031,9.662,12.443,18.909,17.006,12.208,11.92,5.388,8.392,0,5.587,8.384,13.205,5.93,8.321,12.202,6.248,6.444,4.395,8.906,12.347,11.897,8.507,7.246,7.57
D300651:bin_000040,3.368,6.877,3.054,4.404,0,1.534,0.706,1.553,0,0,0.938,7.08,3.605,1.834,6.17,3.813,2.857,1.938,1.342,8.254,2.807,0,4.967,4.334
D300652:bin_000001,21.216,13.97,5.954,10.228,0,2.856,1.467,5.712,0,1.803,2.44,15.559,7.286,8.312,3.55,1.754,18.159,1.796,4.025,1.946,5.575,0,6.816,7.985
D300653:bin_000003,4.973,10.373,4.48,4.704,0,0,0,0,0,0,2.785,2.569,9.947,5.795,1.917,6.121,2.789,0.608,0,0.969,2.618,0,0,5.253
D300654:bin_000002,7.266,3.703,7.631,9.937,0,3.636,0.984,1.428,0,1.971,1.173,7.194,20.67,6.149,10.663,10.122,15.4,0,2.182,3.013,16.251,0,3.151,2.971
D300654:bin_000014,12.53,6.78,6.761,8.686,0.635,1.711,0.788,2.028,0,1.068,2.739,11.445,5.595,3.592,9.58,4.263,5.681,0.61,1.224,3.451,8.794,0,9.526,2.534
D300654:bin_000018,2.632,1.794,2.567,1.995,0,0,0,0,0,0,0,1.451,0.704,0.987,1.356,1.222,0,0,0.682,0,1.365,0,1.469,1.215
D300654:bin_000019,2.218,3.515,1.93,3.071,1.243,1.511,0,1.015,0,0,1.585,1.858,2.053,0.85,1.852,1.588,2.299,0.625,0.887,1.256,2.167,0,0.872,1.366
D300655:bin_000005,27.342,1.032,39.364,10.173,63.253,32.362,6.846,1.119,0,43.343,37.095,14.043,14.458,11.113,1.56,5.831,22.223,1.089,2.896,1.389,26.949,149.822,0.871,3.103
D300655:bin_000016,17.276,14.137,12.805,17.885,5.896,16.781,5.136,6.608,0,8.492,11.49,17.031,13.632,8.353,11.711,7.433,15.399,6.533,7.312,11.205,18.335,9.355,13.325,20.293
D300656:bin_000001,0,0.556,0.678,0,0,0,0,1.263,0,0,0,0.943,0.587,0,0,1.286,1.346,0,1.417,0,0,0,0,2.441
D300657:bin_000017,5.204,6.664,5.527,8.089,0,0.595,0.799,0.845,0,0.813,1.029,3.636,25.238,1.753,10.911,7.526,4.581,0.574,1.201,8.428,6.412,0,9.949,3.112
D300658:bin_000002,5.587,1.373,11.693,3.942,1.98,2.162,0,0,0,2.809,1.774,3.429,1.799,2.493,4.313,1.991,2.828,0.785,1.419,1.543,4.814,2.053,1.335,2.632
D300658:bin_000003,1.635,20.421,0,0,0,0,0,0.556,0,0,0,0,0,0,51.306,0,0,0.556,0,0,1.408,0,9.901,21.097
D300658:bin_000008,3.106,8.947,5.214,10.791,0,0,1.003,1.66,0,0,0,5.62,3.956,1.079,4.607,2.58,2.869,3.095,3.309,5.22,2.754,0,4.347,13.363
D300659:bin_000013,0,0,2.746,4.307,0,0,0,0,0,0,0,0.914,2.21,0.91,3.325,1.136,0,0,0,0,1.774,0,1.134,2.037
D300659:bin_000017,0.609,12.213,0,0,0,0,0,0,0,0,0,0.98,0,0,1.781,1.016,0,1.449,0,12.438,0,0,4.325,2.319
D300659:bin_000048,59.783,39.96,76.566,65.415,164.525,80.443,44.582,7.578,0,112.696,106.653,50.07,34.691,29.706,24.101,23.486,72.774,9.395,29.957,23.274,58.054,133.486,7.054,39.698
D300659:bin_000063,0.903,3.247,0.634,1.617,0,0,0,0,0,0,0,1.847,0.912,0.599,1.043,0,0,0.561,0,0.568,0,0,0.833,1.763
D300661:bin_000001,2.98,12.184,2.011,2.215,0,0.785,0,1.399,0,0,0,5.26,3.562,1.749,3.216,0.814,1.177,1.612,1.041,4.192,1.733,0,7.054,4.39
D300661:bin_000026,9.982,0.874,14.988,3.693,2.782,5.139,1.145,0,0,5.187,3.063,2.104,4.677,7.296,2.002,3.756,5.224,0,1.559,0,3.757,2.617,1.068,3.404
D300661:bin_000028,1.681,2.431,0.76,0.982,0,0,0,0.672,0,0,0,1.811,0.862,0.881,5.155,0.713,0.919,0.844,0.825,2.696,1.632,0,2.1,0.865
D300662:bin_000008,3.756,10.13,1.753,1.192,0,0,0,2.574,0,0,0,3.444,0,2.486,4.325,0.68,0,1.148,0.789,1.858,2.649,0,4.915,6.791
D300663:bin_000004,14.727,0,3.658,3.799,1.46,2.011,0,0,0,1.919,1.74,0,2.01,2.262,0,1.018,4.075,0,0,0,2.755,0,0,0.969
D300666:bin_000009,43.833,25.146,55.271,48.662,25.286,45.708,13.347,9.392,0,28.381,30.755,48.57,55.398,27.282,24.84,27.463,38.746,11.419,13.955,34.372,28.856,21.306,22.047,16.834
D300667:bin_000007,10.01,9.99,10.115,6.883,0,1.305,1.052,3.215,0,0.692,2.815,4.336,6.531,4.203,9.797,3.651,3.194,2.535,2.001,1.454,4.262,0,7.296,6.517
D300667:bin_000009,1.854,6.31,3.815,1.211,0,1.217,0,0,0,1.079,1.457,2.813,4.332,2.261,6.396,1.115,2.14,2.017,1.123,6.847,6.383,0,1.537,2.216
D300667:bin_000016,24.579,2.458,13.233,7.826,15.972,17.572,4.884,1.371,0,13.973,16.256,8.365,9.924,12.254,11.594,2.312,14.39,2.47,6.928,1.765,25.66,10.324,6.898,10.311
D300667:bin_000017,3.441,1.235,4.686,2.86,0,0,0,0,0,1.019,1.325,0,5.744,4.027,3.388,3.11,6.243,0,0,0,8.487,0,14.216,0.837
D300667:bin_000025,0,0,0,0,0,0,0,0,0,0,0,1.686,0,0,0,0,0,0,0,0,0,0,0,0
D300667:bin_000042,0.996,1.966,2.554,2.763,0,0,0,0,0,0,0,0.725,1.884,2.094,1.824,2.872,1.268,0,0.807,0,1.309,0,3.673,2.844
D300668:bin_000011,1.51,0,4.874,0,0,0,0,0,0,0,0.743,0,0.974,1.146,0,0,1.354,0,0,0,0,0,0,0
D300668:bin_000018,1.833,1.078,0.922,1.173,0,0.709,0,0,0,0,0.819,1.768,0.87,0.973,1.251,0.844,0.77,1.921,0.961,3.158,1.399,0,1.232,0.897
D300669:bin_000017,1.373,1.493,3.314,4.339,4.031,2.272,0,0,0,3.857,1.909,2.901,2.306,1.441,0,2.28,3.637,0.673,2.225,1.89,6.06,1.094,0.92,3.845
D300670:bin_000004,3.16,7.278,0,9.519,0,0,0,1.016,0,0,0,0.808,0,1.562,12.34,12.594,0.73,2.879,2.66,0,6.629,0,11.503,58.224
D300671:bin_000001,13.175,4.747,19.654,19.982,62.312,35.265,12.621,3.22,0,38.974,23.994,15.031,9.722,12.973,6.831,5.666,23.379,3.793,16.367,7.398,39.582,62.2,0.821,13.606
D300671:bin_000005,0,3.404,0,1.334,0,0,0,0,0,0,0,1.697,1.076,0,0,0,0,0.654,0,0,0,0,1.263,3.162
D300671:bin_000010,2.122,0,1.821,3.071,0,0,0,0,0,0,0,0,0,1.082,2.232,0,0,0,0,0,0,0,1.466,0
IKPB:bin_000001,0,0,92.237,54.868,0,0,0.69,4.865,0,0,0,5.759,4.305,25.839,10.317,78.394,16.264,82.765,0,160.482,2.614,0,1.695,62.537
IKPB:bin_000002,0,0.608,0,0,0,0,0,0,0,0,0,0,0,0,0,0,0,0,0,0,0,0,1.633,0
IKPB:bin_000003,1.229,1.001,1.014,1.118,0,0.863,0,0,0,0.811,0.927,2.35,0,0.803,0.899,1.276,0,0.767,0.952,1.391,1.755,0.906,3.325,2.83
IKPB:bin_000004,5.809,0,0,0,0,0,0.652,0,0,0.915,0,0,2.849,3.234,2.975,0,4.982,0,1.19,0,1.844,0,0.648,2.717
IKPB:bin_000005,0,0,0,0,0,0,0,0,0,0,0,0.555,0,0,1.154,0,0,0,0,0,0,0,6.573,1.248
IKPB:bin_000006,0,2.217,0,0,0,0,0,0,0,0,0,0,0,0,0,0,0,0,0,0,0,0,0.819,0
IKPB:bin_000007,1.246,1.742,0,1.466,0,0,0,0,0,0,0,2.025,2.338,0.58,0.59,1.221,0.731,0,0,0.64,0.646,0,0,0.683
IKPB:bin_000008,2.593,6.485,0.867,8.499,10.945,9.836,42.249,12.995,0,5.34,6.238,11.643,1.901,2.365,0.641,10.548,0.569,10.266,21.721,5.034,4.378,57.083,2.45,8.023
IKPB:bin_000010,0,0,1.05,0,0,0,0,1.168,0,0,0,0,0,54.133,0,0,0,0,0,15.29,0,0,85.306,0
IKPB:bin_000013,11.715,0,10.606,6.843,29.531,25.684,9.05,1.935,0,14.166,11.023,3.428,6.856,6.449,4.744,2.553,15.68,0,6.589,0,10,31.263,0,4.473
IKPB:bin_000014,2.767,10.106,1.699,4.392,1.741,2.365,0,0,0,1.24,2.344,11.427,3.142,1.377,1.314,7.456,1.54,0,0.789,5.956,1.114,0.773,0.59,1.54
IKPB:bin_000015,0,0.617,0,0,0,0,0,0,0,0,0,0,0,0,0,0,0,0,0,0.835,0,0,2.435,0
IKPB:bin_000016,0,0.711,0,0,0,0,0,0,0,0,0,0,0,0,0,0,0,0,0,0,0,0,0,0.647
IKPB:bin_000017,4.007,0.912,0,0,0,0,0,0,0,0,0,0.742,0,1.538,16.992,0,0,0.977,0,0,6.093,0,1.454,0.742
IKPB:bin_000020,1.268,0,2.723,0,0,0,0,0,0,0,0,1.396,0,2.215,0.976,1.178,0,0,0,0,0,0,1.787,0
IKPB:bin_000021,1.209,0.852,1.102,0,1.494,0.577,0,0,0,0.724,0.854,0,0,0.779,0,0,1.185,0,0.82,0,1.49,1.243,0.7,1.029
IKPB:bin_000022,3.805,3.361,5.057,0.671,3.148,3.638,1.169,0,0,1.642,4.802,2.019,4.607,1.783,0.688,5.798,8.698,0,0.742,1.012,1.828,52.62,2.996,0.695
IKPB:bin_000023,0,0.866,0,0,0,0,0,0,0,0,0,0,0,0,0.894,0,0,0,0,0,0,0,1.035,0
IKPB:bin_000024,0,13.933,1.422,0,2.425,0,0,1.366,0,1.323,0,2.397,9.618,0,1.333,1.267,19.784,0.597,0,2.754,0.714,101.509,1.899,0
IKPB:bin_000025,0,2.775,0,0,0,0,0,0,0,0,0,0.727,0,0,0,0,0,0,0,1.922,0,0,0.735,1.898
IKPB:bin_000026,0,0,0,1.253,0,0,0,3.267,0,0,0,0,0,0,0,1.583,1.183,0,1.752,0,0,0,0.904,1.201
IKPB:bin_000027,2.062,0.667,0,3.85,0,0,0,0,0,0,0,0,0,1.779,1.427,0,0.924,0.742,0,0,1.273,0,2.08,2.226
IKPB:bin_000030,0.776,1.297,0.653,0.896,0,0,0,0,0,0,0,0,0,1.225,0,0.879,0.623,0,0,0,0,0,0,4.142
IKPB:bin_000031,0,0,0,0.765,1.22,1.948,41.074,8.016,0,4.625,0,0,0,0,0,0,0,7.663,17.956,0,0,7.194,0,0.728
IKPB:bin_000032,0,0,0,0,0,0,0,0,0,0,0,0,0,0,0,0,0,0,0,0,0,0,0,0.755
IKPB:bin_000033,1.643,3.335,2.617,2.121,0,0,0,0,0,0,1.029,2.063,1.554,1.501,1.259,1.335,0.871,0.715,0,0.671,1.659,0,0.819,2.089
IKPB:bin_000034,0,0,0,0,0,0,0,0,0,0,0,0,0,0,1.582,0,0,0,0,0,0,0,0,2.99
IKPB:bin_000036,12.899,1.369,4.868,5.283,1.033,1.256,0.631,0,0,2.014,0.686,3.051,7.583,8.099,2.919,3.699,2.838,0.726,0.78,2.835,10.664,1.334,2.185,2.204
IKPB:bin_000037,1.48,1.975,0,0,0,0,0,0,0,0,0,0.609,0,0,0,0,0,0,0,0,0,0,0,2.164
IKPB:bin_000038,0,0,0,0,0,0,0,0,0,0,0,0,0,2.423,1.375,0,0,0,0,0,0,0,1.543,1.099
IKPB:bin_000040,1.52,1.776,1.112,1.135,0,0,0,0,0,0,0,0.846,1.795,0.854,1.464,1.169,0,0,0,0.731,1.802,0,1.214,1.521
IKPB:bin_000041,0,0.593,0,0,0.664,0,0.873,0.899,0,0,0,0,0,0,0,0,0,0,0,0,0,0,0,0
IKPB:bin_000042,0,1.627,0,0,0,0,0,0,0,0,0,0,0,0,1.739,0,0,0.82,0,0,0,0,1.813,2.121
IKPB:bin_000043,0,0.888,0,0,0,0,0,0,0,0,0,1.49,0,0,1.617,0,0,0,0,0,0,0,1.204,0.621
IKPB:bin_000044,0,1.127,0,0,0,0,0,0,0,0,0,0,0,0,0,0,0,0,0,0,0,0,4.512,0
IKPB:bin_000045,1.518,1.583,1.412,1.791,0,0,0,0,0,0,0.774,1.119,1.034,0.836,1.263,0.613,0,0,0,0.645,0,0,0.936,2.117
IKPB:bin_000046,1.23,1.453,3.166,3.077,0,0.828,0,0,0,0.547,0.841,1.013,3.103,1.553,1.191,2.322,2.303,0,0.919,0.76,3.124,0,1.769,1.98
IKPB:bin_000047,0,1,0,0,0.539,0,0.949,5.366,0,0,0,0.54,0,0,0,0,0,0,5.339,0,0,0,0,0.597
IKPB:bin_000048,0,0,0,1.06,0,0,0,0,0,0,0,0,1.377,0,0,1.595,0,0,0,0,0,0,0,0
IKPB:bin_000049,0.736,1.15,0,0,0,0,0,0,0,0,0,1.068,0,0,2.511,0.651,0,0,0,1.346,0,0,3.708,1.869
IKPB:bin_000050,0,0,0,0,0,0,0,0,0,0,0,0,0,0,0,0,0,0,0,0,0,0,0,0
IKPB:bin_000051,4.128,1.526,4.98,2.869,0,1.776,0,2.398,0,0.933,0,2.097,0,1.941,1.763,3.507,1.272,2.08,1.06,3.156,1.894,0,4.553,2.046
IKPB:bin_000052,0,0,0,0,0,0,0,0,0,0,0,0,0,0,3.826,0,0,2.666,0,0,0,0,0,0.629
IKPB:bin_000053,0,0.866,1.561,0,0.952,0,4.876,1.264,0,0.692,2.099,0.78,0,0,0,0.69,0,2.171,5.829,0.918,1.31,0,0,0
IKPB:bin_000054,2.029,0,1.654,1.647,0,0.619,0,0,0,0,0.791,2.134,2.229,1.191,4.729,1.013,1.163,1.191,1.138,0.613,3.845,0,1.492,2.415
IKPB:bin_000055,1.474,13.087,10.427,10.084,0,0,1.824,1.557,0,0,0,2.874,11.911,23.475,21.073,9.73,0.825,3.491,4.693,0,1.92,0,27.421,9.682
IKPB:bin_000056,0,3.556,0,0,0,0,0,0.701,0,0,0,1.556,0,0,0,0,0,1.407,0,0,0,0,1.473,10.052
IKPB:bin_000061,2.531,2.544,2.893,1.334,0,1.141,0.921,0,0,1.644,1.683,5.213,3.462,2.017,3.701,0.649,1.161,0.917,1.882,0.664,2.064,0,2.279,2.361
IKPB:bin_000062,2.029,1.603,2.113,1.501,0,0,0,0,0,0,1.667,1.57,0.917,0.979,1.322,0,0.825,0.647,0,0.902,1.696,0,0.838,1.897
IKPB:bin_000063,0,2.278,0.829,0,0,0,0,0,0,0,0,0,0,0,4.33,0,0,0,0.583,0,0.9,0,1.79,0.858
IKPB:bin_000064,0,1.211,0,0,0,0,0,0,0,0,0,0,0.98,0,1.157,0,0,0,0,1.499,0,0,0,0.895
IKPB:bin_000065,0,4.902,0,0,0,0,0,0,0,0,0,0,0,0,3.176,1.839,0,0,0,0,0,0,1.508,1.769
IKPB:bin_000066,32.189,3.481,5.519,10.47,0,1.925,0,1.164,0,1.728,2.161,10.708,9.917,2.76,10.806,6.791,4.845,4.01,0.965,0,2.829,0,6.27,3.806
IKPB:bin_000067,5.061,2.111,3.446,2.515,0,0.814,0,1.786,0,0,0,3.087,0.717,1.997,1.938,1.941,0,2.006,0.799,5.616,2.121,0,10.147,3.16
IKPB:bin_000068,0,5.899,0,0,0,0,0,0,0,0,0,0,0,0,3.831,0,0,1.296,0,0,0,0,4.112,9.194
IKPB:bin_000069,1.71,1.641,0,1.436,0,0,0,0.827,0,0,0,2.963,1.383,0,1.376,0.655,1.624,0.644,0.727,1.052,1.21,0,3.933,1.062
IKPB:bin_000070,0,1.122,1.134,4.918,0,0,0,0.683,0,0,0,2.123,0.877,3.4,0,0.817,0,0,0.961,6.206,1.932,0,0,2.236
IKPB:bin_000071,0,0,0,0,0,0,0,0,0,0,0,0,0,0,0,0,0,0,0,0,0,0,10.618,1.924
IKPB:bin_000072,0,0,0,0,0,0,0,0,0,0,0,1.77,0,0,0,0,0,0,0,0,0,0,5.047,2.314
IKPB:bin_000073,4.518,2.994,13.387,2.964,2.224,12.768,4.701,0.915,0,2.8,12.688,8.114,12.407,4.261,2.057,11.138,6.982,1.488,10.167,0,8.472,5.71,0,3.11
IKPB:bin_000074,0,1.249,0,3.676,0,0,0,0,0,0,0,0,0,0,0.889,0,0,0,0,0,0.819,0,0,1.823
IKPB:bin_000075,6.311,1.38,0,3.406,0,0,0,0.995,0,0,0,0,0.995,1.704,2.384,0,2.998,0,0,0,0.811,0,1.512,1.119
IKPB:bin_000076,1.296,1.671,0,2.789,0,0,0,0,0,0,0,0,1.015,1.202,2.349,0,2.403,0,0,0,0.606,0,0,0.845
IKPB:bin_000078,7.104,2.533,4.266,3.591,0,2.392,0,0,0,0,3.223,1.919,3.308,2.077,1.787,8.685,2.81,0,0,4.932,5.21,0,8.963,1.497
IKPB:bin_000080,1.327,0,1.067,0.88,0,0,0,0.581,0,0,0,0,1.117,0.633,0.608,1.163,0,0.531,1.176,0,0,0,0.772,0.679
IKPB:bin_000081,0,0.836,0.795,0.846,0,0,0,0,0,0,0,0,0,0.988,0,0,0,0,0,0,0,0,0,0
IKPB:bin_000082,0,0,0,0,0,0,0,0,0,0,0,0,0,0,2.752,0,0,0,0,0,0,0,0,0.761
IKPB:bin_000083,0,2.714,0,0,0,0,0,0,0,0,0,0,0,0,2.028,0,0,1.814,0,1.945,0.769,0,0,3.475
IKPB:bin_000084,0,0,0,0,0,0,0,0,0,0,0,0,0,0,0,0,0,0,0,0,0,0,0,1.683
IKPB:bin_000085,0,2.186,0,1.372,0,0,0,0,0,0,0,1.969,0,1.17,0,0,0.848,0.826,0.603,0,0,0,0.813,2.816
IKPB:bin_000086,0,4.307,0,0,0,0,0,0,0,0,0,0,0,0,0,0,0,0,0,0,0,0,2.769,8.19
IKPB:bin_000087,0.904,2.717,1.021,0,0,0,0,0,0,0,0,2.061,0.686,0.581,0.7,0,0.57,0,0,0,0,0,0,0
IKPB:bin_000088,0,0,0,0,0,0,0,0,0,0,0,0,0,0,1.018,0,0,0,0,0,0,0,0.938,0
IKPB:bin_000090,0,0,0,0,0,0,0,0,0,0,0,0,0,0,14.869,0.974,0,0.544,0,0,0,0,0,0
IKPB:bin_000091,1.471,8.959,1.78,0,0,1.448,0,0,0,0,0,5.056,1.148,0,1.726,0,1.321,2.866,0.796,6.126,4.019,0,2.096,3.787
IKPB:bin_000092,0,2.074,0,0,0,0,0,0,0,0,0,1.109,0,0,0.831,0,0,0,0,0,0.928,0,1.869,1.088
IKPB:bin_000093,0,6.995,0,2.816,0,0,0,0,0,0,0,2.08,2.092,0.784,2.575,1.07,1.698,2.279,0,0,6.068,0,1.131,1.392
IKPB:bin_000095,6.358,7.06,14.046,4.134,59.134,12.333,0.662,1.005,0,44.179,28.322,16.61,7.143,1.404,1.893,26.374,7.677,1.621,3.098,5.233,20.522,1.089,4.207,23.656
IKPB:bin_000096,0,1.301,0,0,0,0,0,0,0,0,0,0,1.917,0,0,5.398,0,0,0,2.026,0,0,0,0
IKPB:bin_000098,0.797,0,0,0,0,0,0,0,0,0,0.86,0,2.984,0,6.798,4.223,0,0,0,0,0.892,0,0,0
IKPB:bin_000099,0,0,0,0,0,0,0,0,0,0,0,0,0,0,1.011,0,0,0,0,0,0,0,1.128,2.229
IKPB:bin_000100,0,0,0,0,0,0,0,0,0,0,0,0,0,0,14.24,0,8.549,0,0,0,0,0,5.118,0
IKPB:bin_000101,4.541,2.626,6.695,5.604,0,0,1.136,1.254,0,2.441,3.209,5.954,3.588,3.519,4.821,14.534,3.946,1.774,1.623,11.028,3.41,0,14.411,2.004
IKPB:bin_000102,8.138,3.16,0,0,0,0,0,0.959,0,0,0,1.616,6.71,5.866,7.06,1.91,3.712,1.707,1.139,1.591,0,0,1.788,2.759
IKPB:bin_000103,1.581,3.925,1.166,6.87,0,0,0,0,0,0,0,2.103,1.767,0.867,3.763,2.199,3.183,0,0,1.21,2.367,0,8.374,2.437
IKPB:bin_000104,2.037,12.505,0,6.078,0,0,0,1.127,0,0,0,0,0,17.332,0,0,1.973,9.456,1.276,1.348,21.869,0,33.866,1.389
IKPB:bin_000105,0,1.495,0,1.877,0,0,0,0,0,0,0,0.993,0,0,1.075,0,0,0,0,0,1.087,0,1.011,0.916
IKPB:bin_000106,0,1.16,0,0,0,0,0,0,0,0,0,0,0,0,0,0,0,0,0,0.988,0,0,0,0
IKPB:bin_000107,0,0.727,0,0.803,0,0,0,0,0,0,0,0,0,0,0.676,0,0,0,0,0,0.82,0,0,0
IKPB:bin_000109,26.017,21.702,13.894,6.834,3.943,4.157,7.383,3.439,0,4.355,4.718,17.004,7.635,8.909,19.652,2.866,16.693,9.332,3.885,22.362,6.8,3.434,16.244,8.433
IKPB:bin_000110,14.776,2.232,13.416,13.746,49.674,10.192,8.771,1.364,0,33.126,22.425,4.631,21.109,7.815,2.01,7.481,25.448,0,5.341,4.385,14.815,42.392,0,3.993
IKPB:bin_000112,1.862,1.894,1.885,2.761,0,1.299,0,0,0,0,0.648,3.1,1.124,1.183,0.965,0,1.964,0,0.6,0,2.31,0,2.422,1.189
IKPB:bin_000113,0,1.914,0,0,0,0,0,0,0,0,0,0,0,0,1.996,0,0,0,0,0,0,0,1.013,0.93
IKPB:bin_000114,2.03,1.551,0,1.939,0,0,0,0,0,0,0,0,1.128,0,9.112,2.46,1.547,0.668,0,0,4.559,0,11.289,1.724
IKPB:bin_000115,0,0.575,0,0,0,0,0,0,0,0,0,0,0,0,0,0,0,0,0,0,0,0,0.608,0
IKPB:bin_000116,6.856,4.255,9.885,24.169,2.908,4.613,1.408,1.211,0,3.894,9.038,3.759,6.613,3.784,2.482,2.94,3.703,1.165,1.607,2.239,4.667,2.826,2.354,2.034
IKPB:bin_000117,0,0,3.953,3.515,0,1.514,0,0,0,0,0,0,0,1.855,0,3.413,2.199,0,1.337,2.879,4.063,0,0,2.457
IKPB:bin_000118,1.427,1.354,0,2.842,0,0,0,0,0,0,0,0,0.924,1.643,1.079,0,0,0,0,0,1.706,0,0,0.731
IKPB:bin_000119,0,5.246,0.705,1.261,0,0,0,0,0,0,0,0,0,0,0.996,0,0,0,0,0.63,0,0,0.804,0.783
IKPB:bin_000120,0,0.823,0,0,0,0,0,0,0,0,0,0,0,0,0,0,0,0,0,0,0,0,0,0
IKPB:bin_000121,1.853,1.643,1.208,2.905,0,0,0,0,0,0,0,1.016,1.292,1.129,2.469,0.938,1.124,0,0,0,3.251,0,3.155,1.327
IKPB:bin_000122,0,2.532,0.975,0,0,0,0,0,0,0,0,0,0,0.68,2.688,0,0,0,0,0,0,0,2.048,0
IKPB:bin_000123,5.994,7.122,7.09,7.698,0,0,0,2.126,0,0,0,9.086,8.943,3.546,7.178,3.723,6.441,1.83,0,9.32,3.443,0,6.57,2.526
IKPB:bin_000124,9.743,21.423,7.674,12.096,0,4.363,0,3.587,0,0,3.788,23.809,10.113,5.767,22.061,10.702,18.389,3.01,2.787,34.879,9.19,0,22.858,6.854
IKPB:bin_000125,0,0,0,0,0,0,0,0,0,0,0,0,0,0,0,0,0,0,0,0,0,0,0,1.66
IKPB:bin_000126,0,0,0,0,0,0,0,0,0,0,0,0,0,0,0,0,0,0,0,0,0,0,0,0
IKPB:bin_000127,0,0,0,0,0,0,0,0,0,0,0,0,0,0,0,0,0,0.989,0,0,0,0,0,0
IKPB:bin_000128,0,0,0,0.884,0,0,0,0,0,0,0,0,0,0,1.104,0,0,0,0,0,1.138,0,0.536,0.684
IKPB:bin_000129,7.702,1.641,4.69,1.927,0,1.527,0.79,0.86,0,1.475,1.636,0.699,6.132,1.216,5.196,2.39,4.831,1.43,1.867,0,1.382,0.664,2.959,3.217
IKPB:bin_000131,0,0.569,4.698,0,0,0,0,0,0,0,0,0,0,0.633,0,0,0,0,0,0,0,0,0,0
IKPB:bin_000132,5.455,0.682,0,1.579,0.778,0,0.874,5.159,0,0.628,0.662,0.738,0.532,0.87,0,2.195,2.053,0,4.11,0,6.368,0,2.233,0.957
IKPB:bin_000133,0,0,2.527,0,0,0,0,3.983,0,0,0,0,1.142,2.027,0,1.353,0,0,0,0,0,0,0,0.583
IKPB:bin_000134,0.828,0.634,2.889,2.497,0,0,0,0,0,0,0,0,4.851,0.709,7.363,0.731,0.545,0,0.918,0,0.773,0,0,1.531
IKPB:bin_000135,11.256,0,3.575,3.903,2.036,0.646,0.634,0,0,2.353,1.286,0,0,0,2.959,2.766,5.709,0,0.898,0,8.795,2.082,0,1.498
IKPB:bin_000136,0.569,0,0,0,0,0,0,0,0,0,0,0,0,0,0,6.31,0,0,0,0,0,0,0,0
IKPB:bin_000137,0,1.931,2.352,0,0,0,0,0,0,0,0,0,0,0,1.042,0,0,0.542,0,0,0,0,0.878,0
IKPB:bin_000138,0,0,0,0,0,0,0,0,0,0,0,0.637,0,0,0,0,0,0,0,0,0,0,2.825,0
IKPB:bin_000139,4.149,3.052,0,2.895,0,0,0,0.841,0,0,0,0,0,1.09,2.324,1.105,0.904,1.076,0.682,0,1.424,0,2.594,3.293
IKPB:bin_000140,0,0,0,0,0,0,0,0,0,0,0,0,0,0,0,0,0,0.579,0,0,0,0,1.129,0
IKPB:bin_000141,4.083,0,0.767,0,1.214,0,0,0,0,0.78,0,0,1.754,1.225,0.591,0,2.19,0,0,0,0.816,0.674,0,1.382
IKPB:bin_000142,0,0,13.31,8.723,0,0,0,0,0,0,0,0,3.54,2.528,2.406,1.481,2.598,1.771,3.215,0,10.434,0,3.248,5.134
IKPB:bin_000143,0,0,0,0,0,0,0,0,0,0,0,0,0,0,0,0,0,0,0,0,0.821,0,1.17,0
IKPB:bin_000144,0,0,0,3.694,0,0,0,0,0,0,0,0,1.925,0,0,2.192,0,0,0,0,0,0,0,0
IKPB:bin_000145,0,0,0,0,0,0,0,0,0,0,0,0,0,0,2.177,0,0,0,0,0,0,0,5.028,1.233
IKPB:bin_000148,0,0,1.327,0,0.658,0.633,0,0,0,0.969,0,0,0,0,0,2.088,0,0,1.676,1.18,0,3.18,0,1.42
IKPB:bin_000150,3.048,0,2.087,0,0,0,0.606,0,0,0,2.212,0,0,0,0,1.172,0,0,0,0,0,0,0,0
IKPB:bin_000151,0,0,0,0,0,0,0,0,0,0,0,0,0,0,0,0,0,0,0.65,0,0,0,0,0
IKPB:bin_000154,1.687,0,0.998,1.046,0,0,0,0,0,0,0,0,0,0,2.97,0,0.787,0,0,0,0,0,2.508,0.604
IKPB:bin_000155,0.629,0,0,1.755,0,0,0,0.633,0,0,0,0.772,0,0,3.031,2.548,0,0,0,0,0,0,0,0.935
IKPB:bin_000156,0,3.225,0,0,0,0,0,0,0,0,0,0,0,0,0,0,0,0,0,0,0,0,0,0
IKPB:bin_000157,0,1.417,0,0,0,0,0,0,0,0,0,0,0,0,1.453,0,0,0,0,0,1.008,0,6.417,0
IKPB:bin_000160,0,0,0,0,0,0,0,0,0,0,0,0,0,0,0,0,0,0,0,0,0,0,0,0
IKPB:bin_000161,4.63,0,1.056,2.73,6.002,3.171,0.73,0,0,1.876,1.834,2.254,1.143,1.332,0.618,0,1.528,0,0.849,1.363,4.47,7.271,1.113,0.906
IKPB:bin_000162,0,0,0,0,0,0,0,0,0,0,0,0,0,0,0,2.091,0,0,0,0,0,0,0,0
IKPB:bin_000163,0,0,1.343,0,0,0,0,0,0,0.915,0,0,0,0,0,0.825,0,0,0.738,0,0.947,0,0,0.84
IKPB:bin_000165,1.296,1.577,0.662,1.245,1.019,0.88,0,0,0,0.823,0,2.204,1.167,0,0.665,0.735,1.293,0,0.754,3.46,1.023,0,0.8,0.899
IKPB:bin_000166,1.213,0,1.931,1.676,11.513,5.132,2.75,0,0,3.111,1.354,1.471,0,0.844,0,0,1.506,0,0.887,0,1.301,5.76,0,0.738
IKPB:bin_000167,0,0,1.467,0,0,0.619,0,0,0,0,1.093,1.28,0.946,0,0,0,0,0,0,0,0,0,0.702,0
IKPB:bin_000170,3.48,1.42,1.411,2.081,4.688,2.422,0.944,1.224,0,1.921,1.849,2.972,1.634,2.097,1.201,0,1.282,0.688,1.298,2.445,4.752,4.11,2.258,2.337
IKPB:bin_000171,1.153,3.552,2.476,3.457,0,0,0,0,0,0,0.679,3.213,1.848,1.103,2.628,1.532,1.618,0.523,0.8,1.814,2.482,0,2.195,1.878
IKPB:bin_000172,0,0.743,0,0,0,0,0,0.619,0,0,0,0,0.68,0,0,0,2.016,0,0,0,0,1.024,0,0
IKPB:bin_000173,0,0,2.778,0.671,0,0,0,0,0,0,0,1.366,1.487,1.146,0,0.647,0.89,0,0,0,0,0,0,1.552
IKPB:bin_000178,0,0,0,0,0,0,0,0,0,0,0,0,0,0,0,0,0,0,0,0,0,0,0,0
IKPB:bin_000180,0,0,0,0,0,0,0,0,0,0,0,0,0,0,0,0,0,0,0,0,0,0,0.891,0
IKPB:bin_000181,0,0.973,0,0,0,0,0,0,0,0,0,0,0,0,0,2.671,0,0,0,0,0,0,0.959,0
IKPB:bin_000183,0,0,0,0,0,0,0,0,0,0,0,0,0,0,0,1.434,0,0,0,0,0,0,0,0
IKPB:bin_000185,0,0,0,0.577,0,1.513,0,0,0,0,0,0,0,0.837,0,0,0,0,0,0,0,0,0.619,0
IKPB:bin_000187,0,3.803,0,0,0,0,0,0,0,0,0,0,0,0,0.786,0.79,0,0,0,0,0,0,0,0.803
IKPB:bin_000189,0,0,0,0,0,0,0,0,0,0,0,0,0,0,0,0,0,0,0,0,0,0,0,0
IKPB:bin_000190,0,0,0,0,0,0,0,3.906,0,0,0,0,0,0,0,0,0,0,6.172,0,0,0,0,0
IKPB:bin_000191,0,0,1.301,0,0,0,0,0,0,0,0,0,0,1.394,1.157,0,0,1.153,0,0,0,0,0,3.353
IKPB:bin_000193,2.523,1.463,1.836,5.521,0,0,0,1.591,0,0,0,1.061,0,1.933,1.834,0,2.856,2.532,0,4.621,4.64,0,4.837,1.095
IKPB:bin_000196,0,0,0,0.753,0,0,0,0,0,0,0,0,0,0,0,0.758,0,0,0,0,0,0,0,0
IKPB:bin_000197,0,0.95,0,0,0,0,0,0,0,0,0,0,0,0,1.13,0,0,0,0,0,0,0,0,0
IKPB:bin_000199,0,0,0,0,0,0,0,0,0,0,0,0,0,0,5.522,0,0,0,0,0,0,0,3.439,1.054
IKPB:bin_000204,0,1.531,0,0,0,0,0,0,0,0,0,2.034,0,0,0,0,0,0,0,3.119,0,0,3.834,1.211
IKPB:bin_000205,0,0,0,0,0,0,0,0,0,0,0,0,0,0,2.103,0,0,0.565,0,0,0.747,0,0,0
IKPB:bin_000206,0.837,1.028,0,0.818,0,0,0,0,0,0,0,0,0,1.035,1.743,0,0,0,0.851,0,0,0,1.793,2.333
IKPB:bin_000209,0,0,1.499,0,0,0.723,0,0,0,0,2.564,0,3.355,1.007,0,1.369,1.125,0,0,0,0,0,0,0
IKPB:bin_000211,0,0.914,0,0,0,0,0,0,0,0,0,0,0,0,0,0,0,0,0,0,0,0,2.611,0
IKPB:bin_000212,0,0,0,0,0,0,0.694,0.78,0,0,0,0,0,0,0,0,0,0,0.578,0,0,0,0,0
IKPB:bin_000213,0,0,0,0,0,0,0,0,0,0,0,0,0,0,0,0,0,0,0,0,0,0,0,0
IKPB:bin_000214,0,1.877,0,0,0,0,0,0,0,0,0,0,0,0,0,2.57,0,0,0,0,0,0,0,0
IKPB:bin_000217,8.045,1.376,7.65,4.57,0,0,0.557,0,0,0.746,1.241,0.658,2.883,8.088,1.332,1.247,2.783,0,0,0,1.126,0,0,1.766
IKPB:bin_000220,0,0,0,0,0,0,0,0,0,0,0,0,2.825,0,0,2.424,0,0,0,0,0,0,0,0
IKPB:bin_000221,2.117,0,0,0,0,0,0,0,0,0,0,0,0,8.949,3.065,0,0,0,0,0,0,0,0,0
IKPB:bin_000222,5.394,0,3.53,0,2.044,1.192,0,0,0,1.852,1.25,1.61,0,0.63,0,0.593,1.054,0,0,0,0,1.217,0,0
IKPB:bin_000223,1.985,1.967,4.546,5.904,0,0,0.693,1.009,0,0,0,1.64,1.584,1.63,3.039,4.54,2.11,0.597,1.445,1.597,3.595,0,2.429,1.936
IKPB:bin_000225,0.988,0,1.05,0,2.474,0,0,0,0,1.293,4.788,0,0,1.79,0,1.438,1.053,0,0,0,0.685,1.17,0,1.545
IKPB:bin_000226,0.843,0,0.697,1.573,0,0,0,0,0,0,0,0,0,0.615,0,0,0,0,0.84,0,0,0,0,0
IKPB:bin_000227,0.717,0,5.291,1.818,3.237,1.761,0.801,0,0,0.896,2.707,0,2.068,1.845,0.638,0.715,0.947,0,0,0,2.447,1.062,0,1.464
IKPB:bin_000229,3.341,0,1.008,0,0,0,0,0,0,0,0,0,0,0,0,0,0,0,0,0,1.343,0,0.795,0.92
IKPB:bin_000231,2.134,0,2.03,1.474,0,0,0,0,0,0,0.916,0,3.432,0,0,1.086,1.06,0,0,0,2.235,0,1.082,0
IKPB:bin_000232,0,0,0,0,0,0,0,0,0,0,0,0,0,0,0,0,0,0,0,0,0,0,0,0
IKPB:bin_000233,0,1.802,0,0,0,0,0,0,0,0,0,0,0,0,1.469,0,0,0,0,0,0,0,0.993,2.304
IKPB:bin_000236,0,0,0,0,0,0,0,0,0,0,0,0,0,0,0,0,0,0,0,0,0,0,0,0
IKPB:bin_000237,0,0.978,0,1.512,0,0,0,0,0,0,0,0.887,0.976,0,0.924,0.813,0,0,0,0,0,0,0,1.059
IKPB:bin_000238,0,0,0,0,0,0,0,0,0,0,0,0,0,0,0,0,0,0,0,0,0,0,0,0
IKPB:bin_000239,0,0,0,0,0,0,0,0,0,0,0,0,0,0,0.687,0,0.924,0,0,0.688,0,0,0.842,0
IKPB:bin_000240,0,2.991,1.085,0.827,0,0,0,0,0,0,0,0.905,0,0,1.033,0,0,0.681,0,0.982,1.104,0,1.912,0.889
IKPB:bin_000241,0,0,0,0,0,0,0,0,0,0,0,0,0.966,0.576,0.676,0,0,0,0,0,0,0,0,1.434
IKPB:bin_000243,0,0.756,0,0,0,0,0,0,0,0,0,0,0,0,0.993,0,0,0,0,0,0,0,0,0
IKPB:bin_000245,3.477,5.202,3.777,8.213,0,0,1.237,5.11,0,0,0,4.071,0,2.244,2.951,0,3.277,1.598,1.906,4.925,7.754,0,14.412,4.399
IKPB:bin_000246,1.024,0.829,0.64,1.085,0,0,0,0.588,0,0,0,0.934,0,0,0,0,0.961,0,0,1.157,1.054,0.745,0.556,1.198
IKPB:bin_000247,3.186,2.509,0,0,0,0,0,0,0,0,0,11.522,0,0,19.161,0,0,1.109,0,2.659,0,0,3.477,0
IKPB:bin_000251,0,2,0,0,0,0,0,0,0,0,0,0,0,0,0,0,0,0,0,0,0,0,0,0.979
IKPB:bin_000254,0,0,0.952,0,1.188,0.832,0.637,0,0,1.006,0.792,0,0,0,0,0,0.745,0,0,0,0.686,3.882,0,0
IKPB:bin_000256,1.164,0,3.891,1.207,0,0,0,0,0,0,0,0,0.981,0,0,0,0,0,0.577,0.842,1.545,0,1.079,3.163
IKPB:bin_000257,4.604,0,2.289,1.312,0,0,0,0,0,0,0,0,1.28,1.9,1.116,1.568,3.049,0,0,0,2.6,0,1.13,1.045
IKPB:bin_000259,0,0,0,0.619,0.625,0,0,0,0,0.761,0,0,0,0,0,0,0,0,0.607,0,0,0.595,0,0
IKPB:bin_000262,0.964,2.065,2.499,2.853,0,0,0,0,0,0,0,0.796,2.189,2.182,1.711,3.317,1.035,0.583,1.076,0,1.852,0,4.153,2.443
IKPB:bin_000263,0,0.591,1.136,0,0,0,0,0,0,0,0,0,0,0,0,0,0,0,0,0,0,0,0.908,0.892
IKPB:bin_000266,0,0,0,0,0,0,0,0,0,0,0,0,0,0,1.217,0,0,0,0,0,0,0,0.763,0
IKPB:bin_000267,0,0,0,0,0,0,0,1.724,0,0,0,0,1.112,0,0,0,1.465,0,0.739,0,0,0,1.175,0
IKPB:bin_000268,2.198,1.844,1.176,3.401,0,0,0,0,0,0,0,2.114,2.284,0.777,3.06,1.019,1.593,0.562,0.885,1.874,0.876,0,1.872,2.675
IKPB:bin_000269,2.686,4.005,4.904,1.606,0,1.043,0.565,0,0,0,1.693,3.288,2.198,1.735,1.511,2.693,0.839,0,0.791,4.914,1.257,0,6.001,1.495
IKPB:bin_000271,1.146,1.005,0,1.754,0,0,0,0,0,0,0,0,1.912,0,0,0,0,0,0,0,1.159,0,1.186,0
IKPB:bin_000272,0,0,0,1.463,0,0,0,0,0,0,0,0,0.568,0,0.705,0.562,0,0,0,0,0,0,0,1.008
IKPB:bin_000273,0,0,0,0,0,0,0,0,0,0,0,0,0,0,4.758,0,0,0,0,3.648,0,0,0.759,0.586
IKPB:bin_000274,0,0,0,0,0,0,0,0,0,0,0,0,0,0,0,0,0,0,0,0,0,0,0.849,1.477
IKPB:bin_000279,61.376,35.547,96.47,78.932,230.66,131.906,55.03,12.862,0,154.665,117.464,51.043,43.414,43.882,25.257,25.694,92.925,21.388,43.4,55.534,119.963,222.296,11.862,39.541
IKPB:bin_000286,0,0,2.138,0,0,0,0,0,0,0,0,0,0,0,0,0,0,0,0,0,0,0,0,0
IKPB:bin_000289,2.428,0,3.236,0,1.906,3.192,0,0,0,3.269,3.22,0,2.583,1.172,0,0,1.858,0,0.933,0,0.96,7.107,0,0
IKPB:bin_000290,6.949,0.743,13.277,2.457,3.061,3.718,0.989,0,0,4.734,3.553,2.02,4.93,7.973,1.571,2.479,5.524,0,1.822,0,4.552,4.452,0,4.384
IKPB:bin_000291,1.296,3.814,1.181,0,0,0,0,1.032,0,0,0,2.434,3.335,0,2.03,1.082,0,0,0,0,2.145,0,0,0.679
IKPB:bin_000292,0,3.163,2.31,0,2.904,2.171,0,0,0,1.719,1.605,2.448,1.896,3.294,2.186,0,2.452,0,1.851,1.704,4.019,2.055,0,1.818
IKPB:bin_000295,0,0,3.172,2.069,0,0,0,0,0,1.166,0,0,1.187,2.596,4.313,0.599,0,0.742,0,0,5.977,0,0,0.84
IKPB:bin_000296,1.468,0,1.091,2.159,0,0,0,0,0,0,0,0,0,0,1.343,0,0,0,0,0,0,0,1.106,0
IKPB:bin_000301,0,2.665,0,0,0,0,0,0,0,0,0,0,0,0,1.446,0,0,0.779,0,0,0,0,1.091,0
IKPB:bin_000302,1.333,0,1.285,0,0,0,0,0,0,0,0,0.782,0,0,2.623,0,0,0,0.96,0,0,0,0,0.749
IKPB:bin_000303,8.29,12.424,0,0,0,0,0,16.885,0,0,0,4.879,0,0,15.002,0,0,5.764,0,7.839,0,0,40.916,6.87
IKPB:bin_000304,0,0,0,0.977,0,0,0,0,0,0,0,0,0,0,0,0,0,0,0,0,0,0,0,0
IKPB:bin_000305,0,0,2.576,1.825,0,1.99,0.561,0,0,0.802,0,1.173,1.482,1.64,1.469,0,0.955,0,1.03,0.78,1.418,0,0,1.935
IKPB:bin_000310,1.313,1.222,1.481,1.234,0,0,0,0,0,0,1.496,1.244,0.88,0.785,1.218,0.834,0.814,0,0,1.331,1.159,1.652,0.887,1.134
IKPB:bin_000312,0.628,0,1.084,0,1.645,0.787,0,0,0,1.148,1.417,0.749,0,0,0,0,0.743,0,0.55,0,0,2.878,0,0
IKPB:bin_000313,0,0.727,0,3.73,0,0.667,0,0,0,0,0,1.664,0,1.04,0.938,0,0.758,0,0,0,1.261,0,1.161,1.177
IKPB:bin_000320,2.044,1.797,2.064,1.545,0,0,0,0,0,0,0,0.946,2.441,0.96,1.436,1.152,1.235,0.634,0,0,0.929,0,1.061,1.389
IKPB:bin_000321,0,0.57,0,0,0,0,0,0.51,0,0,0,0,0,0,0,0,0,0.631,0,0.851,0,0,0,4.07
IKPB:bin_000322,3.275,1.444,1.936,1.905,2.496,2.268,1.998,0.892,0,2.34,2.795,3.321,1.769,2.126,1.36,1.339,3.754,0.783,2.02,2.273,3.804,1.682,1.669,2.636
IKPB:bin_000323,0,0,0,0,0,0,0,0,0,0,0,0,0,0,0.845,0,0,0,0,0,0,0,0,0
IKPB:bin_000327,0,0,0,0,0,0,0,0,0,0,0,0,0,0,0,0,0,0,0,0,0,0,0,1.756
IKPB:bin_000335,0,3.836,0,0,0,0,0,0,0,0,0,0,0,0,1.203,2.358,0,0.581,0,0,1.679,0,0.748,4.443
IKPB:bin_000336,1.428,0.888,1.854,1.587,0.884,0.784,0,0,0,0,1.195,1.301,1.298,0.842,0.602,0,1.231,0,0,0,1.119,1.262,0.962,1.397
IKPB:bin_000338,0,5.898,0,1.843,0,0,0,0,0,0,0,3.199,2.915,0,1.626,0,2.934,0,0,0,0,0,0,0
IKPB:bin_000341,3.691,2.408,1.98,3.611,0,0,0,0,0,0,0.801,1.815,2.794,1.466,1.799,2.076,1.833,0,0,1.552,3.185,0,2.553,1.083
IKPB:bin_000343,0,0,0,1.394,0,0,0,0,0,0,0,0,0,0,0,0,0,0,0,0,0,0,0,0
IKPB:bin_000344,2.078,0.98,1.79,2.237,1.293,1.826,0.597,0,0,1.89,1.939,1.382,1.219,1.07,0,0.803,2.268,0,0.971,0,2.549,2.977,1.058,1.854
IKPB:bin_000346,3.196,8.333,0,33.734,7.527,0,0,1.834,0,0,0,2.034,0,4.177,0,0,3.755,2.306,0,2.28,4.701,0,2.766,1.281
IKPB:bin_000347,0,0,0,0,0,0,0,0,0,0,0,0,0,0,0,0,0,0,0,0,0,0,0,0
IKPB:bin_000348,0,0,0,0,0,0,0,0,0,0,0,0,0,0,0,0,0,0,0,0,0,0,0,0
IKPB:bin_000349,0,5.382,0,0.871,0,0,0,0,0,0,0,0.851,0,0,0.754,0,0,0,0,1.903,0,0,2.131,0.939
IKPB:bin_000350,0,0,0,0,0,0.659,3.93,0,0,1.245,0,0,0,0,0,0,0,0.921,1.172,0,0,5.961,0,0
IKPB:bin_000351,0,0,0,0.612,2.142,4.307,1.602,0,0,2.354,0,0,0,0,0,1.09,0.91,0,1.694,0,0.989,9.092,0,1.077
IKPB:bin_000352,0,0,0,0,0,0,0,0,0,0,0,0,0,0,0,0,0,0,0,0,0,0,0,0
IKPB:bin_000353,1.234,0,1.6,1.636,2.21,0,0,0,0,0,1.915,0,0,0,0,0,1.409,0,0,0,1.628,2.889,0,0
IKPB:bin_000354,1.921,4.664,1.329,2.459,0,0,0,1.325,0,0,0,1.034,0.983,1.234,2.818,1.938,0.756,1.756,1.021,3.476,1.384,0,3.938,3.855
IKPB:bin_000356,12.043,13.611,13.024,20.058,15.353,7.632,2.494,2.168,0,8.554,18.088,12.859,71.997,3.991,14.12,18.315,26.43,2.793,5.412,11.42,14.101,5.792,6.66,11.301
IKPB:bin_000357,0,1.443,0,0,0,0,0,0,0,0,0,0,0,0,0,0,0,0,0,0,0.709,0,0.966,0.931
IKPB:bin_000359,1.54,0,0,0.689,0,0,0,0,0,0,0,0,1.239,0,0,0,0,0,0,0,0.922,0,1.011,0
IKPB:bin_000360,0,2.87,0,0,0,0,0,0,0,0,0,0,0,0,0,0,0,0.683,0,0,0,0,0,0
IKPB:bin_000361,1.36,0,0,0,0,0,0,0,0,0,0,1.129,1.138,0,0,0,0,0,0,0,0,0,0,0
IKPB:bin_000362,4.501,1.972,2.788,4.729,0.678,0.741,0,0,0,0,1.035,3.376,10.585,1.515,4.997,4.635,3.535,0,0,1.78,6.239,0,3.181,1.126
IKPB:bin_000363,1.946,5.668,1.333,3.305,0,0,0,0.918,0,0,0,2.444,1.154,1.048,5.095,1.632,0.869,1.942,0.746,5.872,1.662,0,2.523,4.064
IKPB:bin_000364,0,1.199,0,0,0,0,0,0.713,0,0,0,0,0,3.003,0,0,0,0.821,0,0,0,0,0,1.017
IKPB:bin_000365,0,0,0.919,1.653,0,0,0,0,0,0,0,0,4.447,0,1.324,1.361,0,0,0,0,0,0,0,0
IKPB:bin_000367,0.788,0,0,0,0,0,0,0,0,0,0,0,0,0,0,1.082,0,0,0,0,1.108,0,0.786,0.859
IKPB:bin_000376,5.265,0.888,1.197,1.501,0,0,0,0,0,0,0,0,1.037,1.449,1.488,0,1.187,0,0,0,1.564,0,1.84,0.699
IKPB:bin_000377,1.064,0,0,0,0,0,0,0,0,0,0,0.641,0,1.148,1.412,0,0,0,0,0,0,0,2.042,0
IKPB:bin_000378,0,0,1.589,2.843,2.462,0,5.048,0,0,1.664,3.326,4.626,1.711,0,4.218,2.056,2.263,0,2.441,6.694,1.525,0,1.692,2.393
IKPB:bin_000379,1.009,11.421,1.361,1.7,0,0,0,0,0,0,0,2.457,3.045,1.083,1.833,1.69,0.801,0,0.824,6.677,0.983,0,5.416,4.799
IKPB:bin_000380,0,1.772,0,0,0,0,0,0,0,0,0,0,2.09,0,0,0.629,0,0,0,0,0,0,0.669,0
IKPB:bin_000381,2.026,2.024,2.983,2.044,0,0,0,0,0,0,0,1.307,0,0.98,1.296,3.794,0.619,0.764,0.993,1.128,2.264,0,1.259,1.233
IKPB:bin_000386,0.636,1.153,0.704,0.943,0,0.564,0,0,0,0,0,0.783,0.644,0,0.892,0,0.588,0,0,0.904,0.808,0.9,0,0.951
IKPB:bin_000387,0,0.985,0,0,0,0,0,0,0,0,0,0,0,0,0,0,0,0,0,0,0,0,0,0
IKPB:bin_000391,1.693,0,0.624,0.745,0,0.69,0,0,0,0,0,0,0.705,0.716,0,0,0.805,0,0,0,1.802,0,1.342,0.909
IKPB:bin_000392,0,0,0,0,0,0,0,0,0,0,0,0,0,0,0,0,0,0,0,0,0,0,2.972,0
TI1:bin_000004,2.325,1.939,2.636,3.846,4.475,2.658,0.595,0.602,0,2.682,4.022,2.027,3.943,2.282,1.31,2.593,3.309,0.697,0.935,1.328,3.948,2.742,1.008,1.727
TI1:bin_000008,5.149,1.714,5.137,0,0.866,4.036,1.533,1.056,0,3.938,3.2,5.246,0.935,1.497,0.98,1.422,0,0.634,1.374,1.522,3.028,0.667,0,0
TI1:bin_000011,0,0.789,2.085,1.03,1.744,0,0,0,0,0,2.323,0.547,0,0,0,0.581,1.69,0,0,0,0.707,0,0,0
TI1:bin_000018,12.541,18.37,0,0,0,0,0,1.282,0,0,0,3.308,0.628,0.587,5.375,2.898,8.079,5.906,0,2.995,0,0,9.003,3.476
TI1:bin_000020,3.745,0,5.714,0,0,0.678,0.552,0,0,0.64,0,0.833,1.875,1.915,1.049,0,0,0,0,0,0.773,0,0,0
TI1:bin_000026,0.66,0,1.569,0,0,0,0,0,0,0,0,0.748,15.481,0,0,0,0,0,0,0,0,0,0,0
TI1:bin_000032,0,0,0,2.794,0,0,0,0,0,0,0,2.694,5.124,0,0,1.113,1.832,0,1.231,0,0,0,1.635,1.443
TI1:bin_000035,2.45,3.363,1.656,2.846,0,0,0,0.623,0,0,0,1.434,1.786,1.395,2.267,1.978,0.74,1.091,0.788,2.135,2.01,0,3.432,3.121
TI1:bin_000041,9.168,0,4.537,0.901,3.039,0,0,0,0,1.616,5.401,0,5.311,2.569,1.854,2.013,4.208,0,0.566,0,1.243,0,0,1.542
TI1:bin_000057,1.431,0,1.825,0,1.65,1.071,0.687,0,0,0.909,1.294,0,3.8,1.673,0,0,3.369,0,0,0,2.942,1.465,0,0
TI1:bin_000058,3.362,1.446,4.834,3.16,0,0,0.593,0.625,0,1.272,2.72,1.342,2.57,2.347,1.821,1.391,1.746,0,0.665,0,3.071,0,0.815,1.206
TI1:bin_000065,0.961,0.79,2.582,1.896,0,0.584,0,0,0,0.689,1.43,1.87,1.701,1.496,1.09,1.966,1.188,0,0.617,0.806,1.948,0,0,2.325
TI1:bin_000066,2.738,0,5.505,3.452,0,2.626,0,0,0,1.038,2.375,0,4.461,1.572,0.611,2.822,1.604,0,0,0,2.989,0,0,0
TI1:bin_000074,1.082,0,12.059,0,1.667,0,0,0,0,0.759,0.914,0,2.01,1.347,0,0,1.061,0,0,0,0,0,0,1.831
TI1:bin_000078,0,0,0,1.544,0,1.175,0,0,0,0,0,6.202,7.5,0,0.634,1.909,3.161,0,0.663,0,0,0,0,0
TI1:bin_000079,1.318,0,1.752,0,5.276,1.145,0.569,0,0,2.227,2.894,0,0.87,1.821,0,0.852,0.588,0,0,0,1.031,3.965,0,0
TI1:bin_000083,1.933,0,2.842,1.748,0,0.67,0,0,0,0,1.39,1.239,1.068,1.554,0,1.072,0.839,0,0,0,2.008,0,0,1.53
TI1:bin_000098,0.557,0,4.952,0,3.59,1.941,0,0,0,2.338,4.706,0,5.066,1.804,0,1.256,2.835,0,0,0,2.369,4.937,0,0
TI1:bin_000101,1.087,0.752,0.811,0.928,2.29,1.318,0.959,0,0,1.345,0.739,0,0.658,0,0,0.611,1.446,0,1.491,0,1.139,2.883,0,0.924
TI1:bin_000102,0.89,0,5.679,0.694,2.101,0.932,0.996,0,0,1.305,2.624,0.73,1.794,0.594,0,0,0.606,0,0,0,0.726,0,0,0
TI1:bin_000107,1.073,0,1.091,1.187,2.755,1.115,0,0,0,0.781,2.353,2.254,1.555,0.581,0,1.084,1.34,0,0,0,1.228,0.811,0,0.762
TI1:bin_000120,3.637,0,15.651,2.356,8.888,4.543,0.977,0,0,10.275,7.793,2.773,5.953,3.459,0,5.496,9.169,0,1.376,0,2.437,6.981,0,0.66
TI1:bin_000121,1.003,0,1.485,1.16,5.062,2.028,1.772,0,0,1.805,0.894,0.593,0,0,0,0,0.746,0,0.602,0,0,2.251,0,0.793
TI1:bin_000128,1.303,0.674,3.394,3.554,0,0.672,0,0,0,0,1.775,0.739,1.033,1.475,1.43,1.644,1.733,0,0.869,0,2.984,0,1.624,0
TI1:bin_000133,0.879,0,1.012,1.755,1.713,1.328,0,0,0,1.001,0.924,0,0,0,0,0.858,1.162,0,0,0,1.959,0,0,0
TI1:bin_000134,1.303,0,0,0,2.358,0.898,1.146,0,0,0,1.404,0,0.632,0,0,0,0,0,0,0,0,0,0,0
TI1:bin_000137,0,0,0.97,0,4.279,3.592,0,0,0,1.687,2.083,0,1.681,0,0,0,2.059,0,0,0,0,6.254,0,0
TI1:bin_000140,0.624,0.628,0,1.054,2.473,1.376,0,0,0,0.844,2.052,1.347,0.682,0.603,0,0,1.081,0,0,0,1.32,0,0,0.804
TI1:bin_000141,0,1.225,0.881,0.75,0,1.5,0,1.072,0,0,0,0,6.865,0,0,0,1.113,0,0,0,0,0,0,0
TI1:bin_000143,0.851,0,3.926,0,1.852,0,0,0,0,2.727,0.729,0,0,1.709,0,0,0,0,0,0,0,0,0,0
TI1:bin_000146,0,0,0.582,1.431,3.022,2.013,0,0,0,0.989,2.392,0,0,0,0,0,1.531,0,0,0,2.276,0.824,0,0
TI1:bin_000150,0,0,2.111,0,4.185,1.11,0,0,0,3.257,2.497,0,0,0,0,0,0,0,0,0,0,0,0,0
TI1:bin_000151,0.883,0,0.621,3.936,0,0,0,0,0,0,0,1.222,3.247,0.745,1.772,0,0.874,0,0,0,0,0,0,0
TI1:bin_000152,3.7,1.593,5.423,3.471,5.168,5.522,0.959,0,0,3.322,2.823,0,2.592,2.672,0,2.361,4.273,0,2.527,0,1.911,6.673,0,2.106
TI1:bin_000156,0,0,2.338,0,5.228,0,0,0,0,1.608,1.95,0,0,0,0,0,0,0,0,0,2.878,1.496,0,0
TI1:bin_000168,0,0,0.734,1.398,1.49,1.406,1.064,0,0,1.229,0.92,0.586,0.769,0,0,0.758,0.667,0,2.21,0,1.007,2.163,0,0.937
TI1:bin_000185,0,0,1.277,0,0.927,0.951,0,0,0,0,1.957,0,3.459,0.594,0,0,2.117,0,0,0,0,0,0,0
TI1:bin_000186,0.758,0,4.965,1.411,6.958,4.354,1.18,0,0,3.916,5.195,0.914,2.449,1.321,0,0,1.856,0,0.729,0,2.969,4.849,0,0.785
TI1:bin_000187,1.188,0,0,1.658,1.262,0,0.564,0.605,0,0.854,0,0,1.041,0.851,0,0,1.075,0,0,0,0,0,0,0
TI1:bin_000196,1.73,0.59,2.158,1.104,2.901,2.017,0.648,0,0,1.81,3.019,2.191,2.094,1.259,0,0.595,1.784,0,0.569,0,1.254,4.6,0,0.69
TI1:bin_000203,0,0,3.017,0,0,0,0,0,0,0.577,1.941,0,1.207,0,0,0,0,0,0,0,0,0,1.46,0
TI1:bin_000205,0,0,2.016,0,0,0,0,0,0,1.787,1.173,0,0,0.693,0,0,2.292,0,0.628,0,0,1.544,0,0
TI1:bin_000206,0.888,0,1.708,0,5.447,0.673,0.561,0,0,1.36,2.368,0,1.256,0.787,0,0,0.647,0,0,0,1.453,5.291,0,0
TI1:bin_000207,0,0,1.231,0,1.308,1.325,0,0,0,2.344,0,0,0,1.174,0,0,1.311,0,0,0,0.91,1.329,0,0
TI1:bin_000211,1.572,0,1.545,0.639,5.996,1.639,1.175,0,0,2.799,1.949,1.151,0.956,0.876,0,0.625,1.733,0,1.725,0,1.713,5.369,0,0.587
TI1:bin_000217,3.499,0,3.805,2.805,10.852,3.529,1.943,0.654,0,5.359,6.823,1.472,3.232,1.964,0,1.548,3.598,0,2.743,0,6.222,21.456,0,1.117
TI1:bin_000246,0,0,0.847,1.468,1.997,1.121,0.601,0,0,1.021,0.824,0.911,1.069,0.692,0,0,1.554,0,1.227,0,1.873,2.547,0,0.606
TI1:bin_000248,1.745,0,2.862,0,0,0.868,0,0,0,0,1.061,0,0,0.704,0,0.767,0,0,0,0,0,0,0.675,0
TI1:bin_000254,1.082,0,2.326,2.154,4.602,1.774,0,0,0,2.892,1.67,0,1.239,1.156,0,1.057,2.172,0,0,0,1.887,4.18,0,0
TI1:bin_000255,0.809,0,2.294,1.735,1.337,1.111,0,0,0,0.799,0.791,0,1.198,1.061,0,0,2.751,0,0,0,2.143,0,0,0
TI1:bin_000256,2.345,0,1.486,1.782,0.9,1.258,0,0,0,1.001,1.753,0.84,1.022,0.732,0,0.789,0.721,0,0,0,1.693,0,0,0
TI3:bin_000003,1.514,1.617,0,1.124,0,0,0,0,0,0,0,0,0,0.94,3.413,1.64,0.631,0,0,0,2.62,0,3.392,1.79
TI3:bin_000010,2.559,3.792,2.929,2.281,0,0.822,0,0.827,0,0,0.627,3.186,2.419,1.636,1.989,2.704,1.012,0.913,0.669,0,1.6,0,1.378,3.516
TI3:bin_000018,17.126,2.461,8.987,9.06,8.612,38.497,1.99,0,0,4.053,9.511,2.143,6.056,5.371,0.912,19.734,13.085,0,0.598,0,2.673,20.314,4.489,1.398
TI3:bin_000023,4.037,7.876,2.866,6.712,16.093,8.275,4.059,1.628,0,13.163,1.82,2.185,2.361,1.797,7.078,2.529,5.38,3.127,4.679,2.317,15.213,6.379,10.275,11.651
TI3:bin_000025,2.352,1.925,1.04,0,2.736,2.236,1.027,0.806,0,1.94,1.06,1.008,1.032,0.815,0,0.792,1.282,0.7,0.969,0,2.212,12.852,1.408,1.965
TI3:bin_000028,4.591,0,2.2,11.899,0.808,0.573,0.705,0,0,2.021,2.019,0,2.056,2.446,0,3.213,2.511,0.845,1.103,0,5.309,0,3.653,0
TI3:bin_000029,0,0,1.594,0,3.311,3.141,0,0,0,2.249,2.455,1.116,0,0,0,0,2.84,0,0.959,0,2.255,6.261,0,1.575
TI3:bin_000031,3.08,0,4.234,2.438,5.232,3.165,1.433,0,0,4.051,3.667,1.945,2.558,1.16,0,1.749,2.267,0,1.733,0,1.43,7.066,0,1.43
TI3:bin_000039,2.669,4.006,2.622,4.333,6.417,7.757,0.761,0.859,0,2.445,5.237,3.503,2.046,1.353,0.99,1.47,1.826,0.926,0.671,3.212,4.495,4.269,0,1.663
TI3:bin_000040,0,0,6.534,1.607,25.443,8.724,2.434,0,0,17.529,8.612,0,4.074,1.066,0,1.763,1.341,0,1.842,0,2.839,16.745,0,0
TI3:bin_000043,0,1.118,0,5.063,0,0,0,0,0,0,0,1.021,0,0,0,0,0,0,0,0,0.608,0,0.839,0
TI3:bin_000055,4.508,4.25,4.434,4.777,2.979,2.589,0.568,1.659,0,1.821,2.936,3.436,1.544,2.624,2.256,1.349,2.38,1.205,0.986,2.476,6.773,0.556,1.158,4.873
TI3:bin_000058,1.386,0,0.555,0.999,0,0,0,0,0,0,1.711,3.577,1.13,0,0.733,0.555,1.845,0,0,6.332,0.996,0,0,1.134
TI3:bin_000061,0.939,0.639,0.649,0.848,1.939,1.946,1.014,0.652,0,1.766,0,0.855,0,0,0,0,1.942,0,0.869,0.952,1.692,3.548,0,1.08
TI3:bin_000078,0,14.395,0,0,0,0,0,0,0,0,0,2.804,0,0,0.956,0,1.779,2.355,0,6.168,0,0,2.465,0
TI3:bin_000083,0.568,0.977,0.777,1.624,1.743,1.609,0,0,0,0.837,1.333,1.679,0.921,0,0,0.553,0.941,0,0,0.977,1.436,1.215,0,1.131
TI3:bin_000094,0.924,3.249,0,0.976,0,0,0,0.588,0,0,0,1.23,0,0.954,1.88,0,5.136,1.803,2.09,0.617,2.866,0,3.468,1.896
TI3:bin_000100,0.627,3.321,0,0.979,0,0,0,0,0,0,0,0,0.846,0,1.861,2.097,0,0,0,0,2.827,0,1.08,2.211
TI3:bin_000101,0,0,0,5.826,0,0,0,0,0,0,0,0,0.737,0,0,0,0,0,0.654,0.645,0,0,3.975,0
TI3:bin_000102,0.84,3.158,1.591,6.817,0,0.623,3.978,24.434,0,0.513,1.014,4.549,2.972,1.154,0,2.656,3.987,0.612,22.399,1.104,2.097,0,3.253,20.684
TI3:bin_000106,0,2.814,0,0,0,0,0,0,0,0,0,0,0,0,2.47,0,0,0,0,0,0,0,0.645,2.218
TI3:bin_000118,0,0,0.591,0,1.904,2.103,0.595,0,0,1.883,0.715,0,0,0,0,0,1.391,0,0.742,0,0.804,6.943,0,0
TI3:bin_000133,0.591,1.53,0,0,0,0,0,0,0,0,0,1.227,0,0,1.88,0,0,0,0,0,0,0,1.949,2.466
TI3:bin_000144,1.522,4.358,0.785,1.61,0,0,0,0.717,0,0,0,3.115,0,0.86,2.188,1.726,0,1.216,0.525,6.13,1.595,0,2.308,2.448
TI3:bin_000148,0,3.006,0,2.135,0,0,0,0,0,0,0,0,0,0,2.747,0,0,1.56,0,2.938,0,0,2.182,3.614
TI3:bin_000161,0,2.265,0.922,1.767,2.303,1.729,0.736,0,0,1.734,0,0,0,0,1.199,0,0,0,0.88,0,3.158,2.133,1.548,1.107
TI3:bin_000165,3.111,0,5.27,5.118,1.824,5.075,0.694,0,0,2.421,4.037,3.087,2.713,2.638,0,1.698,3.422,0,0.883,0,4.245,3.599,0,1.134
TI3:bin_000185,0,15.717,0,0,0,0,0,0,0,0,0,0,0,0,0,0,0,0.791,0,2.827,0,0,0,0
TI3:bin_000186,8.132,15.366,4.286,12.274,1.256,2.771,1.114,2.192,0,1.146,1.841,18.142,2.763,3.596,12.828,3.431,10.466,2.328,1.911,6.615,8.911,0,29.139,10
TI3:bin_000195,1.405,0.578,0,1.116,0,0,0,0,0,0,0,1.601,0.984,0,0.568,0,0.739,0,0,1.263,1.037,0,0,0.558
TI3:bin_000196,0,3.709,0,0.931,0,0,0,0,0,0,0,1.733,0,0,1.972,0,0,0.902,0,1.358,0,0,0.675,3.901
TI3:bin_000211,2.849,2.808,3.318,4.56,0,1.428,0,1.014,0,0.629,1.323,3.953,2.586,1.652,2.317,2.191,1.628,1.294,1.361,1.63,2.55,0,2.516,2.01
TI3:bin_000220,1.62,5.52,0,0,0,0,0,1.018,0,0,0,3.342,2.638,0,8.897,0,4.926,1.186,0,6.674,0,0,6.281,0
TI3:bin_000223,1.175,1.519,0,5.645,0,0,0,0,0,0,0,0.958,1.503,0,2.305,1.804,1.772,0.986,0,1.532,0,0,1.601,0
TI3:bin_000229,16.577,4.251,24.827,13.097,61.152,43.045,9.062,1.344,0,33.551,48.654,10.029,15.244,8.805,3.074,5.466,20.232,2.305,4.265,3.994,16.962,83.31,0.999,4.426
TI3:bin_000243,0.78,0,1.054,0.596,1.594,1.592,0,0,0,1.201,0.832,0,1.401,0.748,0,0.892,0.812,0,0,0,4.699,3.008,0,0
TI3:bin_000246,0.901,0,0.921,0.772,5.529,3.03,1.476,0,0,2.021,1.271,1.978,0,0.913,0,0.662,1.462,0,1.557,0.629,2.046,7.549,0,1.026
TI3:bin_000252,1.785,1.691,1.533,2.765,0,0,0,0,0,0,0,1.565,1.373,0.589,2.087,1.043,0.732,0,0.745,1.039,1.044,0,1.438,1.688
TI3:bin_000266,1.062,0.575,0,0,0,0,0,0,0,0,0,0,0.946,0,1.412,0,0.863,0,0,0,1.237,0,3.201,0
TI3:bin_000282,0,2.119,0.785,0,1.376,0.956,0,0,0,0.583,0,1.78,0.58,0,1.168,0,0.97,0,1.139,0,1.965,0.697,0,0.834
TK1:bin_000004,0.848,0.767,0,0,0,0,0,0,0,0,0,1.146,0,0,0,0,0,0,0,0.772,0,0,2.699,1.213
TK1:bin_000005,0,0,2.974,8.762,0,0,0,0,0,0,0,1.422,0,0,0.929,2.068,0,0,0,4.704,1.803,0,0,1.043
TK1:bin_000018,1.912,5.967,2.254,3.4,0,0.993,0,1.025,0,0,0.72,3.388,2.494,1.115,3.281,2.205,1.31,1.516,1.152,5.511,1.573,0,3.177,3.376
TK1:bin_000023,3.003,0,5.528,3.564,2.164,2.433,0.584,0,0,1.886,2.169,0,3.818,2.485,0.682,1.449,2.275,0,0,0,4.173,2.581,2.428,1.828
TK1:bin_000025,0.999,0.969,0,0,0,0,0,0,0,0,0,0,0,1.015,3.095,0,0,0,0,0,1.836,0,2.06,2.154
TK1:bin_000026,2.312,1.384,0,0,0,0,0,0,0,0,0,2.107,2.008,0,1.454,0.741,0.635,0,0,0,0.901,0,0,0.649
TK1:bin_000028,0.599,0.755,1.402,2.126,5.641,5.052,1.443,0,0,2.331,3.434,1.01,2.149,0.7,0,1.107,4.479,0,1.29,1.201,2.001,26.5,0,0
TK1:bin_000029,10.551,4.189,4.85,9.603,3.029,5.964,2.133,4.695,0,4.95,3.474,7.532,6.493,3.499,3.588,3.314,5.537,4.163,3.743,6.201,11.656,3.645,6.335,6.755
TK1:bin_000036,2.029,0.793,0,0,0,0,0,0,0,0,0,4.256,0,0,9.521,0,0,0,0,0.65,2.397,0,3.94,4.319
TK1:bin_000042,0,2.824,0,0,0,0,0,0,0,0,0,0,0,0,1.715,0,0,0,0,0,0,0,2.16,2.281
TK1:bin_000046,0,0,0,0.763,0,0,0,0,0,0,0,0,0,0,1.585,0,0,0.771,0,0,0,0,0.614,0
TK1:bin_000058,5.953,2.981,14.981,18.649,30.263,14.821,6.719,2.04,0,12.671,11.279,10.204,6.581,5.503,1.97,6.811,5.537,0.651,3.973,4.918,5.209,29.846,0.94,4.084
TK1:bin_000060,3.164,0.876,2.274,5.731,0,1.055,1.174,0.573,0,0.778,0.736,1.283,3.868,2.288,1.085,1.225,1.993,0.902,1.651,0.608,5.363,0,0.953,1.6
TK1:bin_000065,1.658,0,2.209,3.363,3.057,2.752,0,0,0,1.389,3.225,4.647,3.094,1.385,0,1.15,2.611,0,0,0,4.698,1.999,1.742,0
TK1:bin_000068,0,1.238,0,0,0,0,0,0,0,0,0,0,0,0,0,0,0,0,0,0,0,0,0,0
TK1:bin_000070,1.774,0,4.384,1.998,5.986,5.7,0.941,0,0,5.104,3.564,2.113,1.411,1.15,0,1.288,3.383,0,0.626,2.619,6.573,17.269,0,0.993
TK1:bin_000083,2.215,0,0.728,0.971,1.979,1.192,0,0,0,0,0.78,1.09,0,0.66,0.602,1.232,1.97,0,0.846,1.899,0.765,2.796,0.603,0.847
TK1:bin_000087,0,1.705,0.531,0.984,0,0,0,0,0,0,0,6.576,4.648,0,0.93,1.749,0.917,0,0,0,0.77,0,0,0
TK1:bin_000090,0,1.756,1.285,7.763,0,0,0,0,0,0,0,2.73,1.252,0,4.234,0.86,1.347,0,0,1.469,3.119,0,1.851,1.544
TK1:bin_000093,0.6,2.126,0,1.038,0,0,0,0,0,0,0,0,0.544,0,0,0,0,0,0,0,0,0,0,0.759
TK1:bin_000094,3.885,0,3.617,2.102,0,0,0,0,0,0.619,0,0.661,1.324,3.507,0,0.655,1.209,0,0,0,3.462,0,0,0.895
TK1:bin_000097,0,0,0,0,0,0,0,0,0,0,0,0,0,0,0,0,0,0,0,0,0,0,0,0
TK1:bin_000100,0,0,0,0,0,0,0,0,0,0,0,0,0,0,0,0,0.6,0,0,0,0,0,0,0
TK1:bin_000101,2.369,1.238,0.788,1.936,0,0,0,0.969,0,0,0,1.25,1.523,0.537,1.528,0.991,0,0,0,0,0,0,0,0
TK1:bin_000104,1.743,0,1.853,3.732,0,1.391,0,0,0,0,0,1.68,0,0,2.56,0,0,0,0,0,2.183,0,0,3.525
TK1:bin_000107,0.574,1.14,1.751,2.348,0,0.77,0.588,1.29,0,0.77,0.757,1.89,1.328,1.46,1.196,0,1.88,0.757,0.951,1.933,1.743,0,1.275,1.808
TK1:bin_000115,0.542,0.754,0,0,0,0,0,0,0,0,0,0,0,0,1.157,0,0,0,0,0,0,0,0,0.924
TK1:bin_000116,0,0,0,0,0,0,0,0,0,0,0,0,2.303,0,1.57,3.485,3.118,0,0,0,0,0,1.302,0
TK1:bin_000118,5.945,0,0,2.765,0,0,0,0,0,0,0,0,1.36,0.773,0.76,0,0.605,0,0,0,0,0,0,0
TK1:bin_000123,0,1.61,0.761,0,0,0,0,0.627,0,0,0,0.983,2.395,0,0,0,1.223,0,0,0.829,0,0,0,0
TK1:bin_000125,0.88,0,1.068,0.637,0,0,0,0,0,0,0,0,0,0.766,0.862,0,0,0,0.558,0,0.637,0,0.834,4.706
TK1:bin_000131,1.372,1.555,0.746,2.955,0,0,0.723,0,0,0,0.606,2.677,0.802,1.398,0,0,1.05,0,0,0,1.085,0,0,0.829
TK1:bin_000133,0.651,0.64,1.039,0.696,1.581,0.775,0,0,0,1.056,1.258,0.836,0.554,0,0,0.535,0.698,0,0.962,0,0.886,1.429,0,0.637
TK1:bin_000138,2.575,2.255,0,0,0,0,0,0,0,0,0,2.015,0,1.634,0,0,0,0,0,1.646,0,0,2.723,0
TK1:bin_000139,0,1.972,0,0,0,0,0,2.002,0,0,0,0,0,0,0,0,0,0,0,0,0,0,0,0
TK1:bin_000145,0,0,0.854,0,0,0,0,0,0,0,0,0,0,0.859,0,0,0,0,0,0,0,0,0.985,0
TK1:bin_000149,0,5.01,0,0,0,0,0,0,0,0,0,0.737,0,0,0,0,0,0.575,0,0,0,0,0.589,0
TK1:bin_000151,0,0.559,10.502,0,0,0,0,0,0,0,0,0.992,0,0,0.614,2.078,0,0,0,0.624,1.343,0,0,0
TK1:bin_000153,0,0,0,0,0,0,0,0,0,0,0,0,0,0,0,0,0,0,0,0,0,0,0,0.852
TK1:bin_000156,2.763,0.782,0.961,1.273,0.778,1.587,0,0.616,0,0.667,1.23,1.06,0.704,0,0,0,0.781,0,0,1.439,1.241,0,0,1.141
TK1:bin_000158,0.644,0.809,1.236,1.037,0,0,0,1.9,0,0,0,1.31,1.576,0,2.201,0.626,0,0.573,0,0,0,0,0,0
TK1:bin_000164,4.467,0,3.882,2.394,1.37,0.626,0.869,0,0,0.978,5.606,0.739,2.102,3.13,2.421,0,9.488,1.126,0,0,2.218,1.149,0,0.803
TK1:bin_000166,7.279,5.582,12.937,5.372,25.731,16.191,3.803,0.96,0,16.668,26.722,12.852,7.03,6.339,3.775,4.152,11.776,0.993,4.318,1.208,12.983,24.65,0,5.213
TK1:bin_000167,0,0.917,0.655,0,0,0,0,0,0,0,0,1.108,0.779,0,0,0.574,0,0,0,0,0.675,0,0,0
TK1:bin_000175,1.771,1.812,2.292,2.66,1.628,1.666,0,0,0,0.662,1.486,1.569,0.559,1.108,0,0,0.926,0.669,0,0,2.929,0,0,1.324
TK1:bin_000178,1.179,1.866,3.19,1.3,0,0,0,0,0,0,0,0,0,0,0.681,1.157,0,0,0.905,0,0.807,0,0.657,1.886
TK1:bin_000182,0,1.978,0,1.449,0,0,0,0,0,0,0,1.051,0.923,0,1.248,0.666,0,0.686,0,0,0,0,0,2.447
TK1:bin_000184,0,0,1.122,1.584,0,0,0,0.775,0,0,0,0.656,0.749,0,0,0,2.115,0,1.269,0,0,0,0,0.813
TK1:bin_000185,0.854,1.886,1.576,1.544,0.917,0.611,0,0.541,0,0.792,1.101,1.884,0.549,0.635,4.686,0,1.904,0,0.712,4.114,1.952,1.181,0,2.987
TK1:bin_000187,1.267,0,2.884,0,0,0,0,0,0,0.667,0,0,0.945,1.053,1.015,0,0.959,0,0,0,1.038,0,0,0
TK1:bin_000193,6.489,21.265,3.681,9.394,0,1.088,0,0.717,0,0,1.396,5.538,2.862,2.174,12.487,4.498,4.579,2.151,2.571,10.379,6.922,0,15.258,5.87
TK1:bin_000199,0.921,5.256,0,1.314,0,0,0,0.734,0,0,0,1.612,0,0,1.73,1.325,0,1.526,0,8.035,1.07,0,3.447,5.327
TK1:bin_000202,0,1.487,0,0,0,0,0,0,0,0,0,0,0,0,0,0,0,0,0,0,0,0,0,0
TK1:bin_000203,1.553,0,0.583,1.296,0,0,0,0,0,0,0,0,0,0.662,0,0,1.17,0,0,0,1.05,0,0,0
TK1:bin_000206,0,0,0,0,0,0,0,0,0,0,0,0,0,0,0,3.422,0,0,0,0,0,0,0,0.662
TK1:bin_000211,0,0,0,0,0,0,0,0,0,0,0,0,0,0,2.626,0,0,0,0,0,0,0,0,0
TK1:bin_000215,1.203,0,0,0.978,0,0,0,0,0,0,0,0,0,0,0.701,0,0,0.576,0,0,0.651,0,0.667,1.276
TK1:bin_000224,1.311,3.057,0,0,0,0,0,0,0,0,0,0,0,0,0.808,0,0,0,0,2.755,0,0,3.103,1.448
TK1:bin_000254,2.386,0.738,2.132,1.934,4.543,3.225,1.855,0.892,0,2.407,1.443,2.458,1.257,1.148,0.875,1.071,1.75,0.556,1.07,1.47,1.659,5.387,0.952,2.085
TK1:bin_000262,0.562,0,0.648,0,0,0,0,0,0,0,0,0,1.18,0.54,0.78,0.735,0,0,0,0,1.227,0,0,0
TK1:bin_000264,0,0,0,0,0,0,0,0,0,0,0,0,0,0,0,0,0,0,0,0,0,0,0,0
TK1:bin_000265,8.739,0.593,1.694,0.986,2.934,3.192,0,0,0,2.389,1.931,0,0.838,0,0,0,3.401,0,0,0,0,1.139,0,0
TK1:bin_000267,1.09,4.193,0.8,0.788,0,0.657,0,0,0,0,0,1.038,0,0.534,1.374,1.295,0,0.558,0,2.625,0.565,0,1.094,2.821
TK1:bin_000279,0,0,0,0,0,0,0,0,0,0,0,0.59,0,0,1.208,0,0,0,0,0.667,0,0,0.919,0.733
TK1:bin_000284,1.14,0.915,0.946,1.765,0,0,0,0,0,0,0.695,1.559,1.776,1.018,0.866,0.724,0.886,0,0.746,2.854,2.869,0,0.937,1.043
TK1:bin_000285,1.209,0,3.504,0,3.964,3.739,0,0,0,2.625,3.403,0,3.446,1.949,0,0,1.014,0,0,1.234,1.543,1.067,0,0
TK1:bin_000300,0,0.936,0,0,0,0,0,0,0,0,0,0,0,0,1.711,0,0,0.557,0,0,0,0,0,0
TK1:bin_000303,2.82,0,5.302,1.975,8.177,4.052,2.712,0.68,0,2.936,6.575,2.658,3.79,3.176,0,1.877,5.418,0,2.999,0,5.334,24.435,0,1.389
TK1:bin_000337,0,0,0,0,0,0,0,0,0,0,0,0,0,0,0,0,0,0,0,0,0,0,0.782,0
TK1:bin_000347,1.33,3.541,0,0,0,0,0,0.83,0,0,0,3.013,2.201,0,5.298,0,3.328,0.698,0,5.233,0,0,5.065,0
TK3:bin_000001,2.091,1.681,0,0,5.114,0,4.585,3.104,0,1.297,0,1.884,1.093,0,0,0.584,0.639,1.107,4.789,0.905,5.041,2.993,0,1.921
TK3:bin_000003,0,1.298,0,0,0,0,0,0,0,0,0,0,0,0,0,0,0,0,0,0,0,0,0.694,3.023
TK3:bin_000005,1.624,1.528,1.701,2.369,5.522,2.109,0.627,0,0,2.957,0.944,0.969,1.079,1.184,1.399,1.722,0.876,0.85,1.43,1.003,5.126,1.388,2.034,1.533
TK3:bin_000018,0.943,2.709,1.071,0,0,0,0,0.718,0,0.879,0,1.243,0.786,0,0,0.799,0.672,0,0,0.871,0,0,0,0.574
TK3:bin_000019,0.911,15.683,0,2.109,0,0,0,1.132,0,0,0,2.521,0,0.91,17.623,0.649,0.791,1.617,0.784,3.963,3.32,0,49.497,8.669
TK3:bin_000021,2.839,0.971,3.598,3.98,0,1.369,0.673,0,0,1.512,1.728,1.719,4.005,1.643,0.721,1.414,3.01,0,1.491,1.021,5.606,0,1.043,0.92
TK3:bin_000024,0,3.357,0,0,0,0,0,0,0,0,0,0,0,0,0,0,0,0,0,6.716,0,0,2.395,0
TK3:bin_000026,0,0,0,0,0,0,0,0,0,0,0,0,0,0,0,0,0,0,0,0,0,0,0,0
TK3:bin_000028,1.315,0,0,0,0,0,0,0,0,0,0,0.75,0,0.856,0.716,0,0,0,0,0,0,0,0,0
TK3:bin_000031,1.537,0.764,5.396,0,0.727,0,0.812,0,0,1.738,2.913,0.694,1.189,1.135,0.515,0,3.376,0,0.696,0,0,0.778,0,0
TK3:bin_000036,3.236,3.987,1.971,5.178,0,0.892,0.69,0,0,1.463,0.999,0.614,0.949,1.891,2.906,1.5,1.374,1.052,1.747,0,3.802,0,0,4.201
TK3:bin_000043,0,0.848,0,1.242,0,0.916,0,0.779,0,0,0,0.845,0,0.631,0,0,2.084,0,2.412,0.948,1.69,0,0.788,0.939
TK3:bin_000046,0,5.803,0,2.404,0,0,0,0,0,0,0,0,0.656,1.178,1.297,0.772,0.665,0,0,0,1.682,0,3.211,3.074
TK3:bin_000047,0,2.715,0,0,0,0,0,0,0,0,0,0,0,0,0,0,0,0,0,2.068,0,0,0,0
TK3:bin_000048,0,2.583,0,0,0,0,0,0,0,0,0,0,0,0,0,0,0,0,0,0,0,0,0,0
TK3:bin_000056,2.538,0,2.25,1.995,0,0,0,0.724,0,0,0.609,2.906,1.469,1.347,0.571,1.741,1.045,0,0,0.883,0.676,0,1.015,1.593
TK3:bin_000069,0,1.495,0,0,0,0,0,0,0,0,0,0,0,0,0,0,0,0,0,0,0,0,0,1.855
TK3:bin_000070,5.313,0.807,2.584,0.659,0,0,0,0,0,0,0,0,0,2.193,2.054,0,1.603,0,0,0,1.512,0,1.998,0
TK3:bin_000071,0.718,1.76,0,0,0,0,0,0.915,0,0,0,0.529,0,0,2.155,0,0,0.762,0,0,0.56,0,1.08,1.83
TK3:bin_000089,2.955,0,3.485,0.755,1.51,1.24,0,0,0,2.165,2.001,0,1.651,0.909,1.632,0.635,1.822,0,0.848,0,1.095,0,0,0
TK3:bin_000091,0,1.908,0.727,1.7,3.01,1.787,0.735,0,0,1.528,0,0.58,0,0,1.002,0.784,0.833,0.766,1.089,0.656,2.379,1.6,1.208,1.529
TK3:bin_000096,0,0,0,0,0,0,0,0,0,0,0,0,0,0,0,0,0,0,0,0,0,0,0,0
TK3:bin_000104,2.424,3.533,1.541,2.181,0,0,0,0,0,0,0,1.178,1.893,0.787,2.896,0.885,1.104,0.857,0.517,0,2.002,0,1.986,3.642
TK3:bin_000116,0,0.642,0,0,0,0,0,0,0,0.632,0,0.794,0,0,0.58,0,1.369,0,0.993,0.682,1.225,0,0.832,0.6
TK3:bin_000123,1.253,0.888,2.269,1.039,0,0,0,0,0,0,0,1.824,0,3.007,1.595,0,1.383,0,0,2.192,0.959,0,2.197,0.695
TK3:bin_000128,1.817,0,0.911,0.7,0,0.602,0,0,0,0.552,0.525,0.774,0.549,0,0.693,0,0.748,0,0,0.857,0.926,0,0,0
TK3:bin_000135,5.669,0.86,4.173,3.997,0,1.573,0,1.53,0,0,0,2.844,1.649,2.664,0,0.834,1.253,0.89,0,6.154,0.848,0,1.702,5.307
TK3:bin_000142,0,5.972,0,0,0,0,0,0,0,0,0,0.824,0,0,0,0,0,0,0,2.973,0,0,0.938,1.026
TK3:bin_000143,1.21,3.094,2.105,3.329,0,0.744,0,0.947,0,0,0.744,2.192,1.174,1.207,1.96,0.753,1.058,1.255,0.622,2.976,1.578,0,2.812,3.233
TK3:bin_000144,0,0.949,0,0,0,0,0,0,0,0,0,0,0,0,0,0,0,0,0,0,0,0,1.296,0
TK3:bin_000150,0,0.959,0,0,0,0,0,0,0,0,0,0,0,0,0,0,0,0,0,0,0,0,0,0
TK3:bin_000157,0,0,0,0,0,0,0,0,0,0,0,0,0,0,0,0,0,0,0,0,0,0,0,0
TK3:bin_000166,0.787,1.274,0,0,0,0,0,0,0,0,0,0,0,0,0,0,0,0,0,0.709,0,0,0.75,2.081
TK3:bin_000168,1.651,0,0.806,0.856,0,0,0,0,0,0.761,0,0,0.624,0.833,0,0,0.758,0,0,0,4.862,0,0,0
TK3:bin_000172,1.609,0.745,5.744,3.12,0,0,0.545,0,0,0,0.902,1.23,2.552,1.786,1.127,1.97,2.658,0,0.78,1.308,0.631,0,0,0.792
TK3:bin_000174,0,0,0,0.848,1.099,0.896,0.619,0,0,0.744,0.696,0,0,0,0,0,0.792,0,1.103,0,1.522,1.518,0,0.721
TK3:bin_000175,0,0,0,2.188,0,0,0,0,0,0,0,0.588,0,0,0,0,0,0,0,0.62,1.86,0,0,0
TK3:bin_000177,0,0,0,0,0,0,0,0,0,0,0,0.642,0,0,0.791,0,0,0,0,0,0,0,1.082,0
TK3:bin_000178,1.854,2.961,1.516,3.682,0,0,0,0.882,0,0,0,3.002,1.781,0.681,2.083,0.704,0.777,0,0.569,0.564,1.063,0,1.352,1.848
TK3:bin_000189,3.493,0,0,0.888,0,0,0,0,0,0,0,1.28,0,0,0,0,0,0,0,1.62,0,0,1.03,0
TK3:bin_000191,0,0,0,0,0,0,0,0,0,0,0,0,0,0,0,0,0,0,0,0,0,0,0,0
TK3:bin_000193,1.628,1.845,1.192,2.281,0,0,0,0.538,0,0,0,1.039,2.086,0,0.947,0,4.855,0,0.616,2.637,1.485,0,1.6,1.69
TK3:bin_000196,0.632,0,0.609,0.734,6.23,3.044,2.635,0,0,2.441,0.813,0,0,0.68,0,0,1.746,0,2.169,0,3.17,16.8,0,0.757
TK3:bin_000198,0,11.473,0,0,0,0,0,0,0,0,0,0,0,0,0,0,0,0,0,3.652,0,0,1.362,0
TK3:bin_000200,3.308,1.007,1.992,1.622,0,0,0,0,0,0,0.584,0.908,1.232,0.709,1.203,1.174,1.307,0,0,1.044,1.402,0,1.313,0.66
TK3:bin_000201,0,0,0,0,0,0,0,0,0,0,0,0,0,0,0,1.395,0,0,0,0,0,0,0,0
TK3:bin_000208,1.611,1.368,2.977,0.653,0,0,0,0,0,0,0.656,0,0.853,0.806,0,2.37,1.542,0,0,0,0,0,0,0
TK3:bin_000217,2.796,0,5.416,6.304,4.485,5.01,0,0,0,4.594,3.496,3.298,2.155,1.814,0.875,3.271,6.624,0,0.579,0,8.756,4.633,0,1.515
TK3:bin_000232,1.726,1.365,1.663,0.796,0,0.652,0,0,0,0,0.972,0.546,1.968,0.852,0.554,0,0.909,0,0,0,0.612,0,0,0
TK3:bin_000233,4.644,2.417,4.172,3.997,0,0,0,0.839,0,0,0.716,2.611,2.056,3.241,2.387,1.575,2.541,0.538,0.935,0.927,3.906,0,1.574,1.343
TK3:bin_000238,0.962,1.042,1.053,1.293,0,0,0,0,0,0,0,0.728,0,0.658,0,0,0.715,0,0,0,0.86,0,0.853,0
TK3:bin_000253,0,0,0,0,0,0,0,0,0,0,0,0,0,0,0,0,0,0,0,0,0,0,0,0
TK3:bin_000259,1.383,2.011,0.931,1.467,0,0,0,0,0,0,0,1.824,1.92,0,1.289,0.63,0.665,0,0,1.087,1.19,0,1.934,1.285
TK3:bin_000260,0,1.04,0,0,0,0,0,0,0,0,0,0.665,0,0,0.582,0,0,0,0,0.863,0,0,1.333,0.733
TK3:bin_000287,3.236,0,5.645,1.835,14.951,7.879,2.794,0,0,6.593,7.576,3.751,3.087,1.835,0,1.599,3.723,0,1.722,0,4.708,20.128,0,1.452
TK3:bin_000316,1.407,0,0.86,0.613,0,0,0,0,0,0,0,0,0.886,0,0,0,0,0,0,0,1.273,0,0,0
