genome,D300630,D300654,D300628,D300655,D300661,D300627,D300668,D300671,D300631,D300650,D300658,D300651,D300660,D300657,D300653,D300659,D300656,D300662,D300667,D300629,D300649,D300632,D300652,D300669
D300627:bin_000003,4.206,8.315,3.155,1.029,10.863,23.827,4.558,5.287,5.608,15.518,10.831,25.195,10.124,5.68,7.427,5.034,6.695,6.872,37.227,3.774,16.758,6.383,13.589,5.545
D300627:bin_000012,3.67,10.254,5.534,1.502,4.705,16.055,7.742,5.731,6.537,6.813,3.866,12.901,2.826,5.42,8.052,3.944,2.356,3.756,7.796,4.2,6.578,6.092,5.152,3.39
D300628:bin_000004,0.678,7.187,13.335,0,6.198,7.201,2.54,26,0.59,2.018,5.065,45.375,8.935,6.443,0.91,13.128,0,2.25,26.51,1.382,1.154,2.035,0.618,3.612
D300629:bin_000002,1.878,0,0,0,0,0,0,0,0,0,1.727,1.704,16.951,2.607,1.266,2.923,0,0,0,43.896,0,0,0,0
D300630:bin_000014,147.92,53.939,54.724,7.33,136.416,110.312,41.627,53.255,67.032,83.405,55.509,86.294,67.788,20.429,40.101,40.225,44.715,49.787,89.91,32.759,60.629,57.12,55.995,37.298
D300631:bin_000002,5.962,38.973,10.041,0,12.53,19.976,23.052,18.894,30.438,10.298,3.797,60.84,13.002,20.755,11.594,69.224,28.022,16.646,22.19,23.011,18.561,34.193,14.925,9.335
D300631:bin_000019,2.763,1.237,0,0,1.844,0,0,1.842,7.806,1.03,0,1.479,1.265,0,0,1.579,0,0.974,1.419,0,0,0.917,1.074,0
D300632:bin_000002,0,0,0,0,0,0,0,0,0,0,0,0,0.969,0,0,0,0,1.243,0,0,0,11.936,0,0
D300632:bin_000015,8.861,1.272,4.021,12.764,6.291,2.659,2.475,4.345,3.645,0,4.085,8.357,5.52,2.714,2.561,3.562,10.421,2.002,1.037,1.382,2.909,7.648,1.688,1.784
D300633:bin_000005,11.258,33.519,4.867,9.415,14.934,20.929,11.714,20.809,13.149,23.142,8.368,18.149,9.926,2.957,6.849,9.613,13.337,6.088,24.928,8.306,18.56,9.104,16.043,4.132
D300633:bin_000006,4.972,6.123,5.234,3.307,3.786,11.832,3.912,2.99,7.681,7.327,6.005,3.684,2.373,0,6.778,2.173,3.525,1.933,6.48,2.812,4.013,2.357,7.79,2.199
D300634:bin_000017,15.375,12.991,5.657,0,25.048,8.059,2.348,5.473,12.364,18.655,15.561,5.355,8.43,0,4.869,11.216,2.725,7.624,10.443,8.298,5.254,13.153,8.624,4.819
D300634:bin_000019,0,0,0,0,0,0,1.167,0,0,0,0,0.729,0,0,0.761,0,0,0,0,0,0,0,0,0
D300634:bin_000035,10.32,1.331,3.967,14.129,5.756,2.744,2.217,4.289,3.634,0,4.072,7.79,4.702,2.563,2.499,3.382,11.563,2.052,1.326,1.283,2.874,4.148,1.628,1.646
D300637:bin_000029,0,4.383,2.284,0,3.585,3.74,5.229,6.39,1.567,1.818,2.419,19.508,5.164,15.15,3.082,12.59,0.871,1.3,3.544,2.973,3.271,5.941,1.097,2.515
D300637:bin_000032,15.261,8.272,7.411,0,30.147,17.727,8.647,7.435,9.462,21.312,11.269,17.986,19.842,14.806,9.03,12.463,8.097,12.284,21.298,3.705,10.832,18.293,8.792,25.469
D300638:bin_000035,53.539,9.237,24.401,32.402,34.893,37.758,18.593,11.818,55.493,9.993,25.135,14.417,17.528,3.428,13.699,8.264,19.084,27.636,46.188,10.971,16.119,11.3,19.506,25.609
D300639:bin_000025,0.789,3.906,15.384,0,2.646,1.37,2.675,3.928,0,2.995,2.13,9.848,3.139,2.863,2.362,3.889,0,2.174,6.55,0.804,1.495,3.166,0.645,1.044
D300642:bin_000010,0,0,0,0,0,0,0,0,0,0,0,0,0,0,0,0,0,0,0,0,0,0,0,0
D300642:bin_000012,5.096,7.176,6.069,6.641,6.493,6.398,2.524,4.149,4.482,5.342,5.911,6.608,4.263,0.851,5.514,3.974,3.747,1.858,8.042,3.54,3.858,3.64,7.247,3.144
D300642:bin_000016,27.396,2.953,22.522,6.083,17.063,8.675,19.61,3.429,8.753,2.287,11.785,6.824,5.321,6.945,5.276,31.682,10.307,3.499,4.227,7.977,3.003,2.613,3.073,4.964
D300645:bin_000002,9.618,10.967,7.851,0,16.749,8.998,6.252,7.682,9.407,5.928,7.363,12.867,8.976,12.554,11.398,12.768,4.706,8.414,12.977,2.827,17.299,3.871,7.47,5.491
D300645:bin_000005,0,1.506,3.06,0,18.222,0,7.616,3.187,0.595,1.793,2.082,44.637,6.07,0.66,2.977,28.628,0,4.003,8.23,0,10.766,1.823,0,1.957
D300645:bin_000026,2.316,3.613,4.487,0.83,4.38,4.519,3.216,3.187,3.07,5.001,4.678,7.948,3.236,4.198,4.943,8.309,2.066,3.398,7.201,2.953,4.334,3.281,1.867,2.215
D300645:bin_000028,60.474,13.403,25.349,26.69,47.786,53.258,21.995,16.661,65.673,10.93,41.931,18.186,22.091,5.467,17.746,8.724,22.126,27.972,54.399,11.955,27.429,11.861,21.966,32.786
D300646:bin_000002,17.142,5.535,2.426,4.177,10.349,10.48,1.234,2.75,15.981,0,6.386,2.358,1.384,0,7.02,0,6.733,7.513,6.937,3.081,5.499,2.002,6.836,3.621
D300646:bin_000008,0.885,0,1.228,1.67,0,0.723,0,0,1.625,0,0,0,0,0,0,0,0.932,0,0,0,0,0,0,0
D300647:bin_000001,0.972,0,39.865,6.586,1.24,56.196,1.264,4.897,4.05,5.936,1.844,1.399,0,2.027,3.626,3.993,2.395,3.146,6.88,1.19,1.694,0,8.053,3.142
D300647:bin_000007,23.276,37.565,32.918,9.671,42.545,26.743,4.465,14.725,28.221,35.204,29.841,11.704,13.795,5.105,18.16,12.704,12.291,17.424,44.645,10.014,26.517,16.123,18.291,17.389
D300647:bin_000020,12.237,1.407,2.781,3.433,2.576,6.181,1.491,1.682,8.289,3.718,3.131,1.947,1.681,0,3.558,0.999,3.508,2.096,16.055,1.839,2.135,2.373,4.132,3.804
D300648:bin_000006,9.366,5.968,3.39,1.974,12.707,13.518,9.807,9.169,5.07,17.376,10.296,11.656,16.92,10.523,25.535,11.338,2,5.055,10.606,8.589,17.173,4.122,1.362,8.76
D300648:bin_000013,4.278,0.95,2.074,6.28,3.469,1.296,6.264,3.897,2.651,0,2.228,5.695,2.634,6.801,2.278,3.313,4.759,2.605,0,2.947,2.21,2.325,1.537,1.236
D300648:bin_000014,0,1.701,2.784,0,0.859,0,1.981,2.365,1.01,6.593,5.747,1.705,3.103,1.116,14.117,0,0,0,9.184,1.949,10.233,0,0.974,0.91
D300649:bin_000001,10.544,12.088,1.244,0,14.91,5.629,4.578,8.828,3.204,9.954,3.308,2.477,8.364,1.167,2.622,16.289,0.969,6.648,3.467,2.191,18.684,5.219,9.577,6.112
D300649:bin_000007,0,8.773,10.522,0,14.158,19.931,1.361,5.889,11.114,16.269,12.611,39.463,13.272,16.713,10.877,19.426,8.016,2.345,32.113,5.195,19.105,3.033,3.579,0.725
D300650:bin_000002,0,4.239,5.348,0,8.022,0.997,2.413,3.897,0.855,13.384,4.362,2.697,4.793,1.204,4.553,7.92,0,2.11,9.124,3.679,4.002,4.429,1.061,1.301
D300650:bin_000005,12.594,10.662,11.601,4.424,13.131,16.705,8.986,10.623,5.29,21.747,3.52,12.708,14.892,2.671,24.192,7.852,5.698,4.354,23.876,6.91,10.809,4.954,4.229,4.944
D300650:bin_000008,3.327,0.904,2.023,4.326,1.584,3.78,0,0,1.197,13.857,4.624,2.757,1.908,0,0.913,0,1.632,0,2.351,1.292,2.452,3.692,1.642,1.836
D300650:bin_000025,1.378,2.941,2.082,0,9.519,1.466,1.464,6.451,0,18.992,3.824,10.072,8.515,1.603,5.573,3.172,0,1.685,1.401,0.96,16.348,4.666,0.786,1.262
D300650:bin_000036,1.964,1.828,0,0,2.585,0,0,0,0,10.949,0,0,0,1.363,0,0,0,0,2.746,0,0,1.409,0,1.45
D300651:bin_000022,0,4.646,1.063,0,0.963,0,1.767,2.619,0,0,0.832,23.422,1.695,3.598,4.193,1.918,0.707,0.817,3.017,9.502,1.1,1.51,0.642,1.223
D300651:bin_000029,1.421,1.351,1.442,0,5.951,2.018,3.097,2.733,0.917,2.217,1.936,17.226,2.05,0.92,2.369,5.141,0,1.215,4.925,3.161,2.184,2.382,0.824,1.731
D300651:bin_000031,26.993,8.038,4.117,7.489,16.482,11.707,13.314,8.136,12.707,10.337,17.163,13.877,11.222,10.282,9.701,19.757,6.269,14.303,12.066,8.926,10.146,17.494,8.986,6.956
D300651:bin_000040,2.836,6.466,2.91,0.614,6.349,4.432,3.481,4.189,1.872,6.797,4.178,10.36,5.443,5.623,4.246,7.513,2.405,2.522,5.695,4.473,4.293,4.567,2.987,2.057
D300652:bin_000001,12.011,3.572,8.335,1.067,14.929,23.985,8.52,5.631,4.704,23.398,17.115,8.012,4.338,7.8,4.547,22.59,3.587,11.112,20.49,3.63,12.92,11.299,36.105,10.276
D300653:bin_000003,0.798,5.416,1.37,0,1.073,1.799,2.218,5.98,2.052,0.95,1.282,12.189,6.425,1.481,29.417,1.696,0.969,0,1.377,1.09,2.04,1.799,0,1.581
D300654:bin_000002,5.808,25.175,4.445,0,6.094,3.876,9.008,8.673,6.565,2.758,4.481,20.323,4.924,7.367,6.479,9.24,6.635,2.891,17.875,4.847,8.471,3.94,5.477,1.918
D300654:bin_000014,2.595,12.895,16.045,2.082,22.041,5.078,23.134,12.138,3.834,15.695,4.524,25.678,10.878,4.465,25,54.318,2.309,15.584,13.495,14.599,10.381,11.134,8.138,4.784
D300654:bin_000018,3.387,8.981,0.774,0,2.256,2.766,0.669,1.003,1.453,3.492,4.545,2.328,2.501,1.241,3.607,1.672,1.113,0,3.038,2.798,1.542,4.885,3.197,1.09
D300654:bin_000019,3.057,13.189,3.043,1.327,4.32,3.672,1.595,1.832,1.709,2.285,3.754,4.9,4.704,1.436,2.884,5.923,1.75,1.888,5.101,1.795,5.455,2.919,3.537,1.733
D300655:bin_000005,41.876,2.299,12.063,32.606,5.132,15.861,5.226,6.319,46.087,0,7.844,2.54,4.843,0,4.736,0,10.071,7.125,4.509,1.812,1.242,3.604,14.321,5.146
D300655:bin_000016,15.905,17.981,17.106,10.179,17.429,20.345,15.39,13.682,16.839,18.681,19.444,28.994,17.314,14.351,17.093,26.166,9.715,16.162,22.608,10.783,13.172,15.216,10.528,12.052
D300656:bin_000001,2.862,0,1.481,0,0,3.461,0,0,4.524,0,2.334,9.433,0,0,1.49,1.483,15.162,1.718,0,1.651,0,0.685,0.638,0
D300657:bin_000017,3.896,11.658,5.233,0.727,13.644,4.398,11.938,19.092,5.902,19.261,3.931,25.949,7.248,13.338,11.668,8.805,6.504,1.646,13.139,5.188,22.398,6.88,8.391,2.284
D300658:bin_000002,6.218,1.594,6.209,4.316,6.075,4.499,1.367,4.444,2.971,2.069,22.802,5.596,7.245,2.622,2.137,2.443,2.411,1.066,6.835,2.676,3.434,5.065,3.358,4.228
D300658:bin_000003,0,0,0,0,0,0,22.361,0,0,0,23.54,0,0,12.54,0,17.812,0,0,0,0,0,1.15,0,0
D300658:bin_000008,1.411,0.885,2.85,0,8.859,7.472,2.865,4.651,2.128,5.477,16.715,39.45,4.66,10.659,6.548,13.313,5.519,2.379,5.156,2.178,8.265,1.654,1.282,5.206
D300659:bin_000013,3.839,0.949,4.141,0,6.024,5.205,0.816,1.158,2.519,3.843,3.758,4.197,1.311,2.958,6.402,14.895,1.997,0,3.85,2.091,5.383,5.21,0.768,1.57
D300659:bin_000017,0,1.291,2.662,0,1.087,0,3.032,0.662,0,5.392,1.552,3.713,0.949,9.075,1.144,22.571,0,0.571,2.633,0,0.884,0.95,0,0
D300659:bin_000048,63.196,23.933,23.557,37.029,51.804,44.872,18.666,24.865,71.171,35.761,28.386,29.306,36.911,5.747,34.236,35.576,29.412,39.314,51.312,18.976,24.195,27.409,37.084,39.341
D300659:bin_000063,0.763,2.258,1.792,0,4.386,1.037,3.259,2.302,0.827,4.438,2.392,3.491,2.121,0.962,2.906,6.371,0,1.75,6.78,0,1.443,1.205,1.011,0.571
D300661:bin_000001,2.571,4.219,1.416,0,14.59,1.194,6.443,1.424,1.329,7.876,5.267,7.023,4.878,6.991,3.267,11.907,1.8,2.934,4.983,0.76,6.225,2.029,1.679,1.705
D300661:bin_000026,11.903,1.293,10.103,3.05,12.349,8.545,0,2.647,4.123,4.3,10.264,2.919,4.056,1.545,3.043,2.238,3.607,0.751,3.992,2.317,2.184,3.524,8.12,2.089
D300661:bin_000028,1.809,1.189,3.744,0,9.785,3.626,2.272,1.413,1.48,2.16,3.043,3.027,1.324,1.39,0.995,3.395,1.547,1.377,2.941,1.904,1.788,1.227,0.605,0.798
D300662:bin_000008,0.944,1.635,2.486,0,3.32,1.297,2.667,6.72,0,2.854,4.229,12.937,7.402,10.363,1.396,8.79,0,8.541,9.762,1.124,1.726,5.355,0,2.984
D300663:bin_000004,1.844,2.978,1.615,0.972,2.247,3.707,2.346,1.7,6.71,0,1.691,2.162,2,0,0,2.319,1.333,1.113,0,1.45,1.826,1.133,1.684,1.433
D300666:bin_000009,61.279,39.411,34.58,10.474,88.158,67.964,26.464,34.702,47.71,55.02,43.118,61.376,47.348,18.424,31.752,36.3,31.209,34.125,64.18,21.44,40.203,40.577,36.694,30.635
D300667:bin_000007,1.009,10.151,11.092,0,6.458,6.411,4.386,10.543,2.271,17.999,7.055,17.008,5.976,4.71,7.324,7.413,1.947,2.331,17.647,2.6,6.281,3.013,6.183,2.857
D300667:bin_000009,1.422,2.949,7.108,1.499,4.984,0,9.561,4.307,2.472,2.76,1.575,5.374,11.168,7.834,8.188,14.238,1.095,0.938,13.19,1.689,1.621,1.184,2.398,3.081
D300667:bin_000016,9.639,8.087,6.008,12.038,29.359,8.367,10.228,14.266,14.685,21.973,18.516,7.25,12.936,1.275,15.806,5.085,7.01,3.591,54.285,5.145,20.403,11.505,9.068,10.945
D300667:bin_000017,3.699,8.005,7.762,1.711,3.251,4.122,5.14,4.84,7.142,9.693,2.321,11.094,2.487,7.92,7.096,5.092,3.926,3.677,36.808,4.969,6.783,6.268,4.177,1.716
D300667:bin_000025,0,0,0,0,0,0,1.801,0,0,0,0,0,1.472,1.126,3.691,0.672,0,0,7.801,0,0,0,0,0
D300667:bin_000042,0,4.645,1.987,0,3.314,3.708,3.354,5.137,1.583,2.321,1.911,10.459,4.317,12.256,4.857,14.455,0,0.913,7.774,1.732,5.772,4.502,0.914,1.971
D300668:bin_000011,1.507,1.796,1.028,0,0.981,2.072,8.939,0.843,0.762,0,1.963,4.597,0.969,2.776,1.283,2.127,0.877,0,0,1.685,1.101,0.872,1.337,0.874
D300668:bin_000018,1.997,0.964,3.168,0,0,4.399,7.49,1.262,1.647,0.784,2.758,2.596,1.367,0,0.868,3.193,1.978,1.278,2.007,1.807,1.51,1.094,0.669,0.836
D300669:bin_000017,6.432,3.227,1.894,2.538,2.997,4.814,1.562,2.103,1.506,1.146,1.864,3.408,1.92,2.275,1.826,1.947,2.794,1.47,4.239,0.708,1.275,4.127,2.371,6.137
D300670:bin_000004,0.886,3.103,5.146,0,6.631,12.944,2.013,5.15,2.244,6.685,9.117,19.419,7.59,15.318,1.13,14.092,0,1.993,2.11,10.082,6.458,6.923,0,11.512
D300671:bin_000001,56.219,11.725,28.316,14.322,35.906,25.463,9.182,21.635,27.694,23.238,10.197,6.935,9.773,1.074,13.455,17.266,9.998,13.458,24.014,10.176,11.968,12.21,18.292,16.132
D300671:bin_000005,0,2.244,0,0,0.725,0,6.227,51.144,0,2.278,1.233,3.835,2.522,5.068,0,3.91,0,0,2.52,0,0.764,1.999,0.662,0.688
D300671:bin_000010,4.98,0,0,0,2.945,3.892,2.746,13.018,0,6.549,4.211,4.522,2.333,1.606,3.201,5.074,0,0,2.36,3.047,0,2.944,1.491,0
IKPB:bin_000001,0,0,0.892,0,0,0,2.373,0,0,0,0,13.198,1.57,0,10.583,0,0.841,0.934,2.635,1.635,2.39,3.062,0.66,0
IKPB:bin_000002,0,2.494,0,0,0,0,0,0.669,0,1.175,0,1.884,1.18,1.48,0,0,0,0,0,1.456,0.951,2.242,0.672,0
IKPB:bin_000003,2.201,1.693,0,0,2.412,3.461,1.147,0,0.971,2.259,2.194,1.766,1.362,0,0.95,0,0,0.784,0,0,0.78,2.875,1.669,0.69
IKPB:bin_000004,1.392,3.233,0.867,0,2.626,4.011,0.74,1.112,1.404,1.051,0.647,1.066,4.198,0.916,0,20.018,0,0.602,0,2.823,8.078,21.826,0,0.843
IKPB:bin_000005,0,0,0,0,0,0,0,0,0,0,0,0,0,0,0,0,0,0,0,0,0,0,0,0
IKPB:bin_000006,0,0,0,0,0,0,0,0,0,3.935,0,0,0,0.808,0,13.059,0,0,0,0,0,2.421,0,0
IKPB:bin_000007,0,2.64,0,0,1.102,0,0.663,0,0.848,1.483,0.623,2.953,0.529,0.997,0.627,1.509,0.755,0,0,0,0.866,0,0.569,0
IKPB:bin_000008,16.382,3.485,1.648,2.154,45.551,2.031,24.568,2.763,51.102,1.399,7.214,7.283,9.222,1.679,4.509,10.47,5.965,48.966,0,2.909,0.788,2.735,2.149,5.683
IKPB:bin_000010,0,0,0,0,0,0,0,0,3.288,0,0,31.799,0,5.126,28.465,0,0,0,0,0,0,0,0,0
IKPB:bin_000013,18.385,2.575,5.533,11.62,0,12.466,0,1.305,8.977,0,1.301,4.913,0,0,0,0,4.636,0,0,4.055,2.139,2.112,4.605,3.038
IKPB:bin_000014,0.663,0.905,2.91,2.129,1.661,0.986,0,1.679,1.072,3.275,1.98,3.61,0,1.187,4.065,0,1.488,0.61,4.652,0.652,1.033,3.361,1.561,2.501
IKPB:bin_000015,0,0.887,0,0,0,0,0,0,0,0,0,0,0,5.077,0,16.902,0,0,0,0,0,0,0,0
IKPB:bin_000016,0,0,0,0,0,0,0,1.106,0,3.163,0,2.397,0,13.717,0,2.289,0,0,0,0,0,0,0,0
IKPB:bin_000017,7.106,1.99,0,0,8.207,0,0.617,0,8.999,1.451,2.957,2.561,4.283,0.706,1.317,1.121,1.766,7.676,0.845,3.378,0,13.466,1.589,0
IKPB:bin_000020,3.037,2.926,0.876,0,0.763,5.583,0,0.681,1.517,1.619,2.256,5.075,2.487,0.855,0.957,1.398,2.01,0,1.029,1.849,2.089,3.109,0.93,0.849
IKPB:bin_000021,0,2.478,0.884,0,0.934,0,0.82,0,0.685,0.932,1.136,2.381,0,0,1.573,2.113,0.827,1.256,1.914,0,1.591,0,0.805,0
IKPB:bin_000022,6.354,10.553,5.327,0,3.645,4.237,2.091,3.882,3.691,10.996,0.801,7.178,2.002,3.4,10.317,3.385,2.853,3.482,8.044,0.54,5.848,0.852,4.806,0
IKPB:bin_000023,0,1.507,0,0,0,0,0,0,0,0.939,0,2.094,0,1.355,0.829,1.001,0,0,0,0,0.82,0.829,0,0
IKPB:bin_000024,10.242,12.677,11.565,0,12.199,8.166,2.55,3.524,6.764,22.113,2.862,7.346,7.206,6.036,12.099,2.916,0.809,2.748,10.646,5.4,1.296,2.119,5.952,1.157
IKPB:bin_000025,0,1.519,0,0,1.176,0,1.223,1.356,0,0,0,5.138,0.858,2.567,1.546,4.223,0,1.233,0,0,0,1.724,0,0
IKPB:bin_000026,0,1.915,0,0,0,0,0,0,0,0,0,2.23,0,0,0,0,0,0,0,0,0,0,0,0
IKPB:bin_000027,0,1.867,0.984,0,0,0,0,2.062,0,0.564,1.04,4.196,2.604,2.871,0.674,3.511,0,0.661,2.01,0,1.395,0.792,0,0
IKPB:bin_000030,0.613,3.885,0,0,2.719,2.944,0.857,1.678,0,0,0,1.442,0,2.15,0,1.229,0,0,0,0,1.306,2.485,0,0
IKPB:bin_000031,3.897,0,0,0,4.652,0,2.839,0,4.202,0,0.965,0,0.982,0,0,0.866,0,5.027,0,0.602,0,0,0,0
IKPB:bin_000032,0,0,0.606,0,0,0,0,0,0,2.248,0.842,0,2.076,0,7.714,0,0,0,8.456,0,1.375,5.562,0,0
IKPB:bin_000033,0.811,2.859,1.315,0,2.987,1.118,1.701,2.146,0.604,3.848,2.53,5.893,3.388,4.568,2.073,3.139,1.634,1.166,4.333,0.644,2.125,2.888,1.305,0.647
IKPB:bin_000034,0,0,0,0,0,0,0,0,1.059,0,0,0,0,0,16.967,0,0,0,0,0,0,0,0,0
IKPB:bin_000036,12.72,4.034,10.835,6.687,18.335,11.95,4.001,7.68,3.191,8.379,8.127,5.835,8.634,2.094,3.611,4.997,2.263,5.277,19.415,3.767,6.338,5.278,6.191,3.749
IKPB:bin_000037,0,6.841,0,0,0.676,0,0,0,0,0,2.47,4.668,0.612,0.555,0.703,7.319,0,0,0,0,1.184,3.148,0.808,0.851
IKPB:bin_000038,0,0,0.874,0,3.228,0,0,0,0,1.12,0,0,26.388,3.162,0,29.335,0,0,2.632,0,1.744,0,0,6.492
IKPB:bin_000040,0,3.089,1.793,0,2.833,1.204,1.402,1.87,0.9,4.106,1.403,4.921,2.041,1.996,2.385,1.87,0,0.655,3.686,0.809,2.471,2.026,1.134,1.173
IKPB:bin_000041,0.567,0,2.715,1.429,0,0.55,0.779,0,0,0,0,1.008,0,0,0,0.558,15.022,0,0,0,0,0,0,0
IKPB:bin_000042,0,0,0,0,0,0,2.641,0,0,0,0,0,0,1.798,43.705,0,0,0,0,0,0,0,0,0
IKPB:bin_000043,1.825,16.181,0,0,1.238,0,0,1.06,0,0,3.849,0,2.093,2.736,0.683,3.84,0,0,0.601,0,1.956,1.322,0.598,1.239
IKPB:bin_000044,0,0,0,0,1.888,0,0,0,0,0,3.288,4.132,0,1.468,0,9.763,0,0,0,0,0,0,0,0.547
IKPB:bin_000045,0,1.665,0,0,1.035,0.963,0.677,1.943,0,2.357,0,3.596,1.024,1.993,1.69,3.061,0,0.532,3.062,0,1.273,0.985,0.973,0
IKPB:bin_000046,0.728,3.887,1.191,0,1.617,2.001,1.678,2.957,1.312,1.722,1.568,11.953,1.433,1.055,3.592,0.951,1.22,0.62,1.313,1.611,1.801,1.44,1.225,0.795
IKPB:bin_000047,2.377,0,3.565,0,0,0.997,0.558,0.903,0,0,0,0.905,0,0,0,0,5.361,0,0,0,0,0,0,0
IKPB:bin_000048,0,0,2.01,0,0,0,0,0,0,0.88,0,0,0,0,0,0,1.927,0,0,2.782,0,0,0,0
IKPB:bin_000049,0,1.994,1.406,0,1.024,1.137,0,0.606,0,2.195,1.958,36.712,1.619,3.724,1.886,3.165,0,0.803,1.091,0.723,1.165,2.911,0.853,1.043
IKPB:bin_000050,0,0,0,0,0,0,0,0,0,1.095,0,0,0,0,0,8.827,0,0,0,0,0,0,0,0
IKPB:bin_000051,0.975,2.798,13.979,0,2.941,1.371,2.416,5.327,0.811,1.968,3.039,5.357,2.715,2.142,2.15,4.28,0,3.424,5.282,0.801,1.267,4.525,0.688,1.311
IKPB:bin_000052,0,0,0,0,0,0,0,0,0,0,0,17.226,0,0,0,0,0,0,0.962,0,0,0,0,0
IKPB:bin_000053,9.095,0,0,0,0,1.131,2.426,0,12.432,0,2.326,1.221,2.057,0,2.256,19.781,0.827,2.204,0,5.125,0,0,0,0.776
IKPB:bin_000054,3.657,8.05,6.33,0,2.02,2.378,3.259,1.919,0,4.649,2.569,4.588,0.873,1.954,3.237,15.093,0.769,1.865,6.699,5.214,2.134,8.771,0,1.75
IKPB:bin_000055,0,17.141,12.362,0,8.624,3.175,35.855,3.334,6.4,2.792,3.825,192.269,28.042,32.372,1.917,29.527,1.302,6.102,1.558,24.773,2.364,9.178,0,7.592
IKPB:bin_000056,0,0,0,0,2.202,0,1.58,0,0,1.611,0,2.373,0,1.283,0,3.908,0,0,1.736,0,1.378,1.098,0,0
IKPB:bin_000061,1.712,6.265,13.554,0,5.697,4.174,3.244,4.96,0.784,8.24,2.69,5.525,1.281,1.643,3.91,6.882,0,3.37,5.895,3.286,4.284,3.144,1.02,2.171
IKPB:bin_000062,0.994,1.74,1.364,0,2.764,1.668,1.481,1.742,1.083,2,1.478,2.429,1.989,0,2.437,2.739,0,1.449,2.922,0.992,1.283,1.122,0.75,0.834
IKPB:bin_000063,0,2.135,0,0,0,0,0,0,0.889,0.859,0,3.196,0,0.999,0,3.368,0,0,1.535,0,0,1.331,0.703,0
IKPB:bin_000064,0,1.172,0,0,0,0,0,0.713,0,0.702,0,4.182,0,0,0.795,0,0,0,0,0,0,0,0.68,0
IKPB:bin_000065,0,1.299,0.773,0,0,0,1.015,2.284,0,1.829,1.056,2.127,1.701,1.596,0,2.854,0,0,2.409,0,1.137,0.853,0,0.615
IKPB:bin_000066,3.696,4.541,1.839,0,10.855,3.117,7.667,4.092,2.514,34.595,6.889,6.566,4.745,5.609,5.678,43.144,0,5.55,10.294,4.925,5.44,7.008,3.356,2.02
IKPB:bin_000067,1.002,5.57,23.796,0,17.597,1.866,50.977,7.968,0,61.954,2.623,52.961,17.686,13.076,39.563,42.514,0,21.319,6.917,1.088,2.167,35.088,0.823,3.47
IKPB:bin_000068,0,10.978,0,0,0,0.734,1,3.662,0,6.358,0.798,32.773,2.491,32.01,18.251,20.141,0,0,1.933,0.99,2.237,0,0,0
IKPB:bin_000069,1.151,3.022,1.413,0,2.103,1.267,1.644,1.364,0.736,2.463,1.36,2.512,2.773,1.314,3.325,3.206,0.869,0.921,3.107,1.087,2.251,1.749,1.635,0.805
IKPB:bin_000070,0,1.032,0,0,1.313,0,4.314,0,1.008,0.817,1.602,8.565,1.677,0,0.684,0,0,0.807,2.043,0.845,0.994,2.532,7.203,1.934
IKPB:bin_000071,0,0,0,0,0,0,0,0,0,0,0,0,1.123,1.631,0,0,0,0,0,0,0,0,0,0
IKPB:bin_000072,0,0,0,0,4.636,0,0,0,0,1.789,1.341,3.229,0,1.756,2.61,3.134,0,1.407,1.167,0,1.433,0,0,0
IKPB:bin_000073,16.52,21.308,2.322,0.752,7.566,14.223,6.242,7.463,7.262,13.586,4.202,3.571,2.364,6.879,4.583,4.267,3.382,4.268,26.263,16.904,2.502,6.59,3.911,4.365
IKPB:bin_000074,0,0,0,0,1.051,0,0,0,0,0,0,7.773,1.327,0,0,1.512,0,0,4.678,0,0,0,0,0
IKPB:bin_000075,3.337,0,0,0,3.403,1.263,1.428,2.602,0,3.04,1.529,6.323,4.22,0.821,0,5.065,0,1.791,3.778,49.331,3.704,0.964,0,2.241
IKPB:bin_000076,0,0.775,0,0,2.875,0.673,3.224,1.006,0.616,1.201,1.127,5.071,3.401,2.646,0,1.47,0,1.077,1.453,1.452,0,0.794,0.942,0.811
IKPB:bin_000078,2.219,6.712,10.545,0,7.796,2.174,4.051,34.33,2.924,0,2.52,11.761,5.032,0,16.687,3.07,2.687,2.667,7.076,2.214,5.742,2.744,2.033,3.302
IKPB:bin_000080,0.783,1.42,2.304,0,2.794,0.706,0,1.563,0.696,0.745,1.334,10.108,0.939,1.116,3.662,1.246,2.33,0.599,1.277,1.026,0.906,0,0.919,0
IKPB:bin_000081,0,3.074,0,0,0,0,0,0,1.038,0,0,5.728,0,0,0,2.094,0,0,1.006,0,0,0,0,0
IKPB:bin_000082,0,0.943,0,0,0,0,0,1.113,0,0,0.756,1.351,1.345,0,0,4.964,0,0,0,0,0,0,0,0
IKPB:bin_000083,0,0,1.366,0,15.109,0,5.307,0.883,0,3.133,0.967,2.395,1.949,1.479,0,25.781,0,0,6.194,0,1.785,0,0,0
IKPB:bin_000084,0,0,0,0,0,0,0,4.757,0,0,0,20.5,0,1.076,0,0,0,0,0,0,0,0,0,0
IKPB:bin_000085,0,1.155,5.714,0,0.995,0,2.708,2.63,0,0,1.847,2.11,4.989,0,2.948,3.011,0,1.028,14.911,0,1.833,0,0,1.68
IKPB:bin_000086,0,0,0,0,0,0,0,0,0,0,0,0,0,11.447,0,3.077,0,0,0,0,0,0,0,0
IKPB:bin_000087,0,0,0,0,0.814,0,1.056,0,1.144,0.752,1.227,2.627,0.816,0,0,2.002,1.13,0.639,0.782,0.792,0,0.626,0.857,0.701
IKPB:bin_000088,0,0,0,0,3.24,0,0,0,0,2.877,1.61,2.027,0,15.884,1.414,1.641,0,0,0,0,0,1.431,0,0
IKPB:bin_000090,0,0,0,0,0,0,0,0,0,0,0,0,0,0,0.902,1.444,0,0,0.995,0,0,0,0,0
IKPB:bin_000091,2.906,18.191,0.976,0,1.731,0,1.846,1.999,1.311,0,1.521,46.134,2.111,1.613,1.128,2.433,1.931,4.396,0,0.804,1.559,2.214,0.785,1.42
IKPB:bin_000092,0,0,0,0,2.312,0,1.485,2.412,0,2.893,1.423,8.817,0,0,1.938,8.972,0,0,2.174,1.47,2.903,1.144,0,0
IKPB:bin_000093,7.259,1.779,0,0,2.586,4.155,4.132,5.478,0,5.635,2.097,13.976,0,1.726,3.408,2.854,0,1.858,2.325,7.716,5.135,3.006,0,0.955
IKPB:bin_000095,11.411,2.081,7.084,36.683,9.587,4.995,3.598,6.984,5.548,0,7.056,10.864,7.883,4.301,3.541,4.543,20.953,3.112,1.807,1.866,3.622,6.118,1.953,1.956
IKPB:bin_000096,0,2.138,0,0,0,0,0,0,0,1.56,0,2.368,0,1.366,0,0,0,0,1.865,0,0,0,0,0
IKPB:bin_000098,0,0,0,0,0,0,0,0,0,0,0,8.775,0,0,0,0,0,0,0,0,0,0,1.53,0
IKPB:bin_000099,0,0,0,0,0,0,5.751,2.003,0,0,1.41,5.095,4.113,0,0,1.876,0,0.563,0,0,1.305,0,0,0
IKPB:bin_000100,0,5.464,0,0,7.101,0,4.746,1.916,0,45.123,8.719,6.463,8.952,32.24,4.584,64.255,0,1.815,10.546,0,2.083,3.726,0,2.477
IKPB:bin_000101,5.747,4.368,8.962,0,8.421,3.733,4.415,9.949,4.939,4.772,4.897,11.361,11.704,8.745,3.849,7.814,2.159,4.252,9.925,1.975,11.255,6.245,3.443,3.635
IKPB:bin_000102,0,7.467,2.529,0,0,1.327,2.168,3.662,1.347,0,1.376,3.628,0,0,8.746,14.401,0,0,3.446,0,0,0,1.369,0
IKPB:bin_000103,0,7.033,1.773,0,3.258,0,6.785,6.851,1.302,4.325,2.673,28.112,4.139,5.265,7.782,8.844,0,1.251,8.403,1.568,3.437,2.444,2.445,0.753
IKPB:bin_000104,0,0,6.102,0,0,4.948,2.465,8.634,1.951,3.607,6.275,4.541,17.666,2.254,3.53,27.074,0,1.54,6.612,0,2.606,0,0,1.496
IKPB:bin_000105,1.819,0,0,0,2.444,0,0,1.921,1.691,3.186,2.801,2.024,0,1.592,1.427,25.769,0,0,1.931,1.34,1.358,6.829,0,1.556
IKPB:bin_000106,0,7.403,0,0,1.498,0,0,0,0,0,0,6.702,0,0,0,2.036,0,0,0,0,0,0,0,0
IKPB:bin_000107,0,0,0.748,0,0,0,1.931,1.591,0,0,0,14.32,0,5.301,0,13.85,0,0,2.471,1.873,1.096,0,0,0
IKPB:bin_000109,52.262,73.936,29.398,1.161,52.884,5.669,9.295,22.668,10.545,45.909,27.61,14.518,31.392,2.636,28.524,32.015,2.243,11.292,121.133,5.033,17.698,52.174,14.188,16.292
IKPB:bin_000110,11.877,4.323,20.318,5.136,3.999,16.112,0,5.824,19.751,0,7.457,4.616,3.437,0,4.728,0,5.991,4.878,8.106,2.629,6.042,2.502,10.281,4.874
IKPB:bin_000112,1.946,0,0,2.076,8.154,3.653,0,0.961,1.531,1.599,4.138,3.456,3.494,0,0.963,1.052,1.199,1.635,0,2.242,2.54,4.763,1.419,1.537
IKPB:bin_000113,0,1.385,0,0,0,0,1.387,0,0,0,0,2.042,0,0,0,11.214,0,0,0,0,0,0,0,0
IKPB:bin_000114,0.982,13.442,1.844,0.822,3.511,3.063,6.055,6.554,0,0,2.475,27.192,7.779,5.483,5.788,3.706,0,0.672,5.762,1.38,8.965,4.83,1.92,2.794
IKPB:bin_000115,0,1.046,2.578,0,0.986,0.628,0.631,3.471,0,2.704,2.199,4.508,4.422,1.221,1.989,2.155,0,0.575,1.868,0,2.254,0,0,1.903
IKPB:bin_000116,5.85,4.566,3.751,1.061,8.707,5.378,2.828,7.067,5.276,6.771,4.722,23.521,6.039,6.009,14.531,7.338,2.218,3.9,10.231,0,4.443,4.672,3.254,3.429
IKPB:bin_000117,0,0,2.097,0,3.842,0,0,4.545,0,0,0,24.446,0,0,2.791,0,0,1.76,3.927,1.141,2.15,0,0,0
IKPB:bin_000118,0,1.341,1.486,0,1.854,0,1.064,40.981,0,0,0.782,7.389,2.143,0.759,6.199,2.026,0,2.058,3.703,3.532,8.165,0,0.86,0
IKPB:bin_000119,0,4.909,0.706,0,0,1.967,0.984,1.03,0,9.578,1.146,14.446,3.921,1.63,3.073,1.975,0,0,2.368,1.486,2.541,1.051,0,0
IKPB:bin_000120,0,0,0,0,0,0,1.681,0,0,4.915,0,5.093,0,8.224,2.643,4.801,0,0,2.605,0,0,0,0,0
IKPB:bin_000121,0,2.105,1.979,0,1.636,0,5.254,1.685,1.402,4.693,1.008,24.221,1.193,2.81,3.08,3.758,0,0,6.754,9.282,2.072,3.501,1.489,0.984
IKPB:bin_000122,0,2.288,0,0,0,0.843,2.717,0.856,0,1.247,2.742,1.918,1.398,12.065,9.537,6.403,0,0,4.887,0,2.042,0,1.424,0.646
IKPB:bin_000123,8.803,7.983,5.243,0,18.25,8.794,6.074,6.969,5.797,10.997,8.01,11.595,11.017,7.099,48.357,18.973,0,6.423,12.445,0,6.062,8.031,6.426,5.945
IKPB:bin_000124,10.934,30.163,15.417,0,25.926,9.417,150.11,17.864,8.277,25.139,21.035,76.034,15.108,25.806,120.317,244.591,3.723,16.585,31.06,7.697,16.623,18.598,13.247,7.895
IKPB:bin_000125,0,0,0,0,0,0,0,0,0,0,0,0,0,1.513,0,3.636,0,0,0,0,0,0,0,0
IKPB:bin_000126,0,0,0,0,0,0,0,0,0,0,0,4.135,0,0,0,0,0,0,0,0,0,0,0,0
IKPB:bin_000127,0,1.471,0,0,0,0,3.643,0,0,1.004,0,6.167,0.588,8.82,1.931,4.038,0,0,0,0,2.824,0,0,0
IKPB:bin_000128,0,1.151,0,0,0,0,0,0,0,2.522,0,0,0.695,3.016,0,1.374,0,0,0,0,0,0,0,0
IKPB:bin_000129,3.65,3.864,0.723,0,2.635,6.413,0,2.086,6.303,4.528,3.594,7.173,1.201,8.203,2.132,11.846,1.671,1.018,2.351,5.248,2.439,4.258,3.053,2.656
IKPB:bin_000131,0,0,0,0,0,1.868,0,0.982,0,0,0,1.168,4.73,3.659,3.616,2.454,0,0,0,2.291,0,1.744,0,0
IKPB:bin_000132,3.346,0,0,0.981,6.065,0.627,0,0,2.056,0.721,2.104,2.248,0,0,1.351,0,1.45,0,0,0,0,0,0,0.971
IKPB:bin_000133,0,0,0,0,0,0,0,0,4.933,0,1.027,14.34,0,0,0,0,0,3.991,0,4.417,0,1.3,0,0
IKPB:bin_000134,0,0.658,0,0,0,4.363,0,0,2.46,0,0,1.101,3.411,0,0,8.065,2.662,0,0.669,1.046,0,1.276,1.632,0
IKPB:bin_000135,0,6.435,0,2.434,3.504,3.357,1.495,4.579,0.974,0,2.158,3.042,0.848,0,1.681,0,2.061,0,0,0,0,0,1.858,0.844
IKPB:bin_000136,0,0,0,0,0,0,0,0,0,0,0,5.692,0,0,2.561,0,1.023,0,0,0,0,0,0.606,0
IKPB:bin_000137,0,1.087,0,0,0,0.921,0,0,1.241,6.952,0,2.129,0,8.096,0,0.864,0,0,4.38,4.019,2.232,1.88,0,0.831
IKPB:bin_000138,0,0.575,0,0,0,0,0,0,0,1.489,0.613,5.625,0,0,2.034,0.822,0,0.875,0,0,0,0,0,0
IKPB:bin_000139,0,0.704,0.758,0,0.662,0,0.589,1.17,0,0.78,1.21,1.929,0.681,1.062,1.115,1.419,0,1.017,1.296,0,0,0.825,0,0
IKPB:bin_000140,0,1.531,0,0,0,0,0,1.136,0,2.468,0,1.2,2.375,3.604,0,13.841,0,0,1.647,0,1.698,0,0,0
IKPB:bin_000141,1.006,0,0,0,0,3.127,0,0,5.23,0,4.803,0.663,0,0,0,0,1.4,0,0,1.173,2.167,0.917,0.775,0
IKPB:bin_000142,9.447,4.519,2.739,0,3.387,6.485,2.553,8.083,5.105,9.511,0,31.933,4.58,3.176,3.096,17.114,0.762,1.683,5.944,6.208,5.832,6.637,1.738,1.781
IKPB:bin_000143,0,0.942,0,0,0,0.856,0,3.756,0.699,1.455,1.3,4.843,0,3.164,0,16.249,0,0,0.882,0.766,1.688,2.26,0,0
IKPB:bin_000144,0,0,0,0,0,4.093,0,0,0,0,2.485,3.944,0,1.579,3.679,0,0,0,0,2.679,0.784,0,0,0
IKPB:bin_000145,0,0,0.807,0,0,0,5.334,0,0,0,1.385,8.14,0,0,0,1.047,0,0,4.763,0,0,0,0,0
IKPB:bin_000148,0,0,1.171,0,0.716,0.594,0,0.993,0,0,0,0.902,0,0,0,0,0,0,1.09,0,0,0,0,0
IKPB:bin_000150,0,1.422,0,0,0,0,0,1.398,0.672,0,0,1.04,0.647,0,1.706,0,0.802,0,1.807,0.902,0,0,0,0
IKPB:bin_000151,0,0,0,0,0,0,0,0,0,0,0,3.228,0,0,0,0,0,0,0,0,0.796,0.551,0,0
IKPB:bin_000154,1.277,1.611,1.118,0,0,4.656,0,1.956,0,1.564,2.421,2.123,1.623,0,2.126,4.419,0,0,0.732,4.224,1.189,1.688,0,0
IKPB:bin_000155,0,1.643,0,0,0,0,0,0,0,0,0,0,0,0,0,0,0,0,0,0,1.139,0,0.789,0
IKPB:bin_000156,0,0,0,0,0,0,0,0,0,0,1.468,2.083,0,0.762,2.055,2.86,0,0,2.73,0,0,0,0,0
IKPB:bin_000157,0,2.1,0,0,0,0,0,0.904,0,3.416,0.775,6.336,0,5.038,1.289,1.429,0,0,4.352,1.574,1.096,0.687,0,0
IKPB:bin_000160,0,0,2.745,0,0,0,0,0,0,0,0,0,0,0,0,0,4.335,0,0,0,0,0,0,0
IKPB:bin_000161,1.151,0,1.867,2.261,3.691,2.971,1.701,1.175,1.825,0,1.858,1.738,1.358,0,0,1.122,3.061,1.784,1.1,1.243,0,1.759,0,0.907
IKPB:bin_000162,0,0,0,0,0,0,0,0,0,0,0,0,0,0,0,0,0,0,0,0,0,0,0,0
IKPB:bin_000163,0,0.97,1.819,0.738,0,1.175,0,0,1.4,1.012,1.687,1.252,0,0,0.973,1.373,0,0,1.227,0,0,0,0,0
IKPB:bin_000165,1.658,1.554,1.064,0,2.113,1.491,1.028,0.828,1.183,1.484,0.75,1.852,0.845,0,1.347,1.882,1.092,1.02,1.042,0,0.911,0.854,0.669,0
IKPB:bin_000166,5.225,0,1.351,3.74,2.582,3.893,0,0.551,2.877,0,2.378,0,0.928,0,0,0.732,1.035,0.882,0.816,1.362,0,0.771,0.787,0.82
IKPB:bin_000167,0.688,0,0,0,0.768,1.135,0,0,0.721,0,0,0.873,0,0,0.889,0.868,0,0,1.19,0,0,1.51,1.939,0
IKPB:bin_000170,2.73,1.179,3.177,2.168,4.95,2.558,3.666,2.549,1.664,1.921,3.416,2.199,2.371,0.746,1.899,2.205,2.56,2.755,2.26,1.436,1.107,1.127,0.753,1.14
IKPB:bin_000171,0.805,1.854,1.558,0,4.303,2.198,2.262,1.113,2.361,2.06,3.214,8.51,2.959,0,2.502,7.319,2.712,0.896,2.433,1.258,1.775,2.281,1.617,1.13
IKPB:bin_000172,9.019,0.786,0,0,1.143,0,0,0.751,0,0,0,0,4.114,0,0,0,0,0,0,0,0,0,2.127,0
IKPB:bin_000173,0.959,0.801,0.815,0,0,5.571,0,0,0.642,0,1.773,0.753,0,0.824,0,0,1.151,0,0,0,0,0,1.107,0
IKPB:bin_000178,0,0,0,0,0,0,0,0,0,0,0,2.165,2.577,0,1.341,0,0,0,0,0,1.602,0,0,0
IKPB:bin_000180,0,4.695,0,0,1.003,0,0,0,0,0,1.637,1.676,1,1.454,0,2.481,0,0,0,0,0,0.666,0.612,0
IKPB:bin_000181,0,0,0,0,0,0,0,0,0,2.136,0,0,0,0,0.535,0,0,0,0,0,0,0,0,0
IKPB:bin_000183,0,0,0,0,0,0,0,0,0,0,0,0,0,0,0,0,0,0,0,0,0,0,0,0
IKPB:bin_000185,0,0,0.603,0,0.706,0,0,0,1.483,1.023,0.876,1.254,0.534,0,0,0,0.764,0,1.79,2.171,2.751,0.942,1.385,4.633
IKPB:bin_000187,0,1.542,0,0,0,0,1.181,0,0,0.627,0,2.068,0,0,3.018,1.189,0,0,0,0,0.64,0,0,0
IKPB:bin_000189,0,2.384,0,0,0,0,0,0,0,0,0,0,0,0,0,0.913,0,0,0,0,0,0,1.284,0
IKPB:bin_000190,0,0,0,0,0,0,0,0,0,0,0,0,0,0,0,0,0,0,0,0,0,0,0,0
IKPB:bin_000191,0,0,0.752,0,0,0,0,0,4.053,0,0,0,0,0,0,0,0,0,3.917,0,0,0,0,0
IKPB:bin_000193,1.682,16.693,2.447,0,6.487,2.735,11.161,5.929,1.653,11.232,4.455,7.228,3.703,9.171,3.511,3.473,1.588,4.288,20.463,2.329,1.954,4.876,2.241,2.697
IKPB:bin_000196,0,0,0,0,0,1.14,0,0,0,0,0,0,0,0,0,0,1.19,0,0,0,0,1.57,0,0
IKPB:bin_000197,0,0,0,0,0,0,0,0,0,0,0,0.657,0,0,0,0,0,0,0,0,0,0,0,0
IKPB:bin_000199,0,0,0.993,0,0,0,0,1.018,0,1.753,1.176,4.546,0,1.148,2.803,2.446,0,0.824,1.565,1.221,1.699,0,0,0
IKPB:bin_000204,0,2.949,2.995,0,3.838,0,3.515,2.799,0,11.117,1.768,16.399,5.13,3.488,14.053,8.8,0,1.716,3.037,0,1.734,2.446,0,1.706
IKPB:bin_000205,0,1.197,0,0,0,0,0,3.298,0,3.339,0,16.339,2.165,0,3.441,0.935,0,0,2.281,0,4.609,1.925,0,0
IKPB:bin_000206,0,1.525,22.49,0,0,29.628,49.882,0,9.696,0.678,11.07,31.408,3.863,163.894,21.366,278.297,4.023,0,2.977,0,1.427,1.931,0,1.23
IKPB:bin_000209,0,0,0,0,0,0.707,0,0,0.941,0,0,0,0,0,0,0,0.747,0,0,0,0,0,0,0
IKPB:bin_000211,0,0,0,0,0,0,0,1.201,0,0,0,1.866,0,0,1.751,0,0,0,1.595,0,0,0,0,0
IKPB:bin_000212,0,0,1.85,0,0,0,0,0,0,0,0,0,0,0,0,0,1.183,0,0,0,0,0,0,0
IKPB:bin_000213,0,0,0,0,0,0,0,0,0,0,0,0,0,0,0,1.473,0,0,0,4.271,0.805,0,0,0
IKPB:bin_000214,0,0,0,0,0,0,0,0,0,0,0,0.844,0,0,0,0,0,0,0,0,0,0,0,0
IKPB:bin_000217,0.759,1.147,1.314,0,3.429,1.764,1.664,3.828,0,0.772,2.748,4.955,2.789,2.313,2.573,1.782,0,0.616,2.773,1.341,0.726,1.114,0.941,2.099
IKPB:bin_000220,0,0,0,0,0,0,0,0,0,0,0,0,0,0,0,0,0,0,0,0,0,0,0.548,0
IKPB:bin_000221,0,0,0,0,0,0,0,0,0,0,0,0,0,0,0,0,0,0,0,0,0,0,0,0
IKPB:bin_000222,0,0,0,0.585,0,1.648,0,0,0,5.259,0.906,0,0,0,0.711,4.288,0,0,1.257,0,0,0,0,0
IKPB:bin_000223,2.256,3.189,5.253,0,6.113,6.659,1.455,3.66,2.815,4.393,5.412,10.425,4.673,2.332,2.627,3.768,5.509,1.951,4.715,5.852,5.56,6.676,1.809,2.647
IKPB:bin_000225,0,0,0,3.968,0,1.239,0,0,0,0,0,0,0,0,0,0,0.65,0,0,0,2.664,0,0,0
IKPB:bin_000226,0,0,0,0,0,0,0,0,0,0,0,0,0,0,0,1.352,0,0,0,0,0,0,0,0
IKPB:bin_000227,0.952,0,0,0,1.991,1.706,0,0,1.893,0,5.095,0,1.017,0,0.852,0,1.338,0,0,0,0,0,0,0
IKPB:bin_000229,0,0.943,0.864,0,1.208,1.592,1.022,1.171,0,1.208,1.56,1.908,2.411,0.858,1.263,0.98,0,0,3.612,0.976,1.364,1.52,0,0
IKPB:bin_000231,1.638,5.713,3.405,0,2.448,1.436,2.035,1.543,2.129,1.852,1.005,5.579,1.434,0,0,0,0,0.792,3.758,4.228,5.775,1.054,2.539,0.858
IKPB:bin_000232,0,2.718,0,0,0,0,0,0,0,0,0,0.675,0.753,0,0,0,0,0,0,0,0,0,0,0
IKPB:bin_000233,0,0,0,0,0,0,0,0,0,1.591,0,4.917,1.336,1.084,0,4.923,0,0,1.397,0,0,0,0,0
IKPB:bin_000236,0,0,0,0,0,0,0,0,0,0,0,0,2.547,0,0,2.561,0,0,0,0,0,2.366,0,0
IKPB:bin_000237,0,2.518,0,0,0,0,0,0,0.732,0,0,1.37,0,0,0.834,1.051,0,0,0,0,0,0,0.834,0
IKPB:bin_000238,0,0,0,0,0,0,0,0,0,0,0,0,0,6.761,0,0,0,0,0,0,0,0,0,0
IKPB:bin_000239,0,0.962,0.635,0,0,0,0,0.768,0,1.782,0,0,0,0,0,0,0,0,1.233,0,0.563,0,0,0
IKPB:bin_000240,0.65,0,0.985,0,2.589,0.972,0.647,1.831,0,1.462,1.457,1.69,3.377,1.678,0,1.883,0,0.869,0.924,0.962,1.017,2.069,1.263,0.726
IKPB:bin_000241,0,0,0,0,0,1.203,0,0,0,0,0.935,0,0,0,0,0,1.371,0,0,0,0,0,0.675,0
IKPB:bin_000243,0,0,0,0,0,0,0.847,0,0,0,0,1.66,0.771,1.537,1.776,0.819,0,0,2.387,0,1.115,0,0,0
IKPB:bin_000245,11.998,15.594,4.94,0,10.501,0,15.608,22.277,4.735,26.22,4.514,5.187,10.251,20.925,4.876,81.54,0,4.9,18.149,13.069,17.206,36.029,3.539,4.38
IKPB:bin_000246,0,0.908,0.862,0,1.491,0,0.548,0,0,0,0.887,0.742,0.742,0.685,0,0.737,0,0.783,1.216,0,0,0,0,0.698
IKPB:bin_000247,0,0,0,0,4.244,0,2.01,3.149,0,5.034,0,0,2.972,2.96,0,0,0,2.583,4.909,0,0,0,0,1.996
IKPB:bin_000251,0,0,0,0,0,0,0,0,0,0,0,1.128,0,1.597,0,2.894,0,0,1.09,0,0,0,0,0
IKPB:bin_000254,0.954,0,0.629,0.585,0,0.902,0,0,0.881,0,0,0,0,0,0,0,0.601,0,0,0,0,0,0,0
IKPB:bin_000256,0,1.126,0.887,0,0,1.855,0,0,0.906,2.744,0.704,1.033,0,0.717,0,0,0,0,0,0.797,0,0.624,2.278,0
IKPB:bin_000257,2.414,0,7.05,0,7.234,4.794,1.769,2.164,4.356,2.057,3.502,4.457,8.747,0,4.795,2.619,0,0.942,2.909,1.83,0.835,3.611,1.608,2.304
IKPB:bin_000259,0.698,0,0,0,0,0,0,0,1.453,0,0,0,0,0,0,0,0,0,0,0,0,0,0,0
IKPB:bin_000262,0,6.724,2.121,0,5.169,3.474,3.918,5.96,1.429,2.36,5.135,11.478,5.65,25.424,7.709,21.067,0,1.232,4.223,1.957,8.079,5.246,0.86,4.091
IKPB:bin_000263,0,0.899,0,0,0,0,0,0,0,0.613,0,1.474,0,0,0,0,0,0,0,0,0,0,0,0
IKPB:bin_000266,0,0,0,0,0.969,0,4.569,0,0,5.408,0,5.93,0,9.969,1.867,2.157,0,0,1.359,0,0,0,0,0
IKPB:bin_000267,0,3.084,0,0,2.388,0,0,0.736,3.056,0,0,2.042,0,0,0,0,0,0,0,0,0,0,0,0
IKPB:bin_000268,1.127,1.907,0.751,0,2.806,1.419,1.654,1.245,1.232,8.426,3.27,3.474,3.168,1.917,1.53,4.733,3.208,0.552,3.658,3.512,1.908,3.18,3.767,2.052
IKPB:bin_000269,3.329,5.646,1.278,1.082,1.608,3.161,1.353,4.378,1.391,2.517,2.836,5.398,1.851,3.505,2.235,4.333,1.76,0.926,3.764,7.772,8.07,1.667,1.614,0.853
IKPB:bin_000271,0,2.961,0,0,1.155,1.008,1.668,1.022,0.84,2.015,0.993,3.324,0,1.477,4.005,1.45,0.789,0,1.57,0.936,1.442,0,1.117,0
IKPB:bin_000272,0,1.031,0,0,0,0,0,0,0,0,0,1.409,0,0,0,1.09,0,0,0,0.585,0,0,0,0
IKPB:bin_000273,0,0,0,0,0,0,6.087,0,0,0,0,0,0,0,0,1.493,0,0,0,0,0,0,0,0
IKPB:bin_000274,0,0,0,0,0,0,0,0,0,0,0.74,0,0,0,0,0,0,0,0,2.66,0.704,0,0,0
IKPB:bin_000279,97.958,23.996,40.949,48.483,78.973,78.342,33.468,28.154,104.872,28.11,59.818,32.6,40.488,8.106,33.883,25.284,36.859,52.721,84.601,23.028,36.398,24.934,39.522,53.823
IKPB:bin_000286,0,0,0,0,0,1.209,0,0,0,0,0,0,0,0,0,2.888,0,0,0,1.544,0,0,0,0
IKPB:bin_000289,1.392,0,1.106,1.051,3.72,0.888,0,0,3.615,0,1.483,1.105,1.962,0,1.251,0,0,0,0,0,0,0,1.688,1.224
IKPB:bin_000290,8.386,1.038,7.269,4.024,3.641,7.276,0,1.733,4.299,1.549,5.243,2.044,2.136,1.26,1.306,1.192,3.581,0,2.687,2.262,1.625,3.116,4.428,1.465
IKPB:bin_000291,0.757,1.273,1.911,1.096,1.475,4.886,1.497,3.114,0,0,0.854,5.659,1.249,0,0,1.51,7.243,0.816,0,1.357,2.122,0,0.829,0
IKPB:bin_000292,3.416,2.595,0,0,3.46,0,0,2.536,3.185,0,2.178,2.8,3.511,1.412,1.445,2.427,0,1.723,3.455,1.084,0,1.707,1.675,1.634
IKPB:bin_000295,2.843,0,0,0,3.669,3.458,0,1.46,3.376,1.781,0,4.839,1.083,0.809,1.646,1.208,1.474,0,1.878,0,1.173,0.869,0,1.492
IKPB:bin_000296,3.303,1.065,0,0,0.992,3.468,2.342,1.789,0,2.874,2.644,5.082,1.057,1.281,1.378,3.456,0,0.655,1.557,1.748,0.883,1.098,1.102,0
IKPB:bin_000301,0,6.557,0.764,0,0,0,0.625,1.374,0,2.089,0.703,2.04,5.93,5.295,2.594,11.087,0,0,0,1.406,0.863,4.32,0.693,0
IKPB:bin_000302,0,0,0,0,0,0,0,0.585,0,1.487,0,1.957,1.145,1.317,0,2.03,0.604,0,0,1.778,0,0.855,0.721,0
IKPB:bin_000303,0,0,30.958,0,11.091,0,8.904,12.199,0,200.966,7.036,4.038,47.919,43.1,4.211,46.363,0,19.004,23.252,0,0,42.156,0,17.038
IKPB:bin_000304,0,0.801,0,0,1.2,1.072,0,1.148,0,1.285,1.011,5.588,1.604,1.824,0,0.834,0,0,0,0,1.079,1.227,0,0
IKPB:bin_000305,1.427,0,0,0,2.151,1.254,0,0,3.122,0,0,1.873,0.949,0,1.206,0.97,1.227,1.295,0,0,0.711,0.884,0.707,0
IKPB:bin_000310,0.885,1.207,1.185,0.78,1.6,1.604,1.094,1.03,0.854,1.977,1.075,2.15,1.185,1.068,1.677,1.893,0,0.98,1.709,0.72,1.121,1.155,0.827,0.666
IKPB:bin_000312,0.869,0,0,0.74,0,0.911,0,0,0.889,0,0,0,0,0,0,0,0,0,0,0,0,0,0,0
IKPB:bin_000313,0,2.525,0,0,0.73,2.026,0.716,0,1.36,0.681,1.146,3.752,0.687,0.74,0.616,1.571,0,0,0,0,2.264,0.642,1.05,0.709
IKPB:bin_000320,0.745,2.733,1.266,0,2.024,1.633,1.945,2.129,1.137,5.781,1.492,2.817,3.094,2.816,3.246,2.347,0,0.593,4.554,0,1.234,2.058,1.381,0.955
IKPB:bin_000321,0,0,0,0,0,0,0,0,0,0,0,0,0,0,0,0,0,0,0,0,0,0,0,0
IKPB:bin_000322,2.792,1.258,2.406,2.921,2.782,3.58,1.245,1.972,3.056,2.476,2.03,3.779,1.683,1.039,1.92,2.409,2.968,2.026,2.476,1.532,1.365,1.242,1.093,1.417
IKPB:bin_000323,0,0.732,0,0,0,0,0,0,0,0,0,0,0.746,0.867,0.786,4.137,0,0,0,0,0,0,0,0
IKPB:bin_000327,1.665,0,0,0,0,0,0,0,3.886,0,0.847,2.581,0,0,0,1.857,13.472,0,0,0.643,0,0,0,0
IKPB:bin_000335,0,3.785,0,0,0,0,2.835,0.848,0,1.272,0,7.46,1.823,0.879,0.576,4.047,0,0,0,0,5.172,5.586,0,0
IKPB:bin_000336,0.773,1.686,1.228,0,1.884,1.905,1.168,0.935,0,1.956,1.162,1.016,1.517,0,0.805,2.487,0,0.877,2.245,0,0.741,1.038,0.808,0.847
IKPB:bin_000338,2.774,6.677,0,0,5.371,0,1.499,2.707,0,0,2.414,4.895,0,0,2.233,6.019,0,0,3.438,1.698,4.422,3.52,2.421,0
IKPB:bin_000341,1.18,4.148,5.646,0,2.633,1.447,6.184,2.652,2.021,3.706,1.447,22.036,1.851,2.642,3.845,6.3,2.161,1.454,7.697,3.286,3.727,1.944,4.334,0.905
IKPB:bin_000343,2.452,1.563,0,0,0,0,0,0,0.648,0,0,1.495,0,0,0,0,0,0,0,1.056,0,0,0,0
IKPB:bin_000344,1.485,1.714,1.373,1.015,1.457,1.805,1.861,1.408,2.378,1.418,1.169,1.802,1.644,1.086,1.67,3.017,0,1.989,2.113,1.735,0.767,1.566,1.069,1.524
IKPB:bin_000346,0,1.616,6.406,0,3.895,7.044,4.032,7.743,1.912,12.861,2.455,2.434,2.829,5.094,13.324,8.927,0,4.262,28.664,10.967,6.086,2.826,0,2.406
IKPB:bin_000347,0,0,0,0,0,0,0,0,0,7.179,0,3.347,0,1.011,0,4.046,0,0,0,0,0,0,0,0
IKPB:bin_000348,0,0,0.751,0,0,0.555,0.654,0,0,0,0,0,3.214,5.737,0,0,0.86,0,0,0,1.562,0,0,0
IKPB:bin_000349,0,2.507,0,0,0,0,0,0,0,0,0,1.278,0.717,2.971,1.242,1.283,0,0,0,0,0,0,0,0
IKPB:bin_000350,2.611,0,0,0,1.973,0,2.153,0,0,0,0,0,0.975,0,0,0,0,0.611,0,0,0,0,0,0
IKPB:bin_000351,1.149,0,0,0.626,0,0.99,0,0,2.832,0.729,0,0,0,0,0,0,1.424,0.624,0,0,0,0,0,0
IKPB:bin_000352,0,8.363,1.134,0,0,0,0,0,0,0,0,3.567,0,0,0,0.959,0,0,1.201,0,0,0,0,0
IKPB:bin_000353,2.222,1.094,1.039,1.04,0,1.286,0,0,1.6,0,0,0,0,0,0,0,1.77,0,2.516,0,1.276,0,1.578,0
IKPB:bin_000354,0,3.648,1.282,0,1.981,0.874,1.319,2.065,0.985,2.102,1.807,5.635,2.287,2.331,1.862,3.62,0,0.573,3.323,1.417,2.121,0.996,0.814,0.673
IKPB:bin_000356,9.106,12.804,7.201,15.718,16.493,13.034,8.969,21.658,13.871,25.104,11.566,23.851,9.881,5.072,27.096,21.864,7.126,3.979,24.299,8.728,8.244,9.25,12.101,6.07
IKPB:bin_000357,0,0,0,0,1.116,0,0,0,0,0.915,0.754,3.883,0,0,0,2.143,0,0,0,0,0,0,0,0
IKPB:bin_000359,0,1.025,2.04,0,2.814,0.845,0,0.848,0,2.732,0.638,2.301,3.206,0,1.913,2.419,0,1.454,1.559,1.608,0.731,4.397,2.653,1.796
IKPB:bin_000360,0,0,0,0,0,0,0.663,1.823,0,0.713,0,0,1.342,0.741,0,11.656,0,0,0,0,0.878,0,0,0
IKPB:bin_000361,2.712,0.921,0,0,2.607,0,0,0,0.911,0,0,0,0.989,0,0,1.097,0.983,0,0,3.458,0,0,1.508,0.571
IKPB:bin_000362,1.38,7.418,3.928,0,5.404,1.586,5.926,6.302,8.054,3.824,1.88,11.713,2.653,1.711,6.549,9.14,1.613,2.64,6.651,3.491,2.796,2.659,6.38,1.105
IKPB:bin_000363,1.519,2.686,2.635,0,2.214,1.079,2.473,1.857,1.04,2.348,2.749,6.189,2.657,4.753,2.245,6.422,0.784,1.019,3.07,2.467,3.248,2.352,1.857,1.117
IKPB:bin_000364,0,0,0,0,0,0,0,0,0,0,1.47,0,0,4.891,0,3.04,0,0,0,0,0,0,0,0
IKPB:bin_000365,0,4.646,0.873,0,2.096,0,0,1.309,0,2.382,1.367,2.939,1.452,0,1.676,1.492,1.381,0,1.507,0,1.062,1.349,0,0
IKPB:bin_000367,0,0,0,0,0,0,0,0,0,0,0,0,0,0,1.188,2.714,0,0,0.899,0,1.32,0,0,0
IKPB:bin_000376,1.324,2.076,1.49,0,1.879,1.817,0,1.492,1.667,1.119,1.502,4.628,2.785,0.921,7.696,2.303,0.674,0.748,1.483,1.119,3.287,3.292,1.321,0.725
IKPB:bin_000377,0,2.219,0.602,0,0,0.669,0,2.296,0,0,0,1.403,0,0,1.672,0.979,0,0,3.786,0,4.244,1.916,1.423,0
IKPB:bin_000378,1.589,1.367,1.719,0,4.516,1.333,0,2.253,3.82,12.178,1.203,29.922,0,1.075,43.586,2.543,4.154,2.851,15.834,0,0,3.087,1.762,0
IKPB:bin_000379,0,5.235,1.478,0,5.878,1.262,5.016,2.591,1.228,3.158,1.674,6.622,4.035,4.371,2.346,11.223,2.177,1.918,5.923,1.357,2.349,0.982,0.814,0.967
IKPB:bin_000380,0.719,2.73,0,0,0,0,0,0,1.396,0,0.871,0,0.779,0,0.819,0,1.821,0,0.676,0,0,0,0,0.558
IKPB:bin_000381,2.375,3.525,0,0,2.776,2.73,1.259,1.257,1.743,1.771,4.64,2.65,3.125,1.564,4.478,1.252,3.536,0.826,2.132,2.594,1.328,3.508,3.999,1.155
IKPB:bin_000386,0.948,1.073,0,0,1.647,0,1.055,0.769,1.208,1.061,0.9,1.961,1.179,0.938,0.949,2.681,0,1.042,1.325,0.764,0.609,0.875,0.534,0.639
IKPB:bin_000387,0,2.216,0,0,0,3.818,0,0,0,0,0,1.296,0,0,0,0,0,0,0,0,0.629,0,1.587,0
IKPB:bin_000391,0,0,1.749,0,1.262,1.592,2.601,1.912,0.936,0.769,0,2.007,1.73,0.82,0.732,3.098,0,0.92,1.422,0.854,0,0.754,0,0
IKPB:bin_000392,0,0,0,0,0,0,1.231,0,0,0.714,0,6.004,0,0,0.827,0.78,0,0,0,0.663,0,0,0,0
TI1:bin_000004,2.547,3.754,3.828,2.111,0,3.356,1.112,1.867,4.413,0,1.8,8.474,0.772,1.861,3.251,0.776,3.375,0.823,2.054,1.303,1.475,0.665,2.634,1.6
TI1:bin_000008,4.594,7.559,0.582,3.011,8.493,5.055,0,1.745,5.561,3.446,5.47,2.562,7.296,0,0.948,9.845,0,2.415,7.395,13.224,2.801,4.643,0,1.652
TI1:bin_000011,1.618,0,0,0,0,1.012,0,0,1.831,0,0,0,0,0,0,0,1.249,0,0,0,0,0,1.171,0
TI1:bin_000018,0,0,0,0,0,0,0,0,0,0,0.601,0,0,1.114,0,49.883,0,0,0,0,0,0,0,0
TI1:bin_000020,0.561,0,0,0,0.547,1.315,0,0,1.955,0.673,0.966,1.363,1.286,0,0,0.789,0,0,0,0,0.666,2.8,1.024,0.793
TI1:bin_000026,0,0,0,0,0,0,0,0,1.357,0,0,1.512,0.645,1.132,3.049,0.568,0,0,0,0,0,0.565,1.301,0
TI1:bin_000032,0,1.628,0,0,3.053,0,0,0.548,0,0,0,1.007,0,0,0.77,0,0,0,0,0,0,0,0,0
TI1:bin_000035,0,2.947,1.101,0,1.344,0.9,1.31,0.84,0.826,2.18,1.363,3.91,1,3.704,2.648,3.087,1.275,0.659,2.444,1.443,1.594,0,1.182,0.664
TI1:bin_000041,2.417,1.221,0.874,6.847,0,0,4.625,1.312,4.117,4.129,1.067,0,4.521,0,14.636,0,0.622,1.097,0,2.468,0,1.888,1.359,2.69
TI1:bin_000057,3.286,0,5.657,2.452,1.734,1.859,0,0,1.798,0.993,0.695,0.703,0,0,0.599,0,0.939,0,0.861,0.902,0.732,0,1.534,0
TI1:bin_000058,2.899,3.498,4.131,0,5.49,3.054,4.542,4.501,2.204,6.279,3.292,4.17,4.652,0.991,4.165,11.332,3.211,2.589,8.244,2.258,1.609,4.061,2.281,2.156
TI1:bin_000065,0.898,2.734,0,0,0,2.435,0.688,0.944,1.42,0,0,2.68,0.781,0,0.709,0,1.637,0,1.065,0.718,1.708,0,2.489,0.602
TI1:bin_000066,1.575,0.595,0.604,2.048,2.092,1.766,0,0.708,3.065,0,0.601,0.802,1.435,0,0,0,3.213,0,2.203,0.745,1.29,0.838,4.118,0.739
TI1:bin_000074,1.316,0,0,0.999,0.822,1.232,0,0,0.929,0,0.875,1.632,1.033,0,0,0,0,0,0,1.022,0.737,0,0.805,0
TI1:bin_000078,2.256,1.19,0,0,0,0.755,0,0,3.557,0,0,0,0,0,0,0,1.273,0,0,0,0,0,1.815,0
TI1:bin_000079,1.447,0,0,3.64,0,1.747,0,0,0.965,0,0,0,0,0,0,0,0.802,0,0,0,0,0,0,0
TI1:bin_000083,1.142,2.213,1.006,0,0,1.266,0,0,0.74,0,0,1.557,0,0,0.525,0,0,0,0,0,1.031,0.773,0.961,0
TI1:bin_000098,0.699,0,0,0.978,1.509,2.643,0,0,1.486,0.951,0,0,0,0,0,0,0.557,0,1.296,0,0,0,0,0
TI1:bin_000101,0.758,0.68,1.225,0.57,0,1.702,0.506,0,1.183,0,1.028,0.797,0,0,1.581,0,1.041,0,0,0,0.552,0,0,0.53
TI1:bin_000102,3.988,0,0,0,0,1.564,0,0,4.167,0,0,0,0,0,0,0,5.371,0,0,0,0,0,3.666,0
TI1:bin_000107,1.275,1.474,0.882,1.761,0,1.632,0,0,1.34,0,0.634,1.122,0,0,0.794,0,1.393,0,0.746,0.537,0,0,1.323,0
TI1:bin_000120,2.465,0,3.452,1.055,0,2.06,0,0,9.467,0,0.796,2.033,0,0,0,0,2.755,0,0,1.335,0,0,4.703,0.762
TI1:bin_000121,2.134,0,1.256,1.614,1.371,2.248,0,0,1.129,0,1.433,0,0.553,0,0,0.673,0.628,0,0,0.988,0,0.673,0,0
TI1:bin_000128,1.583,1.428,2.69,2.226,1.806,1.204,0,1.229,2.516,4.588,4.695,4.981,2.539,0,1.588,1.252,1.261,0.7,4.639,4.631,4.828,1.997,0.774,0.695
TI1:bin_000133,1.527,0.651,0,1.061,0.793,1.259,1.089,0,1.778,0,0,0,0,0,0,0.624,1.036,0,0,0.554,0,0,0.668,0
TI1:bin_000134,0,0,0,1.205,0,0.607,0,0,0,0,0,0,0,0,0,0,0,0,0,0,0,0.739,0,0
TI1:bin_000137,2.548,0,0,0,0,1.582,0,0,2.851,0,0,0,0,0,0,0,1.171,0,0,0,0,0,1.361,0
TI1:bin_000140,0,0,0,0.733,0,0.656,0,0,1.259,0,0,0,0,0,0,0,1.164,0,0,0,0,0,0.547,0.629
TI1:bin_000141,0,0,0.629,0,0.555,3.224,0,0,0,0,0,0,0,0,0,0,0,0,0,1.139,0,0,0,0
TI1:bin_000143,0,0,1.578,1.289,0,3.502,0,0,0,0,0,0,1.057,0,0,0,0,0,0,0,0,0,0,0
TI1:bin_000146,1.345,0,0,0.965,0,0,0,0,1.056,0,0,0,0,0,0,0,0,0,0,0,0,0,0,0
TI1:bin_000150,0,0,0,1.349,0,0,0,0,0.699,0,0,0,0,0,0,0,0,0,0,0,0,0,0,0
TI1:bin_000151,0,1.185,0,0,1.198,0,0,0,0.641,0,0,2.298,0,0,1.34,1.388,0.659,0,0,0,0,1.08,0.883,0.597
TI1:bin_000152,5.086,2.299,3.833,6.179,1.99,3.119,0,2.668,3.809,0,1.967,2.719,1.618,0,3.533,2.732,2.68,3.03,1.585,2.584,2.204,0,2.064,0.883
TI1:bin_000156,1.397,0,0.611,0.653,0,1.649,0,0.705,0.872,0,0,0,0,0,0.594,0,0,0,0,0,0,0,0.986,0
TI1:bin_000168,2.972,0.705,0,1.219,0,2.788,0,0,1.419,0,0.913,0.541,0,0,0,0,1.295,0,0,0,0.593,0,0.804,0
TI1:bin_000185,0,0,0,0,0,0,0,0,0,0,0,0,0,0,0,0,0,0,0,0,0,0,0,0
TI1:bin_000186,4.497,0,0,0,1.107,0.997,0,0,1.137,0,0,0,0,0,0,0,1.406,0,0,0,0,0,2.169,0.897
TI1:bin_000187,0.6,0,0,0,3.643,0,0,0,0,0,0,0,0.984,0,0,0,0.672,0,0,0,0,0,0,0.579
TI1:bin_000196,1.134,1.067,1.896,1.071,3.791,2.148,0.594,0.628,1.812,0.568,1.846,0.588,0,0,0.975,0.587,1.158,1.04,3.743,0.526,1.209,0,1.626,0.989
TI1:bin_000203,0,0,0,0,0,1.105,0,0,0,0.661,0,0,0,0,0,0,0,0,0,0,0,0,0,0
TI1:bin_000205,0,0,0,0,0,1.427,0,0,0.796,0,0,0,0,0,0,0,0.612,0,0,0,0,0,0,0
TI1:bin_000206,0,0,0,3.191,0,0,0,0,0.656,0,0,0,0,0,0,0,0,0,0,0,0,0,0,0
TI1:bin_000207,0,0,0,1.224,0,0,0,0,0,0,0,0,0,0,0,0,0,0,0,0,0,0,0,0
TI1:bin_000211,1.999,0,1.344,2.197,0,2.693,0,0,1.408,0,0,0,0,0,0.657,0,1.833,0,0,0,0,0,0.711,0
TI1:bin_000217,2.035,0,3.492,2.644,0,4.218,0,0,5.306,0,1.162,0.758,1.062,0,0,0,2.096,0,0,1.096,0.723,0.858,1.608,1.031
TI1:bin_000246,0,0.862,1.159,1.383,0,1.526,0,0,1.533,0,1.167,0.722,0,0,0,0,0.961,0.527,0,0.802,0.789,0,0.827,0.885
TI1:bin_000248,1.188,0,0,0.92,0,1.347,0,0,0,0,0.842,1.126,1.224,0,0.797,1.026,0,0,0,0,0,0.798,0,0
TI1:bin_000254,1.585,0,0,1.192,0,0.811,0,0,2.242,0,0,0,0,0,0,0,1.09,0,0,0,0,0,1.614,0
TI1:bin_000255,0.942,1.127,0,0,1.367,0.911,0,0,1.161,0,0,0.888,0,0,0,0,0.611,0,1.212,0,0,0,1.297,0
TI1:bin_000256,0.846,0,0,0,0,0.969,0,0,1.342,0,0,0,0,0,0,0,1.096,0,0,0,0,0,1.092,0
TI3:bin_000003,0,4.498,1.003,0,0,0,0,2.671,0,3.108,1.1,5.205,1.84,2.412,2.326,3.327,0,0,2.738,3.355,1.183,0,0,0.533
TI3:bin_000010,0.572,3.98,1.644,0,2.973,2.082,2.122,2.425,0.843,3.683,3.694,7.168,2.213,1.462,2.496,3.584,1.14,1.254,4.116,1.565,1.306,1.672,2.006,1.511
TI3:bin_000018,26.646,14.899,8.135,1.873,0.748,7.089,0,6.084,2.093,3.131,0,6.537,0,0.673,15.899,2.019,1.552,0.845,13.261,0.847,20.177,1.391,2.773,0
TI3:bin_000023,10.806,2.028,8.518,4.742,6.17,4.675,7.685,2.667,3.945,1.599,7.009,6.558,2.965,3.386,2.781,14.962,6.159,1.533,3.792,4.735,2.393,2.468,2.02,3.232
TI3:bin_000025,1.519,1.42,1.799,0.978,2.487,2.394,2.683,0.888,1.288,3.517,0.898,1.154,1.91,0,2.248,1.134,0,3.358,0.593,0,1.272,0,0,0
TI3:bin_000028,3.382,4.927,2.798,1.586,2.275,1.943,1.801,4.815,4.43,5.131,4.462,5.869,2.269,1.932,5.484,1.607,2.674,1.179,5.038,3.799,3.559,7.682,3.765,0.781
TI3:bin_000029,2.002,0.722,0,1.561,1.516,1.18,0,0,1.437,0,0,0,0,0,0,0,0.92,2.051,0,0,0,0,0,0
TI3:bin_000031,1.843,1.67,1.854,1.342,0,1.842,0,0.926,3.644,0,1.35,0,0,0,1.506,0,1.41,0,1.279,0,0,0,1.918,0
TI3:bin_000039,3.46,2.599,2.045,0,3.607,3.034,1.192,1.312,3.683,1.126,4.101,3.477,2.831,0.911,2.093,2.719,1.796,3.354,3.981,1.086,3.243,2.68,1.914,1.766
TI3:bin_000040,1.644,0,0,0.748,0,1.743,0,0,8.989,0,0,0,0,0,0,0,1.651,0,0,0.53,0,0,1.377,0
TI3:bin_000043,0,6.568,0,0,0,0,0.602,0,0,0.635,0,1.313,0,0,0,4.21,0,1.305,0,2.664,0,0,0,0
TI3:bin_000055,3.076,5.246,2.096,5.546,4.421,3.549,2.186,1.691,1.979,3.496,9.106,6.232,3.613,2.742,2.557,6.549,1.358,2.171,2.337,1.833,3.406,3.398,1.964,2.023
TI3:bin_000058,0.538,1.072,0,0,0.887,3.743,0,0,0,11.411,0,0,0.587,0.799,0,0.58,0.778,0,2.06,0,1.423,1.279,1.973,0.72
TI3:bin_000061,1.427,0,0.831,0.636,1.865,1.119,0.625,0,1.094,0,1.059,0,0,0,0,0,0.715,1.827,0.833,0.614,0,0,0,0
TI3:bin_000078,0,0,0,0,4.612,0,2.163,0,0,3.004,1.764,0,3.87,3.049,4.964,9.596,0,1.74,2.671,0,0,4.111,0,0
TI3:bin_000083,1.488,0.965,0.593,0.548,0.838,1.239,0,0,0.84,0,0.514,0.885,0,0,0,0,0.664,0,0.605,0,0.807,0,0.675,0
TI3:bin_000094,3.495,2.868,8.408,0,2.697,1.728,4.33,1.371,1.394,6.657,2.933,5.06,1.757,4.69,5.719,9.817,0,3.297,4.238,6.133,5.694,1.978,0.558,1.634
TI3:bin_000100,0,0,0,0,0,0,0,0.594,0,1.744,0,3.938,0,2.774,1.427,1.647,0,0,1.188,0.868,1.041,0,0.673,0
TI3:bin_000101,0,0,0,0,0,0,0,0,0,0.756,1.567,3.282,0,0,0.671,0.878,0,0,0,0,0,0,0.638,0
TI3:bin_000102,2.498,12.298,0,0,42.084,1.332,0,0,10.594,0,4.941,15.175,0,8.578,3.981,2.02,27.212,2.956,0,1.983,0.807,1.624,1.821,1.571
TI3:bin_000106,0,0,0,0,0,0,0,0,0,0,0,2.451,0,0.845,0,2.149,0,0,0,0,0,0,0,0
TI3:bin_000118,2.021,0,0,0.649,0,1.296,0,0,1.403,0,0,0,0,0,0,0,0,0,0,0,0,0,0,0
TI3:bin_000133,0,1.616,0,0,1.439,0.753,1.417,0.74,0,0.905,0.765,2.354,1.119,2.51,0,1.966,0,0.647,1.152,0.621,0,1.432,0,0
TI3:bin_000144,0,2.221,0,0,2.109,0.922,1.442,2.363,0,3.326,1.24,5.568,1.632,3.367,1.78,3.76,0.572,0.797,2.351,0.59,2.334,1.649,0,0.538
TI3:bin_000148,0,0,0,0,0,0,0,0,0,0,0,0,0,2.19,0,1.342,0,0,0,0,0,0,0,0
TI3:bin_000161,1.949,0,2.646,0.704,2.096,1.197,1.466,0,0.838,0,1.33,1.471,0.792,0.698,0.867,3.261,1.216,0,1.116,0.79,0,0,0,0.74
TI3:bin_000165,1.546,0,1.565,1.395,0,4.823,0,0,2.759,0,1.041,0,0,0,0,0,2.837,0,0,0,0,0,2.102,0.567
TI3:bin_000185,0,0,0,0,0,0,0,0,0,0,0,0,0,0,0,0,0,0,0,0,0,0,0,0
TI3:bin_000186,14.472,22.414,10.31,0.771,28.052,10.939,9.736,10.892,4.523,10.201,11.517,78.141,25.491,14.497,37.976,69.399,3.82,18.619,12.104,9.531,25.413,24.238,18.633,17.937
TI3:bin_000195,0.585,0.575,0.719,0,1.717,0,0.531,0.547,0,1.212,0,0.569,0.641,0,0,1.082,0,0.534,0.606,0,0,0,0,0
TI3:bin_000196,0,0.752,0,0,0,0,0,0,0,0.623,0,0,0,1.51,0,0,0,0,0,0,0,0,0,0
TI3:bin_000211,1.653,3.33,2.483,0,3.329,3.139,1.679,2.676,1.853,2.1,2.516,5.904,3.314,2.904,1.598,2.993,1.064,1.076,3.182,1.865,5.95,2.696,1.965,1.486
TI3:bin_000220,0,4.622,0,0,7.289,0,2.066,1.573,0,3.033,3.055,4.671,3.685,4.044,3.48,16.895,0,2.612,5.547,0,0,2.737,3.728,0
TI3:bin_000223,1.299,3.154,1.112,0,5.884,0,0.808,1.693,1.272,2.397,2.632,1.807,2.882,1.581,2.887,1.682,0,2.267,2.336,1.167,2.768,3.86,1.198,1.673
TI3:bin_000229,22.476,5.837,10.195,9.795,12.088,21.73,6.455,8.265,25.224,2.54,12.591,7.044,4.263,0,7.7,2.674,12.79,9.541,18.236,3.291,4.58,4.578,8.365,8.628
TI3:bin_000243,0.747,0,0,0.652,0,1.76,0,0,1.67,0,0.758,0,0,0,0,0,0.715,0,2.951,0,1.531,0,0.896,0
TI3:bin_000246,5.487,0,2.301,2.053,0,4.075,0,0,1.254,0,1.742,0.569,0,0,0,0,2.968,0.59,0,0.571,0.638,0,0.807,0.928
TI3:bin_000252,1.679,2.562,0,0,2.189,1.859,1.162,0.895,1.211,4.904,3.06,2.55,2.429,1.288,2.332,2.487,1.6,0,2.799,2.511,1.225,2.891,2.708,1.328
TI3:bin_000266,0,1.159,0,0,0,0,0,0,0,0,0,2.255,0,0.876,0,0.968,0,0,1.192,0,1.064,0,0,0
TI3:bin_000282,1.156,1.14,0,0,1.704,0,0,1.059,1.169,0,1.012,1.006,2.271,0,0,0.736,0,0.83,1.048,0,0,0,0.628,0.573
TK1:bin_000004,0,0.976,3.206,0,1.113,0,0,4.923,0,2.337,0,0,0,0,2.755,7.451,0,0,6.839,1.339,2.111,1.144,0,0
TK1:bin_000005,0,5.664,0,0,1.972,0,7.236,0.821,0,1.095,1.095,6.363,1.008,2.497,1.819,8.737,0.634,1.395,7.38,0.601,4.727,1.428,1.641,0
TK1:bin_000018,1.57,2.541,2.551,0,2.075,2.8,2.157,2.245,1.098,3.243,2.273,7.996,2.613,2.834,2.026,3.058,1.933,1.165,2.974,3.322,2.421,2.272,1.79,1.028
TK1:bin_000023,1.208,0.906,5.289,0,1.14,1.998,0,1.017,1.316,0.786,1.372,1.512,1.315,0,1.403,0.98,0.971,0.54,3.464,0.763,0.573,0,2.002,1.494
TK1:bin_000025,1.286,1.388,2.202,0,1.601,4.621,0,6.174,0.885,1.628,1.331,24.987,1.4,0,2.469,0.866,0,2.64,1.036,0,8.741,0.916,0,2.058
TK1:bin_000026,2.27,2.508,0,0,0,0,0,3.093,0,0.963,4.017,1.385,0,0,2.64,3.612,0,1.356,0.524,1.06,2.436,0.996,5.01,0
TK1:bin_000028,6.976,2.558,0,0,1.667,3.345,0.781,0,7.913,0,0,0.926,0,0,1.291,0,2.837,0,0,0,1.831,0,1.951,0
TK1:bin_000029,4.942,7.884,11.599,4.129,9.566,12.629,8.986,14.62,8.689,5.173,7.793,12.437,15.601,4.031,5.785,9.794,7.223,10.041,8.629,6.243,4.707,6.354,6.029,3.937
TK1:bin_000036,7.024,2.839,1.582,0,3.47,1.489,0,3.469,0,2.568,9.223,10.936,3.522,6.482,2.768,3.355,0,2.595,3.264,2.329,5.015,5.967,0,3.208
TK1:bin_000042,0,0,2.173,0,1.37,1.892,3.192,14.104,0,1.382,0.883,6.37,2.68,0,0,5.103,0,1.016,4.881,0.651,0,2.672,0,0
TK1:bin_000046,0,0,0,0,0,1.291,0,0,0,4.549,0,3.466,0,1.164,0,0,0,0,1.122,0,0,1.631,0,0
TK1:bin_000058,18.792,3.353,2.443,6.614,6.078,7.538,4.184,1.175,10.886,1.268,5.063,2.628,3.96,0,3.552,2.166,6.291,4.522,3.099,4.006,3.638,5.424,7.21,3.585
TK1:bin_000060,3.942,1.558,1.976,2.212,4.635,4.805,0.741,0.76,3.352,1.424,7.265,2.252,2.861,0,1.3,2.914,3.617,1.335,3.563,2.568,2.145,2.4,1.79,2.599
TK1:bin_000065,1.653,1.993,0.547,1.493,9.786,1.116,4.734,0.803,1.082,0,5.171,2.741,2.014,0,3.873,0,1.269,1.254,1.001,0,1.588,0,1.374,0.722
TK1:bin_000068,0,3.535,1.623,0,0,0,0.779,1.485,0,2.691,0.659,8.521,0,1.224,0,0,0,0,1.628,0,3.31,1.035,0,0
TK1:bin_000070,2.091,1.801,4.039,2.834,5.933,3.844,0,0,2.803,0,1.24,1.137,1.538,0,1.104,0,1.437,2.264,10.164,0,2.846,0.767,1.344,1.773
TK1:bin_000083,0.665,0,3.492,1.382,1.044,1.147,1.053,2.338,1.088,0,3.434,1.441,0,0.589,1.131,0.609,2.655,0.783,0.754,0.719,1.022,0.682,9.429,0.683
TK1:bin_000087,1.315,4.325,1.513,0,2.197,2.61,1.334,2.404,1.385,5.648,1.029,2.142,1.013,0,4.2,1.339,1.676,0,2.287,0,2.387,2.082,3.076,0
TK1:bin_000090,1.428,3.067,0.636,0,4.533,1.319,1.274,2.244,1.513,2.47,2.879,5.444,3.103,3.159,2.561,4.029,1.483,1.661,3.151,2.915,2.174,2.81,1.367,1.073
TK1:bin_000093,0,1.057,0,0,0,0,0,0,0,5.584,0,1.088,0,0,0,0.888,1.009,0,0,0.81,0.596,0,2.278,0
TK1:bin_000094,2.698,0.92,1.688,0,3.799,7.604,0,0,0.994,0,4.146,2.77,1.263,0,0,1.577,1.727,0.587,1.999,1.285,1.362,2.211,0.9,0.712
TK1:bin_000097,0,0,6.633,0,0,0,0,5.125,0,6.653,0,0,2.692,0.787,0,0,0,0,3.99,0,0,0,0,0
TK1:bin_000100,0,0.807,0,0,0,0,0,0,0,9.049,0,3.605,0,1.556,0,0,0,0,4.189,0,1.415,0,0,0
TK1:bin_000101,0,0,1.026,0,0.731,1.685,0,0.85,0,2.386,0.989,1.103,0.58,0.499,0.985,1.31,0,0.688,0.69,0,0,0,2.97,0
TK1:bin_000104,0,2.435,0,0,2.407,2.332,0,1.144,0,2.526,1.791,2.279,0,1.122,1.874,1.583,1.656,1.212,0,0,1.278,1.031,2.493,0
TK1:bin_000107,1.863,1.74,5.557,0,3.224,1.826,1.51,2.815,1.313,2.991,3.088,5.114,3.583,2.297,1.248,3.618,0.676,2.557,3.391,0.79,2.272,1.207,1.068,1.265
TK1:bin_000115,0,0.805,0,0,0,0,1.358,0,0,2.24,0,0,1.037,0,0,0,0,0,5.914,0,5.733,0,0,0
TK1:bin_000116,0,0,0,0,0,0,0,0,0,0,0,7.655,0,0,0,0,0,0,4.389,0,0,0,0,0
TK1:bin_000118,4.613,1.219,0,48.939,0,4.385,0,0.685,2.287,2.992,0,2.372,3.269,0,3.424,1.003,0,0,1.02,1.307,1.34,2.021,2.532,1.873
TK1:bin_000123,1.004,1.466,0,0,0.725,2.042,0,0.77,0.86,0.769,0,0.686,1.159,0,2.257,0,0.777,0,0.717,0,0,1.053,1.511,0
TK1:bin_000125,0,2.763,0.856,0,1.592,0,0,0.728,0,3.258,0,0,1.392,5.059,0,3.672,0,0,2.236,0,1.71,0,0,1.762
TK1:bin_000131,1.154,1.064,0,0,1.7,1.564,0.961,1.453,1.548,2.027,0,0,1.073,1.042,1.599,1.367,0,0,2.226,0.873,6.07,1.028,2.97,0
TK1:bin_000133,0.703,1.221,1.01,1.038,0.666,1.826,0.81,0.78,0.728,1.335,0.868,0.992,0.615,0.629,0,0.935,0,0.968,1.432,0.595,0.718,0,0.831,0.818
TK1:bin_000138,0,0,0,0,46.232,0,0.853,1.833,1.298,3.638,7.787,3.207,2.427,6.384,8.406,6.358,0,1.006,10.268,0,0.828,1.734,0.751,0.957
TK1:bin_000139,0,0,0,0,0.99,0,0.914,0.754,0,6.764,0.649,0,0,0.561,0.857,4.605,0,1.132,1.146,0,0,0,0,0
TK1:bin_000145,0,0,0.7,0,0,0.787,0.989,1.24,0,0.682,0,0,1.058,0,1.45,0,0,0,7.903,0,0,0,1.487,0
TK1:bin_000149,0,2.416,0,0,0,0,1.902,0,0,3,0,1.266,0,0.951,1.554,1.172,0,0,4.037,0.684,0,0,0,0
TK1:bin_000151,0,0,0,0,0,0,0.549,1.41,1.32,0,0.755,1.019,1.769,0,3.743,0.988,4.083,0,0.615,0.736,0.771,0,1.839,0
TK1:bin_000153,0,1.295,0,0,1.123,0,0,0,0,0.796,0.659,2.148,0,0,0,0.991,0,0,0,0,6.458,0.579,0,0
TK1:bin_000156,0.703,0.978,1.126,0,0.973,1.463,0,0.547,0,3.382,1.075,1.257,0.778,0.507,0.71,1.199,0,1.203,1.911,0,0.975,0,0.603,0
TK1:bin_000158,0,1.539,2.624,0,1.742,4.11,0,0.8,0.668,1.235,2.599,0,0,0.655,1.772,1.82,0,0,1.186,0,1.455,4.612,0,0
TK1:bin_000164,1.578,2.926,0,0,0,0.776,0,1.22,5.307,0,0,1.111,0,0,3.097,4.078,0.663,0,3.615,0,0.763,2.33,1.703,0
TK1:bin_000166,7.296,4.364,9.594,7.511,10.921,10.836,6.559,8.508,11.387,9.256,3.205,2.862,3.002,0,7.697,2.611,5.584,3.761,18.786,2.956,4.101,4.755,5.135,4.349
TK1:bin_000167,0,0,0,0,1.521,0,1.177,2.336,0.557,0,0,2.837,0.72,0,0.651,0.619,1.769,0,2.242,0,0,0.67,0,0
TK1:bin_000175,1.067,1.305,1.969,0,1.826,1.958,1.112,0.915,0.689,0.773,3.705,1.367,2.033,0,0.924,1.813,1.973,2.881,2.225,0,1.802,0.859,0.658,0.774
TK1:bin_000178,2.143,2.828,0,0,0,1.676,0.825,0,1.63,0,0,3.494,0.796,1.006,0.962,3.106,0.541,0,0,2.165,0.622,0.931,1.088,0
TK1:bin_000182,0.707,2.934,0,0,0.565,0,0.792,0,0.677,0,0,2.458,0.727,0.763,0.699,1.181,0,0,0,0.531,0.573,0.965,1.164,0
TK1:bin_000184,1.291,0,1.464,0,0,2.305,0,0,1.759,0,0.693,4.074,0,0,0.852,1.284,5.749,0.771,0,1.959,0,1.056,1.237,0
TK1:bin_000185,1.822,0.704,1.18,0,0.984,0.707,1.401,1.371,1.321,0,1.489,1.801,2.56,1.275,0.602,0,1.088,0,2.357,1.037,0.926,1.075,2.206,1.064
TK1:bin_000187,1.07,0,1.467,0,1.052,1.949,0,0,0.619,0,1.181,1.817,1.862,0.758,0,1.369,0,0.769,7.443,0.607,0,0.92,0,0.821
TK1:bin_000193,10.04,11.166,7.079,0,14.99,1.908,4.569,24.962,2.087,3.745,5.827,15.274,8.101,4.715,20.897,20.882,0,6.517,4.827,4.63,15.508,7.693,7.001,3.048
TK1:bin_000199,0.74,2.106,2.082,0,1.44,0.697,1.096,1.233,0.725,0.997,1.585,4.718,1.675,1.647,1.984,2.89,0.74,1.213,2.816,1.21,0.671,1.348,0.555,0.728
TK1:bin_000202,0,2.288,0,0,0,0,2.547,1.606,0,0,0,4.442,0.734,0,0.717,1.01,0,0,0,0,7.839,0,0,0
TK1:bin_000203,0,1.176,1.172,0,1.064,1.325,0,0.965,0,0,0.7,2.775,0.709,0.683,1.35,1.114,0,0,0.984,7.25,0.795,0.59,0.829,0.673
TK1:bin_000206,0,3.062,0,0,0,0,0,0,0,0.729,0,5.838,0,0,0,0,0,0,0,0,0,0,0,0
TK1:bin_000211,0,1.62,0.687,0,0,0,0,0,0,0.988,0,3.864,0,0,2.077,6.252,0,0,1.991,0,1.296,1.123,0,0
TK1:bin_000215,1.713,1.32,0,0,0,1.969,0.693,1.782,0,0.603,0,0,0,0.91,0.63,0,1.115,0,0.949,0,1.298,0.713,1.87,0
TK1:bin_000224,0,0,2.846,0,1.218,0,1.779,0.803,0,0.937,0.83,2.713,1.37,0.765,1.375,0.957,0,0.789,1.222,0,3.532,0,0.756,0
TK1:bin_000254,1.964,0.867,2,1.741,1.592,2.504,1.195,1.26,1.751,1.089,1.385,2.165,1.586,0.57,0.83,1.447,0.929,1.062,2.281,1.565,1.023,1.198,0.856,0.87
TK1:bin_000262,0,2.449,0,0,1.257,1.131,1.689,0,0,2.073,0.872,5.146,0.915,1.896,0.612,0.591,0,0,1.316,0,2.096,0.628,0,0.568
TK1:bin_000264,0,0,0,0,1.719,0.724,0.745,0,0,1.663,0,0,0,0,0,0,0,0,8.689,0,0,0,0,1.069
TK1:bin_000265,1.128,0.643,8.356,0.799,10.504,2.555,0,1.027,2.254,0,2.553,1.217,7.819,0,6.319,0,0.865,1.034,10.184,0.94,0,0.993,0.901,2.518
TK1:bin_000267,0.642,0,1.135,0,2.032,0.867,0.979,0,0.652,6.167,2.097,1.232,2.005,1.53,1.816,3.95,0,0.831,4.335,0,3.876,1.859,0.939,1.225
TK1:bin_000279,0,0,0,0,0.551,0,0,0.626,0,0,0.703,2.574,0.566,1.492,0,0.936,0,0,1.088,0.79,1.008,0,0,0
TK1:bin_000284,0.871,6.487,2.186,0,2.898,2.605,1.002,1.294,0,1.546,2.306,4.684,1.029,3.376,3.362,6.37,1.493,0.978,3.523,2.369,0.932,1.223,0,2.01
TK1:bin_000285,1.668,0,2.567,3.654,0,1.562,0,0,0,0,1.346,0,0,0,0,0,0,0,0,0,1.123,0,0.648,0
TK1:bin_000300,0,0.933,0,0,0,0,0,2.324,0,1.232,0.818,2.991,2.308,1.356,0,6.128,0,0,2.868,0,0,0,0,0.98
TK1:bin_000303,2.933,1.479,3.184,3.119,0,8.352,0.632,0,4.23,0,1.429,1.661,1.82,0,1.274,0.967,2.182,0,0.858,1.626,1.599,1.76,2.84,1.659
TK1:bin_000337,0,0,1.954,0,0.826,0,0.595,0,0,3.257,0.806,0.78,0,1.628,1.54,3.942,0,0.685,1.981,0,0,0,0,0
TK1:bin_000347,0,6.13,0,0,10.93,0,2.374,1.867,0,2.884,3.732,5.993,3.556,5.45,8.033,14.525,0,2.453,7.529,0,1.321,2.248,3.734,1.654
TK3:bin_000001,0,0,0.778,0,0,0,1.51,0,2.843,0,0,2.686,2.039,0,0,0,3.538,9.289,0,0,0,0,0,0
TK3:bin_000003,0,1.463,0,0,0,0,0.523,0,0,1.211,0,1.565,0,8.779,0,2.278,0,0,0,0,0,0,0,0
TK3:bin_000005,1.735,0,1.513,1.393,1.804,1.23,1.041,0.819,0.985,0.899,2.365,4.876,0.915,1.201,0.803,2.967,1.04,0,1.878,0.895,0.78,0.984,0.648,1.478
TK3:bin_000018,0,0.841,0.835,0,2.286,0.849,1.107,1.502,0,5.703,2.609,0.966,2.574,0,1.349,2.055,0,1.08,3.752,0,0.687,2.427,1.327,1.713
TK3:bin_000019,0,31.086,2.382,0,7.584,1.746,17.929,6.198,1.133,15.17,9.111,30.407,9.604,32.941,3.925,40.339,0.899,4.587,9.344,4.923,11.877,4.943,1.772,3.091
TK3:bin_000021,1.87,2.507,2.569,0,2.875,2.7,1.275,4.006,3.073,0,3.004,3.108,1.417,0.671,2.775,1.57,1.65,1.01,1.558,1.938,1.738,1.451,2.734,1.602
TK3:bin_000024,0,0,0,0,2.222,0,1.643,0,0,0.622,0,4.026,1.663,5.388,0.698,5.324,0,1.865,5.359,0,0,0.904,0,0
TK3:bin_000026,0,0,0,0,0.834,0,1.673,0,0,0,0,0,1.335,0,1.01,8.936,0,0,0,0,0,1.261,0,0
TK3:bin_000028,0,0,0,0,0,1.024,0,0,0.655,0,0,8.5,1.696,1.491,0,8.337,0,0,0,9.132,0.842,1.119,1.018,0
TK3:bin_000031,2.047,0,0.544,0,0,2.099,0,0,1.796,0,16.054,0,0,0,0,0,2.488,0,0,0.855,0.538,0,0.979,0
TK3:bin_000036,0.7,2.07,2.337,0,4.466,4.085,6.023,4.257,2.803,2.916,5.703,2.776,7.145,5.53,2.056,12.947,0.777,2.517,4.07,0.953,2.377,1.574,0.584,4.728
TK3:bin_000043,2.2,0.921,4.387,0,2.842,0,1.927,0,1.009,0.771,0.828,1.288,0.714,0,0.655,1.585,0,2.77,1.889,0.906,1.164,0,0,0.936
TK3:bin_000046,0.574,1.334,0,0,1.981,0,0.707,0.99,0.7,0.724,1.456,1.465,0.801,1.785,0.71,4.556,0.719,0,2.491,3.466,0.957,1.993,1.544,0.738
TK3:bin_000047,0,0,1.664,0,0,0,2.31,0,0,0,4.6,0,1.798,2.153,0,3.746,0,0,0.764,0,0,0,0,0
TK3:bin_000048,0,0.587,0,0,0,0,0,0,0,0,0,1.663,0,8.106,0,4.484,0,0,0,0,0,0,0,0
TK3:bin_000056,0,3.092,0,0,3.731,0,0,0.687,0.795,1.976,2.537,2.281,2.347,1.593,0,1.337,0.928,0,3.638,0,2.601,0,1.663,0.586
TK3:bin_000069,0,0,0,0,0,0,0,0,0,0,0,0,0,7.31,0,4.593,0,0,0,0,0,0,0,0
TK3:bin_000070,1.11,2.284,0.911,0,0,1.36,0.944,0.993,0,0,0.953,1.346,4.232,0.827,1.265,2.632,0,0,0.938,3.013,0.696,5.377,0,1.026
TK3:bin_000071,0.594,2.077,1.142,0,2.014,1.097,1.808,1.222,0,4.562,1.121,2.635,1.692,4.291,1.211,2.102,0,0.565,2.296,0,0.991,0.683,0.69,0.699
TK3:bin_000089,1.409,0.674,0,0.662,11.491,1.055,0,0,1.608,0,1.334,0.882,0.721,0,0,1.011,0.668,0,0,0,0,0,4.336,0.699
TK3:bin_000091,2.525,0,1.213,1.014,3.809,1.086,1.555,0.801,1.213,0,2.322,2.678,0.863,0.78,1.02,2.955,0.925,0.605,0.995,0.726,0,0.642,0,0.955
TK3:bin_000096,0,0.811,0,0,0.682,0,0,0.591,0,0.799,0.981,2.824,0.951,9.393,0,2.724,0,0,0,0,1.204,0,0,0
TK3:bin_000104,0.663,1.645,0.719,0,4.221,1.414,1.901,2.504,0.984,3.409,1.087,7.614,2.505,1.907,4.311,4.677,0,0.66,3.778,1.981,2.337,1.811,1.533,0.976
TK3:bin_000116,1.452,0,0.639,0,2.264,1.206,0.801,0,0.685,0.625,0.984,0.629,0.66,0.516,0,2.251,0,1.128,0,0.758,0,0.576,0,0
TK3:bin_000123,2.859,1.017,1.527,0,3.753,2.081,0,1.946,0.987,2.536,3.635,5.623,4.447,1.34,1.247,4.506,1.289,2.078,3.284,4.455,1.672,4.993,2.166,1.658
TK3:bin_000128,0.831,0,0.968,0,1.955,1.472,1.152,0,1.098,1.162,2.305,1.165,1.381,0,1.102,1.327,0,1.56,2.192,0.945,0.912,1.15,0,0.513
TK3:bin_000135,1.199,3.331,0,0,3.378,2.619,0.596,0,0.974,1.069,0,1.521,2.312,0,0,0,0.678,0.705,3.87,3.21,0.581,2.004,0.684,0
TK3:bin_000142,0,1.94,0,0,1.801,0,3.103,3.686,0,0,1.315,1.693,2.115,3.455,0.81,3.421,0,0.987,1.308,0,1.127,1.735,0,0
TK3:bin_000143,1.648,1.619,2.318,0,2.918,1.71,1.505,0.999,1.715,1.702,2.388,3.327,3.511,2.201,1.876,5.64,0.853,2.244,3.001,0.816,1.873,2.047,0,1.403
TK3:bin_000144,0,0,0,0,0,0,2.3,0,0.601,0,0,1.179,1.27,0,0,9.435,0,1.159,0,0,0,0,0,3.121
TK3:bin_000150,0,0,0,0,0,0,5.35,0,0,0,0,0,1.268,0,0,0.697,0,0.545,0,0,0,0,0,0
TK3:bin_000157,0,0,0,0,0,0,2.818,0,0,0,0,0,0,0,0,5.619,0,0,0,0,0,0,0,0
TK3:bin_000166,0,3.11,1.307,0,0,0,1.614,4.836,0,0.938,1.198,3.082,1.192,1.093,2.059,6.057,0,0,1.024,1.303,2.581,2.606,0,0.738
TK3:bin_000168,0.591,0.985,2.545,0,2.342,1.239,0.83,1.785,0.878,0,0.593,1.585,1.717,0,0.621,2.018,1.05,0,1.463,0,0,2.368,0.877,0.838
TK3:bin_000172,2.48,5.996,2.029,0,2.466,5.255,1.668,5.421,1.794,7.356,2.553,5.392,1.296,3.611,7.156,2.225,2.43,0,2.384,2.222,0.678,2.795,2.838,0.909
TK3:bin_000174,2.388,0,1.66,0.756,2.182,0.942,1.459,0,1.089,0.582,1.921,1.638,0,0,0,1.462,0,2.823,2.264,1.317,0.591,0.739,0,0.739
TK3:bin_000175,0,0,0.563,0,0,0,3.386,0,0,0,0,0,0,2.145,0,0,0,0.56,0,1.174,0,1.047,0.97,0
TK3:bin_000177,0,0,0.736,0,1.369,0,0,0,0,0,0,1.267,0.991,1.986,0,0.794,0,0,0,0.62,0.77,1.047,0,0
TK3:bin_000178,2.156,3.144,1.926,0,3.079,2.856,2.879,2.681,1.199,4.485,2.849,3.998,1.156,2.372,2.618,4.653,0.551,1.525,5.042,1.341,2.5,2.389,1.91,1.149
TK3:bin_000189,0,0,0,0,0,0,0,1.134,0,1.73,0,0,0.679,1.354,0,4.654,0,0,2.122,1.307,0,1.344,0,0
TK3:bin_000191,3.696,0,0,0,2.323,0,0,0,0,0,4.103,0,0,0,0.922,0,0,0,0,0,0,1.663,0,0
TK3:bin_000193,4.586,3.571,0,0,4.386,0.6,1.537,3.164,0,1.525,0.775,5.904,3.216,1.208,1.128,1.186,0,3.138,2.508,0,1.325,2.831,1.013,0.684
TK3:bin_000196,4.205,0,0.666,1.532,2.027,3.977,0,0,2.84,0,1.383,0,0,0,0,0,1.544,1.442,0,0.619,0,0,0,0.66
TK3:bin_000198,0,0,0,0,0,0,3.371,0,0,0,2.064,0,0,2.972,0,4.041,0,0,0,0,0,0,0,0
TK3:bin_000200,0,1.56,4.14,0,2.857,0.883,1.897,2.386,0.562,2.382,0.706,3.578,1.681,0.882,4.049,3.211,0.514,0.684,3.603,0.755,2.125,0.958,3.272,0
TK3:bin_000201,3.707,1.31,0,0,1.19,0,1.285,0,0,0.641,0,0,1.366,0,0,0,0,0.621,0,0,0,0,0.713,0
TK3:bin_000208,0,0,0,0,0.574,0.876,7.115,0,0,1.443,0,0,0.843,0,0,0,0,0.923,0,0,0,1.211,0,0
TK3:bin_000217,8.534,0,0.688,2.926,0,3.818,0,0,9.153,0,1.114,1.749,0,0,0,0,4.785,0,0,2.532,1.519,1.199,7.291,1.233
TK3:bin_000232,1.361,0.954,0.743,0,2.991,1.245,0.737,1.011,0.705,2.59,1.386,1.095,0.811,0,1.311,1.044,0,0,1.653,0,0,1.451,1.301,0.523
TK3:bin_000233,2.066,2.89,1.409,0,6.768,2.561,2.226,3.979,3.544,1.448,5.044,5.759,3.641,2.255,2.909,10.32,2.116,1.108,3.74,1.48,1.683,3.93,1.789,1.693
TK3:bin_000238,0.822,0.721,0,0,3.186,0,0.887,1.073,0.85,1.13,1.752,2.45,1.314,0.749,1.026,2.247,0,0,0.803,0.929,0.732,1.071,0.716,0.576
TK3:bin_000253,0,0,0,0,0,0,0,0,0,0,0,0,0,2.542,0,7.057,0,0,0,0,0,0,0,0
TK3:bin_000259,1.472,2.394,1.309,0,4.365,2.964,1.046,1.035,1.112,2.456,2.185,2.816,1.546,1.289,1.319,2.488,0.84,0.832,2.403,0.59,2.242,1.713,1.12,0.949
TK3:bin_000260,0.566,0.948,1.968,0,0.566,0,0.559,0.951,0,0.754,1.268,1.69,0.685,1.435,0,2.377,0,0,1.408,0,0.724,0,0,0
TK3:bin_000287,8.16,1.096,4.674,2.696,0,3.96,0,0,5.498,0,3.061,1.345,0,0,0,0,2.581,1.496,2.346,1.349,1.537,0,2.556,1.494
TK3:bin_000316,0,0,0.683,1.173,0.777,0.833,0,1.41,0.844,0.83,1.041,1.265,0.953,0.653,0.813,0.705,1.247,0,1.51,1.463,1.21,1.357,1.765,0.551
