genome,D300242,D300243,D300244,D300245,D300246,D300247,D300248,D300249,D300250,D300251,D300252,D300253,D300254,D300255,D300256,D300257,D300258,D300259,D300260,D300261,D300262,D300263,D300264,D300265
D300242:bin_000001,21.157,13.144,9.543,77.455,2.913,1.024,14.348,0.833,0.959,1.018,3.25,3.969,2.349,1.94,22.883,3.95,31.948,4.41,11.553,1.88,7.084,9.837,0,6.067
D300242:bin_000002,67.417,30.83,35.569,20.213,127.604,34.776,30.676,22.768,71.303,116.351,32.563,117.753,8.482,36.896,71.466,5.929,86.729,124.175,166.65,112.521,23.912,40.642,7.37,67.567
D300242:bin_000003,18.593,0.991,2.568,0,21.895,11.762,1.006,1.179,2.638,23.03,6.781,11.397,1.037,1.699,16.66,0,12.75,14.74,16.5,7.855,0,1.194,0,9.189
D300242:bin_000023,33.257,35.839,30.672,21.297,30.054,16.714,16.469,15.337,31.105,28.913,22.546,43.926,39.029,24.865,24.201,17.413,36.153,49.857,36.707,27.221,28.91,28.485,5.155,30.613
D300242:bin_000025,15.463,2.783,3.143,1.178,2.774,11.804,0,3.954,2.709,16.881,14.779,16.248,4.589,3.216,43.733,2.091,11.954,5.955,3.626,8.304,5.593,1.631,0,13.987
D300243:bin_000004,7.641,15.632,8.606,8.415,9.501,7.43,7.238,11.702,10.711,16.189,8.168,5.36,8.992,5.615,8.902,8.351,9.829,9.099,11.676,7.445,9.527,7.176,1.583,5.108
D300243:bin_000028,21.333,19.106,88.063,34.261,2.956,34.699,34.255,15.645,14.165,9.962,63.15,12.898,116.188,21.869,5.91,96.308,31.512,8.659,3.044,6.384,82.159,9.777,52.689,4.382
D300243:bin_000041,8.22,24.032,7.642,7.437,8.049,9.615,10.35,14.803,5.997,25.078,11.818,7.202,10.778,9.137,27.925,4.901,8.489,7.976,9.46,23.738,15.45,7.921,0,10.499
D300243:bin_000043,3.257,19.186,5.346,11.777,0,14.163,11.843,14.895,6.072,0,14.165,0,18.913,8.908,0,27.379,1.822,0,0,0,30.109,15.505,21.261,0
D300244:bin_000018,7.838,5.393,14.691,3.155,3.177,6.56,5.343,3.949,3.833,4.45,3.949,1.695,3.567,4.458,6.162,4.7,7.938,1.691,0.899,4.82,6.026,5.11,3.187,1.449
D300244:bin_000021,1.436,8.555,16.68,10.305,0,22.383,31.011,22.96,0,0,22.546,1.958,8.118,3.685,2.783,10.793,0,0.965,0,0,66.011,11.731,9.07,0
D300244:bin_000028,2.07,4.594,17.294,0.954,7.4,3.172,2.403,3.693,7.439,1.905,1.106,2.096,1.83,3.877,3.254,2.447,3.306,2.483,0.905,0.933,2.127,2.677,1.004,1.799
D300245:bin_000010,5.283,37.694,28.193,74.905,0,7.07,46.279,23.925,7.174,15.807,7.442,5.75,105.998,32.314,8.285,19.634,8.275,4.316,0,0,23.596,30.572,4.343,0
D300245:bin_000013,0.903,2.672,6.148,16.045,0,3.623,4.653,1.079,1.03,0,2.041,9.782,4.659,4.266,1.543,7.83,0.884,0,0,1.209,14.53,1.751,0,0
D300245:bin_000018,0,0,0,15.67,3.059,0.964,0,0,0,3.058,0.878,0.638,3.426,0,10.41,1.302,3.239,0,0,10.613,1.774,0,0,1.174
D300245:bin_000027,2.528,8.127,1.097,30.644,0,29.447,8.203,5.081,1.361,0,6.416,0.913,21.842,4.567,8.947,34.157,1.953,0,0,3.897,6.382,18.326,2.803,0
D300245:bin_000045,131.786,191.093,184.864,68.037,281.639,57.124,87.552,115.385,263.666,260.135,50.799,160.971,129.683,105.39,99.276,115.834,117.867,208.352,196.019,124.879,151.882,120.176,76.223,110.613
D300246:bin_000002,17.404,57.848,42.909,28.1,24.303,9.864,40.524,28.363,68.013,34.96,55.903,18.644,46.85,29.434,37.785,35.086,14.193,36.001,10.079,17.494,19.601,25.646,1.369,14.024
D300246:bin_000010,6.202,1.96,1.277,1.406,10.834,10.204,1.824,1.295,0,2.007,2.331,1.12,3.387,2.55,1.555,6.049,10.301,1.77,0,17.834,0,2.564,4.181,0
D300246:bin_000011,3.243,1.568,6.44,0,14.275,2.93,1.502,1.782,3.201,1.659,2.992,6.233,0.715,1.944,6.785,0.711,1.608,5.855,1.686,1.768,1.133,1.515,0.971,5.16
D300246:bin_000018,6.395,2.592,5.634,3.626,20.283,9.486,1.577,1.112,4.916,8.543,10.473,28.451,4.026,5.734,9.201,3.306,9.24,24.301,20.481,25.395,6.921,3.943,0,4.977
D300246:bin_000044,39.04,25.462,39.321,11.188,48.963,12.541,20.197,44.858,125.152,57.412,27.981,91.829,17.645,58.456,33.188,12.595,35.939,83.052,51.523,40.196,27.38,52.968,9.583,42.933
D300246:bin_000052,19.387,9.964,4.637,6.793,9.703,16.281,4.671,5.771,5.987,5.795,9.204,2.769,3.911,2.605,10.049,2.615,20.825,2.889,1.98,11.432,6.074,5.3,0,9.461
D300247:bin_000006,91.022,67.881,49.084,46.574,67.001,55.66,24.622,38.583,95.199,164.158,24.737,54.718,59.007,49.248,29.936,62.678,74.861,83.699,149.918,54.325,79.951,75.854,2.638,126.662
D300248:bin_000004,0,4.809,0,18.207,0,0,15.255,16.562,0,0,0,0,2.28,0,2.204,61.138,0,0,0,1.878,2.099,6.938,4.946,0
D300248:bin_000008,9.247,6.926,14.762,9.958,0,12.392,23.99,14.588,3.581,6.645,58.865,7.136,14.34,12.036,11.53,15.827,11.015,5.384,0,6.763,21.822,8.802,41.888,0
D300248:bin_000018,0,4.435,3.729,0,0,0,13.132,1.188,0,1.214,1.799,0,1.593,1.075,0,0,0,0,0,0,3.7,1.632,1.856,0
D300248:bin_000023,3.971,5.279,1.733,1.923,8.084,4.57,15.007,2.538,1.206,5.055,1.289,1.141,1.061,0,4.879,3.457,23.564,1.309,1.341,6.857,1.914,3.13,0,2.856
D300248:bin_000024,127.013,107.272,144.817,82.477,251.81,56.2,100.495,35.44,206.277,181.722,157.485,239.124,101.911,89.976,157.823,77.824,119.858,196.239,158.683,133.147,125.758,117.271,30.145,148.289
D300249:bin_000005,91.006,53.731,30.051,24.007,197.308,42.141,7.216,16.654,101.791,81.352,46.017,143.24,63.052,49.801,79.475,8.483,94.686,137.546,164.156,71.487,8.846,55.802,0,96.183
D300249:bin_000046,34.573,0,1.068,5.481,0,13.676,1.677,8.267,0,0.92,6.687,0,1.161,2.364,5.302,1.218,0.925,0,0,11.722,0,0,0,0
D300250:bin_000017,0,9.103,13.886,15.235,0,6.958,22.402,14.186,19.299,4.658,21.15,3.16,12.299,23.832,0,3.864,0,2.382,0,0,20.059,65.803,0.947,0
D300250:bin_000018,2.149,5.713,5.868,0,0.715,5.295,1.529,2.42,17.286,5.83,2.5,1.486,1.6,5.813,2.042,10.542,8.856,2.293,4.944,1.126,2.303,3.843,0,1.744
D300250:bin_000024,5.411,1.731,5.245,3.718,12.878,2.105,1.106,5.1,12.315,5.451,1.938,3.883,3.49,2.251,3.651,2.365,3.099,8.776,17.481,2.249,3.876,3.332,0.705,2.924
D300251:bin_000015,9.931,42.831,35.534,9.375,6.926,14.44,25.34,36.218,12.756,19.375,5.242,6.245,9.243,31.011,10.457,23.429,23.056,8.965,4.591,9.209,22.122,20.346,61.454,15.811
D300251:bin_000040,7.766,7.667,7.1,11.958,7.329,6.629,8.18,7.793,5.265,13.63,9.053,4.259,8.746,5.378,7.972,9.656,13.927,4.729,4.689,9.829,18.245,5.837,8.271,4.3
D300252:bin_000001,22.161,6.073,17.083,6.568,14.327,18.575,8.528,6.534,14.272,19.511,40.873,21.465,7.541,8.851,49.517,5.4,8.163,18.454,14.693,11.078,5.416,4.703,2.79,29.691
D300252:bin_000010,2.465,4.112,2.372,6.818,0,2.881,5.386,1.183,2.366,4.831,100.517,1.712,1.177,2.169,7.222,2.093,1.754,1.646,0,1.139,2.736,1.614,1.457,0
D300252:bin_000011,2.617,1.491,2.284,1.246,0,3.854,7.161,1.497,0,1.419,14.366,0,1.122,2.452,1.169,3.152,1.325,0,0,0,0.982,0,0,0
D300252:bin_000020,0,14.743,16.545,17.367,0,12.472,32.459,15.163,0,0,13.348,3.014,3.213,2.702,0,21.453,18.205,0,0,0,38.351,4.941,10.414,0
D300253:bin_000005,7.791,2.324,7.004,47.752,0,13.334,5.956,3.511,2.477,0.977,6.067,23.08,3.293,19.418,14.439,16.201,3.172,1.974,0,14.815,3.894,17.414,4.192,0
D300253:bin_000007,12.739,9.697,36.58,35.51,1.811,14.709,2.443,2.503,15.306,4.012,76.289,21.438,45.27,19.955,11.716,21.259,1.835,3.256,0,27.724,14.867,21.786,4.086,0
D300253:bin_000040,17.179,12.202,24.094,6.41,14.335,19.622,15.067,16.476,22.045,14.766,6.27,15.89,8.787,10.151,18.261,9.665,16.057,11.392,14.813,12.607,24.678,6.996,4.637,11.859
D300254:bin_000011,3.843,14.004,7.562,21.379,0,20.283,22.947,16.511,4.581,3.106,14.127,3.023,35.682,7.798,10.352,22.833,11.457,1.271,0,0,8.634,6.134,11.737,0
D300254:bin_000016,0,8.367,8.977,4.438,0,1.08,4.911,4.946,1.062,2.763,12.531,2.289,18.575,3.999,0,10.004,3.438,0,0,0,11.897,4.417,18.177,0
D300254:bin_000019,17.059,74.75,42.995,85.512,5.644,203.256,41.564,38.862,19.776,8.097,105.109,29.421,520.98,66.159,24.182,319.921,24.645,6.994,0,18.467,123.641,98.219,34.207,4.655
D300254:bin_000031,0,0.827,1.422,0,0,0,1.559,0.771,0,0,0,0,8.888,0,0,0,0,0,0,0,0.88,0,0,0
D300255:bin_000002,0,0,4.501,1.868,0,0.881,9.186,0,4.153,0,0,2.372,0,13.729,9.24,4.253,0,0,0,0,0,0.97,0,0
D300255:bin_000023,4.301,11.937,7.745,3.364,7.759,4.015,4.215,8.548,11.239,13.875,1.907,2.631,2.243,17.501,4.469,24.335,10.128,3.314,6.685,3.399,13.24,7.679,0.725,3.68
D300256:bin_000008,31.796,24.919,22.853,20.511,19.738,25.243,25.215,24.05,13.614,23.586,27.735,17.634,18.532,14.343,29.25,11.663,36.634,24.536,11.764,23.852,21.975,10.352,6.81,18.663
D300256:bin_000021,0,0,4.445,0,3.606,6.426,1.369,5.131,2.802,6.496,15.737,3.234,0,0,19.615,28.217,2.996,4.987,10.106,0,5.469,0,0,14.64
D300256:bin_000037,18.193,4.379,16.064,4.473,36.132,27.376,23.934,7.325,14.261,6.98,11.454,49.733,14.257,36.494,34.181,8.223,20.568,20.648,7.984,17.118,18.951,26.653,10.237,36.723
D300257:bin_000004,0,1.751,1.494,5.985,0,7.096,6.237,1.602,1.605,3.302,2.035,1.741,3.182,2.959,4.537,28.487,1.075,0,0,3.085,4.429,2.025,1.383,1.52
D300257:bin_000017,5.605,12.681,21.597,31.712,21.225,27.246,12.345,3.929,11.18,1.914,24.672,21.027,6.664,11.53,26.991,18.616,3.212,29.492,4.552,10.869,6.002,12.597,0,15.984
D300257:bin_000026,7.867,5.808,8.834,4.452,6.904,5.516,6.255,8.001,8.097,6.302,7.25,9.599,7.324,7.728,6.191,16.968,7.557,8.624,6.345,7.494,7.582,5.716,1.256,6.356
D300257:bin_000038,0,0,0,8.055,0,0,4.589,2.045,0,0,0,0,0,8.602,0,15.441,0,0,0,0,0,8.546,0,0
D300258:bin_000001,4.105,1.123,4.768,7.516,6.205,8.468,3.505,3.363,1.378,2.505,7.471,2.357,5.887,2.059,6.793,0,15.81,1.034,0,7.002,6.66,0.769,5.195,3.474
D300258:bin_000003,11.544,59.355,62.497,18.039,1.336,23.158,37.298,36.511,24.49,38.935,20.43,30.264,20.305,19.867,10.673,22.755,25.586,16.858,4.968,14.44,66.599,20.763,14.749,0
D300258:bin_000012,10.333,4.416,5.643,8.851,4.456,13.344,9.438,5.006,1.918,10.74,7.847,6.656,7.005,4.7,9.92,6.43,17.522,1.725,1.623,10.374,13.138,5.49,6.126,5.865
D300258:bin_000053,0,0,0,0,0,1.973,0,0,0,0,0,0,0,0,1.622,0,10.025,0,0,4.458,2.398,1.782,0,0
D300259:bin_000025,7.484,59.1,29.276,15.746,34.868,16.688,20.461,16.259,29.72,30.606,16.13,49.635,30.282,11.808,38.899,21.962,25.032,31.354,39.566,19.029,19.093,14.707,7.887,26.135
D300260:bin_000003,0,0,0,0,52.006,0,1.428,0,14.421,30.53,0,3.376,0,0,3.085,0,12.736,45.854,76.586,7.172,0,0,0,15.199
D300261:bin_000003,3.453,17.999,21.007,4.209,17.698,8.858,6.52,13.597,20.56,31.096,3.995,22.15,7.586,12.223,9.068,6.669,11.619,21.881,16.237,33.539,3.256,15.513,0,8.218
D300262:bin_000009,0,0,0,0,0,0,0,0,0,0,0,0,0,0,0,0,0,0,0,0,12.85,0,1.107,0
D300262:bin_000011,9.764,8.023,13.2,6.449,10.262,5.81,8.78,8.29,9.616,7.703,2.11,6.276,2.395,7.382,9.125,4.68,16.501,8.836,9.934,5.991,18.467,7.181,1.451,7.346
D300262:bin_000022,5.328,11.895,5.951,2.602,1.834,8.879,5.989,5.599,1.442,6.02,3.763,2.542,4.193,3.487,5.167,5.762,12.264,1.619,1.394,5.381,15.289,2.488,0.803,1.525
D300262:bin_000032,1.609,1.334,1.43,0,2.697,0,2.989,5.643,3.268,2.678,1.403,1.748,0,1.906,1.049,0,7.17,0,0.707,3.872,11.237,1.017,0,0.713
D300263:bin_000027,0,0,0,0,0,0,0,0,0,0,0,0,1.399,2.495,0,0,0,0,0,0,0.921,11.406,0,0
D300264:bin_000001,0,0,0,0,0,0,0,0,0,0,0,0,0,0,0,0,0,0,0,0,0,0,13.678,0
D300264:bin_000003,1.171,1.553,0,1.801,0,4.329,0,1.897,1.593,0,2.347,0,0,1.602,0,7.416,0,0,0,0,1.463,1.986,20.997,0
D300264:bin_000004,0,14.149,54.649,14.999,0,0,54.08,6.61,5.451,0,0,0,2.58,10.309,0,26.804,0,0,0,0,10.482,20.209,48.082,0
D300264:bin_000007,0,0,0,0,0,0,0,0,0,0,0,0,0,0,0,0,0,0,0,0,0,0,96.728,0
D300264:bin_000013,0,0,0,0,0,0,0,0,0,0,0,0,0,0,0,0,0,0,0,0,0,0,79.848,0
D300264:bin_000017,0,0,0,0,0,0,0,0,0,0,0,0,0,0,0,0,0,0,0,0,0,0,24.181,0
D300264:bin_000018,0,0,0,0,0,0,2.475,2.245,0,0,0,0,0,0,0,0,0,0,0,0,5.908,1.37,25.489,0
D300264:bin_000019,0,0,0,0,0,0,0,0,0,0,0,0,0,0,0,0,0,0,0,0,0,0,28.903,0
D300264:bin_000020,0,0,0,0,0,0,0,0,0,0,0,0,0,0,0,0,0,0,0,0,0,0,12.242,0
D300264:bin_000021,0,0,0,0,0,0,0,0,0,0,0,0,0,0,0,0,0,0,0,0,0,0,8.163,0
D300264:bin_000022,0,16.606,4.368,9.977,0,0,7.211,3.069,0,0,2.708,0,10.465,7.198,0,8.695,0,0,0,0,29.125,5.111,18.418,0
D300264:bin_000023,1.125,8.327,6.86,3.57,0,5.747,3.311,4.709,2.774,1.751,6.605,0,6.937,5.747,0,4.46,2.907,0,0,0,2.092,4.014,20.313,0
D300264:bin_000028,1.846,0,2.394,4.497,0,11.178,5.233,9.436,0.765,0.984,12.549,0.787,4.659,2.569,10.474,10.742,3.189,0,0,0,7.005,4.468,8.984,1.131
D300264:bin_000033,0,4.177,0,0,0,0,2.232,4.645,0,0,1.359,0,0,0,0,5.098,0,0,0,0,11.24,0,52.166,0
D300264:bin_000035,0,0,0,0,0,0,0,0,0,0,0,0,0,0,0,0,0,0,0,0,0,0,9.514,0
D300264:bin_000036,0,3.049,0,0,0,0,4.097,0,0,0,0,0,0,0,0,0,0,0,0,0,1.354,0.75,34.802,0
D300264:bin_000043,1.34,1.164,1.486,0,0,1.67,1.691,1.215,0,0,1.886,0,1.707,0,0,1.475,0,0,0,0,4.903,0,50.612,0
D300265:bin_000012,1.328,2.818,2.154,7.798,5.358,4.127,0,2.31,2.691,3.273,4.181,3.312,3.739,0,1.376,3.766,4.106,2.528,2.384,6.918,3.084,0.938,0,15.487
D300265:bin_000013,40.232,47.541,34.691,27.312,46.993,22.378,32.985,13.935,47.265,54.245,23.586,45.101,34.022,25.138,37.219,25.329,63.96,45.87,49.342,49.058,38.228,34.177,6.913,34.942
JPB:bin_000001,0,0,0,0,0,0,0,0,0,0,0,0,0,0,0,0,0,0,0,0,0,0,0,0
JPB:bin_000003,1.502,0.74,2.411,0,5.802,2.24,0,2.609,1.171,8.369,1.659,1.734,0,1.06,1.514,2.494,2.652,2.507,8.532,3.194,3.475,0,0,2.661
JPB:bin_000004,0,0,0,0,0.628,0.82,0,0,0,0,0,0,0,0,0,1.334,0,0,0,0,0,0,0,0.855
JPB:bin_000005,0,0,0,0,0,0,0,0,0,0,0,0,0,0,0,0,0,0,0,0,0,0,0,0
JPB:bin_000007,2.225,1.179,1.713,1.603,2.153,5.08,0,1.158,0,5.449,0,1.559,1.892,0,3.066,1.426,2.175,2.04,1.629,2.435,0,0,0,4.506
JPB:bin_000009,0,0,0,0,0,0,0,0,0,0,0,0,0,0,0,0,0,0,0,0,0,0,0,0
JPB:bin_000010,1.748,1.11,4.002,0.634,2.179,1.253,0,2.32,1.205,4.871,0.751,0.79,0.914,1.297,1.567,3.257,2.537,3.566,4.511,2.509,4.067,0,0,2.849
JPB:bin_000012,1.241,1.557,0.955,2.22,0,2.215,0.96,1.445,0.693,2.971,0,2.826,1.403,0,5.023,3.739,2.006,1.15,0,1.799,1.43,0.713,0,5.891
JPB:bin_000014,7.783,1.033,0,0,10.544,3.937,0,0,4.022,7.191,4.964,16.099,0,0.814,13.103,1.212,18.075,6.454,13.349,7.054,0,0,0,15.372
JPB:bin_000015,0,1.078,0.961,0,0,0,1.664,0,0.955,0,0,0,0,1.397,0,0,0.963,0,0,0,2.898,0,0,0
JPB:bin_000017,0,0,0,0,0,0,0,0,0,0,0,0,0,0,0,0,0,0,0,0,0,0,0,0
JPB:bin_000018,0,0,0,0,0,0,0,0,0,0,0,0,0,0,0,0,0,0,0,0,0,0,0,0
JPB:bin_000019,1.054,0,0,1.145,1.656,1.595,0,1.587,0.618,1.078,1.291,1.4,0.99,0,1.23,0,1.069,0.757,0.883,1.152,1.224,0,0,1.26
JPB:bin_000020,1.522,1.476,0.775,1.467,4.37,2.439,1.171,1.022,2.61,1.526,1.603,2.759,1.102,0.653,3.031,2.621,2.256,2.587,2.712,1.798,4.209,0,0,1.366
JPB:bin_000021,0,0,0,0,0,0,5.61,0,0,0,0.873,0,0,0,0,0,0,0,0,0,1.839,0,0.923,0
JPB:bin_000022,0,3.393,2.033,1.085,0,1.312,1.702,1.407,1.093,0.606,0.997,0,1.674,0,0,1.774,1.083,0,0,0,4.661,1.048,2.605,0
JPB:bin_000023,0,0,0,0,0,0,0,0,0,0,0,0,0,0,0,0,0,0,0,0,0,0,0,0
JPB:bin_000024,0,0,0,0,0,0,0,0.728,0,0,0,0,0,0,0.896,0,0,0,0,0,0,0,0,0
JPB:bin_000025,0,50.098,4.928,104.647,0,0.67,146.021,129.468,200.288,0.622,0,0,8.388,125.618,52.147,48.56,0,3.126,0.855,0,2.629,243.892,0,0.829
JPB:bin_000026,18.468,1.294,10.276,0,27.949,18.958,0,0,0.588,1.989,13.57,5.341,6.594,0,2.57,14.847,10.216,1.525,1.448,3.138,0,0,0,2.697
JPB:bin_000027,0,0,3.497,0,0,0,1.21,0,1.561,0,0.578,1.465,1.962,0,0,1.894,0,0,0,0,0,1.529,1.613,0
JPB:bin_000028,0,28.377,0,0,0,0,0,0,3.867,0,0,0,0,0,0,0,0,0,0,0,0,0,0,0.641
JPB:bin_000029,4.252,0,1.13,0.834,2.973,1.141,0,1.154,1.795,3.475,0.911,2.943,1.907,1.62,1.889,2.103,0.9,2.26,0,2.142,1.284,0.889,0,2.643
JPB:bin_000030,0,0,1.007,1.154,0,0.846,1.336,0,0,0.721,2.901,0,0,0,0.842,2.947,0.597,0,0,0,1.603,0.672,2.116,0
JPB:bin_000032,1.08,0,1.994,0,0,5.158,0,1.114,0,9.727,1.295,0.99,0.899,0,2.489,5.939,1.915,0,0.567,1.607,1.801,0,0,3.134
JPB:bin_000033,0,0,0,0,0,0.964,0,0,0,0,0,0,0,0,0,0,0,0,0,0,0,0,0,0
JPB:bin_000034,0,0,0,0,0,0,0,1.518,0,0,0,0,0,0,0,0,0,0,0,0,0,0,6.425,0
JPB:bin_000035,0,0.825,0,2.054,0,2.226,2.02,1.444,0,0,1.208,0,1.33,0.764,1.356,1.29,0,0,0,0,0.879,0,0,0
JPB:bin_000036,0,0,0,0,0,0,0,0,0,0,0,0,0,0,0,0,0,0,0,0,0,0,0,0
JPB:bin_000037,0,1.367,0,2.611,0,1.004,1.455,2.008,0,0,0,0,0,0,3.888,0.952,1.447,0,0,0,5.119,1.792,1.726,0
JPB:bin_000039,0,5.649,5.474,1.754,0,0.874,4.367,4.8,3.541,0,0,0.908,3.429,2.646,0,0.923,0,0,0,0,3.98,2.305,2.005,0
JPB:bin_000040,0,0,0,0,0,0,0,0,0,0,0,0,0,0,0,0,0,0,0,0,0,0,0,0
JPB:bin_000042,0,0,0,0,0,0,0,0,0,0,0,0,0,0,0,0,0,0,0,0,0,0,0,0
JPB:bin_000043,0,0,0,0,0,0,0,0,0,0,0,0,0,0,0,0,0,0,0,0,0,0,0,0
JPB:bin_000045,20.317,230.688,273.965,53.87,44.42,18.988,53.461,172.42,177.901,40.023,55.256,28.078,36.473,102.357,48.113,3.641,14.288,46.143,38.219,9.565,60.978,63.822,50.29,29.605
JPB:bin_000046,2.734,1.748,1.854,0.933,12.41,7.63,0,1.664,0.702,5.644,0,5.35,2.409,1.704,10.387,3.462,8.728,3.119,1.192,3.325,3.041,0.962,0,4.791
JPB:bin_000047,0,0,0,0,0,0,0,0,0,0,0,0,0,0,0,0,0,0,0,0,0,0,0,0
JPB:bin_000048,0,0,0,0,0,0,0,0,0,0,0,0,0,0,0,0,0,0,0,0,0,0,0,0
JPB:bin_000050,0,0,0,0,0,0,0,0,0,0,0,0,0,0,0,0,0,0,0,0,0,0,0,0
JPB:bin_000051,0,15.6,11.302,8.816,0,4.459,5.621,8.057,3.869,0,3.037,0.739,14.578,8.461,0,8.105,0,0,0,0,6.012,12.137,0,0
JPB:bin_000052,0,0.876,1.516,0,0.594,1.679,0,0.884,0,2.296,0,1.438,1.867,0,0,1.589,0.938,0,0.982,1.426,0.713,0,0,1.193
JPB:bin_000053,0,0,0,0,0,0,0,0,0,0,0,0,0,0,0,0,0,0,0,0,0,0,0,0
JPB:bin_000054,0,0,0,0,0,0,0,0.807,0,0,0,0,0,0,0,0,0,0,0,0,0,0,0,0
JPB:bin_000056,1.291,1.774,0.801,0,0,1.655,1.161,1.077,0,0.735,0,0,0,0,0,0.66,4.232,0,0,1.197,3.567,0,4.222,1.051
JPB:bin_000057,0,0,0,0,0,0,0,0,0,0,0,0,0,0,0,0,0,0,0,0,0,0,0,0
JPB:bin_000059,7.516,5.744,7.294,4.382,3.024,17.577,0.771,8.094,31.568,5.366,16.497,1.312,11.442,28.062,20.999,31.24,16.961,25.476,5.28,14.881,2.658,16.235,1.106,81.629
JPB:bin_000060,3.124,3.364,3.781,2.995,0,1.899,2.888,3.574,1.588,0,2.298,1.715,2.317,1.505,3.613,3.595,2.377,0,0,0,2.904,1.829,1.737,0
JPB:bin_000061,19.141,0.866,0.734,1.889,0,35.051,2.182,26.671,0,0,4.731,0,0,1.464,0.918,0.654,2.015,0.81,0,15.243,1.16,0,1.434,0
JPB:bin_000062,0,0,0,0,0,0,0,0,0,0,0,0,0,0,0,0,0,0,0,0,1.616,0,0,0
JPB:bin_000063,2.477,0.767,1.974,1.421,3.46,1.188,1.499,1.371,4.733,1.81,1.033,1.896,1.518,2.105,5.89,0.885,1.04,2.159,2.978,1.633,0.889,1.457,0,2.22
JPB:bin_000064,0,0,0,0,0,1.75,0,0,0,0,0,0,0,0,0,0,0,0,0,0,0,0,0,0
JPB:bin_000065,0,0,0,0,0,0.599,0,0,0,0,0,0,0,0,0,0,0,0,0,0,0,0,0,0
JPB:bin_000066,0,0,0,0,0,0,1.014,1.151,0,0,0,0,0,0,0,0,0,0,0,0,2.828,0,4.964,0
JPB:bin_000067,0.782,12.44,0.612,1.286,0,0,4.446,3.406,0,0.58,0,0,0,0.987,0,0,2.241,0,0,0.732,0,1.732,3.959,0
JPB:bin_000068,0,0,0,0,0,0,0,0,0,0,0,0,0,0,0,0,0,0,0,0,0,0,0,0
JPB:bin_000069,4.387,3.392,2.412,1.894,2.691,10.63,3.007,3.889,1.874,6.347,5.168,1.828,1.354,1.139,3.896,1.692,4.139,3.287,4.043,5.056,3.162,1.039,0.907,3.334
JPB:bin_000070,0,0,0,0,0,0,0,0,0,0,0,0,0,0,0,0,0,0,0,0,0,0,0,0
JPB:bin_000071,0,0,0,0,0,0,0,0,0,0,0,0,0,0,0,0,0,0,0,0,0,0,0,0
JPB:bin_000073,0,0,0,0,0,0,0,0,0,0,0,0,0,0,0,0,0,0,0,0,0,0,0,0
JPB:bin_000074,0,3.939,1.801,1.721,4.338,1.552,6.131,1.686,0.793,4.733,0.636,1.193,0.8,0,4.483,0,5.365,2.013,0.663,5.483,6.066,1.369,1.571,1.793
JPB:bin_000075,1.422,1.278,1.626,0,0,0,0,0,0,0.794,3.058,0,0,1.773,0,0,1.164,0,0,1.041,1.272,0,0,0
JPB:bin_000076,0,0,0,0,0,0,0,0,0,0,0,0,0,0,0,0,0,0,0,0,0,0,0,0
JPB:bin_000077,0,0,0,0,0,1.165,0.626,1.65,0,0,0,0,0.682,0,0,0,0,0,0,0,0,0,0,0
JPB:bin_000078,0,0.942,1.432,0.853,0,1.005,1.683,0,0,0,1.47,0,1.021,0,0,3.113,1.65,0,0,0,0,1.549,1.306,0
JPB:bin_000079,0,0,0,0,0,0.924,0,0.685,0,0,0.902,0,0,0,0,0,0,0,0,0,0,0,0,0
JPB:bin_000080,0,0,0,0,0,0,0,0,0,0,0,0,0,0,0,0,0,0,0,0,0,0,55.272,0
JPB:bin_000081,16.335,90.093,44.742,14.144,52.585,7.435,9.849,39.545,43.286,13.268,17.385,14.935,14.246,24.478,28.568,2.194,11.48,20.213,14.884,6.888,2.395,19.623,2.191,17.959
JPB:bin_000082,0,0,0,0,0,0,0,0,0,0,0,0,0,0,0,0,0,0,0,0,0,0,0,0
JPB:bin_000083,0,0,0,0,0,0,0,0.984,0,0,0,0,0,0,0,0,0,0,0,0,0,0,0,0
JPB:bin_000084,0,0,0,0,0,0,0,0,0,0,0,0,0,0,0,0,0,0,0,0,0,0,2.887,0
JPB:bin_000085,0,0,0,0,0,0,0,0,0,0,0,0,0,0,0,0,0,0,0,0,0,0,0,0
JPB:bin_000086,2.359,2.829,1.829,1.236,1.046,2.339,1.943,2.929,1.079,4.283,6.326,0,0,1.805,1.606,1.336,2.842,0.872,0,3.859,0.923,0.835,0,0.991
JPB:bin_000087,4.166,1.934,1.825,1.861,4.19,2.728,0,1.387,3.183,3.183,1.344,7.189,4.076,1.991,2.993,2.822,2.814,3.18,2.959,1.78,1.564,2.754,0,2.704
JPB:bin_000088,0,0,0,0,0,0,0,0,0,0,0,0,0,0,0,0,0,0,0,0,0,0,0,0
JPB:bin_000089,0.979,0,0,1.256,0,4.664,2.086,1.976,0,0,0,0,0,1.664,2.73,0,0,0,0,0.84,0,0,0,0
JPB:bin_000090,0,0,0,0,0,0.962,0,0,0,0,0,0,0,0,1.364,0,0,0,0,0,0,0,0,0
JPB:bin_000091,0,0,0,0,0,0,0,0.909,0,0,0,0,0,0,0,0,0,0,0,0,0,0,8.064,0
JPB:bin_000092,0,1.149,0,0,0,0,1.447,2.489,0,0,0,0,0,0,0,0,0,0,0,0,1.577,0,1.261,0
JPB:bin_000093,0,0,0,0,0,0.885,0,0,0,0,0,0,0,0.719,0.957,0,0,0,0,0,0,0,0,0
JPB:bin_000094,0,0,0,0,0,0,0,3.377,0,0,0,0,0,0,0,0,0,0,0,0,0,0,0,0
JPB:bin_000095,0,0,0,0,0,0,0,0,0,0,0,0,0,0,0,0,0,0,0,0,0,0,0,0
JPB:bin_000096,0,0,0,0,0,0,0,0,0,0,0,0,0,0,0,0,0,0,0,0,0,0,0,0
JPB:bin_000098,0,0,0,0,0,0.881,0,0,0,0,0,0,0,0,0,0,0,0,0,0,0,0,0,0
JPB:bin_000099,4.787,18.628,9.21,3.802,4.085,0,10.327,8.373,9.245,8.867,0,4.503,5.787,4.523,7.591,2.161,3.387,5.633,5.705,4.51,11.528,3.887,6.642,4.261
JPB:bin_000100,0,0,0,0,0,1.02,0,0.807,0,0,0,0,0,0,0,0,0,0,0,0,0,0,0,0
JPB:bin_000101,0,0,0,0,1.542,0,0,0,0,0,0,0,0,0,0,0,0,0,0,0,0,0,0,0
JPB:bin_000103,0,0,0,0,0,0,0,0.711,0,0,0,0,0,0,0,0,0,0,0,0,0,0,5.412,0
JPB:bin_000105,0,0,0,0,0,0,0,0,0,0,0,0,0,0,0,0,0,0,0,0,0,0,0,0
JPB:bin_000106,3.389,13.302,7.545,4.723,3.702,7.998,9.424,18.608,2.29,4.099,5.233,3.56,6.253,9.289,7.18,4.57,5.446,1.684,0.778,6.66,3.26,8.109,0,4.466
JPB:bin_000107,0,0,0,0,0,0,0,0,0,0,0,0,0,0,0,0,0,0,0,0,0,0,0,0
JPB:bin_000108,0,1.016,0,0,0,0,1.769,1.135,0,0,0,0,0,0,0,0,0,0,0,0,0.974,0,1.221,0
JPB:bin_000109,1.129,0,0,0.917,1.052,1.389,0,1.08,0,0,0,0,0.877,0,3.204,2.245,0,0,0,1.175,0,0,0,0.754
JPB:bin_000110,0,0,0,0,0,0,0,0,0,0,0,0,0,0,0,0,0,0,0,0,0,0,0,0
JPB:bin_000111,1.174,0,0,0,0.658,2.373,0.746,1.347,0,0,0.728,0,0.58,0,1.137,2.298,0.934,0,0,1.207,0.618,0,0.617,0.667
JPB:bin_000112,0,0,0,0,0,0,0,0,0,0,0,0,0,0,0,0,0,0,0,0,0,0,0,0
JPB:bin_000113,6.413,2.388,1.159,3.457,17.064,5.074,1.902,3.074,1.607,8.601,3.326,3.596,5.85,2.126,2.262,1.607,5.167,3.306,3.03,13.187,3.82,3.033,0,5.175
JPB:bin_000114,1.104,1.244,0,1.102,0,7.82,7.589,0.888,0,0,0,0,0,0.608,6.378,7.898,1.858,0,0,10.183,3.573,1.322,1.061,0
JPB:bin_000115,0,0,0,0,0,0,0,0,0,0,0.708,0,0,0,0,0,0,0,0,0,0,0,0,0
JPB:bin_000116,0,0,0,1.578,0,3.855,4.252,0,0,0,4.736,0,1.081,0,0,0.805,0,0,0,0,1.427,0,8.87,0
JPB:bin_000117,0,0,0,0,0,0,0,0.745,0,0,1.107,0,0,0,0,0,0,0,0,0,0.764,0,0,0
JPB:bin_000118,0,0,0,1.213,0,0,0,0.953,0,0,0,0,0,0,0,2.536,0,0,0,0,0.678,0.602,0.925,0
JPB:bin_000119,0,0,0,0,0,0,0,0,0,0,0,0,0,0,0,0,0,0,0,0,0,0,3.146,0
JPB:bin_000120,0,0,0,0,0,0,0,0,0,0,0,0,0,0,0,0,0,0,0,0,0,0,0,0
JPB:bin_000121,0.772,0,0,0,1.823,0.901,0,0,0.737,0,0,0,0,0,0,0,0,0,0,0,0,0,0,0
JPB:bin_000122,0,0,0,0,0,2.197,2.339,0,0,0,1.311,0,0,0,1.673,0,0,0,0,0,0,0,1.535,0
JPB:bin_000123,0,0,0,0,0,0,0,0.805,0,0,0,0,0,0,0,0,0,0,0,0.896,0,0,0,0
JPB:bin_000124,0,0,0,0,0,0,0,0,0,0,0,0,0,0,0,0,0,0,0,0,0,0,0,0
JPB:bin_000125,0,1.696,0.879,0.773,0,1.049,1.548,2.045,0,0.662,0.854,0,0,0,0,0,0,0,0,0,0.911,0,1.513,0
JPB:bin_000126,0,0.707,0,0,0,1.53,1.038,1.128,0,0,0,0,0,0.641,0.84,1.382,0,0,0,0,0.688,0,5.415,0
JPB:bin_000127,9.256,8.208,8.223,6.677,12.534,4.602,4.573,7.318,7.59,10.766,7.147,16.02,5.76,6.978,13.78,5.275,9.368,12.073,8.683,9.476,16.405,6.132,0,7.087
JPB:bin_000128,0,0,0,0,0,0,0,0,0,0,0,0,0,0,0,0,0,0,0,0,0,0,0,0
JPB:bin_000130,0,0,0,0,0,1.278,1.263,1.905,0,0,1.083,0,0,0,1.758,0,0,0,0,0,0,0,0,0
JPB:bin_000132,2.631,0,0,0,17.147,0,0,0,0,0,0,0,0,0,1.912,0,2.181,1.432,8.064,1.135,0,0,0,2.562
JPB:bin_000133,0,0.75,0,0,0,1.106,1.281,1.057,0,0,0.886,0,0.687,0,0,0,0,0,0,0,1.635,0,17.951,0
JPB:bin_000134,0,0,0,0,0,0,0.763,2.175,0,0,0,0,0,0,0,0,0,0,0,0,0,0,0,0
JPB:bin_000135,0,0,2.595,3.182,0,2.025,2.32,2.335,0,0,2.728,0,0,0,1.739,6.381,0,0,0,1.333,3.472,2.885,4.987,0
JPB:bin_000137,0,0,0,0,0,0,1.069,7.254,0,0,0,0,0,0,0,0,0,0,0,0,0,0,0,0
JPB:bin_000138,0,0,0,0,0,0,0,0,0,0,0,0,0,0,0,0,0,0,0,0,0,0,0,0
JPB:bin_000139,38.531,146.618,79.348,5.252,39.054,4.548,62.301,17.33,103.564,12.019,6.001,23.593,44.902,28.922,8.111,34.613,32.034,64.55,16.152,52.05,36.823,145.43,20.214,119.043
JPB:bin_000140,0,0,0,0,0,0,0,0,0,0,0,0,0,0,0,0,0,0,0,0,0,0,0,0
JPB:bin_000142,0,0,0,0,0,0,0,3.089,0,0,0,0,0,0,0,0,0,0,0,0,0,0,5.935,0
JPB:bin_000144,5.459,10.955,8.8,3.342,5.844,5.335,5.001,5.691,8.589,8.877,4.914,5.637,3.563,2.783,8.019,0,8.862,6.527,6.718,5.983,9.312,2.94,1.764,6.562
JPB:bin_000146,18.465,3.134,13.34,6.529,9.714,23.564,6.626,2.28,6.494,2.098,2.91,17.421,8.477,8.238,17.807,16.253,6.572,17.663,3.908,10.237,2.779,8.819,1.818,10.54
JPB:bin_000147,0,1.515,0,0,0,0,0,0,0,0,0,0,0,0,0,0,0,0,0,0,0,0.885,0,0
JPB:bin_000148,1.818,1.76,1.606,1.961,0,2.187,4.795,3.287,0,0,6.454,0,2.226,0.885,0,4.217,1.088,0,0,0,13.485,2.174,9.855,0
JPB:bin_000149,0.575,0,1.029,0,0,0,2.086,0,2.147,1.035,0,0,0,0.583,0,0,3.472,1.053,0,0.901,0,0.703,0,0
JPB:bin_000150,7.953,9.765,14.324,1.675,6.657,0,12.299,3.846,9.937,2.591,2.018,4.848,9.502,5.655,2.168,9.366,6.687,1.755,3.191,9.198,8.22,23.325,4.586,6.455
JPB:bin_000151,0,0,0,0,0,0.798,0,0.866,0,0,0,0,0,0,0,0,0,0,0,0,0,0,1.583,0
JPB:bin_000152,0,0,0,0,0,0,0,0,0,0,0,0,0,0,0,0,0,0,0,0,0,0,0,0
JPB:bin_000153,4.297,4.444,4.187,3.737,5.546,2.731,4.445,3.122,3.233,5.727,2.752,2.911,0,4.742,4.213,2.214,7.504,4.626,3.26,7.078,0,3.355,0,3.63
JPB:bin_000155,0,0,0,0,0,0,2.231,1.213,0,0,0,0,0,0,0,0,0,0,0,0,1.12,0,7.037,0
JPB:bin_000156,1.734,3.206,1.927,5.776,0,7.387,7.556,5.273,0,0.805,2.954,0,2.699,2.441,3.222,6.296,1.592,0,0,1.598,5.037,2.837,5.165,0
JPB:bin_000157,0,0,0,0,0,0,0,0,0,0,1.206,0,0,0,0.903,0,0,0,0,0,0,0,0,0
JPB:bin_000159,0,0,0,0,0,0,0,0,0,0,0,0,0,0,0,0,0,0,0,0,0,0,0,0
JPB:bin_000160,0,0,0,2.619,0,0,0,0,0,0,0,0,1.258,0.789,0.814,4.014,0,0,0,0,0,2.979,0,0
JPB:bin_000162,0,2.503,0.826,3.279,0,1.282,1.358,2.725,0,0,0,0,0,1.522,0.906,0,0,0,0,0,1.522,0.945,2.884,0
JPB:bin_000163,11.101,0,0,4.773,0,10.204,3.068,1.774,0.767,0,9.795,0,0,1.532,10.245,48.923,0,0,0,1.175,10.371,1.243,0,0
JPB:bin_000164,0,0,0,0,0,0,0,0,0,0,0,0,0,0,0,0,0,0,0,0,0,0,0,0
JPB:bin_000165,0.737,0,0,0,0,0,0,0,0,0,0,0,0,0,0,0,0,0,0,0,0,0,0,0
JPB:bin_000166,74.676,41.085,97.228,71.141,67.296,42.065,57.475,33.805,13.667,47.972,94.691,36.517,68.452,79.882,32.804,22.006,39.021,17.215,8.182,161.919,67.226,19.499,2.32,50.917
JPB:bin_000167,0,0,0,0,0,0,0,1.078,0,0,0,0,0,0,0,0,0,0,0,0,1.533,0,9.68,0
JPB:bin_000169,0,0,0,0,0,0,5.562,1.701,0,0,0,0,0,0,0,0,0,0,0,0,0,0,6.28,0
JPB:bin_000170,0,0,0,0,0,0,0,0,0,0,0,0,0,0,0,0,0,0,0,0,0,0,0,0
JPB:bin_000171,7.619,7.617,3.094,3.841,4.135,5.952,4.205,4.783,4.773,2.768,12.704,3.747,2.85,6.233,5.977,1.605,3.822,0.907,0.871,7.047,8.812,4.825,1.062,2.526
JPB:bin_000172,12.395,14.348,23.692,10.8,3.007,21.636,27.708,14.07,11.445,11.9,25.061,7.365,30.056,9.441,8.879,16.589,15.416,7.994,0,1.06,11.988,15.782,5.805,0
JPB:bin_000173,49.273,23.72,27.437,6.156,78.392,39.902,17.848,27.753,27.035,50.274,57.161,60.571,12.329,14.165,64.923,4.756,41.964,87.045,51.624,54.279,16.248,10.764,3.595,101.833
JPB:bin_000174,0,0,0,0,0,0,0,0,0,0,0,0,0,0,0,0,0,0,0,0,0,0,0,0
JPB:bin_000175,0,0,0,0,0,0,1.005,1.588,0,0,0,0,0,0,0,0,0,0,0,0,0,0,2.113,0
JPB:bin_000176,13.209,16.633,21.508,3.739,10.851,3.344,18.385,7.003,15.281,4.732,5.561,7.388,16.173,10.379,3.699,16.109,11.63,3.681,5.951,14.029,14.348,33.572,7.228,10.117
JPB:bin_000177,0,0,0,0,0,0,0,0,0,0,0,0,0,0,0,0,0,0,0,0,0,0,0,0
JPB:bin_000178,2.189,3.248,5.494,1.815,5.761,2.121,3.545,7.025,3.518,2.206,3.178,3.397,1.475,1.096,2.399,2.801,1.832,2.762,3.716,2.896,3.021,1.853,0,1.232
JPB:bin_000180,0,0,0,0,0,1.226,0.953,0,0,0,0,0,0,0,0,0,0,0,0,0,0,0,6.609,0
JPB:bin_000184,7.153,17.72,32.14,27.496,0.64,10.575,20.193,11.09,2.362,2.251,29.111,3.152,24.268,7.398,5.618,12.771,11.565,1.139,0,1.399,20.871,15.777,18.91,0
JPB:bin_000185,0,0,0,0,0,0,0,0,0,0,0,0,0,0,0,0,0,0,0,0,0,0,0,0
JPB:bin_000186,0,0.726,0,0,0,0,1.315,0,0,0,0,0,0,0,0,0,0,0,0,0,0,0,0,0
JPB:bin_000187,3.688,4.283,0,1.501,2.563,7.888,0,1.374,1.137,1.385,0,0,3.444,0,0,0,2.094,1.138,0,1.753,1.42,0,3.158,0
JPB:bin_000188,2.465,1.881,6.632,1.71,3.058,3.435,3.552,1.775,2.253,1.381,3.071,1.603,1.768,2.475,5.314,2.749,2.43,2.026,0,1.506,1.525,1.912,2.178,1.849
JPB:bin_000189,27.788,4.083,6.386,2.974,34.339,13.457,3.292,6.213,2.092,7.083,21.094,5.943,3.711,1.945,29.187,2.741,5.809,5.787,7.653,19.338,0,2.708,0,8.562
JPB:bin_000190,1.084,0,0,1.074,0.636,2.273,0.878,1.751,0,0,0.766,0,0,0.817,2.925,0,0,0,0,0.914,0,0,0,0
JPB:bin_000192,0,0,0,0,0,0,0,0,0,0,0,0,0,0,0,0,0,0,0,0,0,0,4.234,0
JPB:bin_000193,0,0,0,0,0,0,0,4.46,0,0,0,0,4.666,0,0,11.457,0,0,0,0,0,0,0,0
JPB:bin_000194,0,0,0,0,0,0,0.909,0,0,0,0,0,3.413,0,0,0,0,0,0,0,1.788,0,1.65,0
JPB:bin_000195,1.951,1.839,1.49,1.577,1.685,1.169,3.17,0,8.298,0,0.849,5.839,5.368,0.957,8.321,3.904,0,2.983,2.231,1.332,0,5.417,0,2.136
JPB:bin_000196,0,0,0,0.86,0,2.14,1.024,0.86,0,0,0,0,0,0,0,2.534,0,0,0,0,0,0,0,0
JPB:bin_000197,0,0.605,0,1.04,0,0,0.664,0.576,0,0,0,0,0,0,0,0,0,0,0,0,0,0,0,0
JPB:bin_000198,88.47,134.089,178.964,153.861,7.929,143.173,138.583,139.976,46.551,39.247,184.278,89.04,189.072,116.129,146.822,49.717,175.901,34.234,0,120.724,281.622,3.001,37.825,1.744
JPB:bin_000199,1.713,1.403,1.723,1.752,0,2.233,4.814,7.67,0,0,3.546,0,2.694,1.322,0,2.988,0,0,0,0,12.459,1.877,12.503,0
JPB:bin_000200,3.925,2.025,0,0,0,6.883,1.648,4.964,0,0,1.383,0,0,0,3.841,3.562,0,0,0,0,2.385,2.203,0,0
JPB:bin_000201,0,0,0,0,0,0,0,0,0,0,0,0,0,0,0,0,0,0,0,0,0,0,0,0
JPB:bin_000202,0,0,0,0,0,0,0,0,0,0,0,2.265,0,0,0,0,0,0,0,1.768,0,0,0,0
JPB:bin_000203,1.988,2.918,2.379,6.652,0,0,4.068,10.377,0,0,4.772,0,10.593,4.086,0,5.526,2.697,0,0,0,51.343,32.094,40.315,0
JPB:bin_000204,158.175,98.713,199.431,31.695,170.865,58.435,44.508,75.27,163.901,115.838,61.205,115.854,53.043,41.282,73.411,156.897,258.582,251.707,855.86,98.999,86.919,48.149,26.4,77.238
JPB:bin_000205,0,0,0,0,0,0,0.827,0.613,0,0,0,0,0,0,0,0,0,0,0,0,2.412,0,1.953,0
JPB:bin_000206,0,0,1.633,0.754,0,0,1.131,0,0,0,1.519,0,0,0,0,0.776,0,0,0,0,0,0,0,0
JPB:bin_000207,6.4,4.928,6.005,3.064,5.197,8.077,9.983,3.603,4.892,7.921,4.759,8.918,4.462,6.133,8.306,0,0,5.566,0,7.24,0,3.637,0,5.97
JPB:bin_000208,0,0,0,3.505,0,6.001,0,4.432,0,0,0,0,0,0,0,0,0,0,0,0,0,0,2.08,0
JPB:bin_000209,0,1.157,0,1.56,0,1.773,1.915,0,0,0,1.622,0,1.877,1.035,1.2,1.219,0,0,0,0,1.894,0.918,1.805,0
JPB:bin_000210,0,0,0,0,0,0,0.771,0,0,0,0,0,0,0,0,0,0,0,0,0,0,0,0,0
JPB:bin_000211,11.868,13.962,15.818,10.92,38.856,11.617,8.18,9.547,25.826,25.366,14.032,30.221,11.404,9.97,18.779,9.019,14.384,24.47,24.18,20.047,22.991,15.662,0,12.924
JPB:bin_000212,0,0,0,0,0,0,0,0,0,0,0,0,0,0,0,0,0,0,0,0,0,0,0,0
JPB:bin_000213,0,0,0,11.622,0,11.553,6.83,4.649,0,0,10.162,0,16.2,6.278,0,15.233,0,0,0,0,11.436,9.247,6.745,0
JPB:bin_000214,0,0.862,0,0,0,0.615,1.143,0,0,0,0.83,0,0,0,0,0,0,0,0,0,0,0,0,0
JPB:bin_000215,0,0,0,0,0,0,0.978,0,0,0,0,0,0,0,0.673,0,0,0,0,0,0,0,0,0
JPB:bin_000217,0,0,0,0,0,0,0,0,0,0,6.686,0,0,0,0,0,0,0,0,0,0,0,1.447,0
JPB:bin_000218,0,0.691,0,1.361,0,1.54,1.015,1.748,0,0,0.77,0,0.691,0,0,0.748,0,0,0,0,0.69,0,3.135,0
JPB:bin_000219,10.947,0,4.298,10.791,15.135,3.482,0,0,5.893,6.081,4.011,8.317,6.369,4.747,5.171,33.084,8.541,0,9.903,4.857,0,4.371,0,5.176
JPB:bin_000220,0,0,0,0,0,0,0,0,0,0,0,0,0,0,0,0,0,0,0,0,5.455,4.083,0,0
JPB:bin_000221,2.499,17.558,15.972,3.458,4.283,14.329,4.562,14.356,3.134,1.475,6.061,6.253,8.299,2.734,4.416,39.1,8.648,0,0,3.003,9.369,2.73,14.615,9.559
JPB:bin_000222,0,1.211,2.798,2.734,0.746,3.065,7.958,2.414,5.414,2.107,0,0,0,8.371,14.572,0,0,4.422,1.142,0,2.008,2.329,0,0.886
JPB:bin_000223,0,0,0,0,0,0,0,0,0,0,0,0,0,0,0,0,0,0,0,0,0,0,0,0
JPB:bin_000224,0,0,0,0,0,0,0,0,0,0,0,0,0,0,0,0,0,0,0,0,0,0,0,0
JPB:bin_000225,0,0,0,0,0,0,0,0,0,0,0,0,0,0,0,0,0,0,0,0,0,0,0,0
JPB:bin_000226,0,0,0,0,0,0,0,0,0,0,0,0,0,0,0,0,0,0,0,0,0,0,0,0
JPB:bin_000227,0,0,0,0,0,0,0,0,0,0,0,0,0,0,0,0,0,0,0,0,0,0,0,0
JPB:bin_000228,0,0,0,0,0,0,0,0,0,0,0,0,0,0,0,0,0,0,0,0,0,0,0,0
JPB:bin_000229,0,0,0,0,0,0,0,0,0,0,0,0,0,0,0,0,0,0,0,0,0,0,0,0
JPB:bin_000230,0,0,0,0,0,2.302,0,0,0,0,0.643,0,0,0,0,2.25,0,0,0,0,0,0,0,0
JPB:bin_000231,6.192,1.618,1.355,0,0,5.533,1.816,2.355,0,0,3.116,0,0,3.026,0,0,0,0,0,1.032,1.089,0,0,0
JPB:bin_000232,0,0,0,0,0,0,0,0,0,0,0,0,0.636,0,0,0,0,0,0,0,0,0,0,0
JPB:bin_000233,0,0,0.691,1.389,0,1.983,0.688,1.792,0,0,0,0,1.528,0,1.801,0,0,0,0,0,0,0.621,0,0
JPB:bin_000234,0,0,0,0,0,0,0,0,0,0,0,0,0,0,0,0,0,0,0,0,0,0,0,0
JPB:bin_000236,0,0,0,0,0,0,0,0,0,0,0,0,0,0,0,0,0,0,0,0,0,0,0,0
JPB:bin_000237,0,0,0,0,0,2.933,0,0,0,0,0,0,0,0,0,0,0,0,2.814,0,0,0,0,0
JPB:bin_000238,0.827,0.965,2.602,0,0.633,0,0,1.746,0,0,0,4.501,0,0,3.257,0,3.54,0,0.63,5.266,0,0,0,3.102
JPB:bin_000239,0,0,0,0,0,0,0,0,0,0,0,0,0,0,0,0,0,0,0,0,0,0,0,0
JPB:bin_000240,1.623,0,0,0.607,0.782,0,0,0,0,1.648,2.283,0,0,0,0,0,0,0,0,0,0,0,0,0
JPB:bin_000241,0,0,0,0,0,0,0,0,0,0,0,0,0,0,0,0,0,0,0,0,0,0,1.901,0
JPB:bin_000242,0.749,1.804,2.189,0.759,0,0.976,0,1.041,0.967,0,1.666,0.987,1.145,0,3.544,2.463,0,0,0,0,0.643,0,0,0
JPB:bin_000243,0,0,0,0,0,0,0,0,0,0,0,0,0,0,0,0,0,0,0,0,0,0,0,0
JPB:bin_000244,0,1.225,0,0,0,0,1.458,1.749,0,0,0,0,0,0.927,0,0,0,0,0,0,0,0,1.009,0
JPB:bin_000245,0,0,0,0,0,0.716,0,0,0,0,0.961,0,0,0,1.387,0,0,0,0,0,0,0,0,0
JPB:bin_000246,0,0,0,0,3.022,0,0,1.975,0,2.912,0,0,0,1.456,3.337,0,0,0,0,0,0,0,0,0
JPB:bin_000247,0,0,0,0,0,0,0,0,0,0,0,0,0,0,0,0,0,0,0,0,0,0,0,0
JPB:bin_000248,0,0,0,2.054,0,0.768,0,0,0,0,0,0,0,0,0,0,0,0,0,0,0,0,0,0
JPB:bin_000249,0,0,0,0,0,0,0,0,0,0,0,0,0,0,0,0,0,0,0,0,0,0,0,0
JPB:bin_000250,1.172,0,0,0,0,0,0,0,0,1.058,0,0,0,0,0,0.808,0,0,0,1.483,0,0,0,0
JPB:bin_000251,0,0,0,0,0,1.144,0,0,0,0,0,0,0,0,0,0,0,0,0,0,0,0,0,0
JPB:bin_000252,2.997,0,0,0,0,0.993,0,0,0,6.809,0,0,1.289,0,0.878,10.004,0,0,0,2.836,0.931,0,0,0
JPB:bin_000253,0,0,0,0,0,0,0,0,0,0,0,0,0,0,0,0,0,0,0,0,0,0,0,0
JPB:bin_000254,0,0,0,0,0,0,0,0,0,0,0,0,0,0,0,0,0,0,0,0,0,0,0.89,0
JPB:bin_000255,0,0,0,0,0,0,0,0,0,0,0,0,0,0,0,0,0,0,0,0,0,0,0,0
JPB:bin_000256,3.365,2.692,1.405,0.767,1.278,0,1.837,1.766,3.896,5.482,8.994,4.085,0.588,1.482,2.497,0,4.35,0.964,0,2.08,4.746,1.539,0,3.534
JPB:bin_000257,0,0,0,0,0,0,0,0,0,0,0,0,0,0,0,0,0,0,0,0,0,0,0,0
JPB:bin_000258,0,0,0,0,0,0,0,0,0,0,0,0,0,0,0,0,0,0,0,0,0,0,0,0
JPB:bin_000259,0,0,0,0,0,0,0,0,0,0,0,0,0,0,0,0,0,0,0,0,0,0,0,0
JPB:bin_000260,0,0,0,0,0,0.964,0,0,0,0,0,0,0,0,0.69,0,0,0,0,0,0,0,0,0
JPB:bin_000262,0,0,0,0,0,2.383,0,0,0,0,0,0,0,0,0,0,0,0,0,0,0,0,0,0
JPB:bin_000263,0,0,0,0,0,0,0,0,0,0,0,0,0,0,0,0,0,0,0,0,0,0,0,0
JPB:bin_000264,0,0,0,0,0,0,0,0,0,0,0,0,0,0,0,0,0,0,0,0,0,0,0,0
JPB:bin_000265,1.16,0,0,0,0,0,0,0,0,2.429,0,0,0,0,0,0,2.723,0.743,0,0,6.092,0,0,1.583
JPB:bin_000266,0,0,0,0,0,0,0,0.766,0,0,0,0,0,0,0,0,0,0,0,0,0,0,0,0
JPB:bin_000267,0,0,0,0,0,0,0,0.763,0,0,0,0,0,0,0,0,0,0,0,0,0,0,0,0
JPB:bin_000268,0,0,0,0.831,0,1.303,0,0,0,0,0.656,0,1.341,0,0.842,0,0,0,0,0,0,0,0,0
JPB:bin_000269,0,0,0,0,0,0,0,0.659,0,0,0,0,0,0,0,0,0,0,0,0,0,0,1.308,0
JPB:bin_000270,1.068,0.763,1.07,0,1.161,1.551,0,1.755,0,0.767,0,0,0.677,0,0.873,3.263,1.557,0,0,1.161,0,0,0,0
JPB:bin_000271,0,0,0,0,0,0,0,0,0,0,0,0,0,0,0,0,0,0,0,0,0,0,0,0
JPB:bin_000272,10.013,1.523,9.676,5.41,6.002,15.643,2.765,8.607,4.298,1.163,3.37,3.96,8.993,2.5,10.878,6.308,0,5.914,0.622,8.56,5.523,10.019,0,3.701
JPB:bin_000273,0,0,0,0,0,2.04,0,0,0,0,0,0,0,0,0,0,0,0,0,0,0,0,0,0
JPB:bin_000274,0,0,0,0,0,0,0,0,0,0,0,0,0,0,0,0,0,0,0,0,0,0,0,0
JPB:bin_000275,0.682,0,0,0,0,0,0,0,0,0,0,0,1.337,0,0,0,0,0,0,0,0,0,0,0
JPB:bin_000276,0,0,0,0,0,0.613,0,0,0,0,0,0,0,0,0,0,0,0,0,0,0,0,0,0
JPB:bin_000277,0,0,0,0,0,0,0,0,0,0,0,0,0,0,0,0,0,0,0,0,0,0,0,0
JPB:bin_000278,0,0,0,0,0,0,0,0,0,0,0,0,0,0,0,0,0,0,0,0,0,0,0.752,0
JPB:bin_000279,0,0,0.802,1.853,0.851,0,0,0,0,0,0,0,3.808,1.645,7.121,0,0,1.279,1.344,0,0,0,0,0.951
JPB:bin_000280,0,0,0,0,0,0,0,0,0,0,0,0,0,0,0,0,0,0,0,0,0,0,0,0
JPB:bin_000281,5.972,8.169,3.736,4.507,2.154,3.944,4.472,5.464,4.753,6.113,28.188,3.158,8.262,2.788,3.501,4.802,11.433,5.385,1.939,5.443,1.752,2.748,1.075,8.751
JPB:bin_000282,2.402,4.612,2.159,1.673,1.64,2.028,1.855,2.778,2.979,3.357,2.213,1.699,1.422,1.541,1.726,4.906,3.177,1.217,0,2.756,2.942,2.52,0,2.335
JPB:bin_000283,1.184,3.973,2.479,2.733,4.95,1.57,2.597,3.161,2.789,6.874,0,3.565,1.272,1.894,0,3.416,3.026,2.533,1.606,1.807,9.917,0.844,0,3.892
JPB:bin_000285,4.596,6.889,5.565,4.69,1.054,9.391,1.404,5.922,9.525,19.729,1.357,2.332,8.887,4.147,10.942,19.752,3.961,0.787,2.503,6.045,5.69,4.029,5.086,20.992
JPB:bin_000286,0,0,0,0.965,0,0,0,0,0,0,0,0,0,0,0,0,0,0,0,0,0,0,0,0
JPB:bin_000287,0,0,0,0,0,0,0,0,0,0,0,0,0,0,0,0,0,0,0,0,0,0,0,0
JPB:bin_000288,0,0,0,0,0,0,0,0,0,0,0,0,0,0,0,0,0,0,0,0,0,0,0,0
JPB:bin_000289,1.744,0,1.338,0,1.55,3.36,0.641,1.008,1.526,4.064,5.703,2.08,0.895,1.427,5.38,1.694,2.271,0.729,0,2.269,0,1.38,0,2.697
JPB:bin_000290,0,0,0,0,0,0,0,0,0,0,0,0,0,0,0,0,0,0,0,0,0,0,0,0
JPB:bin_000291,0,0,0,0,0,0,0,0,0,0,0,0,0,0,0,0,0,0,0,0,0,0,0,0
JPB:bin_000292,0,0,0,0,0,0,0,0,0,0,0,0,0,0,0.727,0,0,0,0,0,0,0,0,2.919
JPB:bin_000294,1.733,6.822,2.318,0,1.678,4.369,0,0,0,3.69,11.361,9.87,3.875,0.807,4.067,0,4.671,1.105,1,2.981,14.137,0.985,1.488,0
JPB:bin_000295,0,1.981,0,0,0,0,1.573,0,3.996,0,0,0,0,1.949,0,1.191,0,0,0,0,2.888,0,0,2.155
JPB:bin_000296,0,0,0,0,0,2.115,0,1.105,0,0,0,0,0,2.57,0.91,0,0,0.749,18.212,0,0,0,6.959,0
JPB:bin_000297,0,0,0,0,0,0,0,0,0,0,0,0,0,0,0,0,0,0,0,0,0,0,0,0
JPB:bin_000298,0,0,0,0,0,0,0,0,0,0,0,0,0,0,0,0,0,0,0,0,0,0,0,0
JPB:bin_000300,0,0,0,0,0,1.046,0,0,0,0,0,0,0,0,0,0,0,0,0,0,0,0,0,0
JPB:bin_000301,0,0,0,7.554,0,0,5.659,0,0,0,0,0,9.845,5.875,0,11.44,0,0,0,0,14.778,7.462,6.764,0
JPB:bin_000302,0,0,0,0,0,0,0,0,0,0,0,0,0,0,0,0,0,0,0,0,0,0,0,0
JPB:bin_000303,0,0,0,0,0,0,0,0,0,0,0,0,0,0,0,0,0,0,0,0,0,0,0,0
JPB:bin_000304,6.78,3.884,6.373,4.235,205.714,54.355,0,0,126.583,0,73.388,58.128,6.091,0,60.379,0,0,19.252,0,32.93,0,9.38,0,10.858
JPB:bin_000306,0,0,0,0,0,0,0,0,0,0,0,0,0,0,0,0,0,0,0,0,0,0,0,0
JPB:bin_000307,0.814,1.512,1.434,0,1.395,1.242,1.099,0,0.72,1.601,3.046,2.129,0.864,1.083,1.682,0,0.938,2.186,1.932,1.29,1.735,0.91,0,1.392
JPB:bin_000309,0,0,1.265,0.997,3.612,0,0.615,0,2.105,1.421,0,2.898,1.273,0,1.505,1.156,0,2.464,2.748,1.538,0.68,0,0,1.729
JPB:bin_000310,0,0,0,0,0,0,0,0,0,0,0,0,0,0,0,0,0,0,0,0,0,0,0,0
JPB:bin_000311,1.993,1.289,3.223,0,3.673,1.934,1.019,0.969,1.395,1.834,1.351,1.335,0,0.894,3.42,0,1.806,1.788,1.044,1.2,0,0,0,1.636
JPB:bin_000312,0,0,0,0,0,0,0,0,0,0,0,0,0,0,0,0,0,0,0,0,0,0,0,0
JPB:bin_000314,0,0.902,0,1.382,0,0.876,0.837,0,0,0.774,0,0,0,0,0,0,0,0,0,0,0,1.039,0,0
JPB:bin_000315,0,4.613,1.508,1.507,0,1.204,2.39,1.542,0,0,1.368,0,0.904,0,0,0,0,0,0,0,3.031,0,0,0
JPB:bin_000316,15.689,21.21,34.19,14.33,22.365,24.179,16.925,37.517,21.848,36.129,52.895,62.451,19.528,14.185,12.696,63.154,32.061,37.492,35.036,31.821,40.72,10.248,0,15.316
JPB:bin_000317,3.782,1.897,1.484,1.656,1.986,3.231,0.953,0.81,0.914,2.958,3.088,2.927,1.561,1.05,2.707,1.853,6.037,1.865,1.55,3.186,1.034,0.976,1.597,1.046
JPB:bin_000319,0,0,0,0,0,0,0.558,0,0,0,0,0,0,0,0,0,0,0,0,0,3.206,0,0,0
JPB:bin_000320,0,0,0.94,0,0,2.878,0,0,0,0.951,1.633,0,0.907,0,0,0,0,0,0,0,0,0,0,0
JPB:bin_000321,0,1.299,0,2.453,0,1.699,1.376,0,0.816,0,0,0,0,1.261,0,1.392,0,0,0,0,0,0,0,0
JPB:bin_000322,0,0,0,0,0,0,0,0,0,0,0,0,0,0,0,0,0,0,0,0,0,0,0,0
JPB:bin_000323,0,0,0,0,0,0,0,0,0,0,0,0,0,0,0,0,0,0,0,0,0,0,0,0
JPB:bin_000324,0,0,0,0,0,0,0,0,0,0,0,0,0,0,0,0,0,0,0,0,0,0,0,0
JPB:bin_000325,0,0,0,0,0,0,0,0,0,0,0,0,0,0,0,0,0,0,0,0,0,0,0,0
JPB:bin_000328,0.944,1.873,0,1.091,0,1.428,0,1.008,1.441,0,3.302,0,0.85,0,0,1.806,0,0,0,0,2.529,0,0,0
JPB:bin_000330,0,0,0,0,0,0.683,0,0,0,0,1.081,0,0,0,2.483,0,0,0,0,0,0,0,0,0
JPB:bin_000334,0,0,0,0,0,0,0,0,0,0,0,0,0,0,0,0,0,0,0,0,0,0,0,0
JPB:bin_000337,0,0,0,0,0,0,0,0,0,0,0,0,0,0,0,0,0,0,0,0,0,0,1.305,0
JPB:bin_000339,0,0,0,0,0,0,1.27,0.947,0,0,0,0,0,0,0,0,0,0,0,0,0,0,8.654,0
JPB:bin_000340,0,1.148,2.398,0,0,1.271,1.424,0.964,0,0.999,0.996,0,0,0,1.203,1.092,1.531,0,0,0,1.555,1.198,1.487,0
JPB:bin_000341,0,0,0,0,69.702,0,0,0,0,0,0,0,0,0,0,0,0,0,0,0,0,0,0,1.583
JPB:bin_000342,0,1.238,0,0,1.135,0,1.073,0.699,0,0,0,0,0,0,0,0,0,0,0,0,0.637,0,0,0
JPB:bin_000343,0,0,0,0,0,0,0,0,0,0,0,0,0,0,1.091,0,0,0,0,0,0,0,0,0
JPB:bin_000344,1.168,2.235,1.642,1.418,0,2.082,0,2.141,0,0,1.264,0,1.827,0.935,2.024,0,0,0,0,1.311,1.623,1.153,1.72,0
JPB:bin_000345,0,1.359,0,1.346,0,0,3.302,3.143,0,0,0,0,0,0,2.67,3.017,1.891,0,0,1.104,0,0,0,0
JPB:bin_000346,0,0,0,0,0,0,0,0,0,0,0,0,0,0,0,0,0,0,0,0,0,0,0,0
JPB:bin_000347,0,0,0,0,0,0,0,0,0,0,0,0,0,0,0,0,0,0,0,0,0,0,0,0
JPB:bin_000348,0,0,0,0,0,0,0,0,0,0,0,0,0,0,0,0,0,0,0,0,0,0,0,0
JPB:bin_000349,1.39,7.188,0,1.249,4.767,1.053,0.66,1.516,0,0,1.948,0,0.995,0,2.854,0.728,0,0,0,1.62,1.527,1.546,0,0
JPB:bin_000350,0,0,0,0,0,0,0,0,0,0,0,0,0,0,0,0,0,0,0,0,0,0,2.167,0
JPB:bin_000352,1.252,1.484,0,3.077,0,1.651,2.262,1.612,0,0.929,1.941,0,2.059,0,1.59,2.601,1.938,0,0,1.149,3.461,1.128,3.084,0
JPB:bin_000353,0,0,0,0,0,0,0,0,0,0,0,0,0,0,0,0,0,0,0,0,0,0,0,0
JPB:bin_000354,0,0,0,0.89,0,1.29,0,0,0,0.59,0,0,0,0,0,0,2.664,0,0,0,1.126,0,0,0
JPB:bin_000356,0,0,0,0,0,0,0,0,0,0,0,0,0,0,0,0,0,0,0,0,0,0,0,0
JPB:bin_000357,0,0,0,0,0,0,1.164,0.913,0,0,0,0,0,0,0,0,0,0,0,0,1.409,0,4.218,0
JPB:bin_000358,0,0,0,0,0,0,0,0,0,0,0,0,0,0,0,0.948,0,0,0,0.92,0,0,0,0
JPB:bin_000359,0,0,0,0,0,0,0,0,0,0,0,0,0,0,0,0,0,0,0,0,0,0,0,0
JPB:bin_000362,0,0,0,0,0,0,0,0,0,0,0,0,0,0,0,0,0,0,0,0,0,0,0,0
JPB:bin_000364,0.879,0,0,0,0,1.573,1.001,1.042,0,0,1.277,0,0,0.783,1.245,0,0,0,0,1.206,0,0,0,0
JPB:bin_000366,0,0,0,0,0,0,0,0,0,0,0,0,0,0,0,0,0,0,0,0,0,0,1.299,0
JPB:bin_000367,0,0,0,0,0,0,0,0,0,0,0,0,0,0,0,0,0,0,0,0,0,0,0,0
JPB:bin_000368,0,0,0,0,0,1.13,0,0.751,0,0,0,0,0,0,0,0.697,0,0,0,0,0.967,0,1.321,0
JPB:bin_000369,0,0,0,0,0,0,0,0,0,0,0,0,0,0,0,0,0,0,0,0,0,0,0,0
JPB:bin_000370,0,0,0,0,0,0,0,0,0,0,0,0,0,0,0,0,0,0,0,0,0,0,0,0
JPB:bin_000372,0,0,0,1.31,4.365,1.318,0,0,2.107,1.328,0,0,0,2.291,0,0,1.489,1.85,4.846,1.884,0,1.184,0,0
JPB:bin_000373,0,0,0,0,0.939,0,0,0,0,0,0,0,0,0,1.238,0,0,0,0,0,0,0,0,0
JPB:bin_000376,0,0,0,2.067,0,0,0,0,0,0,0,0,0,0,0,0,0,0,0,0,2.906,0,3.178,0
JPB:bin_000377,0,0,0,0,0,0,0,0,0,0,0,0,0,0,0,0,0,0,0,0,0,0,0,0
JPB:bin_000378,0,0,0,0,0,0,0,0,0,0,0,0,0,0,0,0,0,0,0,0,0,0,0,0
JPB:bin_000379,0,0,0,0,0,0,0,0,0,0,0,0,0,0,0,0,0,0,0,0,0,0,2.49,0
JPB:bin_000380,0,0,0,0,0,0,0,0,0,0,0,0,0,0,0,0,0,0,0,0,0,0,0,0
JPB:bin_000382,0,0,0,0,0,0,0,0,0,0,0,0,0,0,0,0,0,0,0,0,0,0,0,0
JPB:bin_000383,0,1.175,0,2.997,0,0,1.973,0.963,0,0,0,0,0,0,0,0,0,0,0,0,0,0,4.381,0
JPB:bin_000384,0,0,0,0,0,0,0,0,0,0,0,0,0,0,0,0,0,0,0,0,0,0,0,0
JPB:bin_000385,0,0,0,0,0,0,0,0,0,0,0,0,0,0,0,0,0,0,0,0,0,0,0,0
JPB:bin_000386,0,0,0,0,0,0,0,0,0,0,0,0,0,0,0,0,0,0,0,0,0,0,1.447,0
JPB:bin_000387,0,0,0,0,0,0,0,0,0,0,0,0,0,0,0,0,0,0,0,0,0,0,1.119,0
JPB:bin_000390,0,0,0,0,0,0,0,0,0,0,0,0,0,0,0,0,0,0,0,0,0,0,0.742,0
JPB:bin_000392,0,0,0,0,0,0,0,0,0,0,0,0,0,0,0,0,0,0,0,0,0,0,0,0
JPB:bin_000393,0,0,0,0,0,0,0,0,0,0,0,0,0,0,0,0,0,0,0,0.575,0,0,0,0
JPB:bin_000394,0,0,0,0,0,1.098,1.074,1.155,0,0,0.954,0,0,0,0,0.874,0,0,0,0,0,0,4.005,0
JPB:bin_000395,1.014,2.41,4.162,2.129,0,0.617,2.661,2.508,5.33,2.664,1.595,0,0,1.937,0,0,6.822,0,0,0.846,2.909,14.495,7.847,0
JPB:bin_000396,0,0,0,0,0,0,0,0,0,0,0,0,0,2.647,0,0,0,0,0,0,0,4.768,0,0
JPB:bin_000398,0,1.319,0,0,0,4.779,0,0,0,0,2.416,0,0,0,0,0,0,0,0,0,0,0,0,0
JPB:bin_000400,0,0,0,0,0,0,0,0,0,0,0,0,0,0,0,0,0,0,0,0,0,0,0,0
JPB:bin_000402,0,0,0,0,0,0,0,0,0,0,0,0,0,0,0,0,0,0,0,0,0,0,0,0
JPB:bin_000403,0,2.147,0,1.082,0,1.004,7.795,9.317,0,0,2.816,0,4.256,1.355,0,1.538,0,0,0,0,10.913,2.18,23.431,0
JPB:bin_000404,0,0,0,0,0,0,0,0,0,0,0,0,0,0,0,0,0,0,0,0,0,0,0,0
JPB:bin_000406,0,0,0,0,1.447,0,0,0,0,0,0,0,0,0,0,0,0,0,0,0,0,0,0,0
JPB:bin_000407,0,0,0,0,0,0,0,0,0,0,0,0,0,0,0,0,0,0,0,0,0,0,0,0
JPB:bin_000409,0,0,0,0,0,0,0,0,0,0,0,0,0,0,0,0,0,0,0,0,0,0,0,0
JPB:bin_000410,1.007,0,0,0,0,0,0,0,0,0,0,0,0,0,0,0,0,0,0,0,0,0,0,1.16
JPB:bin_000411,0,0,0,0,0,0.753,0,0.877,0,0,0,0,0,0,0,0,0,0,0,0,0,0,0.911,0
JPB:bin_000412,0,0,0,0,0,0,0,1.084,0,0,0,0,0,0,0,0,0,0,0,0,1.131,0,1.577,0
JPB:bin_000413,0,0,0,0,0,0,0,0,0,0,0,0,0,0,0,0,0,0,0,0,0,0,0,0
JPB:bin_000414,0,0,0,0,14.719,3.492,0,0,1.065,1.906,0,4.543,0,0,3.998,0,4.383,7.908,0,46.121,0,0,0,2.566
JPB:bin_000416,1.026,0,0.773,1.153,0.811,2.124,0,6.823,0,0.925,0,0,0.767,0.603,2.022,2.552,1.768,1.142,0,2.054,1.643,0.7,0,0
JPB:bin_000417,0,0,0,0,0,0,0,0,0,0,0,0,0,0,0,0,0,0,0,0,0,0,0,0
JPB:bin_000418,0,0,0,0,0,0,0,0,0,0,0,0,0,0,0,0,0,0,0,0,0,0,0,0
JPB:bin_000420,0,0,0,0,0,0,0,0,0,0,0,0,0,0,1.274,0,0,0,0,0,0,0,0,0
JPB:bin_000421,0,0,0,0,0,0,0,0,0,0,0,0,0,0,0,0,0,0,0,0,0,0,0,0
JPB:bin_000422,1.783,1.826,4.625,0,1.674,1.914,1.721,2.054,1.169,1.583,1.761,1.1,0.875,1.224,2.022,1.348,1.268,0.834,0,1.103,1.672,1.011,0,1.989
JPB:bin_000423,0,0,0,1.659,0,0,1.119,0,0,0,0,0,0,0,0,0,0,0,0,0,0,0,6.976,0
JPB:bin_000424,0,0,0,0,0,0,0,0,0,0,0,0,0,0,0,0,0,0,0,0,0,0,0,0
JPB:bin_000425,3.441,0.968,0.862,1.744,4.414,0,1.098,2.828,2.451,5.338,1.849,1.586,0,0.97,6.736,1.586,2.451,1.933,1.207,4.588,1.666,1.589,0.819,5.247
JPB:bin_000426,0,0,0,0,0,0,0,0,0,0,0,0,0,0,0,0,0,0,0,0,0,0,0,0
JPB:bin_000427,0,0,0,0,0,0,0,0,0,0,0,0,0,0,0,0,0,0,0,0,0,0,0,0
JPB:bin_000429,0,0,0,0,0,0,0,0,0,0,0,0,0,0,0,0,0,0,0,0,0.916,0,2.59,0
JPB:bin_000430,0,0,0,0,0,0,0,0,0,0,0,0,0,0,0,0,0,0,0,0,0,0,0,0
JPB:bin_000431,0,0,0,0,0,0,0,0,0,0,0,0,0,0,0,0,0,0,0,0,0,0,0,0
JPB:bin_000432,9.28,12.685,13.445,11.296,20.201,7.915,7.658,14.415,13.836,16.266,9.891,21.877,6.539,7.025,12.364,6.14,10.581,15.282,21.824,12.096,14.254,9.294,2.871,15.05
JPB:bin_000433,0.971,0.913,1.376,0,1.325,1.093,0,0,0.88,0.999,0,0,0,0,0.914,0,0,0,0,0,0,0,0,1.48
JPB:bin_000434,0,0.875,0,0,0,1.001,0,0.969,0,0,2.023,0,0,0,1.453,1.419,0,0,0,0,0,0,0,0
JPB:bin_000435,0,0,0,0,0,0,0,0,0,0,0,0,0,0,0,0,0,0,0,0,0,0,0,0
JPB:bin_000436,0,0,0,0,0,0,0,0,0,0,0,0,0,0,0,0,0,0,0,0,0,0,0,0
JPB:bin_000437,0,0,0,0,0,0,0,0,0,3.377,0,0,0,0,0,0,0,0,0.781,0,0,0,0,0
JPB:bin_000438,0,0,0,1.237,0,0,1.301,0,0,0,0,0,0,0,0,0,0,0,0,0,0,0,1.349,0
JPB:bin_000439,0.947,0,0,0,0,1.601,0,0,0,0,1.107,0,0,0,1.746,0,0,0,0,0,0,0,0,0
JPB:bin_000440,0,0,0,0,0,0,0,0,0,0,0,0,0,0,0,0,0,0,0,0,0,0,1.329,0
JPB:bin_000441,0,0,0.772,1.511,0,0.646,1.877,0,0,0.688,1.034,0,0.671,0,0.9,0,0,0,0,0,0,0.607,0,0.612
JPB:bin_000442,0,0,0,0,0,0,0,0,0,0,0,0,0,0,0,0,0,0,0,0,0,0,0,0
JPB:bin_000443,0,0,0,0,0,0,0,0,0,0,0,0,0,0,0,0,0,0,0,0,0,0,0,0
JPB:bin_000445,0,0,0,0,0,0,0.771,2.448,0,0,0,0,0,0,0,0,0,0,0,0,0,0,23.361,0
JPB:bin_000448,4.333,0,1.922,0,6.475,0,0,0,0,2.28,0,0,0,0,0,0,0,0,1.216,3.711,0,0,0,4.96
JPB:bin_000449,0,0,0,0,0,0,0,0,0,0,0,0,0,0,0,0,0,0,0,0,0,0,0.857,0
JPB:bin_000450,0,0,0,1.117,0,1.139,0,0,0,0,0.902,0,0,0,0,0,0,0,0,0,0,0,1.672,0
JPB:bin_000452,0,0,0,0,0,0,0,0,0,0,0,0,0,0,0,0,0,0,0,0,0,0,0,0
JPB:bin_000453,0,1.595,0.975,3.932,0,2.523,3.968,4.341,0.835,0,2.887,0,1.743,1.283,2.948,2.042,1.666,0,0,2.231,5.274,2.248,1.272,0
JPB:bin_000454,0,0,0,0,0,0,0,0,0,0,0,0,0,0,0,0,0,0,0,0,0,0,0,0
JPB:bin_000457,0,0,0,0,0,0,0,0,0,0,0,0,0,0,0,0,0,0,0,0,0,0,0,0
JPB:bin_000459,0,1.94,0,0.838,0,0,1.629,1.87,0,0,1.592,0,0.831,0,0,2.828,0,0,0,0,2.948,0.801,2.691,0
JPB:bin_000460,13.692,10.923,20.373,5.533,20.054,11.115,13.287,14.333,17.951,18.149,9.147,13.132,5.799,8.983,17.412,9.958,17.401,16.017,23.722,13.457,23.617,7.724,3.454,12.791
JPB:bin_000461,0,0,0,0,0,0,0,0,0,0,0,0,0,0,0,0,0,0,0,0,0,0,0,0
JPB:bin_000462,0,0,0,0,0,0,0,0,0,0,0,0,0,0,0,0,0,0,0,0,0,0,0,0
JPB:bin_000463,0.82,2.327,1.498,1.317,0,0.777,1.653,1.677,0.725,1.027,0,0,0.872,0.871,0,0.843,0,0,0,0.748,1.18,0,0,0
JPB:bin_000464,0,0,0,4.733,0,0,9.682,2.537,0,0,0,0,3.94,2.159,0,7.3,0,0,0,0,10.794,2.8,4.674,0
JPB:bin_000465,0,0,0,0,0,0,0,0.666,0,0,0,0,0,0,0,0,0,0,0,0,0,0,0,0
JPB:bin_000467,0,0,0,0,0,0,0,0.682,0,0,0,0,0,0,0,0,0,0,0,0,0,0,1.146,0
JPB:bin_000468,0,0,0,0,0,2.019,0,0,0,0,0.742,0,0,0,0,0.625,0,0,0,0,0,0,0,0
JPB:bin_000469,1.963,1.24,6.535,0,0,14.132,2.41,7.384,0,1.854,0,1.264,2.299,0,2.159,6.721,5.122,0,0,1.301,11.906,0,12.839,5.222
JPB:bin_000470,0,0.94,2.661,0.799,0,1.828,1.987,0,0.91,0.962,2.022,0,1.105,0,1.423,1.169,3.874,0,0,0,1.769,2.059,2.17,0
JPB:bin_000471,0,0,0,0,0,0,0,0,0,0,0,0,0,0,0,0,0,0,0,0,0,0,0,0
JPB:bin_000473,0,0,0,0,0,0,0,0,0,0,0,0,0,0,0,0,0,0,0,0,0,0,0,0
JPB:bin_000474,0,0.631,1.806,0,1.009,0,1.223,1.158,0.837,0,1.038,0.724,0,0.901,1.245,1.009,0,0.642,0,0,0,0,0,0
JPB:bin_000475,0,0,0,0,0,0,0,0,0,0,0,0,0,0,0,0,0,0,0,0,0,0,0,0
JPB:bin_000476,0,0,0,0,0,0,0,0,0,0,0,0,0,0,0,0,0,0,0,0,0,0,0,0
JPB:bin_000477,0,0,0,0,0,0,0,0,0,0,0,0,0,0,0,0,0,0,0,0,0,0,0,0
JPB:bin_000479,0,0,0,0,0.823,0,0,0,0,0,0,0,0,0,0,0,0,0,0,0,0,0,0,0
JPB:bin_000480,0,0,0,0,0,0,0,0,0,0,0,0,0,0,0,0,0,0,0,0,0,0,0,0
JPB:bin_000482,0,0,0,0,0,0,2.155,0,1.202,0,0,0,0,2.671,2.675,0,0,0,0,0,0,0,0,0
JPB:bin_000483,0,0,0,0,0,0,0,0,0,0,0,0,0,0,0,0,0,0,0,0,0,0,0,0
JPB:bin_000484,0,0,0,0,0,0,0,0,0,0,0,0,0,0,0,0,0,0,0,0,0,0,0,0
JPB:bin_000485,0,0,0,3.466,0,1.131,0,0,0,0,1.086,0,0,1.188,0,0.712,0,0,0,0,0,0.925,0,0
JPB:bin_000486,0,0,0,0,0,0,0,0,0,0,0,0,0,0,0,0,0,0,0,0,0,0,0,0
JPB:bin_000487,0,0,0,0,0,0,0,0,0,0,0,0,0,0,0,0,0,0,0,0,0,0,0,0
JPB:bin_000488,0,0,0,0,0,0,0,0,0,0,0,0,0,0,0,0,0,0,0,0,0,0,0,0
JPB:bin_000489,1.093,1.799,1.374,1.285,0,3.827,1.979,1.276,0,1.12,1.913,0,1.623,0.801,2.013,1.058,1.04,0,0,0,2.3,0.871,2.186,2.004
JPB:bin_000490,0,0,0,0,0,0,0,0,0,0,0,0,0,0,0,0,0,0,0,0,0,0,1.578,0
JPB:bin_000491,0,0,0,0,0,0,0,0,0,0,0,0,0,0,0,0,0,0,0,0,0,0,0,0
JPB:bin_000492,0,0,0,0,0,0,0,0,0,0,0,0,0,0,0,0,0,0,0,0,0,0,0,0
JPB:bin_000495,0,0,0,0,0,0,0,0,0,0,0,0,0,0,0,0,0,0,0,0,0,0,0,0
JPB:bin_000496,0,0,0,0,0,0,0,0,0,0,0,0,0,0,0,0,0,0,0,0,0,0,7.433,0
JPB:bin_000498,2.154,10.117,11.73,5.425,0.777,2.9,20.109,5.002,4.114,3.028,3.37,4.374,7.595,4.302,8.631,7.018,1.914,0.763,0,2.361,19.423,11.046,10.881,1.952
JPB:bin_000499,0,0,0,0,0,0,0,0,0,0,0,0,0,0,0,0,0,0,0,0,0,0,0,0
JPB:bin_000500,0,0,0,0,0.595,0,0,0,0,0,0,0,0,0,0,0,0,0,0,0,0,0,0,0
JPB:bin_000503,0,0,0,0,0,0.715,0,0,0,0,0,0,0,0,0,0,0,0,0,0,0,0,0,0
JPB:bin_000504,0,0,0,0,0,0,0,0,0,0,0,0,0,0,0,0,0,0,0,0,0,0,0,0
JPB:bin_000505,0,0,0,0,0,0,0,0,0,0,0,0,0,0,0,0,0,0,0,0,0,0,0,0
JPB:bin_000506,0,0,0,0,0,0,1.707,3.022,0,0,0,0,0,0,0,0,0,0,0,0,0,0,7.394,0
JPB:bin_000508,0,0,0,0,0,0,0,0,0,0,0,0,0,0,0,0,0,0,0,0,0,0,0,0
JPB:bin_000510,0,2.707,0,1.252,0,0,1.414,4.448,0,0,0,0,1.691,0,0,1.675,0,0,0,0,3.301,0,4.342,0
JPB:bin_000511,0,0,0,0,0,0,0,0,0,0,0,0,0,0,0,0,0,0,0,0,0,0,0,0
JPB:bin_000513,1.448,0,0,0,1.8,1.999,1.264,1.113,0,0.727,3.101,0,0,0,1.43,1.101,1.164,0,0,1.485,0,0,0,0
JPB:bin_000514,0,40.61,0.792,0.648,0,0.608,0.725,6.826,19.582,0,7.866,0,2.419,1.164,0,5.502,0,0,0,0,0,0.888,3.197,0
JPB:bin_000515,0,0,0,0,0,0,0,0,0,0,0,0,0,0,0,0,0,0,0,0,0,0,0,0
JPB:bin_000516,0,1.375,1.071,5.26,0,1.937,2.739,3.873,0,2.65,0,1.017,0,0,2.399,1.549,1.11,0,0.67,1.241,0,1.608,0,1.158
JPB:bin_000518,1.966,2.453,7.565,2.092,1.387,2.225,2.729,1.947,0.851,0,2.494,0,1.932,2.333,1.896,1.426,1.269,0,0,1.058,0.995,2.198,1.011,1.344
JPB:bin_000521,1.417,0,0,0,10.167,0,0,0,0,0,0,0,0,0,3.787,0,0,1.541,1.135,1.659,0,0,0,1.872
JPB:bin_000523,0,0,0,0,0,0,1.356,0,0,0,0,0,0,0,0,0,0,0,0,0,0,0,0,0
JPB:bin_000524,5.162,6.588,7.212,5.142,12.338,4.761,4.372,5.041,9.085,8.478,5.075,10.53,7.456,4.762,8.141,5.575,4.879,8.323,8.582,7.915,9.293,5.615,3.218,5.41
JPB:bin_000525,0,0,0,0,0,0,0,0,0,0,0,0,0,0,0,0,0,0,0,0,0,0,0,0
JPB:bin_000526,0,0,0,0.881,0,0.682,0,0,0,0,0,0,0,0,0,0,0,0,0,0,0,0,0,0
JPB:bin_000529,0,1.585,4.39,0.594,0,0.912,1.766,0.683,7.96,2.749,0,0,1.207,0.806,0,1.597,10.374,0.999,1.236,0,4.413,1.386,0,0
JPB:bin_000530,0,0,0,0,0,0,0.722,0,0,0,0,0,0,0,0,0,0,0,0,0,0,0,0,0
JPB:bin_000532,0,0,0,0,0,0,0,0,0,0,0,0,0,0,0,0,0,0,0,0,0,0,0,0
JPB:bin_000533,20.665,0,0,7.11,0,14.937,3.261,5.032,0,0,8.155,2.236,2.496,3.561,9.283,2.045,2.174,0,0,12.754,0,0,0,1.385
JPB:bin_000534,21.423,0,0,9.799,2.408,23.511,2.224,3.185,0,0,10.29,4.211,3.751,4.948,15.51,2.479,2.195,2.447,0,15.67,0,0,0,1.998
JPB:bin_000535,0,0,0,0,0,0,0,0,0,0,0,0,0,0,0,0,0,0,0,0,0,0,0,0
JPB:bin_000536,0,1.081,0,0,0.802,0,0,0,0,0,0,0,0,0,0,0,0,0,0,0,0,1.674,0,0
JPB:bin_000539,250.185,312.223,291.258,165.865,400.059,157.848,136.798,203.168,318.502,324.165,171.239,329.426,166.604,166.725,223.601,217.19,295.46,349.357,339.694,248.977,267.992,246.951,114.314,243.283
JPB:bin_000541,0,0,0,0,0,0,0,0,0,0,0,0,0,0,0,0,0,0,0,0,0,0,0,0
JPB:bin_000542,0.667,0,0,0,0,0,0,0,0,0,1.172,0,0,0,0,0,0,0,0,0,0,0,0,0.774
JPB:bin_000543,1.17,0,0,0,2.137,1.08,0,0,0,0,0.842,0.804,0,0,1.874,0,0,1.096,0.965,0.896,0,0,0,0
JPB:bin_000544,1.736,1.696,4.058,0,1.667,2.094,1.113,1.442,0.729,0.885,0.951,0,0.622,0.958,1.114,0.837,1.438,0,0,0.656,1.355,0,0,0.961
JPB:bin_000545,0,0,0,0,0,0,0,0,0,0,0,0,0,0,0,0,0,0,0,0,0,0,0,0
JPB:bin_000548,175.99,226.801,209.498,103.227,260.509,104.52,92.329,142.119,195.767,219.546,92.523,230.846,100.171,111.902,151.942,114.416,172.9,246.723,248.218,156.502,198.424,173.672,63.111,193.806
JPB:bin_000550,0,0,0,0,0,0,0,0,0,0,0,0,0,0,0,0,0,0,0,0,0,0,1.188,0
JPB:bin_000551,2.421,0.926,3.141,1.007,0.68,4.121,1.773,1.202,0.834,3.3,2.195,0.915,1.346,1.109,3.43,0.859,8.847,1.207,0.837,1.597,4.007,0.788,1.305,2.656
JPB:bin_000553,0,0,0,0,0.594,0,0,0,0,0,0,0,0,0,0,0,0,0,0,0,0,0,0,0
JPB:bin_000556,0,0,0,0,0,0,0,0,0,0,0,0,0,0,0,0,0,0,0,0,0,0,0,0
JPB:bin_000557,0,0,0,1.028,0,0,0,0,3.629,0,0,0,0.973,0,0,1.802,0,0,0,0,2.219,1.677,0,0
JPB:bin_000558,0,11.562,0,0,0,0,0,3.041,0,0,0,0,0,0,0,1.169,0,0,0,0,0,0,0,0
JPB:bin_000559,1.925,0,1.182,2.598,2.12,2.986,0,0,2.949,0,0,1.81,3.087,1.324,7.337,4.112,2.271,0,0,3.717,0,2.04,1.013,2.188
JPB:bin_000560,3.896,0.769,1.024,1.67,1.928,6.317,2.78,3.523,0,1.241,5.141,1.545,1.686,1.824,6.08,2.012,2.213,0.745,0,2.906,1.148,0,0.969,1.888
JPB:bin_000562,0,0,0,1.858,0,0,0,0,0,0,1.175,0,1.52,0.97,0,1.821,0,0,0,0,0,1.236,0,0
JPB:bin_000563,0,0,0,0,0,0,0,0,0,0,0,0,0,0,0,0,0,0,0,0,0,0,0,0
JPB:bin_000565,0,0,0,0,0,0,0,0,0,0,0,0,0,0,0,0,0,0,0,0,0,0,0.903,0
JPB:bin_000566,5.491,1.049,2.355,5.28,10.51,3.056,1.091,0.727,3.078,0,1.532,2.515,4.942,1.825,2.932,4.232,1.66,2.05,2.808,7.437,0,2.796,0,0
JPB:bin_000567,3.679,2.949,0.938,0,5.088,1.118,0,0,0,3.148,2.376,0.63,0.984,0,4.84,0,2.474,2.55,1.619,2.821,0,0,0,2.621
JPB:bin_000570,0,0,0,0,0,0,0,0,0,0,0,0,0,0,0,0,0,0,0,0,0,0,0,0
JPB:bin_000572,0,0,0,0,0,0,0,0,0,0,0,0,0,0,0,0,0,0,0,0,0,0,0,0
JPB:bin_000574,0,0,0,0,0,0,0,0,0,0,0,0,0,0,0,0,0,0,0,0,0,0,0,0
JPB:bin_000575,4.49,0,0,4.145,6.529,4.226,0,0,0,0,1.719,0,0,0,24.02,0,4.671,0,0,0,0,0,0,0
JPB:bin_000576,0,0,0,0,0,0,0,0,0,0,0,0,0,0,0,0,0,0,0,0,0,0.65,1.527,0
JPB:bin_000577,0.999,0,1.046,0,1.447,1.699,0.94,0.996,0,1.306,0,0,0,0,1.428,1.697,2.639,0,0.609,1.338,0.903,0,0,0.684
JPB:bin_000578,0,0,0,0,0,0,0,0,0,0,0,0,0,0,0,0,0,0,0,0,1.704,0,4.432,0
JPB:bin_000579,0,0,0,0,0,0,0,0,0,0,0,0,0,0,0,0,0,0,0,0,0,0,8.187,0
JPB:bin_000582,0,0,0,0,0,0,0,0,0,0,0.565,0,0,0,0.674,0,0,0,0,0,0,0,0,0
JPB:bin_000585,0,0,0,0,0,0,0,0,0,0,0,0,0,0,0,0,0,0,0,0,0,0,0,0
JPB:bin_000586,0,0,0,0,0,0,0,0,0,0,0,0,0,0,0,0,0,0,0,0,0,0,4.96,0
JPB:bin_000587,0,0,0,0,0,0,0,0,0,0,0,0,0,0,0,0,0,0,0,0,0,0,0,0
JPB:bin_000588,0.657,1.339,0.962,0.749,1.316,0,0.994,1.166,0.784,1.973,0.628,0.825,0.922,0,1.076,0,1.317,0.811,0,0.845,2.111,0,1.038,1.183
JPB:bin_000594,16.224,9.726,4.645,4.657,6.504,8.86,4.962,5.943,7.285,6.998,6.018,2.095,5.774,4.466,7.249,4.426,23.957,6.149,3.609,10.239,6.901,7.409,0,9.38
JPB:bin_000595,0,0,0,0,0,0,2.716,0,0,0,0,0,0,0,0,0,0,0,0,0,0,0,0,0
JPB:bin_000599,0,0,0,0.819,0.925,0.802,0,0,1.258,0,0,0,0,0,0.965,0.788,0,0,1.592,1.688,0,0,0,2.23
JPB:bin_000600,0,0,0,0.668,0,0,0,0,0,0,2.14,0,0,0,0,0,0,0,0,0,0,0,0,0
JPB:bin_000601,0,0,0,0.602,2.297,1.697,0,0,7.127,0,0,0.9,0.657,0,3.094,0.777,2.146,1.986,0,0,0,0,0,6.105
JPB:bin_000603,0,0,0,0,0,0,0.782,4.536,0,0,0,0,0,0,0,0,0,0,0,0,0,0,31.656,0
JPB:bin_000605,0,1.352,0.807,1.906,0,0,2.185,1.137,1.131,0,0,0,0,0,2.496,5.76,0,0,0,1.288,0,0,0,0
JPB:bin_000606,0,0,0,0,0,0.809,2.74,0.874,0,0,0,0,0,0.851,0,0,0,0,0,0,0,0,0,0
JPB:bin_000608,1.202,2.98,1.696,1.533,1.549,1.262,1.138,2.289,1.129,2.229,1.234,1.537,1.327,0.944,3.443,0,1.71,2.336,1.772,1.991,2.339,1.784,0,0.809
JPB:bin_000609,1.648,2.458,6.489,0,3.935,2.255,2.444,2.436,2.955,1.211,1.212,1.01,0.979,1.959,2.552,1.385,1.738,1.161,0,0,1.445,1.41,0.963,1.162
JPB:bin_000611,18.295,70.223,44.552,76.166,6.021,154.144,37.798,38.125,15.963,7.965,101.961,29.644,172.105,55.264,24.629,160.046,28.575,6.59,2.856,20.571,93.025,81.84,33.595,5.454
JPB:bin_000612,218.894,3.445,17.869,72.341,341.136,113.92,3.276,14.49,63.596,31.316,108.579,163.173,101.781,64.376,141.104,35.866,47.929,217.686,171.811,122.789,0,27.401,0,49.644
JPB:bin_000615,0,1.172,0,1.085,0,0.811,2.023,1.373,0,0,0.751,0,0.913,0,0,0.679,0,0,0,0,1.124,0.696,1.879,0
JPB:bin_000616,0.819,0,0,0,0,0,0,0,0,0,0.791,0,0,0,1.057,0,0,0,0,0,0,0,0,0
JPB:bin_000617,0.778,0.855,1.114,0,0.795,0,0,0.891,0,1.135,0,0,0,0,0,0,0,0,0,0,1.292,0,0,0
JPB:bin_000618,0,0,0,0,0,0,0,0,0,0,0,0,0,0,0,0,0,0,0,0,0,0,0,0
JPB:bin_000619,0,0,0,0.815,0,0,0,0,0,0,0,0,0,0,0,0,0,0,0,0,0,0,0.708,0
JPB:bin_000621,0,0,0,0,0,0,0,0,0,0,0,0,0,0,0,0,0,0,0,0,0,0,0,0
JPB:bin_000622,2.597,5.927,3.763,2.028,2.313,2.412,6.206,2.639,5.193,4.828,2.42,3.199,3.72,2.239,4.065,4.906,3.846,1.443,1.438,2.531,7.689,1.489,2.497,3.439
JPB:bin_000627,0,0,0,0,0,0,0.673,1.652,0,0,0,0,0,0,0,0,0,0,0,0,0,0,13.163,0
JPB:bin_000628,0,0,0,0.766,0,1.398,0,0,0,0,1.698,0,0,0,0,0.739,1.501,0,0,0,0,0,0,0
JPB:bin_000629,0,0,0,0,0,0,0,0,0,0,0,0,0,0,0,0,0,0,0,0,0,0,0.742,0
JPB:bin_000630,0,0,0,0,0,0,0,0,0,0,0,0,0,0,0,0,0,0,0,0,0,0,0,0
JPB:bin_000632,0,0,0,0,0,0,0,0,0,0,0,0,0,0,0,0,0,0,0,0,0,0,0,0
JPB:bin_000633,1.943,1.153,0.899,1.685,0.829,2.282,0,0,0.977,1.005,3.796,1.013,0.86,1.416,2.13,0,0,0,0,3.028,1.639,0.812,0,0
JPB:bin_000634,0,0,0,0,0,0,0,0,0,0,0,0,0,0,1.125,0,0,0,0,0,0,0,0,0
JPB:bin_000635,1.083,0,2.133,0,1.57,1.315,1.06,1.598,2.768,2.908,0,1.433,0,0,1.385,0,1.791,1.51,1.404,0,2.014,0,0,0
JPB:bin_000636,2.028,0,1.276,3.667,0,3.181,1.38,1.507,0,0,2.064,1.32,2.87,1.594,2.355,1.966,1.784,0,0,1.404,0,1.97,0,0
JPB:bin_000637,0,0,0,0,0,0,0.804,0,0,0,0.733,0,0.779,0,0,0,0,0,0,0,0,0,0,0
JPB:bin_000638,0,0,0,0,0,0,0,0,0,0,0,0,0,0,0,0,0,0,0,0,0,0,0,0
JPB:bin_000639,0,1.321,0,1.821,0,1.081,3.394,2.99,0,0,1.372,0,0,1.229,0,3.414,0,0,0,0,0,0,1.913,0
JPB:bin_000640,0,0,0,0,0,0,0,0,0,0,0,0,0,0,0,0,0,0,0,0,0,0,0,0
JPB:bin_000641,0,0,0,0,0,0,0,0,0,0,0,0,0,0,0,0,0,0,0,0,0,0,0,0
JPB:bin_000643,0,0,0,0,0,0,0,0,0,0,0,0,0,0,0,0,0,0,0,0,0,0,0,0
JPB:bin_000644,0,0,0,0,0,1.594,0,0,0,0,0,0,0,0,1.122,0,0,0,0,0,0,0,0,0
JPB:bin_000645,1.838,17.697,4.636,4.287,12.228,12.17,1.259,8.048,12.797,16.478,9.902,15.147,4.501,2.056,1.157,18.793,5.883,12.202,10.186,12.55,1.806,3.399,0,20.238
JPB:bin_000647,0,1.841,1.798,1.448,0,2.292,1.683,0.872,0,0,1.5,0,1.152,0.836,0,3.059,0,0,0,0,0,1.041,3.844,0
JPB:bin_000648,0,1.162,0,0,0,6.806,0,0,0,0,0,0,2.397,0.907,0,1.115,0,0,0,0,0,0,0,0
JPB:bin_000651,0,0,1.439,0,0,0,0,0.962,0,0,0,0,0,0,0.708,0,0,0,0,0,0,0,0,0
JPB:bin_000652,2.217,3.168,3.599,2.311,2.572,2.149,3.563,3.556,3.104,3.444,2.102,1.538,1.534,1.47,3.275,1.5,3.151,2.228,2.698,2.297,3.963,1.704,1.614,2.273
JPB:bin_000653,0,0.765,1.482,1.3,1.192,1.157,1.478,0.872,0.894,0,2.547,1.387,0.806,0.879,0,1.383,0,1.122,0,0,1.512,0.945,2.578,0
JPB:bin_000654,0,0,0,0,0,0,0,0,0,0,0,0,0,0,0,0,0,0,0,0,0,0,0,0
JPB:bin_000655,0,0,0,0,0,0,0,0,0,0,0,0,0,0,0.71,0,0,0,0,0,0,0,0,0
JPB:bin_000657,1.843,4.341,5.922,1.854,1.65,1.846,7.661,2.37,3.003,2.65,2.427,2.721,2.441,2.074,4.401,3.389,2.336,0.845,0.869,1.533,8.217,3.845,2.847,3.15
JPB:bin_000658,1.128,4.054,3.83,0,1.115,0,2.143,1.58,3.087,1.141,0,0,0,0.968,0.999,0,1.064,0.747,0,0,1.12,0,0,0
JPB:bin_000659,0,0,0,0,0,0,0,0,0,0,0,0,0,0,0,0,0,0,0,0,0,0,0,0
JPB:bin_000660,0,0,0,0,0,0.777,0,0,0,0,0,0,0,0,0,0,0,0,0,0,0,0,1.062,0
JPB:bin_000661,0,0,0,0,0,0,0,0,0,0,0,0,0,0,0,0,0,0,0,0,0,0,0,0
TJ1:bin_000004,2.009,4.119,6.161,0.909,2.285,1.974,2.361,4.487,5.491,6.055,0.898,2.253,1.702,6.718,2.344,0.995,3.149,2.366,0.564,0.724,2.003,1.098,0.881,1.481
TJ1:bin_000005,12.897,8.456,7,10.786,7.503,11.604,7.896,8.55,5.3,7.928,10.243,11.153,11.557,5.822,12.042,7.206,11.585,5.168,3.59,12.248,14.67,5.585,8.502,8.016
TJ1:bin_000006,0,0,0,4.126,0,0,0,0,0,0,2.157,0,3.503,1.987,0,2.648,0,0,0,2.16,0,0,2.42,1.585
TJ1:bin_000008,1.753,6.502,7.653,0,2.928,0.941,2.665,6.089,4.161,5.675,0.646,0,1.566,1.935,2.089,0,3.403,2.465,2.36,1.102,5.387,1.393,0.645,1.676
TJ1:bin_000010,0,0.68,0,42.675,0,6.903,1.474,0.675,0,0,0,1.145,0.891,0,0,1.194,0,0,0,2.583,0,0.701,0,0
TJ1:bin_000011,0,0,0,0,0,0,0,0,0,0,0,0,0,0,0,0.748,0,0,0,0,0,0,22.381,0
TJ1:bin_000016,0,0,0,1.097,0,2.854,1.265,4.314,0,0,2.087,0.725,1.717,0.71,2.58,1.608,0.835,0,0,0,0,0,1.349,0.767
TJ1:bin_000017,0,1.915,0,0.882,0,4.832,2.378,3.228,0,0.704,0,0,4.907,3.847,3.409,2.245,0,0,0,0,0,0,0,0
TJ1:bin_000023,0,2.002,0,1.458,0,1.61,2.298,1.361,0,0,1.596,0,1.562,1.226,0.873,1.525,0,0,0,0,3.078,1.119,4.415,0
TJ1:bin_000026,0,0,0.644,0,0,0,8.701,3.488,0,0,0,0,0,0,0,0,0,0,0,0,0,0,0,0
TJ1:bin_000028,0,0,0,5.57,0,0,0,0.718,0,0,0,0,1.906,0,0,13.151,0,0,0,0,1.455,0,2.111,0
TJ1:bin_000030,2.156,2.758,0,0,1.473,0,0,1.108,2.228,0,0,0,0.693,3.507,0,1.651,1.549,0,1.233,0.858,9.351,1.359,1.391,0.88
TJ1:bin_000031,0,0,0,1.028,0,3.247,3.039,3.574,0,0,2.041,0,1.921,0.6,0,3.918,0,0,0,0,1.698,0,4.111,0
TJ1:bin_000033,1.792,2.298,4.178,5.387,12.422,1.975,1.686,4.72,2.378,1.817,0,4.179,0.666,6.312,3.395,4.675,2.366,0.956,1.365,0,6.602,2.986,0,0.627
TJ1:bin_000037,0.72,1.041,1.511,0,0.933,0.728,0.576,0.923,2.403,1.211,0.652,1.273,1.615,0.697,0,1.304,0.75,1.393,0.66,0,2.107,0.845,0.877,0
TJ1:bin_000038,1.144,1.097,1.433,1.821,2.844,3.064,1.588,0.744,2.051,2.522,1.664,5.717,1.168,1.078,2.411,1.944,2.114,5.179,2.004,1.914,1.827,0.952,0,1.572
TJ1:bin_000042,0,0,1.815,0.669,0,1.079,2.352,0.86,0,0,0.671,0,0,0,0,8.584,0,0,0,0,3.489,0.698,0,0
TJ1:bin_000046,0.599,0,0,0,0,0,0.644,0,0,0,2.579,0,0.853,0,0,2.248,0,0,0,0,0,0.731,11.754,0
TJ1:bin_000047,2.224,3.311,3.955,3.087,1.637,2.627,4.559,3.805,3.649,9.878,1.692,1.063,1.708,2.251,3.168,2.527,4.807,2.442,3.645,4.191,10.074,1.111,1.988,2.249
TJ1:bin_000049,3.464,2.184,4.187,3.73,3.452,4.193,2.207,1.745,3.805,3.596,4.929,4.96,3.415,2.576,4.845,4.323,3.39,4.391,2.859,3.49,3.67,1.714,0,3.533
TJ1:bin_000053,0,1.923,1.329,1.417,0,3.873,6.709,4.4,0,0,1.654,0,2.182,0,0.774,1.669,3.036,0,0,0,7.656,1.181,6.308,0
TJ1:bin_000057,0,2.246,1.678,0,1.761,0,0,2.659,3.578,0.878,0,0,0,0.755,0.907,0,0.996,1.057,0,0,1.806,0.838,0,0.959
TJ1:bin_000062,0.895,4.597,1.587,1.863,0.733,1.727,3.079,2.17,0,0.93,2.824,2.144,3.206,2.031,1.667,1.12,0.625,0,0,1.242,0.949,1.781,0.759,1.829
TJ1:bin_000065,0,0,2.461,0,0,0,1.4,1.544,0,0,0,0,2.367,0,0,1.067,0,0,0,0,2.784,0,2.149,0
TJ1:bin_000071,0,8.227,3.372,0,0,0,0,0,0,0,1.264,0,0,0,0,0,0,0,0,0,0,0,0.829,0
TJ1:bin_000072,0,0,0,0,0,0,0,1.093,0,0,0,0,0,0,0,1.558,0,0,0,0,0,0,39.36,0
TJ1:bin_000075,5.337,7.228,7.284,6.203,13.724,7.259,4.097,2.282,5.223,7.978,13.023,12.115,6.23,5.293,8.044,4.581,7.276,10.426,6.579,12.332,11.119,4.994,2.914,8.375
TJ1:bin_000077,0.955,1.262,1.553,2.676,1.233,1.177,0.832,0.96,1.653,1.512,1.239,1.06,0,0.865,1.126,0,0,1.689,0,1.334,1.095,1.201,0,0
TJ1:bin_000082,3.981,6.714,2.485,7.446,1.85,6.855,3.745,4.033,0.927,3.358,5.795,1.869,2.016,2.576,7.188,7.247,2.6,0,0,2.923,4.559,3.53,3.183,2.516
TJ1:bin_000085,0,3.99,0,0,0,0,5.557,0,0,0,0,0,0,0,0,0,0,0,0,0,19.628,3.546,0,0
TJ1:bin_000086,0,1.561,1.334,4.69,0.597,0,2.204,2.456,2.41,1.239,0,1.096,1.812,0,3.606,0,0.684,1.358,0,3.442,0,1.826,0,0.993
TJ1:bin_000088,0,2.759,2.558,0.604,0,0,2.052,0.904,0,0,0,0,0,0,0,0,2.136,0,0,0,2.319,1.825,1.603,0
TJ1:bin_000089,0,2.855,0,2.923,0,0,8.588,0,0,0,1.331,0,4.834,1.285,0,1.508,0,0,0,0,5.962,1.123,1.76,0
TJ1:bin_000092,0,1.61,0,0.78,0,0.725,5.185,9.928,0,0,3.344,0,1.682,0,0,1.093,0,0,0,0,2.252,0,1.628,0
TJ1:bin_000093,0,3.279,0.695,0.91,0,0.576,0.977,1.225,0,0,0,0,0.914,0.773,0,0,1.136,0,0,0,1.348,0,0.913,0
TJ1:bin_000094,0,8.763,1.405,3.847,0,0,0,0,0,0,0,8.666,0,7.517,0,0,0,0.569,0.703,0,0,0,0,0
TJ1:bin_000097,1.991,2.461,7.292,0,3.736,2.299,1.649,1.844,3.41,1.448,1.184,1.113,1.161,1.656,2.548,1.569,2.007,1.366,0.893,0.79,0.895,0.912,0,2.463
TJ1:bin_000101,8.237,1.506,4.257,5.695,8.614,3.684,1.178,8.278,3.335,4.975,10.706,8.431,8.743,5.645,7.727,3.674,9.287,12.757,5.816,3.212,1.836,6.264,0,6.122
TJ1:bin_000109,6.424,1.863,3.099,3.429,2.768,4.732,3.555,4.95,1.869,6.737,2.908,2.142,2.709,1.604,3.102,1.656,4.961,1.899,1.065,7.079,5.448,0.951,2.103,1.634
TJ1:bin_000112,0,1.681,1.134,2.084,0,1.046,0,1.806,0,0,0,0,0,0,1.936,8.31,0,0,0,0.706,0,0,0,0
TJ1:bin_000114,2.551,1.836,0.657,2.439,0.927,1.185,0,1.173,0,1.304,5.502,0,1.831,0,8.075,4.919,4.883,0,0,3.508,3.948,2.741,0,0
TJ1:bin_000117,0,0,1.729,1.031,0,0,0.904,0.658,0,0,2.153,0,4.239,0,0,0,0,0,0,0,3.133,1.048,1.34,0
TJ1:bin_000119,0,0,0,6.518,0,0,1.431,0,1.1,0,2.177,1.95,2.458,3.832,0,0,0,0,0,0,0.944,2.87,0,0
TJ1:bin_000121,0,1.008,0,2.501,0,0,2.117,3.945,0,0,1.039,0,0,0,0,1.376,0,0,0,0,1.043,0.595,2.63,0
TJ1:bin_000124,6.38,1.332,0,5.697,7.117,1.931,0,0,7.754,1.804,1.911,3.103,1.448,4.108,3.833,0.769,1.939,4.222,6.258,2.994,0,2.187,0,2.385
TJ1:bin_000126,0,1.167,0,0,0,0,6.047,8,0,0,0,0,0,0,0,1.528,0,0,0,0,10.502,1.868,7.976,0
TJ1:bin_000133,6.024,12.413,5,1.211,1.395,2.891,2.627,0.952,1.035,3.351,2.408,3.387,1.555,4.258,2.265,2.391,12.104,6.808,2.043,1.345,2.823,2.122,0,0
TJ1:bin_000134,1.088,0.887,0,0,0.724,0.613,1.683,0.957,0,2.28,0,0,10.864,0,1.408,0,0.586,0,0,1.684,1.104,3.489,0,1.888
TJ1:bin_000137,0,0.636,1.754,2.338,3.064,3.944,2.525,2.599,1.058,1.235,0,0.681,5.258,0,0,0,1.613,0,0,2.561,1.894,0,0,2.428
TJ1:bin_000138,0,0.589,0.842,0,1.01,0,4.002,2.344,3.815,0,1.082,2.902,1.862,1.345,3.89,0,0,0.725,1.11,0,2.417,0,0,0.767
TJ1:bin_000143,0,3.849,0,0,0,0,2.994,2.916,0,0,0,0,0,0,0,0,0,0,0,0,2.861,0.601,2.556,0
TJ1:bin_000144,0,1.321,0,2,0,0.705,1.257,0.798,0,0,0.742,0,0.697,0,0,4.727,0,0,0,0,0.73,0.594,0.973,0
TJ1:bin_000147,1.552,3.16,1.696,0.802,0,0,0,0.721,1.658,3.064,4.553,0.852,2.18,1.301,1.119,0.963,7.367,1.2,0,2.697,1.141,3.004,0.712,0.74
TJ1:bin_000149,3.685,0.748,0.775,1.824,1.92,3.086,1.87,1.781,2.634,2.63,2.977,1.521,2.08,3.459,6.076,0,1.417,2.663,0,6.363,2.871,10.5,0,0.85
TJ1:bin_000151,0,0.673,1.403,0,0,1.137,1.563,1.663,0,0,1.957,0,1.529,1.515,0.842,0.635,0,0,0,0,1.436,0.581,0,0
TJ1:bin_000159,0,6.617,3.372,8.675,0,1.691,7.339,1.948,0,0,3.456,0,13.012,1.563,0,12.695,0,0,0,0,17.115,1.682,21.14,0
TJ1:bin_000163,1,2.645,1.561,0.713,0,0.873,1.749,3.538,0,0.792,1.272,0,2.165,0,0,1.154,1.788,0,0,1.096,2.026,1.541,1.193,0.8
TJ1:bin_000164,1.982,0.888,0,1.176,2.192,2.392,0,2.868,1.916,0,3.565,0.9,0.989,0,2.425,6.988,2.15,1.156,1.353,3.047,0,2.399,0,1.688
TJ1:bin_000166,0,0.868,0,3.703,0,1.608,1.776,2.309,11.163,0,0,0,0,13.076,3.04,0,0,0,0,0,0,0,0,0
TJ1:bin_000167,0,0.835,2.665,0,1.02,2.039,2.313,4.619,0,0,0,0,1.296,0,2.985,3.357,0.68,0,0,0,1.02,0,9.182,0
TJ1:bin_000168,0,0,0,0,0,0,6.535,4.538,0,0,0,0,0,0,0,0,0,0,0,0,6.526,0,1.445,0
TJ1:bin_000173,0,0,0,0.855,0,0,0,0,0,0,1.226,0,0,0,0,0,0,0,0,0,0,2.097,6.245,0
TJ1:bin_000175,0,1.311,12.305,6.16,0,6.713,11.303,2.683,14.019,0.847,1.056,2.882,0,3.755,7.732,3.267,0,0.884,0.863,0,2.54,1.027,0,0
TJ1:bin_000177,0.871,1.758,2.032,0.868,0,1.241,2.22,1.606,0,1.316,1.315,0,0.937,0.867,0.861,1.041,1.299,0,0,0.619,2.6,0.637,1.889,0
TJ1:bin_000183,0.878,4.239,6.053,1.022,0,0,0.776,0,1.339,1.408,2.27,1.692,2.359,4.509,0,1.3,4.214,0,0,2.397,2.125,3.334,0.954,0
TJ1:bin_000191,0,3.594,0.691,0.967,0,1.234,2.601,8.485,0,1.061,8.772,0,0,0,0,4.089,1.745,0,0,0,3.156,4.126,6.658,0
TJ1:bin_000194,6.352,4.274,6.477,2.918,5.383,3.625,2.312,4.744,3.597,19.799,5.849,8.148,2.247,2.448,4.973,6.77,13.453,8.2,3.346,6.197,3.94,6.178,2.193,6.856
TJ1:bin_000196,0,0,1.089,1.02,0,2.84,4.928,1.834,0,0,1.182,0,3.743,0.924,0,3.385,0,0,0,0.777,3.234,1.293,0,0
TJ1:bin_000197,0,0,1.93,0,0,1.441,2.535,1.932,0,1.406,1.369,0,1.183,0,1.312,1.677,1.279,0,0,0.941,1.284,0,0.678,0.631
TJ1:bin_000199,0,5.145,3.104,0.875,0,0.813,4.077,8.437,0.84,0.625,0,0,0,1.142,1.533,0,0,0,0,0,3.042,0.621,2.858,0
TJ1:bin_000211,0.668,0,1.645,0.809,0,4.124,2.586,1.544,0,0,0,1.571,0,1.59,6.033,2.879,0,0.852,0,2.356,4.024,1.959,10.939,0
TJ1:bin_000214,0,0.788,0,5.548,0,2.289,3.31,0,1.109,0,1.48,0,0,0,1.969,2.276,0,0,0,0,0.893,0,3.464,0
TJ1:bin_000217,0,0,0,0,0,0,4.308,0.769,0,0,0,0,0,4.701,0,0,0,0,0,0,0,0,0,0
TJ1:bin_000219,0,0,0,0,0,0,0,0,0,0,0,0,0,0,0,5.955,0,0,0,0,0,0,3.45,0
TJ1:bin_000222,2.061,3.245,0.758,2.338,1.41,3.241,3.992,5.341,0,1.436,3.015,0.94,1.391,2.637,6.17,1.274,1.056,1.033,0.947,2.95,2.083,1.079,1.217,0.83
TJ1:bin_000223,0,1.075,0,0.852,1.426,0,2.164,56.017,44.359,5.052,0,0,0,0.63,1.846,0,0,1.59,0,0,15.911,1.251,2.105,0
TJ1:bin_000225,0,1.053,2.575,0.87,0,0.7,2.593,2.723,0,0,1.078,0,0.981,0.797,0.785,1.502,0,0,0,0,3.49,1.333,2.49,0
TJ1:bin_000227,2.006,5.601,1.658,2.131,1.01,2.854,4.744,7.673,1.991,0.973,1.01,0.865,2.249,2.934,2.444,5.216,2.637,0.814,0,2.457,0,3.22,3.511,0
TJ1:bin_000240,0,0,1.687,0,0,0,0,0.988,0,0,0,0,0,0,0,7.198,0,0,0,0,0.83,1.423,1.127,0
TJ1:bin_000246,4.206,2.874,1.931,1.498,2.362,1.208,0,2.351,3.652,1.738,0,1.982,2.158,1.469,3.062,2.998,4.34,1.138,1.722,1.395,1.129,1.432,0,2.395
TJ1:bin_000248,0.808,0.77,0,0,0,1.304,0.994,1.007,0,0,2.071,0,1.693,1.768,0,0.827,0,0,0,2.033,1.436,1.586,0,0
TJ1:bin_000249,1.095,2.635,2.641,0.781,1.075,0.927,1.089,2.43,1.804,1.563,0.84,0.63,0.929,1.088,1.234,1.509,0.984,1.104,0.967,0.755,1.981,1.079,1.136,1.392
TJ1:bin_000252,3.021,3.14,6.196,1.066,5.137,3.189,4.459,5.73,6.326,3.394,2.073,3.459,2.418,3.505,6.266,1.918,4.448,3.809,2.787,2.613,4.959,2.788,1.018,1.811
TJ1:bin_000254,1.719,2.443,2.533,2.001,1.526,1.128,1.492,1.058,1.181,1.121,1.958,1.937,2.16,1.069,0.924,1.388,0.944,0,0,0,1.398,2.015,0.951,1.992
TJ1:bin_000260,0,7.865,9.016,9.255,0,3.494,3.185,2.173,1.284,0,4.212,0.836,4.707,3.117,1.268,8.391,2.425,0,0,0,21.624,3.594,6.441,0
TJ1:bin_000269,1.89,3.96,6.443,0.685,5.063,0,2.944,10.517,3.157,6.825,2.589,4.885,0,1.446,4.271,3.609,10.343,4.84,1.784,12.267,7.096,3.176,1.567,2.288
TJ1:bin_000276,0,0,0,0,0,0,0,0,0,0,0,0,0,0,0,0,0,0,0,0,0,0,12.271,0
TJ1:bin_000278,1.884,2.885,4.641,0,2.477,1.796,1.923,2.756,2.139,1.25,1.499,0.712,0.78,1.598,2.371,1.301,2.058,0.973,0,1.135,1.799,1.562,0.603,1.169
TJ1:bin_000279,3.851,6.509,9.146,7.922,0,17.392,6.952,16.242,2.415,1.736,11.057,3.792,12.292,4.214,4.931,22.831,12.404,0.816,0,1.383,14.816,6.296,32.47,0
TJ1:bin_000280,0,6.373,0,0,0,1.974,0,0,0,0,0,0,1.215,0,0,1.816,1.262,0,0,0,0,0,0,0
TJ1:bin_000285,3.041,0.982,2.561,1.733,4.195,4.382,5.945,1.672,1.936,3.517,3.487,18.71,3.733,2.844,4.875,1.992,4.29,4.359,4.836,4.025,9.189,3.578,1.191,4.949
TJ1:bin_000290,0,0,0,0,0,0,2.693,3.79,0,0,0,0,0,0,0,0,0,0,0,0,4.587,0,0.692,0
TJ1:bin_000299,0,2.78,4.099,0,0,0,0.882,1.004,0,0.843,0.805,1.1,1.496,0,0,0,0,0,0,0,0,0.893,2.341,0
TJ1:bin_000306,1.513,3.691,1.765,3.001,1.246,2.547,3.511,1.608,0.885,0.784,1.529,0.955,2.631,2.465,3.553,8.21,2.389,0,0,1.566,3.646,3.495,1.956,0
TJ1:bin_000307,1.548,2.419,1.17,2.197,0,1.483,2.85,0.815,0,0,1.901,0,2.341,1.135,0.723,4.163,1.387,0,0,0,2.438,0.802,3.094,0
TJ1:bin_000309,0,0,0,2.056,0,0,1.13,0,0,0,2.65,0,0,0.976,0,2.96,0,0,0,0,0,0,4.081,0
TJ1:bin_000313,2.629,5.093,6.001,4.034,0,4.503,2.963,3.234,2.928,0,3.635,0,4.591,2.407,0,6.34,0,0,0,0,11.514,3.758,4.994,0
TJ1:bin_000317,1.617,1.804,1.499,1.96,0,5.911,1.985,3.913,0,0,1.733,0,1.264,1.229,2.022,3.081,2.63,0,0,1.28,0.987,0.703,5.214,0.788
TJ1:bin_000319,1.674,6.734,1.849,1.551,2.955,2.022,1.478,0.886,2.81,1.543,1.598,2.03,2.037,1.822,1.042,1.282,1.498,1.34,2.863,0,2.253,1.436,0,0.949
TJ1:bin_000320,0,2.583,1.934,0,0,0,1.909,1.232,1.04,0,0.867,0,1.73,0.858,0,1.416,0,0,0,0,3.979,0.839,2.47,0
TJ1:bin_000322,1.968,3.083,1.598,6.636,0,2.202,9.22,5.8,1.435,1.344,2.15,0,3.887,3.103,3.687,10.495,1.969,0,0,1.008,6.214,4.514,7.406,0
TJ1:bin_000328,0,3.087,1.272,0,0,0,1.998,0.921,2.334,3.14,0,0,0,0,0,0,0,0.921,0,0,2.472,0,0,0
TJ1:bin_000340,0,0.588,1.597,0,0,0.756,0,0,0.91,0.761,1.29,0,0,0.764,0.67,1.105,1.999,0.924,0,0.892,2.986,2.171,0,0.584
TJ1:bin_000342,9.32,14.765,35.303,5.144,7.765,7.23,5.808,14.773,14.223,14.479,10.544,3.214,3.412,4.75,8.172,5.262,24.095,4.062,9.782,8.752,17.682,4.002,3.854,1.836
TJ1:bin_000354,1.653,1.209,0,0.718,0,1.998,1.142,6.076,0,0.853,0.589,0,1.296,0.614,5.253,4.498,0,0,0,4.994,1.126,0.592,0,0
TJ1:bin_000355,0,0,0,0,0,0,0,1.286,0,0,0,0,0,0,0,0.73,0,0,0,0,0,0,4.216,0
TJ1:bin_000360,2.23,3.232,2.41,1.42,3.004,2.655,1.615,1.502,4.241,4.5,1.814,3.01,2.943,1.707,5.132,1.909,2.113,3.848,6.192,2.56,2.485,2.468,0,2.576
TJ1:bin_000368,0,0,0,0,0,0,1.022,1.264,0,0,0,0,0,0,0,1.24,0,0,0,0,1.472,0,18.768,0
TJ1:bin_000377,2.743,3.206,1.604,1.308,2.469,4.754,2.095,4.886,1.585,3.844,3.292,2.546,0.739,1.009,3.708,3.264,5.761,1.366,1.634,4.643,4.156,3.177,0,1.677
TJ1:bin_000390,0,0.873,0.991,0,0,1.835,1.787,0.71,0,0,1.096,0,0,0,1.057,0.67,0.713,0,0,0,1.701,0,1.808,0
TJ1:bin_000391,1.201,2.217,2.047,1.087,1.699,1.406,1.196,1.841,1.632,2.22,1.301,1.241,1.342,0.977,2.534,0,1.486,1.629,1.594,1.275,2.014,1.224,0,1.179
TJ2:bin_000001,2.432,1.838,2.146,0.947,2.487,6.392,1.367,2.09,1.463,1.539,2.503,1.107,0.941,0.888,5.046,0.973,2.006,2.059,1.057,2.154,1.95,0.885,0.652,2.614
TJ2:bin_000002,6.69,0,2.45,2.361,3.984,8.312,4.943,1.633,1.625,3.313,2.981,10.5,4.301,4.162,10.63,1.977,6.66,6.015,7.371,5.039,10.362,1.723,1.74,6.95
TJ2:bin_000003,0,30.9,0,14.844,0,0,247.385,13.13,5.175,0,3.376,2.093,10.608,59.735,14.367,38.909,0,7.322,0,0,5.512,30.738,0.797,0
TJ2:bin_000004,1.317,0,0,0,2.768,1.445,0,0,1.262,1.867,1.98,0.888,0.818,1.102,2.888,0,1.215,2.618,1.339,1.735,0,0,0,2.571
TJ2:bin_000005,2.732,4.101,2.742,1.216,2.344,0.775,3.285,4.528,0.88,4.851,2.98,1.304,1.761,1.467,2.414,3.387,3.174,2.009,2.908,2.793,6.18,1.234,3.982,2.632
TJ2:bin_000006,1.887,2.788,4.885,0.857,6.234,1.268,1.163,1.641,2.302,2.274,0.934,2.258,1.061,1.072,2.966,0.892,2.074,2.185,2.785,2.119,1.136,1.106,0,3.356
TJ2:bin_000007,3.877,11.513,36.499,5.367,13.323,3.724,5.645,12.048,6.601,5.211,2.822,12.23,4.319,13.528,10.881,1.681,2.964,6.773,3.315,1.38,7.865,6.407,5.725,4.811
TJ2:bin_000009,10.316,4.616,3.186,11.003,25.58,30.913,2.605,12.311,22.655,4.503,11.024,11.732,7.421,6.309,59.066,5.326,0,21.193,3.25,16.737,0.764,3.35,0,2.621
TJ2:bin_000010,0.754,0,0.993,0.768,1.346,0.788,0,0,1.228,1.679,0.934,1.308,1.331,0.865,1.51,0.737,1.526,1.691,0.888,1.387,1.195,1.042,0,1.297
TJ2:bin_000014,1.321,0,1.299,0.894,0,2.233,0,0.923,0,1.265,3.049,0,0,1.075,2.512,0,0.831,0.769,0,2.994,0,0.759,0,0
TJ2:bin_000015,4.145,3.947,2.237,5.365,2.258,2.741,4.659,1.726,1.588,2.026,2.432,2.09,3.883,1.945,2.289,2.363,4.469,1.208,0,1.903,2.818,3.657,1.626,1.996
TJ2:bin_000016,7.911,4.07,2.62,4.488,4.342,13.974,3.841,2.82,2.473,7.247,5.524,5.528,7.951,3.788,13.353,4.569,4.2,2.46,1.354,8.283,4.911,1.787,0,4.071
TJ2:bin_000018,3.565,0,0,2.114,6.356,3.822,0,0.916,0,0,2.462,0,0,2.173,3.733,0,0,2.323,0.567,2.631,0,0,0,1.997
TJ2:bin_000019,0,3.646,1.142,0,0,1.737,1.597,0.607,0,0.616,7.355,2.044,0,1.569,1.242,0.854,0,0,0,15.984,1.01,0,2.107,0
TJ2:bin_000020,1.984,0,0,0,8.999,0,0.579,0.651,4.458,2.099,0,0,0.792,0,2.467,0,9.096,6.059,6.817,19.778,0,0.74,0,2.656
TJ2:bin_000029,0.794,0,2.474,3.014,0,3.47,1.545,0.965,0,0,3.455,2.279,2.768,2.074,4.945,0,1.067,0,0,0.724,1.035,1.048,0,0
TJ2:bin_000030,0,0.742,9.601,2.238,2.265,0,0.762,0.626,2.11,4.059,14.591,0,0.917,1.399,1.156,2.031,10.716,0,0,1.205,0,4.93,1.46,1.67
TJ2:bin_000035,0,9.107,1.82,3.819,0,2.817,3.685,7.693,1.126,2.778,13.348,1.242,3.982,2.952,1.686,1.369,3.912,0,0,0,5.145,8.68,1.503,0
TJ2:bin_000037,3.869,0.867,1.25,12.218,0,0,2.198,8.065,2.341,3.209,0,1.254,0.667,0,1.914,0,0,1.484,0,2.372,1.118,0.95,0,1.028
TJ2:bin_000039,2.589,3.983,7.166,1.357,6.714,2.762,4.741,3.285,7.877,4.112,1.637,3.602,1.82,2.407,8.095,1.217,2.814,3.701,5.402,2.565,2.263,2.294,0.76,3.213
TJ2:bin_000041,4.519,4.453,13.484,0,12.199,6.326,2.641,4.703,14.181,2.622,3.198,6.6,1.086,3.005,10.818,0,3.135,5.11,1.709,2.357,2.917,1.949,0,9.125
TJ2:bin_000043,2.971,1.842,1.983,0,6.569,3.201,1.605,1.641,2.51,4.213,1.99,4.335,1.229,2.344,3.371,1.102,3.513,3.057,2.804,2.568,1.925,1.511,0,2.077
TJ2:bin_000046,2.718,2.729,3.12,0,3.062,1.5,1.832,1.86,1.193,2.834,2.831,1.899,0.787,0.806,3.068,0.845,2.843,1.658,1.397,2.3,1.601,0.87,0.627,3.052
TJ2:bin_000048,1.532,2.548,0,0,0,9.807,0,2.904,0.983,0.682,0,0,1.671,5.34,5.118,3.193,4.363,1.868,0,1.323,1.685,1.461,0,0
TJ2:bin_000049,0.619,1.094,0,0,0,6.399,0,0,0,1.701,3.86,0,0,0,0.799,0,11.874,0,0,0,0,0,0,0
TJ2:bin_000053,1.058,4.877,0,0,1.606,0,0,0.855,0,2.401,0,2.482,0,1.743,3.55,0,0.99,3.708,0,1.762,0,0,0,1.187
TJ2:bin_000061,1.587,1.937,2.296,2.538,0.882,5.183,1.996,2.19,0,1.555,3.078,0.914,2.037,1.524,3.133,1.978,3.528,0,0,2.655,2.5,0,1.227,2.213
TJ2:bin_000065,8.371,1.179,4.95,1.651,15.377,10.164,9.059,2.707,2.518,4.339,6.642,13.98,4.906,11.667,12.557,4.281,12.688,8.027,5.245,10.14,9.973,9.933,3.082,13.68
TJ2:bin_000070,1.375,0,3.497,0.953,3.35,2,0,0,2.11,0,1.811,1.817,1.577,1.448,2.779,0.758,0.846,1.613,2.367,4.984,0,1.454,0,0.773
TJ2:bin_000072,1.905,1.915,1.51,0.68,3.287,1.12,1.327,1.017,2.582,1.81,1.638,1.352,0.896,1.154,3.469,0.603,1.422,2.205,2.298,1.736,0.947,0.725,0,1.927
TJ2:bin_000076,1.295,0,0,1.785,1.057,1.38,0.788,0,0,0,1.989,1.051,0,0,1.788,0.881,0,0,0,1.528,0,0,0,0.955
TJ2:bin_000081,2.019,0,0,0,2.474,3.192,0,0,0,1.251,4.055,1.029,0,0,4.341,0,0,0.697,0,1.068,0,0,0,2.453
TJ2:bin_000087,1.741,0.778,1.755,0,3.038,1.039,0,0,1.807,1.829,0.914,0.957,0.988,0.785,1.168,0,1.152,1.175,1.778,1.109,1.012,0.841,0,1.107
TJ2:bin_000093,0,0,0,0,0,0,0,0,0,0,0,0,0,0,0,0,23.425,0,0,2.755,0,0,0,20.983
TJ2:bin_000094,1.007,0,1.607,0,2.015,2.359,1.205,0.874,0.844,2.099,1.162,0.817,0,1.435,6.059,0,5.518,0,1.053,1.058,0.781,0,0,0.739
TJ2:bin_000096,3.3,1.232,2.595,0,2.304,2.815,1.523,2.617,2.933,9.693,0.784,3.508,1.656,2.316,5.559,1.012,12.22,1.883,1.697,5.914,1.824,0.992,0,4.211
TJ2:bin_000100,4.48,0.699,0,3.028,0,12.905,1.425,1.865,0,0,1.355,0,6.579,0,0,6.369,0.956,0,0,0,0,0.683,0.924,0
TJ2:bin_000105,2.525,9.135,4.359,1.703,8.434,1.12,0,3.994,6.053,2.102,2.307,2.33,1.763,2.876,3.86,0,1.912,3.01,2.952,1.388,0,2.221,0,2.814
TJ2:bin_000109,1.647,0,0,0,2.529,0.91,0,0,0,0,1.146,0.849,0,0,1.736,0,0,0.789,0.894,1.565,0,0,0,0
TJ2:bin_000111,0,0,1.791,2.788,0,2.162,0.695,2.054,0,2.232,1.92,0,0.996,1.056,3.981,3.389,1.529,0,0,1.689,0.606,1.9,0,0
TJ2:bin_000118,6.491,0,0,0,0,0,0,0,0,0,0,0,0,0,0,0,5.611,2.149,1.919,1.071,0,0,0,2.267
TJ2:bin_000134,2.028,2.01,1.635,2.754,0,2.906,2.599,2.208,0,1.595,2.72,1.401,2.345,1.634,3.117,0.945,3.513,0,0,1.951,2.574,0,2.422,1.275
TJ2:bin_000139,0,8.919,3.202,3.408,0,13.542,3.763,4.923,0.638,1.164,3.274,4.399,5.849,2.068,0,7.104,2.009,0,0,0,5.481,4.42,10.278,0
TJ2:bin_000142,1.453,8.41,3.595,1.244,0.707,4.793,2.353,2.661,1.168,4.95,0,0,0.6,0.966,1.98,1.58,2.255,0.982,0.721,2.449,2.245,1.017,0,0
TJ2:bin_000143,3.401,0,0,0,0,0.906,1.605,0,0,0,0,0,0,0,0,0,10.126,0,0,0,0,1.433,0,0
TJ2:bin_000144,0,0,0,0.986,0,20.641,0,0,0,0,0,0,0,0,0,5.558,0,0,0,0,0,0,0,0
TJ2:bin_000147,3.261,1.737,3.318,0.737,0.703,1.934,0,2.232,0,3.176,1.629,0.852,0.671,0,1.255,2.517,5.325,0,0,0.889,1.703,0,0,2.07
TJ2:bin_000148,0,5.218,2.368,0,1.872,3.148,0,1.095,1.375,1.387,0,0,3.859,0,0,0,3.91,0.812,0.883,2.278,5.073,1.74,20.478,1.105
TJ2:bin_000149,0,0.693,0,0,0,1.43,0,1.042,1.112,0.898,0,0,0,0,1.12,0,1.171,0,0.606,0.921,1.233,0.641,0.715,1.333
TJ2:bin_000150,0.908,0,0.712,1.16,1.565,0.933,0.812,1.491,0,1.594,3.52,0,0.739,0,0.94,0,0,0,0,1.349,1.255,0,0,0.744
TJ2:bin_000152,0,0,0,4.782,0,0,0,0,0.96,29.101,0,0,0,0,0,0,0,0,0,0,0,0,0,3.369
TJ2:bin_000154,3.297,3.217,1.918,0,2.768,1.685,1.025,3.127,2.507,6.894,0,1.269,0,0.655,1.666,0,3.554,3.051,5.096,3.076,4.212,0.76,0,2.354
TJ2:bin_000156,4.75,0,0.881,0,0.972,0,0,2.395,0,1.066,0,0,0,0.932,1.282,0,0.842,1.586,0,0,2.644,2.007,0.727,0.691
TJ2:bin_000159,1.683,4.412,4.771,0,0.887,1.585,2.818,2.223,2.136,3.207,1.042,1.258,2.167,1.408,1.479,1.795,3.46,1.775,0.747,0.68,7.873,1.473,3.506,0.936
TJ2:bin_000161,0.76,1.122,1.098,1.364,1.093,1.628,0.686,0.918,0,0,0.851,0.886,1.071,0,1.489,0.712,0.749,0,0,1.446,0,1.364,0,0
TJ2:bin_000166,1.491,5.305,1.1,0.826,0.636,1.034,1.476,2.925,1.224,1.923,0.68,1.023,2.078,1.812,2.09,0,0.765,0.576,0.746,2.262,2.271,0,0,1.167
TJ2:bin_000167,1.844,0,0,0,2.241,0,0,0.812,1.207,1.794,0.779,1.84,0,0,0.876,0,1.682,0,0.651,0.867,3.42,0,0,1.92
TJ2:bin_000168,2.424,0.958,2.563,0,6.21,1.968,0,0,1.32,7.146,1.006,2.707,1.137,1.555,3.46,3.194,1.811,0.801,1.227,1.86,0,0.77,0,1.627
TJ2:bin_000171,1.959,1.511,0.974,1.592,0,3.405,1.735,5.153,1.882,5.033,0,0,0.991,1.31,4.799,1.385,1.636,0.998,0,2.25,1.948,4.41,0,0
TJ2:bin_000173,0,1,1.208,1.542,4.781,0,1.132,0,1.84,2.447,1.389,2.117,1.986,0,2.084,1.336,2.469,0.989,0.839,5.315,0,1.505,0,2.362
TJ2:bin_000175,2.524,0,0,0,0.978,2.01,0,0,0,2.429,0,0.784,0,0,2.011,0,0.788,0,0,0.987,0,0,0,1.191
TJ2:bin_000178,3.347,1.857,1.267,1.611,1.433,3.057,0,1.687,1.119,2.038,2.142,1.167,1.529,0.89,2.43,0.955,2.707,0.806,0.805,4.895,1.708,1.081,0,1.775
TJ2:bin_000186,1.607,0.681,0,0.706,0.911,2.349,0.719,1.314,0,0,1.945,0,0.703,0.743,3.603,0,1.112,0,0,0.602,0,0,0.754,0.811
TJ2:bin_000189,1.951,0,0,0,2.548,0.768,0,0,0.66,1.383,0.607,1.377,0,0,1.317,0,1.236,2.067,2.713,1.169,0,0,0,0.624
TJ2:bin_000194,3.296,1.999,2.195,3.83,2.196,3.988,2.794,2.355,1.044,3.495,4.89,0.857,3.409,1.255,2.991,3.126,6.734,0.888,1.172,2.14,4.217,1.579,3.577,1.976
TJ2:bin_000196,3.822,0.82,7.57,1.2,4.695,4.931,1.32,2.631,3.158,0.735,2.807,2.656,1.478,2.332,3.559,3.011,3.025,1.338,0.751,2.756,4.283,2.474,0.737,1.21
TJ2:bin_000197,2.015,0,1.799,0,1.965,2.022,0,0.9,2.279,0,1.521,1.318,0.687,1.451,2.168,0,2.047,0.752,0,1.684,0,0.911,0,0.64
TJ2:bin_000198,0,0,0,0,5.287,0,0,0,0,0,0,0,0,0,1.688,0,0,0,0,1.432,0,0,0,1.009
TJ2:bin_000199,3.03,1.842,7.043,0.707,1.229,1.242,1.776,0.921,1.797,1.001,1.176,0,1.475,0.811,4.82,2.75,5.69,0.856,0,2.51,3.701,1.961,1.013,0
TJ2:bin_000200,0.748,0,0,0,2.323,0,0,0,0,0,0,1.009,0,0.725,2.188,0,0,2.306,0,0.804,0,0,0,1.062
TJ2:bin_000201,1.337,0,0,0,8.703,0,0,0,0,0,0,0,0,0,0,0,0,1.38,0,0.657,0,0,0,1.143
TJ2:bin_000203,1.054,0,2.31,0.816,0,2.974,1.382,0.699,0,0,0,0,1.902,0.948,0.749,0,1.115,0,0,1.349,0.694,0.979,2.701,3.494
TJ2:bin_000208,1.988,0.804,1.616,1.058,2.315,2.848,3.68,1.232,0.989,3.419,1.99,8.594,1.374,3.031,3.046,1.15,3.112,3.289,4.09,6.293,6.853,1.746,0,3.003
TJ2:bin_000214,0.935,0,0,1.328,1.458,1.281,0,0,0,0,1.032,0.987,1.892,0,2.979,1.094,0,0.62,0,2.051,0,0,0,0.685
TJ2:bin_000220,0,2.233,0,0,0,1.283,1.051,3.246,0,0,10.181,0,0.963,0,0,1.184,1.483,1.127,0,0.665,0.8,1.308,1.074,0
TJ2:bin_000223,1.228,1.305,1.254,2.888,1.409,2.099,5.398,1.211,2.301,0,1.415,1.254,0.844,1.638,1.964,4.083,2.658,1.125,0,1.843,1.225,2.354,2.859,0
TJ2:bin_000225,1.681,1.352,3.067,4.083,5.41,3.225,1.096,5.862,5.807,5.527,5.461,3.166,4.81,1.675,2.599,3.93,0,2.379,0,4.078,4.296,4.248,0,7.481
TJ2:bin_000231,3.005,3.647,3.166,2.418,3.253,2.302,1.98,2.755,3.839,3.896,1.87,5.961,1.899,2.139,2.886,1.967,5.251,3.037,2.963,3.441,6.082,2.522,0,3.194
TJ2:bin_000234,2.217,0,1.075,1.127,2.554,0.743,0.612,0,0,0.593,1.901,0,0.74,0,1.051,0.761,0.938,0,0,0,0.981,0,0,1.135
TJ2:bin_000236,0,1.574,0.822,2.315,0,5.51,0.684,0,0,0,3.471,0,0,0,0,1.335,0.889,0,0,0,1.485,1.391,7.434,0
TJ2:bin_000238,3.825,9.809,8.734,8.984,0,18.616,17.029,15.091,0,0.752,2.398,2.503,4.134,1.922,0.991,8.569,2.151,0,0,0,14.415,2.025,20.172,0
TJ2:bin_000245,4.897,7.805,12.509,1.448,7.202,4.468,2.521,3.887,10.283,5.809,1.058,4.26,3.258,4.363,9.078,5.639,7.581,6.718,3.997,3.117,5.587,3.515,0.84,4.336
TJ2:bin_000253,0.657,0.975,0,0,2.366,2.006,0,0,0,0.879,0.971,1.828,0,0,1.045,0.777,1.332,0.755,0.836,0.753,0.73,0,0,0.783
TJ2:bin_000266,1.154,1.314,1.245,35.999,1.352,6.203,1.559,4.153,2.661,0,3.142,0,5.574,6.095,5.773,0,3.181,0.923,0,4.29,1.43,1.228,0,0
TJ2:bin_000283,0.94,1.726,1.416,2.873,0,3.219,0,0,0,1.32,5.433,0.776,0.721,0.93,4.927,4.431,3.363,0,0,2.031,2.533,1.972,0,0
TJ2:bin_000284,0,0,0,0,0,0,0,0,0,1.893,0,0,0,0,0,0,5.877,0,0,1.228,0,0,0,0
TJ2:bin_000289,1.133,0,1.372,0,1.797,3.054,3.503,0,1.106,1.322,1.188,6.278,1.966,2.185,3.492,0,1.578,2.294,1.082,2.786,2.615,1.798,0,2.829
TJ2:bin_000298,2.21,0.697,0.676,0,0.638,0,0,0.674,0,0.656,0,0,0,0,0.951,0,1.141,0,0,0.945,1.109,0,0,0
TJ2:bin_000319,5.7,0.855,4.018,1.161,3.746,8.102,10.103,3.314,5.27,2.478,3.417,16.123,4.558,6.507,10.841,1.719,7.357,5.407,1.967,4.72,12.426,4.115,0.996,5.086
TJ2:bin_000332,2.906,1.127,1.66,3.227,1.944,1.995,1.283,1.92,1.867,4.277,3.252,2.097,0.861,1.639,2.333,1.475,3.879,1.518,1.487,4.691,1.267,1.11,0,1.913
TJ2:bin_000333,1.244,0,1.064,0,0,1.602,0,0.971,0,1.95,0.898,0.742,0.697,0,1.335,0,3.012,0,0,1.177,1.799,0,0,1.035
