name,record_id,accession,previous_accession
C001aI,recQ4BiWr0R2ADdkb,SAMEA120503854,
C001aK,recX255w0tlKyxeiH,SAMEA120503855,
C002aI,recZMBk6PVprTwyJD,SAMEA120503856,
C002aK,recsRVgU5ZGuW3I7U,SAMEA120503857,
C003aI,rec3R4IsBDqgiXWAb,SAMEA120503858,
C003aK,recC5cdJvxhRglCZf,SAMEA120503859,
C004aI,recbR42xzGhkKDhxE,SAMEA120503860,
C004aK,recjDVB6HocosLr1U,SAMEA120503861,
C005aI,recgdB12NDE8oeX1z,SAMEA120503862,
C005aK,recN6IM167SnvyaTB,SAMEA120503863,
C006aI,recmKMKAGVesmK9an,SAMEA120503864,
C006aK,rectRhiNyMSfmbrpe,SAMEA120503865,
C007aI,recXMJ6piXeNaSBOu,SAMEA120503866,
C007aK,recjTQZwkg3HsuG8k,SAMEA120503867,
C008aI,recYzagFhWWej5XhJ,SAMEA120503868,
C008aK,recW62o2uFBzCoJeR,SAMEA120503869,
C009aI,recNdTE2r2quVCA3Q,SAMEA120503870,
C009aK,recmojJaj27PsaCWI,SAMEA120503871,
C010aI,recB8K1edT5XfPebj,SAMEA120503872,
C010aK,recZL1EZYLp05izkj,SAMEA120503873,
C011aI,recop7IkeduePPiR8,SAMEA120503874,
C011aK,reccmnIQmhm4bzFCm,SAMEA120503875,
C012aI,reclQCLyBevq21yLA,SAMEA120503876,
C012aK,rectEy60pPdp4fOp9,SAMEA120503877,
