specimen,proposed_accession,mislabelled_current_name,aI_accession,aK_accession
C001,SAMEA120503842,C001aK,SAMEA120503854,SAMEA120503855
C002,SAMEA120503843,C002aK,SAMEA120503856,SAMEA120503857
C003,SAMEA120503844,C003aK,SAMEA120503858,SAMEA120503859
C004,SAMEA120503845,C004aK,SAMEA120503860,SAMEA120503861
C005,SAMEA120503846,C005aK,SAMEA120503862,SAMEA120503863
C006,SAMEA120503847,C006aK,SAMEA120503864,SAMEA120503865
C007,SAMEA120503848,C007aK,SAMEA120503866,SAMEA120503867
C008,SAMEA120503849,C008aK,SAMEA120503868,SAMEA120503869
C009,SAMEA120503850,C009aK,SAMEA120503870,SAMEA120503871
C010,SAMEA120503851,C010aK,SAMEA120503872,SAMEA120503873
C011,SAMEA120503852,C011aK,SAMEA120503874,SAMEA120503875
C012,SAMEA120503853,C012aK,SAMEA120503876,SAMEA120503877
